<?xml version="1.0" encoding="UTF-8"?>
<gpx creator="StravaGPX" version="1.1" xmlns="http://www.topografix.com/GPX/1/1" xmlns:xsi="http://www.w3.org/2001/XMLSchema-instance" xsi:schemaLocation="http://www.topografix.com/GPX/1/1 http://www.topografix.com/GPX/1/1/gpx.xsd">
 <metadata>
  <name>SUC 038 XXL</name>
  <author>
   <name>Brandon Costa</name>
   <link href="https://www.strava.com/athletes/778990"/>
  </author>
  <copyright author="OpenStreetMap contributors">
   <year>2020</year>
   <license>https://www.openstreetmap.org/copyright</license>
  </copyright>
  <link href="https://www.strava.com/routes/3457562787036632558"/>
 </metadata>
 <trk>
  <name>SUC 038 XXL</name>
  <link href="https://www.strava.com/routes/3457562787036632558"/>
  <type>trail_running</type>
  <trkseg>
   <trkpt lat="38.88906" lon="-121.01726000000001">
    <ele>464.36</ele>
   </trkpt>
   <trkpt lat="38.88947" lon="-121.01732000000001">
    <ele>465.4800000000001</ele>
   </trkpt>
   <trkpt lat="38.889540000000004" lon="-121.01734">
    <ele>465.4800000000001</ele>
   </trkpt>
   <trkpt lat="38.8896" lon="-121.01731000000001">
    <ele>465.65000000000003</ele>
   </trkpt>
   <trkpt lat="38.889610000000005" lon="-121.01676">
    <ele>465.81000000000006</ele>
   </trkpt>
   <trkpt lat="38.88965" lon="-121.01653">
    <ele>466.26000000000005</ele>
   </trkpt>
   <trkpt lat="38.889860000000006" lon="-121.01627">
    <ele>465.72</ele>
   </trkpt>
   <trkpt lat="38.889950000000006" lon="-121.01618">
    <ele>465.33</ele>
   </trkpt>
   <trkpt lat="38.89079" lon="-121.01608000000002">
    <ele>466.67</ele>
   </trkpt>
   <trkpt lat="38.891360000000006" lon="-121.01602000000001">
    <ele>467.94</ele>
   </trkpt>
   <trkpt lat="38.891420000000004" lon="-121.01602000000001">
    <ele>468.03000000000003</ele>
   </trkpt>
   <trkpt lat="38.89186500005894" lon="-121.0160999995045">
    <ele>467.40000000000003</ele>
   </trkpt>
   <trkpt lat="38.89231" lon="-121.01618">
    <ele>467.05</ele>
   </trkpt>
   <trkpt lat="38.89242" lon="-121.01627">
    <ele>466.91</ele>
   </trkpt>
   <trkpt lat="38.89241000660544" lon="-121.01715000020181">
    <ele>467.6</ele>
   </trkpt>
   <trkpt lat="38.89240000660595" lon="-121.0180300001559">
    <ele>476.03000000000003</ele>
   </trkpt>
   <trkpt lat="38.892390000000006" lon="-121.01891">
    <ele>479.26</ele>
   </trkpt>
   <trkpt lat="38.892570000000006" lon="-121.019">
    <ele>478.6</ele>
   </trkpt>
   <trkpt lat="38.89291" lon="-121.01927">
    <ele>475.55</ele>
   </trkpt>
   <trkpt lat="38.89303" lon="-121.01932000000001">
    <ele>475.34000000000003</ele>
   </trkpt>
   <trkpt lat="38.89358" lon="-121.01944">
    <ele>479.59000000000003</ele>
   </trkpt>
   <trkpt lat="38.8937" lon="-121.01944">
    <ele>479.88</ele>
   </trkpt>
   <trkpt lat="38.89392" lon="-121.01937000000001">
    <ele>480.85</ele>
   </trkpt>
   <trkpt lat="38.89415" lon="-121.0194">
    <ele>480.40000000000003</ele>
   </trkpt>
   <trkpt lat="38.89439" lon="-121.01950000000001">
    <ele>479.31</ele>
   </trkpt>
   <trkpt lat="38.894850000125" lon="-121.0195399997512">
    <ele>478.64000000000004</ele>
   </trkpt>
   <trkpt lat="38.89531" lon="-121.01958">
    <ele>478.05</ele>
   </trkpt>
   <trkpt lat="38.895520000000005" lon="-121.01962">
    <ele>478.19000000000005</ele>
   </trkpt>
   <trkpt lat="38.895700000000005" lon="-121.01968000000001">
    <ele>478.59000000000003</ele>
   </trkpt>
   <trkpt lat="38.89607" lon="-121.01986000000001">
    <ele>478.32</ele>
   </trkpt>
   <trkpt lat="38.896350000000005" lon="-121.02003">
    <ele>476.89000000000004</ele>
   </trkpt>
   <trkpt lat="38.896190000000004" lon="-121.02012">
    <ele>477.4200000000001</ele>
   </trkpt>
   <trkpt lat="38.89612" lon="-121.02021">
    <ele>478.26</ele>
   </trkpt>
   <trkpt lat="38.895900000000005" lon="-121.02038">
    <ele>478.75000000000006</ele>
   </trkpt>
   <trkpt lat="38.89569" lon="-121.0207">
    <ele>478.39000000000004</ele>
   </trkpt>
   <trkpt lat="38.89547" lon="-121.02128">
    <ele>477.66</ele>
   </trkpt>
   <trkpt lat="38.895250000000004" lon="-121.02173">
    <ele>477.81</ele>
   </trkpt>
   <trkpt lat="38.89515" lon="-121.02218">
    <ele>479.04</ele>
   </trkpt>
   <trkpt lat="38.89517" lon="-121.0228">
    <ele>479.45000000000005</ele>
   </trkpt>
   <trkpt lat="38.895230000000005" lon="-121.02312">
    <ele>478.95000000000005</ele>
   </trkpt>
   <trkpt lat="38.89524" lon="-121.02329">
    <ele>478.81</ele>
   </trkpt>
   <trkpt lat="38.89519000000001" lon="-121.02387000000002">
    <ele>477.48</ele>
   </trkpt>
   <trkpt lat="38.89529" lon="-121.02432">
    <ele>475.4200000000001</ele>
   </trkpt>
   <trkpt lat="38.89529" lon="-121.02489000000001">
    <ele>473.05</ele>
   </trkpt>
   <trkpt lat="38.895340000000004" lon="-121.02517">
    <ele>470.63000000000005</ele>
   </trkpt>
   <trkpt lat="38.895390000000006" lon="-121.02531">
    <ele>469.88</ele>
   </trkpt>
   <trkpt lat="38.895570000000006" lon="-121.02566000000002">
    <ele>469.53000000000003</ele>
   </trkpt>
   <trkpt lat="38.89564" lon="-121.02576">
    <ele>469.4800000000001</ele>
   </trkpt>
   <trkpt lat="38.89571" lon="-121.0258">
    <ele>469.4800000000001</ele>
   </trkpt>
   <trkpt lat="38.89584" lon="-121.02586000000001">
    <ele>469.44</ele>
   </trkpt>
   <trkpt lat="38.896100000000004" lon="-121.02589">
    <ele>469.43</ele>
   </trkpt>
   <trkpt lat="38.8962" lon="-121.02593000000002">
    <ele>469.32</ele>
   </trkpt>
   <trkpt lat="38.896460000000005" lon="-121.02604000000001">
    <ele>468.67</ele>
   </trkpt>
   <trkpt lat="38.89668" lon="-121.02605000000001">
    <ele>468.04</ele>
   </trkpt>
   <trkpt lat="38.89694" lon="-121.02603">
    <ele>466.5400000000001</ele>
   </trkpt>
   <trkpt lat="38.89773" lon="-121.02602000000002">
    <ele>459.59000000000003</ele>
   </trkpt>
   <trkpt lat="38.8984" lon="-121.02589">
    <ele>452.21000000000004</ele>
   </trkpt>
   <trkpt lat="38.89855" lon="-121.02585">
    <ele>450.42</ele>
   </trkpt>
   <trkpt lat="38.898740000000004" lon="-121.02571">
    <ele>448.38000000000005</ele>
   </trkpt>
   <trkpt lat="38.898860000000006" lon="-121.02567">
    <ele>447.78000000000003</ele>
   </trkpt>
   <trkpt lat="38.89918" lon="-121.02567">
    <ele>447.45</ele>
   </trkpt>
   <trkpt lat="38.89999" lon="-121.02586000000001">
    <ele>444.28000000000003</ele>
   </trkpt>
   <trkpt lat="38.90055" lon="-121.02612">
    <ele>441.71000000000004</ele>
   </trkpt>
   <trkpt lat="38.90079" lon="-121.0262">
    <ele>440.22</ele>
   </trkpt>
   <trkpt lat="38.90091" lon="-121.02616">
    <ele>437.37</ele>
   </trkpt>
   <trkpt lat="38.90099" lon="-121.02612">
    <ele>435.57</ele>
   </trkpt>
   <trkpt lat="38.901120000000006" lon="-121.02594">
    <ele>433.59000000000003</ele>
   </trkpt>
   <trkpt lat="38.901230000000005" lon="-121.02585">
    <ele>432.85</ele>
   </trkpt>
   <trkpt lat="38.90133" lon="-121.02585">
    <ele>429.77000000000004</ele>
   </trkpt>
   <trkpt lat="38.901450000000004" lon="-121.02589">
    <ele>428.18000000000006</ele>
   </trkpt>
   <trkpt lat="38.90153" lon="-121.02595000000001">
    <ele>426.47</ele>
   </trkpt>
   <trkpt lat="38.90176" lon="-121.02622000000001">
    <ele>420.98</ele>
   </trkpt>
   <trkpt lat="38.90185" lon="-121.02629">
    <ele>420.85</ele>
   </trkpt>
   <trkpt lat="38.90251000000001" lon="-121.02643">
    <ele>417.61</ele>
   </trkpt>
   <trkpt lat="38.90263" lon="-121.02648">
    <ele>417.00000000000006</ele>
   </trkpt>
   <trkpt lat="38.90285" lon="-121.0267">
    <ele>415.82</ele>
   </trkpt>
   <trkpt lat="38.90299" lon="-121.02689000000001">
    <ele>415.15000000000003</ele>
   </trkpt>
   <trkpt lat="38.90312" lon="-121.02701">
    <ele>413.61</ele>
   </trkpt>
   <trkpt lat="38.90326" lon="-121.02707000000001">
    <ele>412.6</ele>
   </trkpt>
   <trkpt lat="38.90392000000001" lon="-121.0271">
    <ele>407.64000000000004</ele>
   </trkpt>
   <trkpt lat="38.9042" lon="-121.02716000000001">
    <ele>406.0</ele>
   </trkpt>
   <trkpt lat="38.904630000000004" lon="-121.02737">
    <ele>400.72</ele>
   </trkpt>
   <trkpt lat="38.904720000000005" lon="-121.02738000000001">
    <ele>399.59000000000003</ele>
   </trkpt>
   <trkpt lat="38.904830000000004" lon="-121.02738000000001">
    <ele>398.8</ele>
   </trkpt>
   <trkpt lat="38.90496" lon="-121.02736000000002">
    <ele>397.97</ele>
   </trkpt>
   <trkpt lat="38.90541" lon="-121.02736000000002">
    <ele>396.21</ele>
   </trkpt>
   <trkpt lat="38.90551000000001" lon="-121.02732">
    <ele>395.81000000000006</ele>
   </trkpt>
   <trkpt lat="38.905590000000004" lon="-121.02728">
    <ele>394.46000000000004</ele>
   </trkpt>
   <trkpt lat="38.905730000000005" lon="-121.02697">
    <ele>392.29</ele>
   </trkpt>
   <trkpt lat="38.90574" lon="-121.02665">
    <ele>388.70000000000005</ele>
   </trkpt>
   <trkpt lat="38.905770000000004" lon="-121.02656">
    <ele>388.15000000000003</ele>
   </trkpt>
   <trkpt lat="38.90583" lon="-121.02656">
    <ele>387.3</ele>
   </trkpt>
   <trkpt lat="38.90614" lon="-121.02665">
    <ele>384.13</ele>
   </trkpt>
   <trkpt lat="38.906290000000006" lon="-121.02665">
    <ele>383.44000000000005</ele>
   </trkpt>
   <trkpt lat="38.906490000000005" lon="-121.0267">
    <ele>381.98</ele>
   </trkpt>
   <trkpt lat="38.90666" lon="-121.0267">
    <ele>380.63</ele>
   </trkpt>
   <trkpt lat="38.9069" lon="-121.02661">
    <ele>378.27000000000004</ele>
   </trkpt>
   <trkpt lat="38.90726" lon="-121.02634">
    <ele>370.89000000000004</ele>
   </trkpt>
   <trkpt lat="38.90738" lon="-121.02617000000001">
    <ele>369.78000000000003</ele>
   </trkpt>
   <trkpt lat="38.90748000000001" lon="-121.02599000000001">
    <ele>368.00000000000006</ele>
   </trkpt>
   <trkpt lat="38.907500000000006" lon="-121.02599000000001">
    <ele>368.00000000000006</ele>
   </trkpt>
   <trkpt lat="38.90751" lon="-121.02599000000001">
    <ele>368.00000000000006</ele>
   </trkpt>
   <trkpt lat="38.907520000000005" lon="-121.02603">
    <ele>367.7300000000001</ele>
   </trkpt>
   <trkpt lat="38.90724" lon="-121.02675">
    <ele>360.3</ele>
   </trkpt>
   <trkpt lat="38.90724" lon="-121.02688">
    <ele>358.65000000000003</ele>
   </trkpt>
   <trkpt lat="38.907360000000004" lon="-121.02692">
    <ele>357.34000000000003</ele>
   </trkpt>
   <trkpt lat="38.907740000000004" lon="-121.02684">
    <ele>357.1</ele>
   </trkpt>
   <trkpt lat="38.907970000000006" lon="-121.0267">
    <ele>354.22</ele>
   </trkpt>
   <trkpt lat="38.90811" lon="-121.02665">
    <ele>354.22</ele>
   </trkpt>
   <trkpt lat="38.90822" lon="-121.02669000000002">
    <ele>352.40000000000003</ele>
   </trkpt>
   <trkpt lat="38.90833000000001" lon="-121.02675">
    <ele>350.22</ele>
   </trkpt>
   <trkpt lat="38.908390000000004" lon="-121.02684">
    <ele>350.22</ele>
   </trkpt>
   <trkpt lat="38.90863" lon="-121.02741">
    <ele>346.56</ele>
   </trkpt>
   <trkpt lat="38.908710000000006" lon="-121.02755">
    <ele>343.48</ele>
   </trkpt>
   <trkpt lat="38.909090000000006" lon="-121.02795">
    <ele>338.3</ele>
   </trkpt>
   <trkpt lat="38.9095" lon="-121.02845">
    <ele>333.84000000000003</ele>
   </trkpt>
   <trkpt lat="38.909580000000005" lon="-121.02853">
    <ele>332.46000000000004</ele>
   </trkpt>
   <trkpt lat="38.909890000000004" lon="-121.02872">
    <ele>329.66</ele>
   </trkpt>
   <trkpt lat="38.9101" lon="-121.02894">
    <ele>327.26000000000005</ele>
   </trkpt>
   <trkpt lat="38.910410000000006" lon="-121.02947">
    <ele>320.23</ele>
   </trkpt>
   <trkpt lat="38.91049" lon="-121.02965">
    <ele>320.23</ele>
   </trkpt>
   <trkpt lat="38.91064" lon="-121.03014">
    <ele>315.32000000000005</ele>
   </trkpt>
   <trkpt lat="38.91075" lon="-121.03074000000001">
    <ele>311.17</ele>
   </trkpt>
   <trkpt lat="38.91073" lon="-121.03090000000002">
    <ele>309.31</ele>
   </trkpt>
   <trkpt lat="38.910680000000006" lon="-121.031">
    <ele>308.00000000000006</ele>
   </trkpt>
   <trkpt lat="38.91062" lon="-121.03105000000001">
    <ele>307.54</ele>
   </trkpt>
   <trkpt lat="38.91049" lon="-121.03108">
    <ele>305.12</ele>
   </trkpt>
   <trkpt lat="38.91030000000001" lon="-121.03108">
    <ele>304.19</ele>
   </trkpt>
   <trkpt lat="38.91004" lon="-121.03113">
    <ele>302.88000000000005</ele>
   </trkpt>
   <trkpt lat="38.9095" lon="-121.03095">
    <ele>295.64</ele>
   </trkpt>
   <trkpt lat="38.909440000000004" lon="-121.031">
    <ele>295.64</ele>
   </trkpt>
   <trkpt lat="38.90948" lon="-121.03113">
    <ele>294.53000000000003</ele>
   </trkpt>
   <trkpt lat="38.90963" lon="-121.03135">
    <ele>291.95000000000005</ele>
   </trkpt>
   <trkpt lat="38.909650000000006" lon="-121.03144">
    <ele>291.34999999999997</ele>
   </trkpt>
   <trkpt lat="38.909650000000006" lon="-121.03225">
    <ele>283.33000000000004</ele>
   </trkpt>
   <trkpt lat="38.90961" lon="-121.03238">
    <ele>282.34000000000003</ele>
   </trkpt>
   <trkpt lat="38.909420000000004" lon="-121.03274">
    <ele>278.16</ele>
   </trkpt>
   <trkpt lat="38.90927000000001" lon="-121.03297">
    <ele>276.21</ele>
   </trkpt>
   <trkpt lat="38.90925" lon="-121.03305">
    <ele>275.33000000000004</ele>
   </trkpt>
   <trkpt lat="38.909240000000004" lon="-121.03318000000002">
    <ele>274.52000000000004</ele>
   </trkpt>
   <trkpt lat="38.909420000000004" lon="-121.03364">
    <ele>273.66</ele>
   </trkpt>
   <trkpt lat="38.90945" lon="-121.03377">
    <ele>266.6</ele>
   </trkpt>
   <trkpt lat="38.90943" lon="-121.03390000000002">
    <ele>266.6</ele>
   </trkpt>
   <trkpt lat="38.909290000000006" lon="-121.03418">
    <ele>265.74</ele>
   </trkpt>
   <trkpt lat="38.909290000000006" lon="-121.03431">
    <ele>265.34000000000003</ele>
   </trkpt>
   <trkpt lat="38.90934" lon="-121.0344">
    <ele>264.58000000000004</ele>
   </trkpt>
   <trkpt lat="38.90983000000001" lon="-121.0344">
    <ele>260.43</ele>
   </trkpt>
   <trkpt lat="38.91026" lon="-121.03453">
    <ele>254.38</ele>
   </trkpt>
   <trkpt lat="38.91039000000001" lon="-121.03458">
    <ele>253.3</ele>
   </trkpt>
   <trkpt lat="38.910470000000004" lon="-121.03463">
    <ele>252.10999999999999</ele>
   </trkpt>
   <trkpt lat="38.910540000000005" lon="-121.03475000000002">
    <ele>250.86</ele>
   </trkpt>
   <trkpt lat="38.910700000000006" lon="-121.03511">
    <ele>246.14000000000001</ele>
   </trkpt>
   <trkpt lat="38.910810000000005" lon="-121.03529">
    <ele>243.94000000000003</ele>
   </trkpt>
   <trkpt lat="38.911350000000006" lon="-121.03565">
    <ele>239.29000000000002</ele>
   </trkpt>
   <trkpt lat="38.911730000000006" lon="-121.03585000000001">
    <ele>234.0</ele>
   </trkpt>
   <trkpt lat="38.91178" lon="-121.03580000000001">
    <ele>232.03</ele>
   </trkpt>
   <trkpt lat="38.91201" lon="-121.03584000000001">
    <ele>229.78</ele>
   </trkpt>
   <trkpt lat="38.91212" lon="-121.03593000000001">
    <ele>219.87</ele>
   </trkpt>
   <trkpt lat="38.912220000000005" lon="-121.03598000000001">
    <ele>218.7</ele>
   </trkpt>
   <trkpt lat="38.91234" lon="-121.03597">
    <ele>216.66000000000003</ele>
   </trkpt>
   <trkpt lat="38.912240000000004" lon="-121.03585000000001">
    <ele>216.77</ele>
   </trkpt>
   <trkpt lat="38.912290000000006" lon="-121.03574">
    <ele>216.84</ele>
   </trkpt>
   <trkpt lat="38.912310000000005" lon="-121.03565">
    <ele>216.56000000000003</ele>
   </trkpt>
   <trkpt lat="38.912310000000005" lon="-121.03551000000002">
    <ele>215.97000000000003</ele>
   </trkpt>
   <trkpt lat="38.91221" lon="-121.0353">
    <ele>213.6</ele>
   </trkpt>
   <trkpt lat="38.911880000000004" lon="-121.03486000000001">
    <ele>209.66</ele>
   </trkpt>
   <trkpt lat="38.91171000000001" lon="-121.03467">
    <ele>208.1</ele>
   </trkpt>
   <trkpt lat="38.91132" lon="-121.03444">
    <ele>204.1</ele>
   </trkpt>
   <trkpt lat="38.91123" lon="-121.03435">
    <ele>201.98000000000002</ele>
   </trkpt>
   <trkpt lat="38.911190000000005" lon="-121.03426">
    <ele>201.98000000000002</ele>
   </trkpt>
   <trkpt lat="38.91118" lon="-121.03417">
    <ele>201.98000000000002</ele>
   </trkpt>
   <trkpt lat="38.9112" lon="-121.03408">
    <ele>201.25</ele>
   </trkpt>
   <trkpt lat="38.91132" lon="-121.03392000000001">
    <ele>198.89000000000001</ele>
   </trkpt>
   <trkpt lat="38.9117" lon="-121.03373">
    <ele>196.4</ele>
   </trkpt>
   <trkpt lat="38.91181" lon="-121.03365000000001">
    <ele>195.71</ele>
   </trkpt>
   <trkpt lat="38.911930000000005" lon="-121.0335">
    <ele>195.31</ele>
   </trkpt>
   <trkpt lat="38.91216" lon="-121.0331">
    <ele>194.44000000000003</ele>
   </trkpt>
   <trkpt lat="38.91236000000001" lon="-121.03243">
    <ele>193.63000000000002</ele>
   </trkpt>
   <trkpt lat="38.91243" lon="-121.03225">
    <ele>193.48000000000002</ele>
   </trkpt>
   <trkpt lat="38.912670000000006" lon="-121.03185">
    <ele>192.62</ele>
   </trkpt>
   <trkpt lat="38.91284" lon="-121.03144">
    <ele>188.95000000000002</ele>
   </trkpt>
   <trkpt lat="38.91288" lon="-121.03108">
    <ele>187.72000000000003</ele>
   </trkpt>
   <trkpt lat="38.912890000000004" lon="-121.03082">
    <ele>186.31</ele>
   </trkpt>
   <trkpt lat="38.91292" lon="-121.03069">
    <ele>186.31</ele>
   </trkpt>
   <trkpt lat="38.913050000000005" lon="-121.03041">
    <ele>185.06</ele>
   </trkpt>
   <trkpt lat="38.91337" lon="-121.02997">
    <ele>184.82000000000002</ele>
   </trkpt>
   <trkpt lat="38.91353" lon="-121.02965">
    <ele>184.92000000000002</ele>
   </trkpt>
   <trkpt lat="38.913700000000006" lon="-121.02898">
    <ele>184.89000000000001</ele>
   </trkpt>
   <trkpt lat="38.91375" lon="-121.02871">
    <ele>184.98</ele>
   </trkpt>
   <trkpt lat="38.913810000000005" lon="-121.02809">
    <ele>184.31</ele>
   </trkpt>
   <trkpt lat="38.91392500135827" lon="-121.02753000080668">
    <ele>184.17000000000002</ele>
   </trkpt>
   <trkpt lat="38.91404" lon="-121.02697">
    <ele>184.2</ele>
   </trkpt>
   <trkpt lat="38.914120000000004" lon="-121.02625">
    <ele>183.92000000000002</ele>
   </trkpt>
   <trkpt lat="38.9144150026097" lon="-121.02546500331259">
    <ele>183.71</ele>
   </trkpt>
   <trkpt lat="38.91471000000001" lon="-121.02468">
    <ele>183.53000000000003</ele>
   </trkpt>
   <trkpt lat="38.91480000000001" lon="-121.02455">
    <ele>183.48</ele>
   </trkpt>
   <trkpt lat="38.914930000000005" lon="-121.02445000000002">
    <ele>183.24</ele>
   </trkpt>
   <trkpt lat="38.91563" lon="-121.02405000000002">
    <ele>183.45</ele>
   </trkpt>
   <trkpt lat="38.91599" lon="-121.02379">
    <ele>183.62</ele>
   </trkpt>
   <trkpt lat="38.91637" lon="-121.02343">
    <ele>183.89000000000001</ele>
   </trkpt>
   <trkpt lat="38.916920000000005" lon="-121.0228">
    <ele>184.41000000000003</ele>
   </trkpt>
   <trkpt lat="38.917010000000005" lon="-121.02267">
    <ele>184.41000000000003</ele>
   </trkpt>
   <trkpt lat="38.91711" lon="-121.02249">
    <ele>184.67000000000002</ele>
   </trkpt>
   <trkpt lat="38.91722" lon="-121.02214000000001">
    <ele>185.15</ele>
   </trkpt>
   <trkpt lat="38.91738" lon="-121.02145000000002">
    <ele>185.76</ele>
   </trkpt>
   <trkpt lat="38.91755000446806" lon="-121.02042500253519">
    <ele>186.29000000000002</ele>
   </trkpt>
   <trkpt lat="38.91772" lon="-121.0194">
    <ele>186.62</ele>
   </trkpt>
   <trkpt lat="38.917770000000004" lon="-121.01891">
    <ele>186.82000000000002</ele>
   </trkpt>
   <trkpt lat="38.91770500154803" lon="-121.018304999323">
    <ele>186.85000000000002</ele>
   </trkpt>
   <trkpt lat="38.917640000000006" lon="-121.0177">
    <ele>186.87</ele>
   </trkpt>
   <trkpt lat="38.91751" lon="-121.01707">
    <ele>186.87</ele>
   </trkpt>
   <trkpt lat="38.917280000000005" lon="-121.01644">
    <ele>187.93</ele>
   </trkpt>
   <trkpt lat="38.917010000000005" lon="-121.01591">
    <ele>195.87</ele>
   </trkpt>
   <trkpt lat="38.91664" lon="-121.01542">
    <ele>204.08</ele>
   </trkpt>
   <trkpt lat="38.91653" lon="-121.01513000000001">
    <ele>208.52</ele>
   </trkpt>
   <trkpt lat="38.916380000000004" lon="-121.01458000000001">
    <ele>209.18</ele>
   </trkpt>
   <trkpt lat="38.91611" lon="-121.01385">
    <ele>214.72000000000003</ele>
   </trkpt>
   <trkpt lat="38.91604" lon="-121.01331">
    <ele>213.28000000000003</ele>
   </trkpt>
   <trkpt lat="38.916000000000004" lon="-121.01317000000002">
    <ele>212.67000000000002</ele>
   </trkpt>
   <trkpt lat="38.915820000000004" lon="-121.01282">
    <ele>205.8</ele>
   </trkpt>
   <trkpt lat="38.91577" lon="-121.01265000000001">
    <ele>204.55</ele>
   </trkpt>
   <trkpt lat="38.91572" lon="-121.01214000000002">
    <ele>202.46000000000004</ele>
   </trkpt>
   <trkpt lat="38.915670000000006" lon="-121.01180000000001">
    <ele>202.54000000000002</ele>
   </trkpt>
   <trkpt lat="38.91555" lon="-121.01134">
    <ele>203.23000000000002</ele>
   </trkpt>
   <trkpt lat="38.915470000000006" lon="-121.01067">
    <ele>203.78</ele>
   </trkpt>
   <trkpt lat="38.91541" lon="-121.01054">
    <ele>204.17000000000002</ele>
   </trkpt>
   <trkpt lat="38.91536" lon="-121.01049">
    <ele>204.49</ele>
   </trkpt>
   <trkpt lat="38.91498" lon="-121.01035000000002">
    <ele>205.83</ele>
   </trkpt>
   <trkpt lat="38.91485" lon="-121.01023">
    <ele>206.33</ele>
   </trkpt>
   <trkpt lat="38.91478" lon="-121.01014">
    <ele>206.90000000000003</ele>
   </trkpt>
   <trkpt lat="38.914770000000004" lon="-121.01009">
    <ele>207.25</ele>
   </trkpt>
   <trkpt lat="38.91479" lon="-121.01">
    <ele>208.07</ele>
   </trkpt>
   <trkpt lat="38.915110000000006" lon="-121.00955">
    <ele>211.92000000000002</ele>
   </trkpt>
   <trkpt lat="38.91526" lon="-121.00928">
    <ele>213.1</ele>
   </trkpt>
   <trkpt lat="38.915290000000006" lon="-121.00919">
    <ele>214.3</ele>
   </trkpt>
   <trkpt lat="38.915290000000006" lon="-121.00902">
    <ele>215.28000000000003</ele>
   </trkpt>
   <trkpt lat="38.91525" lon="-121.00879">
    <ele>216.74</ele>
   </trkpt>
   <trkpt lat="38.91525" lon="-121.00865">
    <ele>217.01</ele>
   </trkpt>
   <trkpt lat="38.91545" lon="-121.00802000000002">
    <ele>219.43</ele>
   </trkpt>
   <trkpt lat="38.915470000000006" lon="-121.00789">
    <ele>220.69000000000003</ele>
   </trkpt>
   <trkpt lat="38.91546" lon="-121.00753000000002">
    <ele>222.87</ele>
   </trkpt>
   <trkpt lat="38.91539" lon="-121.00713">
    <ele>223.77</ele>
   </trkpt>
   <trkpt lat="38.91539" lon="-121.007">
    <ele>226.08</ele>
   </trkpt>
   <trkpt lat="38.915440000000004" lon="-121.00691">
    <ele>226.08</ele>
   </trkpt>
   <trkpt lat="38.915960000000005" lon="-121.00655">
    <ele>228.95000000000002</ele>
   </trkpt>
   <trkpt lat="38.91608" lon="-121.00643000000001">
    <ele>230.62</ele>
   </trkpt>
   <trkpt lat="38.91621000000001" lon="-121.00619">
    <ele>232.67000000000002</ele>
   </trkpt>
   <trkpt lat="38.916340000000005" lon="-121.0061">
    <ele>234.24000000000004</ele>
   </trkpt>
   <trkpt lat="38.91669" lon="-121.00592">
    <ele>236.53</ele>
   </trkpt>
   <trkpt lat="38.916920000000005" lon="-121.00576000000001">
    <ele>237.70000000000002</ele>
   </trkpt>
   <trkpt lat="38.917170000000006" lon="-121.00571000000001">
    <ele>235.89000000000001</ele>
   </trkpt>
   <trkpt lat="38.917500000000004" lon="-121.00574">
    <ele>234.79000000000002</ele>
   </trkpt>
   <trkpt lat="38.917550000000006" lon="-121.0057">
    <ele>234.74000000000004</ele>
   </trkpt>
   <trkpt lat="38.91761" lon="-121.00561">
    <ele>234.75</ele>
   </trkpt>
   <trkpt lat="38.917840000000005" lon="-121.00503">
    <ele>235.49000000000004</ele>
   </trkpt>
   <trkpt lat="38.91785" lon="-121.00489">
    <ele>235.09</ele>
   </trkpt>
   <trkpt lat="38.91772" lon="-121.00426000000002">
    <ele>229.30000000000004</ele>
   </trkpt>
   <trkpt lat="38.91776" lon="-121.00391">
    <ele>226.15</ele>
   </trkpt>
   <trkpt lat="38.91774" lon="-121.00377">
    <ele>226.15</ele>
   </trkpt>
   <trkpt lat="38.91765" lon="-121.00342">
    <ele>223.4</ele>
   </trkpt>
   <trkpt lat="38.91758" lon="-121.00305000000002">
    <ele>222.79000000000002</ele>
   </trkpt>
   <trkpt lat="38.91738" lon="-121.00246000000001">
    <ele>220.86</ele>
   </trkpt>
   <trkpt lat="38.91724000000001" lon="-121.00189">
    <ele>216.36</ele>
   </trkpt>
   <trkpt lat="38.917170000000006" lon="-121.0014">
    <ele>214.51</ele>
   </trkpt>
   <trkpt lat="38.917100000000005" lon="-121.00118">
    <ele>214.39000000000001</ele>
   </trkpt>
   <trkpt lat="38.91709" lon="-121.00042">
    <ele>209.81000000000003</ele>
   </trkpt>
   <trkpt lat="38.917060000000006" lon="-121.0002">
    <ele>209.15000000000003</ele>
   </trkpt>
   <trkpt lat="38.917060000000006" lon="-121.00008000000001">
    <ele>209.14000000000001</ele>
   </trkpt>
   <trkpt lat="38.91707" lon="-121.00007000000001">
    <ele>209.14000000000001</ele>
   </trkpt>
   <trkpt lat="38.917100000000005" lon="-121.00001">
    <ele>209.14000000000001</ele>
   </trkpt>
   <trkpt lat="38.917300000000004" lon="-120.99974000000002">
    <ele>209.07</ele>
   </trkpt>
   <trkpt lat="38.91751" lon="-120.99934">
    <ele>208.02</ele>
   </trkpt>
   <trkpt lat="38.91774" lon="-120.99903">
    <ele>204.05</ele>
   </trkpt>
   <trkpt lat="38.917820000000006" lon="-120.99886000000001">
    <ele>202.59</ele>
   </trkpt>
   <trkpt lat="38.91785" lon="-120.99872">
    <ele>201.99</ele>
   </trkpt>
   <trkpt lat="38.917910000000006" lon="-120.99817000000002">
    <ele>201.84</ele>
   </trkpt>
   <trkpt lat="38.91799" lon="-120.99801000000001">
    <ele>201.58</ele>
   </trkpt>
   <trkpt lat="38.918130000000005" lon="-120.99786">
    <ele>200.64000000000001</ele>
   </trkpt>
   <trkpt lat="38.91818000000001" lon="-120.99778">
    <ele>200.54000000000002</ele>
   </trkpt>
   <trkpt lat="38.918240000000004" lon="-120.9976">
    <ele>200.47</ele>
   </trkpt>
   <trkpt lat="38.918290000000006" lon="-120.99724">
    <ele>201.25</ele>
   </trkpt>
   <trkpt lat="38.918290000000006" lon="-120.99692">
    <ele>202.05</ele>
   </trkpt>
   <trkpt lat="38.91832" lon="-120.99675">
    <ele>203.5</ele>
   </trkpt>
   <trkpt lat="38.91841" lon="-120.99666">
    <ele>203.5</ele>
   </trkpt>
   <trkpt lat="38.91854" lon="-120.99662000000001">
    <ele>204.13</ele>
   </trkpt>
   <trkpt lat="38.91877" lon="-120.99662000000001">
    <ele>204.3</ele>
   </trkpt>
   <trkpt lat="38.91901" lon="-120.99657">
    <ele>203.88</ele>
   </trkpt>
   <trkpt lat="38.91939" lon="-120.99634">
    <ele>201.57000000000002</ele>
   </trkpt>
   <trkpt lat="38.91973" lon="-120.99626">
    <ele>199.96000000000004</ele>
   </trkpt>
   <trkpt lat="38.920480000000005" lon="-120.99595000000001">
    <ele>195.84</ele>
   </trkpt>
   <trkpt lat="38.920590000000004" lon="-120.99589">
    <ele>195.45000000000002</ele>
   </trkpt>
   <trkpt lat="38.92071" lon="-120.99576">
    <ele>194.98000000000002</ele>
   </trkpt>
   <trkpt lat="38.92105" lon="-120.99522">
    <ele>193.25</ele>
   </trkpt>
   <trkpt lat="38.921110000000006" lon="-120.99508000000002">
    <ele>193.05</ele>
   </trkpt>
   <trkpt lat="38.92114" lon="-120.99477000000002">
    <ele>193.66000000000003</ele>
   </trkpt>
   <trkpt lat="38.92112" lon="-120.99461000000001">
    <ele>194.69000000000003</ele>
   </trkpt>
   <trkpt lat="38.920970000000004" lon="-120.99416000000001">
    <ele>200.44</ele>
   </trkpt>
   <trkpt lat="38.920970000000004" lon="-120.99397">
    <ele>201.33</ele>
   </trkpt>
   <trkpt lat="38.921200000000006" lon="-120.99340000000001">
    <ele>200.28</ele>
   </trkpt>
   <trkpt lat="38.921260000000004" lon="-120.9933">
    <ele>200.47</ele>
   </trkpt>
   <trkpt lat="38.92181" lon="-120.99262000000002">
    <ele>208.57</ele>
   </trkpt>
   <trkpt lat="38.92233" lon="-120.99169">
    <ele>213.09000000000003</ele>
   </trkpt>
   <trkpt lat="38.92250000000001" lon="-120.99124">
    <ele>215.93</ele>
   </trkpt>
   <trkpt lat="38.922630000000005" lon="-120.99075">
    <ele>213.98000000000002</ele>
   </trkpt>
   <trkpt lat="38.922700000000006" lon="-120.99065000000002">
    <ele>213.42000000000002</ele>
   </trkpt>
   <trkpt lat="38.92287" lon="-120.99052">
    <ele>213.56000000000003</ele>
   </trkpt>
   <trkpt lat="38.92307" lon="-120.99048">
    <ele>214.83</ele>
   </trkpt>
   <trkpt lat="38.923730000000006" lon="-120.99022000000001">
    <ele>215.20000000000002</ele>
   </trkpt>
   <trkpt lat="38.92387" lon="-120.99022000000001">
    <ele>214.8</ele>
   </trkpt>
   <trkpt lat="38.92398" lon="-120.99025">
    <ele>214.8</ele>
   </trkpt>
   <trkpt lat="38.92425" lon="-120.99022000000001">
    <ele>211.9</ele>
   </trkpt>
   <trkpt lat="38.924899999918985" lon="-120.99022000000001">
    <ele>207.8</ele>
   </trkpt>
   <trkpt lat="38.92555" lon="-120.99022000000001">
    <ele>205.79000000000002</ele>
   </trkpt>
   <trkpt lat="38.926300000000005" lon="-120.98999">
    <ele>211.65</ele>
   </trkpt>
   <trkpt lat="38.92643" lon="-120.98991000000001">
    <ele>212.68</ele>
   </trkpt>
   <trkpt lat="38.926500000000004" lon="-120.98985">
    <ele>213.9</ele>
   </trkpt>
   <trkpt lat="38.92654" lon="-120.98976">
    <ele>216.13000000000002</ele>
   </trkpt>
   <trkpt lat="38.92658" lon="-120.98958">
    <ele>216.13000000000002</ele>
   </trkpt>
   <trkpt lat="38.926550000000006" lon="-120.98901000000001">
    <ele>226.59</ele>
   </trkpt>
   <trkpt lat="38.92658" lon="-120.98882">
    <ele>227.98000000000002</ele>
   </trkpt>
   <trkpt lat="38.926570000000005" lon="-120.98859000000002">
    <ele>229.91000000000003</ele>
   </trkpt>
   <trkpt lat="38.92647" lon="-120.98838">
    <ele>233.65</ele>
   </trkpt>
   <trkpt lat="38.926190000000005" lon="-120.98819">
    <ele>235.02</ele>
   </trkpt>
   <trkpt lat="38.926170000000006" lon="-120.9881">
    <ele>235.27</ele>
   </trkpt>
   <trkpt lat="38.9262" lon="-120.98800000000001">
    <ele>235.45000000000002</ele>
   </trkpt>
   <trkpt lat="38.92624" lon="-120.98798000000001">
    <ele>235.96000000000004</ele>
   </trkpt>
   <trkpt lat="38.926460000000006" lon="-120.98801000000002">
    <ele>236.59</ele>
   </trkpt>
   <trkpt lat="38.926730000000006" lon="-120.98793">
    <ele>239.32000000000002</ele>
   </trkpt>
   <trkpt lat="38.92685" lon="-120.98784">
    <ele>240.44</ele>
   </trkpt>
   <trkpt lat="38.92698" lon="-120.98771">
    <ele>242.16</ele>
   </trkpt>
   <trkpt lat="38.92705" lon="-120.98762">
    <ele>243.92000000000002</ele>
   </trkpt>
   <trkpt lat="38.92707" lon="-120.98753">
    <ele>243.92000000000002</ele>
   </trkpt>
   <trkpt lat="38.92705" lon="-120.98734">
    <ele>244.74</ele>
   </trkpt>
   <trkpt lat="38.926930000000006" lon="-120.98694">
    <ele>248.65</ele>
   </trkpt>
   <trkpt lat="38.92687" lon="-120.98659">
    <ele>250.37000000000003</ele>
   </trkpt>
   <trkpt lat="38.92687" lon="-120.98641">
    <ele>252.76000000000005</ele>
   </trkpt>
   <trkpt lat="38.926840000000006" lon="-120.98618">
    <ele>254.03000000000003</ele>
   </trkpt>
   <trkpt lat="38.92683" lon="-120.98592000000001">
    <ele>256.40000000000003</ele>
   </trkpt>
   <trkpt lat="38.92687" lon="-120.98564">
    <ele>257.46000000000004</ele>
   </trkpt>
   <trkpt lat="38.92687" lon="-120.98546">
    <ele>257.13</ele>
   </trkpt>
   <trkpt lat="38.926770000000005" lon="-120.98488">
    <ele>254.76999999999998</ele>
   </trkpt>
   <trkpt lat="38.926770000000005" lon="-120.98457">
    <ele>254.62</ele>
   </trkpt>
   <trkpt lat="38.92678" lon="-120.98440000000001">
    <ele>254.70000000000005</ele>
   </trkpt>
   <trkpt lat="38.92685" lon="-120.98412">
    <ele>254.75000000000003</ele>
   </trkpt>
   <trkpt lat="38.92694" lon="-120.98385">
    <ele>254.65000000000003</ele>
   </trkpt>
   <trkpt lat="38.926970000000004" lon="-120.98367">
    <ele>254.37000000000003</ele>
   </trkpt>
   <trkpt lat="38.92698" lon="-120.9834">
    <ele>254.38</ele>
   </trkpt>
   <trkpt lat="38.927110000000006" lon="-120.983">
    <ele>254.43000000000004</ele>
   </trkpt>
   <trkpt lat="38.927170000000004" lon="-120.98269">
    <ele>253.53000000000003</ele>
   </trkpt>
   <trkpt lat="38.927170000000004" lon="-120.98250000000002">
    <ele>253.14000000000001</ele>
   </trkpt>
   <trkpt lat="38.927150000000005" lon="-120.98233">
    <ele>253.08</ele>
   </trkpt>
   <trkpt lat="38.92701" lon="-120.98179">
    <ele>253.32999999999998</ele>
   </trkpt>
   <trkpt lat="38.92701" lon="-120.98149000000001">
    <ele>253.16</ele>
   </trkpt>
   <trkpt lat="38.927040000000005" lon="-120.98139">
    <ele>253.13000000000002</ele>
   </trkpt>
   <trkpt lat="38.92712" lon="-120.98125">
    <ele>253.0</ele>
   </trkpt>
   <trkpt lat="38.92721" lon="-120.98116000000002">
    <ele>252.84</ele>
   </trkpt>
   <trkpt lat="38.92747000000001" lon="-120.98103">
    <ele>251.3</ele>
   </trkpt>
   <trkpt lat="38.927550000000004" lon="-120.98094">
    <ele>249.97000000000003</ele>
   </trkpt>
   <trkpt lat="38.927600000000005" lon="-120.98085">
    <ele>249.97000000000003</ele>
   </trkpt>
   <trkpt lat="38.92765" lon="-120.98071000000002">
    <ele>248.11</ele>
   </trkpt>
   <trkpt lat="38.927670000000006" lon="-120.98058">
    <ele>247.37</ele>
   </trkpt>
   <trkpt lat="38.92766" lon="-120.98041">
    <ele>246.59000000000003</ele>
   </trkpt>
   <trkpt lat="38.927620000000005" lon="-120.98027">
    <ele>246.17000000000002</ele>
   </trkpt>
   <trkpt lat="38.92754" lon="-120.98013000000002">
    <ele>246.1</ele>
   </trkpt>
   <trkpt lat="38.927510000000005" lon="-120.97996">
    <ele>246.04</ele>
   </trkpt>
   <trkpt lat="38.927510000000005" lon="-120.97973">
    <ele>245.53000000000003</ele>
   </trkpt>
   <trkpt lat="38.927530000000004" lon="-120.97961000000001">
    <ele>244.67000000000002</ele>
   </trkpt>
   <trkpt lat="38.927640000000004" lon="-120.97951">
    <ele>244.14000000000001</ele>
   </trkpt>
   <trkpt lat="38.927960000000006" lon="-120.97933">
    <ele>242.04000000000002</ele>
   </trkpt>
   <trkpt lat="38.928110000000004" lon="-120.9792">
    <ele>240.35</ele>
   </trkpt>
   <trkpt lat="38.92822" lon="-120.97902">
    <ele>238.59000000000003</ele>
   </trkpt>
   <trkpt lat="38.928450000000005" lon="-120.97857">
    <ele>234.24000000000004</ele>
   </trkpt>
   <trkpt lat="38.928520000000006" lon="-120.97839">
    <ele>231.52000000000004</ele>
   </trkpt>
   <trkpt lat="38.92857" lon="-120.97809000000001">
    <ele>229.99</ele>
   </trkpt>
   <trkpt lat="38.928650000000005" lon="-120.97781">
    <ele>229.54000000000002</ele>
   </trkpt>
   <trkpt lat="38.92873" lon="-120.97719000000001">
    <ele>224.82000000000002</ele>
   </trkpt>
   <trkpt lat="38.928790000000006" lon="-120.97696">
    <ele>222.82000000000002</ele>
   </trkpt>
   <trkpt lat="38.9288" lon="-120.97678">
    <ele>221.86</ele>
   </trkpt>
   <trkpt lat="38.92878" lon="-120.97646">
    <ele>220.05</ele>
   </trkpt>
   <trkpt lat="38.92884" lon="-120.97597">
    <ele>216.37</ele>
   </trkpt>
   <trkpt lat="38.92878" lon="-120.97561">
    <ele>214.03000000000003</ele>
   </trkpt>
   <trkpt lat="38.92862" lon="-120.97535">
    <ele>210.45000000000002</ele>
   </trkpt>
   <trkpt lat="38.92844" lon="-120.97517">
    <ele>207.62000000000003</ele>
   </trkpt>
   <trkpt lat="38.928430000000006" lon="-120.97508">
    <ele>207.24</ele>
   </trkpt>
   <trkpt lat="38.92848" lon="-120.97500000000001">
    <ele>206.76000000000002</ele>
   </trkpt>
   <trkpt lat="38.928630000000005" lon="-120.97499">
    <ele>206.48000000000002</ele>
   </trkpt>
   <trkpt lat="38.929030000000004" lon="-120.97500000000001">
    <ele>205.89000000000001</ele>
   </trkpt>
   <trkpt lat="38.929100000000005" lon="-120.97499">
    <ele>206.28</ele>
   </trkpt>
   <trkpt lat="38.929320000000004" lon="-120.97436">
    <ele>213.26</ele>
   </trkpt>
   <trkpt lat="38.929410000000004" lon="-120.97397000000001">
    <ele>213.82</ele>
   </trkpt>
   <trkpt lat="38.929590000000005" lon="-120.97352000000001">
    <ele>210.17000000000002</ele>
   </trkpt>
   <trkpt lat="38.92974" lon="-120.9732">
    <ele>208.38</ele>
   </trkpt>
   <trkpt lat="38.92996" lon="-120.97294000000001">
    <ele>204.57000000000002</ele>
   </trkpt>
   <trkpt lat="38.930330000000005" lon="-120.9723">
    <ele>204.09</ele>
   </trkpt>
   <trkpt lat="38.930460000000004" lon="-120.97216000000002">
    <ele>204.07000000000002</ele>
   </trkpt>
   <trkpt lat="38.93081" lon="-120.9719">
    <ele>203.46000000000004</ele>
   </trkpt>
   <trkpt lat="38.930960000000006" lon="-120.97176">
    <ele>202.3</ele>
   </trkpt>
   <trkpt lat="38.931110000000004" lon="-120.97141">
    <ele>202.19</ele>
   </trkpt>
   <trkpt lat="38.931380000000004" lon="-120.97114">
    <ele>202.45000000000002</ele>
   </trkpt>
   <trkpt lat="38.93153" lon="-120.97083">
    <ele>201.62</ele>
   </trkpt>
   <trkpt lat="38.93173" lon="-120.97064">
    <ele>199.92000000000002</ele>
   </trkpt>
   <trkpt lat="38.9318" lon="-120.97047">
    <ele>199.61</ele>
   </trkpt>
   <trkpt lat="38.93182" lon="-120.96983000000002">
    <ele>202.27</ele>
   </trkpt>
   <trkpt lat="38.93193" lon="-120.96881">
    <ele>207.97</ele>
   </trkpt>
   <trkpt lat="38.932" lon="-120.96849000000002">
    <ele>211.12000000000003</ele>
   </trkpt>
   <trkpt lat="38.932030000000005" lon="-120.96814">
    <ele>215.52</ele>
   </trkpt>
   <trkpt lat="38.932120000000005" lon="-120.96757000000001">
    <ele>216.89000000000001</ele>
   </trkpt>
   <trkpt lat="38.932120000000005" lon="-120.96724">
    <ele>216.00000000000003</ele>
   </trkpt>
   <trkpt lat="38.932050000000004" lon="-120.96644">
    <ele>215.14000000000001</ele>
   </trkpt>
   <trkpt lat="38.93207" lon="-120.96613">
    <ele>209.94</ele>
   </trkpt>
   <trkpt lat="38.93227" lon="-120.96527">
    <ele>216.91000000000003</ele>
   </trkpt>
   <trkpt lat="38.93252500205759" lon="-120.96458000240872">
    <ele>225.10000000000002</ele>
   </trkpt>
   <trkpt lat="38.93278" lon="-120.96389">
    <ele>223.94000000000003</ele>
   </trkpt>
   <trkpt lat="38.93307" lon="-120.96344">
    <ele>223.46</ele>
   </trkpt>
   <trkpt lat="38.93336" lon="-120.96312">
    <ele>224.42000000000002</ele>
   </trkpt>
   <trkpt lat="38.933530000000005" lon="-120.96285">
    <ele>224.22000000000003</ele>
   </trkpt>
   <trkpt lat="38.933800000000005" lon="-120.96227">
    <ele>223.84</ele>
   </trkpt>
   <trkpt lat="38.93397" lon="-120.96206000000001">
    <ele>223.3</ele>
   </trkpt>
   <trkpt lat="38.9345" lon="-120.96161000000001">
    <ele>223.49</ele>
   </trkpt>
   <trkpt lat="38.934720000000006" lon="-120.96139000000001">
    <ele>222.48000000000002</ele>
   </trkpt>
   <trkpt lat="38.935" lon="-120.96101000000002">
    <ele>221.26000000000002</ele>
   </trkpt>
   <trkpt lat="38.93517000000001" lon="-120.96066">
    <ele>218.22000000000003</ele>
   </trkpt>
   <trkpt lat="38.935390000000005" lon="-120.96035">
    <ele>216.32000000000002</ele>
   </trkpt>
   <trkpt lat="38.93565" lon="-120.96021">
    <ele>213.56000000000003</ele>
   </trkpt>
   <trkpt lat="38.935750000000006" lon="-120.96012">
    <ele>213.21</ele>
   </trkpt>
   <trkpt lat="38.935860000000005" lon="-120.95998000000002">
    <ele>213.09000000000003</ele>
   </trkpt>
   <trkpt lat="38.93605" lon="-120.95959">
    <ele>212.86</ele>
   </trkpt>
   <trkpt lat="38.936080000000004" lon="-120.9595">
    <ele>212.63</ele>
   </trkpt>
   <trkpt lat="38.93612" lon="-120.959">
    <ele>209.70000000000002</ele>
   </trkpt>
   <trkpt lat="38.93619" lon="-120.95891">
    <ele>209.66</ele>
   </trkpt>
   <trkpt lat="38.93652" lon="-120.95865">
    <ele>211.00000000000003</ele>
   </trkpt>
   <trkpt lat="38.93666" lon="-120.95851">
    <ele>212.17000000000002</ele>
   </trkpt>
   <trkpt lat="38.93697" lon="-120.95806">
    <ele>217.76</ele>
   </trkpt>
   <trkpt lat="38.937160000000006" lon="-120.95762">
    <ele>224.44000000000003</ele>
   </trkpt>
   <trkpt lat="38.937180000000005" lon="-120.95749">
    <ele>225.66000000000003</ele>
   </trkpt>
   <trkpt lat="38.93721" lon="-120.95744">
    <ele>227.34</ele>
   </trkpt>
   <trkpt lat="38.93732" lon="-120.95735">
    <ele>227.95000000000002</ele>
   </trkpt>
   <trkpt lat="38.93741" lon="-120.95714000000001">
    <ele>229.91000000000003</ele>
   </trkpt>
   <trkpt lat="38.93719" lon="-120.95695">
    <ele>233.64000000000001</ele>
   </trkpt>
   <trkpt lat="38.93701" lon="-120.95691000000001">
    <ele>237.08</ele>
   </trkpt>
   <trkpt lat="38.936910000000005" lon="-120.95687000000001">
    <ele>239.77</ele>
   </trkpt>
   <trkpt lat="38.936890000000005" lon="-120.95663">
    <ele>240.56000000000003</ele>
   </trkpt>
   <trkpt lat="38.93694" lon="-120.95619">
    <ele>240.82</ele>
   </trkpt>
   <trkpt lat="38.93699" lon="-120.95593000000001">
    <ele>240.24</ele>
   </trkpt>
   <trkpt lat="38.936980000000005" lon="-120.95587">
    <ele>240.22</ele>
   </trkpt>
   <trkpt lat="38.936910000000005" lon="-120.95578">
    <ele>240.40000000000003</ele>
   </trkpt>
   <trkpt lat="38.936910000000005" lon="-120.95574">
    <ele>240.58</ele>
   </trkpt>
   <trkpt lat="38.93695" lon="-120.95569">
    <ele>241.00000000000003</ele>
   </trkpt>
   <trkpt lat="38.93708" lon="-120.9556">
    <ele>241.38</ele>
   </trkpt>
   <trkpt lat="38.937200000000004" lon="-120.95548000000001">
    <ele>241.38</ele>
   </trkpt>
   <trkpt lat="38.9373" lon="-120.95530000000001">
    <ele>241.40000000000003</ele>
   </trkpt>
   <trkpt lat="38.93733" lon="-120.95506">
    <ele>241.63</ele>
   </trkpt>
   <trkpt lat="38.9373" lon="-120.95472000000001">
    <ele>241.75000000000003</ele>
   </trkpt>
   <trkpt lat="38.93706" lon="-120.95408">
    <ele>241.98000000000002</ele>
   </trkpt>
   <trkpt lat="38.937020000000004" lon="-120.95381">
    <ele>242.15000000000003</ele>
   </trkpt>
   <trkpt lat="38.937110000000004" lon="-120.95336">
    <ele>242.55</ele>
   </trkpt>
   <trkpt lat="38.93713" lon="-120.95296">
    <ele>242.77</ele>
   </trkpt>
   <trkpt lat="38.937050000000006" lon="-120.9526">
    <ele>243.01000000000002</ele>
   </trkpt>
   <trkpt lat="38.93675" lon="-120.95199000000001">
    <ele>243.44000000000003</ele>
   </trkpt>
   <trkpt lat="38.936820000000004" lon="-120.95184">
    <ele>243.44000000000003</ele>
   </trkpt>
   <trkpt lat="38.93699" lon="-120.95153">
    <ele>243.77</ele>
   </trkpt>
   <trkpt lat="38.937070000000006" lon="-120.95131">
    <ele>243.81000000000003</ele>
   </trkpt>
   <trkpt lat="38.93708" lon="-120.95121">
    <ele>243.8</ele>
   </trkpt>
   <trkpt lat="38.93706" lon="-120.95103">
    <ele>243.8</ele>
   </trkpt>
   <trkpt lat="38.93699" lon="-120.95087000000001">
    <ele>243.94000000000003</ele>
   </trkpt>
   <trkpt lat="38.93695" lon="-120.95072">
    <ele>243.94000000000003</ele>
   </trkpt>
   <trkpt lat="38.93697" lon="-120.95059">
    <ele>243.94000000000003</ele>
   </trkpt>
   <trkpt lat="38.9371" lon="-120.95015000000001">
    <ele>244.07</ele>
   </trkpt>
   <trkpt lat="38.93704" lon="-120.94988000000001">
    <ele>244.31000000000003</ele>
   </trkpt>
   <trkpt lat="38.93697" lon="-120.94974">
    <ele>244.4</ele>
   </trkpt>
   <trkpt lat="38.93695" lon="-120.9496">
    <ele>244.42000000000002</ele>
   </trkpt>
   <trkpt lat="38.936980000000005" lon="-120.94942">
    <ele>244.39000000000001</ele>
   </trkpt>
   <trkpt lat="38.93697" lon="-120.94929">
    <ele>244.39000000000001</ele>
   </trkpt>
   <trkpt lat="38.93681" lon="-120.94902">
    <ele>244.48000000000002</ele>
   </trkpt>
   <trkpt lat="38.936710000000005" lon="-120.9483">
    <ele>244.61</ele>
   </trkpt>
   <trkpt lat="38.936440000000005" lon="-120.94776000000002">
    <ele>244.78000000000003</ele>
   </trkpt>
   <trkpt lat="38.936370000000004" lon="-120.9475">
    <ele>244.93</ele>
   </trkpt>
   <trkpt lat="38.9363" lon="-120.94709">
    <ele>244.77</ele>
   </trkpt>
   <trkpt lat="38.93616" lon="-120.9466">
    <ele>244.79</ele>
   </trkpt>
   <trkpt lat="38.93585" lon="-120.94589">
    <ele>245.04</ele>
   </trkpt>
   <trkpt lat="38.935590000000005" lon="-120.94487000000001">
    <ele>245.50000000000003</ele>
   </trkpt>
   <trkpt lat="38.935460000000006" lon="-120.94467000000002">
    <ele>245.55</ele>
   </trkpt>
   <trkpt lat="38.935340000000004" lon="-120.94454">
    <ele>245.72000000000003</ele>
   </trkpt>
   <trkpt lat="38.935140000000004" lon="-120.94441">
    <ele>245.70000000000002</ele>
   </trkpt>
   <trkpt lat="38.93502" lon="-120.94436">
    <ele>245.68</ele>
   </trkpt>
   <trkpt lat="38.93464" lon="-120.94436">
    <ele>245.72000000000003</ele>
   </trkpt>
   <trkpt lat="38.93446" lon="-120.94427">
    <ele>245.71</ele>
   </trkpt>
   <trkpt lat="38.93401" lon="-120.94378">
    <ele>245.86</ele>
   </trkpt>
   <trkpt lat="38.93397" lon="-120.94369">
    <ele>245.86</ele>
   </trkpt>
   <trkpt lat="38.93401" lon="-120.94315">
    <ele>246.23000000000002</ele>
   </trkpt>
   <trkpt lat="38.933960000000006" lon="-120.94284">
    <ele>248.48000000000002</ele>
   </trkpt>
   <trkpt lat="38.93392" lon="-120.94275">
    <ele>249.06000000000003</ele>
   </trkpt>
   <trkpt lat="38.93383" lon="-120.94267">
    <ele>249.08</ele>
   </trkpt>
   <trkpt lat="38.93376000000001" lon="-120.94258">
    <ele>248.56000000000003</ele>
   </trkpt>
   <trkpt lat="38.93375" lon="-120.94252000000002">
    <ele>248.21</ele>
   </trkpt>
   <trkpt lat="38.93386" lon="-120.94254000000001">
    <ele>247.75000000000003</ele>
   </trkpt>
   <trkpt lat="38.93388" lon="-120.94252000000002">
    <ele>247.75000000000003</ele>
   </trkpt>
   <trkpt lat="38.93386" lon="-120.94245000000001">
    <ele>248.52</ele>
   </trkpt>
   <trkpt lat="38.933800000000005" lon="-120.9424">
    <ele>249.17000000000002</ele>
   </trkpt>
   <trkpt lat="38.93381" lon="-120.94239">
    <ele>249.17000000000002</ele>
   </trkpt>
   <trkpt lat="38.934000000000005" lon="-120.94239">
    <ele>252.21000000000004</ele>
   </trkpt>
   <trkpt lat="38.9341" lon="-120.94235">
    <ele>254.69000000000003</ele>
   </trkpt>
   <trkpt lat="38.934140000000006" lon="-120.94221">
    <ele>256.67</ele>
   </trkpt>
   <trkpt lat="38.93412" lon="-120.94212000000002">
    <ele>259.89</ele>
   </trkpt>
   <trkpt lat="38.933960000000006" lon="-120.94200000000001">
    <ele>262.63000000000005</ele>
   </trkpt>
   <trkpt lat="38.93383" lon="-120.94195">
    <ele>265.99</ele>
   </trkpt>
   <trkpt lat="38.933550000000004" lon="-120.94168">
    <ele>277.0</ele>
   </trkpt>
   <trkpt lat="38.933420000000005" lon="-120.94145">
    <ele>282.78000000000003</ele>
   </trkpt>
   <trkpt lat="38.93345" lon="-120.94132">
    <ele>285.58</ele>
   </trkpt>
   <trkpt lat="38.93319" lon="-120.94075000000001">
    <ele>288.87</ele>
   </trkpt>
   <trkpt lat="38.93294" lon="-120.9398">
    <ele>289.90000000000003</ele>
   </trkpt>
   <trkpt lat="38.93265" lon="-120.93935">
    <ele>290.90000000000003</ele>
   </trkpt>
   <trkpt lat="38.93247" lon="-120.93900000000001">
    <ele>291.76</ele>
   </trkpt>
   <trkpt lat="38.93204" lon="-120.93800000000002">
    <ele>293.6</ele>
   </trkpt>
   <trkpt lat="38.93186" lon="-120.93751">
    <ele>293.98</ele>
   </trkpt>
   <trkpt lat="38.93182" lon="-120.93729">
    <ele>294.55</ele>
   </trkpt>
   <trkpt lat="38.93186" lon="-120.93689">
    <ele>295.06000000000006</ele>
   </trkpt>
   <trkpt lat="38.931850000000004" lon="-120.93657">
    <ele>295.71000000000004</ele>
   </trkpt>
   <trkpt lat="38.93182" lon="-120.93639">
    <ele>295.7</ele>
   </trkpt>
   <trkpt lat="38.93182" lon="-120.93595">
    <ele>296.52</ele>
   </trkpt>
   <trkpt lat="38.93179000000001" lon="-120.93586">
    <ele>296.93</ele>
   </trkpt>
   <trkpt lat="38.93179000000001" lon="-120.93568">
    <ele>298.83000000000004</ele>
   </trkpt>
   <trkpt lat="38.931760000000004" lon="-120.93551000000001">
    <ele>299.31</ele>
   </trkpt>
   <trkpt lat="38.93166" lon="-120.93519">
    <ele>300.14</ele>
   </trkpt>
   <trkpt lat="38.931650000000005" lon="-120.93483">
    <ele>299.37</ele>
   </trkpt>
   <trkpt lat="38.931610000000006" lon="-120.93479">
    <ele>299.18</ele>
   </trkpt>
   <trkpt lat="38.9316" lon="-120.93478">
    <ele>299.12</ele>
   </trkpt>
   <trkpt lat="38.931140000000006" lon="-120.93461">
    <ele>303.56000000000006</ele>
   </trkpt>
   <trkpt lat="38.93097" lon="-120.93452">
    <ele>308.53000000000003</ele>
   </trkpt>
   <trkpt lat="38.930800000000005" lon="-120.93448000000001">
    <ele>311.89</ele>
   </trkpt>
   <trkpt lat="38.930490000000006" lon="-120.93435000000001">
    <ele>316.23</ele>
   </trkpt>
   <trkpt lat="38.930400000000006" lon="-120.93435000000001">
    <ele>317.71999999999997</ele>
   </trkpt>
   <trkpt lat="38.93032" lon="-120.93433000000002">
    <ele>318.27000000000004</ele>
   </trkpt>
   <trkpt lat="38.9301" lon="-120.93430000000001">
    <ele>321.05</ele>
   </trkpt>
   <trkpt lat="38.92991000000001" lon="-120.93416">
    <ele>323.08000000000004</ele>
   </trkpt>
   <trkpt lat="38.92983" lon="-120.93411">
    <ele>324.19000000000005</ele>
   </trkpt>
   <trkpt lat="38.929520000000004" lon="-120.93402">
    <ele>330.21</ele>
   </trkpt>
   <trkpt lat="38.92924" lon="-120.93385">
    <ele>333.57000000000005</ele>
   </trkpt>
   <trkpt lat="38.92902" lon="-120.93376">
    <ele>335.20000000000005</ele>
   </trkpt>
   <trkpt lat="38.92888000000001" lon="-120.93375">
    <ele>337.1</ele>
   </trkpt>
   <trkpt lat="38.928670000000004" lon="-120.93367">
    <ele>338.57000000000005</ele>
   </trkpt>
   <trkpt lat="38.928580000000004" lon="-120.93366">
    <ele>339.07000000000005</ele>
   </trkpt>
   <trkpt lat="38.92848" lon="-120.93362">
    <ele>339.66</ele>
   </trkpt>
   <trkpt lat="38.92821" lon="-120.93362">
    <ele>339.21</ele>
   </trkpt>
   <trkpt lat="38.928000000000004" lon="-120.93352000000002">
    <ele>339.95000000000005</ele>
   </trkpt>
   <trkpt lat="38.92723" lon="-120.93339">
    <ele>349.27000000000004</ele>
   </trkpt>
   <trkpt lat="38.92691000000001" lon="-120.93341000000001">
    <ele>353.31</ele>
   </trkpt>
   <trkpt lat="38.926770000000005" lon="-120.93345000000001">
    <ele>354.92</ele>
   </trkpt>
   <trkpt lat="38.926500000000004" lon="-120.93345000000001">
    <ele>355.65000000000003</ele>
   </trkpt>
   <trkpt lat="38.92613" lon="-120.93357">
    <ele>352.98</ele>
   </trkpt>
   <trkpt lat="38.92588000000001" lon="-120.93353">
    <ele>352.75</ele>
   </trkpt>
   <trkpt lat="38.92551" lon="-120.93339">
    <ele>356.94000000000005</ele>
   </trkpt>
   <trkpt lat="38.92524" lon="-120.9334">
    <ele>361.29</ele>
   </trkpt>
   <trkpt lat="38.924980000000005" lon="-120.93335">
    <ele>366.21000000000004</ele>
   </trkpt>
   <trkpt lat="38.92488" lon="-120.93331">
    <ele>368.19</ele>
   </trkpt>
   <trkpt lat="38.92468" lon="-120.93317">
    <ele>370.44000000000005</ele>
   </trkpt>
   <trkpt lat="38.92446" lon="-120.93308">
    <ele>373.52000000000004</ele>
   </trkpt>
   <trkpt lat="38.924040000000005" lon="-120.93295">
    <ele>379.18</ele>
   </trkpt>
   <trkpt lat="38.92392" lon="-120.93284000000001">
    <ele>384.0</ele>
   </trkpt>
   <trkpt lat="38.923640000000006" lon="-120.93272">
    <ele>388.77</ele>
   </trkpt>
   <trkpt lat="38.92345" lon="-120.93254">
    <ele>393.29</ele>
   </trkpt>
   <trkpt lat="38.923350000000006" lon="-120.93237">
    <ele>395.26000000000005</ele>
   </trkpt>
   <trkpt lat="38.92316" lon="-120.93220000000001">
    <ele>398.89</ele>
   </trkpt>
   <trkpt lat="38.92305" lon="-120.93215000000001">
    <ele>401.6</ele>
   </trkpt>
   <trkpt lat="38.922900000000006" lon="-120.93215000000001">
    <ele>403.12</ele>
   </trkpt>
   <trkpt lat="38.922900000000006" lon="-120.93216000000001">
    <ele>403.12</ele>
   </trkpt>
   <trkpt lat="38.922940000000004" lon="-120.93223">
    <ele>404.47</ele>
   </trkpt>
   <trkpt lat="38.92306000000001" lon="-120.93232">
    <ele>406.02000000000004</ele>
   </trkpt>
   <trkpt lat="38.923120000000004" lon="-120.93241">
    <ele>406.39000000000004</ele>
   </trkpt>
   <trkpt lat="38.923210000000005" lon="-120.93267000000002">
    <ele>408.41</ele>
   </trkpt>
   <trkpt lat="38.923300000000005" lon="-120.93276000000002">
    <ele>408.58000000000004</ele>
   </trkpt>
   <trkpt lat="38.92363" lon="-120.93322">
    <ele>410.62</ele>
   </trkpt>
   <trkpt lat="38.92389" lon="-120.93348">
    <ele>413.2</ele>
   </trkpt>
   <trkpt lat="38.92421" lon="-120.93375">
    <ele>416.06000000000006</ele>
   </trkpt>
   <trkpt lat="38.92446" lon="-120.93402">
    <ele>418.46000000000004</ele>
   </trkpt>
   <trkpt lat="38.92457" lon="-120.93434">
    <ele>419.76</ele>
   </trkpt>
   <trkpt lat="38.92463" lon="-120.93444000000001">
    <ele>421.95000000000005</ele>
   </trkpt>
   <trkpt lat="38.925200000000004" lon="-120.93479">
    <ele>425.8500000000001</ele>
   </trkpt>
   <trkpt lat="38.92550000000001" lon="-120.93505">
    <ele>430.52</ele>
   </trkpt>
   <trkpt lat="38.9256" lon="-120.93523">
    <ele>433.24</ele>
   </trkpt>
   <trkpt lat="38.92571" lon="-120.93563">
    <ele>436.09000000000003</ele>
   </trkpt>
   <trkpt lat="38.925760000000004" lon="-120.93572">
    <ele>436.09000000000003</ele>
   </trkpt>
   <trkpt lat="38.925810000000006" lon="-120.93576000000002">
    <ele>436.95000000000005</ele>
   </trkpt>
   <trkpt lat="38.92589" lon="-120.93577">
    <ele>437.42</ele>
   </trkpt>
   <trkpt lat="38.926210000000005" lon="-120.93564">
    <ele>441.14000000000004</ele>
   </trkpt>
   <trkpt lat="38.926350000000006" lon="-120.93563">
    <ele>442.00000000000006</ele>
   </trkpt>
   <trkpt lat="38.92644000000001" lon="-120.93567000000002">
    <ele>442.63</ele>
   </trkpt>
   <trkpt lat="38.926480000000005" lon="-120.93569000000001">
    <ele>443.32000000000005</ele>
   </trkpt>
   <trkpt lat="38.92654" lon="-120.93578000000001">
    <ele>444.05000000000007</ele>
   </trkpt>
   <trkpt lat="38.9266" lon="-120.93595">
    <ele>444.72</ele>
   </trkpt>
   <trkpt lat="38.92663" lon="-120.93613">
    <ele>446.01</ele>
   </trkpt>
   <trkpt lat="38.926640000000006" lon="-120.93635">
    <ele>446.59000000000003</ele>
   </trkpt>
   <trkpt lat="38.926680000000005" lon="-120.93653">
    <ele>448.48</ele>
   </trkpt>
   <trkpt lat="38.926750000000006" lon="-120.93662">
    <ele>448.85</ele>
   </trkpt>
   <trkpt lat="38.92683" lon="-120.93667">
    <ele>449.49000000000007</ele>
   </trkpt>
   <trkpt lat="38.92747000000001" lon="-120.93666">
    <ele>451.46000000000004</ele>
   </trkpt>
   <trkpt lat="38.927640000000004" lon="-120.93658">
    <ele>452.16</ele>
   </trkpt>
   <trkpt lat="38.92788" lon="-120.93635">
    <ele>453.87000000000006</ele>
   </trkpt>
   <trkpt lat="38.92803" lon="-120.93626">
    <ele>453.92</ele>
   </trkpt>
   <trkpt lat="38.928250000000006" lon="-120.93617">
    <ele>453.34000000000003</ele>
   </trkpt>
   <trkpt lat="38.9283" lon="-120.93617">
    <ele>453.28000000000003</ele>
   </trkpt>
   <trkpt lat="38.928470000000004" lon="-120.9363">
    <ele>453.53000000000003</ele>
   </trkpt>
   <trkpt lat="38.9285" lon="-120.93639">
    <ele>454.06</ele>
   </trkpt>
   <trkpt lat="38.9285" lon="-120.93654000000001">
    <ele>455.25000000000006</ele>
   </trkpt>
   <trkpt lat="38.928450000000005" lon="-120.93663000000001">
    <ele>455.71000000000004</ele>
   </trkpt>
   <trkpt lat="38.92833" lon="-120.93675">
    <ele>457.20000000000005</ele>
   </trkpt>
   <trkpt lat="38.928090000000005" lon="-120.93684">
    <ele>460.79</ele>
   </trkpt>
   <trkpt lat="38.928000000000004" lon="-120.93692000000001">
    <ele>461.66</ele>
   </trkpt>
   <trkpt lat="38.92795" lon="-120.93702">
    <ele>461.75000000000006</ele>
   </trkpt>
   <trkpt lat="38.927910000000004" lon="-120.9372">
    <ele>461.85</ele>
   </trkpt>
   <trkpt lat="38.927910000000004" lon="-120.93734">
    <ele>462.13000000000005</ele>
   </trkpt>
   <trkpt lat="38.928000000000004" lon="-120.93757000000001">
    <ele>461.88</ele>
   </trkpt>
   <trkpt lat="38.92801" lon="-120.93775000000001">
    <ele>461.89</ele>
   </trkpt>
   <trkpt lat="38.927980000000005" lon="-120.93787">
    <ele>462.15000000000003</ele>
   </trkpt>
   <trkpt lat="38.92785000000001" lon="-120.9381">
    <ele>462.45000000000005</ele>
   </trkpt>
   <trkpt lat="38.92779" lon="-120.93827">
    <ele>462.49</ele>
   </trkpt>
   <trkpt lat="38.92774" lon="-120.93872">
    <ele>462.92</ele>
   </trkpt>
   <trkpt lat="38.92777" lon="-120.93904">
    <ele>462.36</ele>
   </trkpt>
   <trkpt lat="38.92784" lon="-120.93944">
    <ele>462.97</ele>
   </trkpt>
   <trkpt lat="38.92788" lon="-120.93998">
    <ele>463.78000000000003</ele>
   </trkpt>
   <trkpt lat="38.92792" lon="-120.94016">
    <ele>464.4800000000001</ele>
   </trkpt>
   <trkpt lat="38.928000000000004" lon="-120.94024">
    <ele>464.62</ele>
   </trkpt>
   <trkpt lat="38.928090000000005" lon="-120.94024">
    <ele>464.5400000000001</ele>
   </trkpt>
   <trkpt lat="38.92831" lon="-120.94007">
    <ele>464.03000000000003</ele>
   </trkpt>
   <trkpt lat="38.928540000000005" lon="-120.94002">
    <ele>463.68</ele>
   </trkpt>
   <trkpt lat="38.9288" lon="-120.94007">
    <ele>463.57000000000005</ele>
   </trkpt>
   <trkpt lat="38.92898" lon="-120.94016">
    <ele>463.81000000000006</ele>
   </trkpt>
   <trkpt lat="38.929140000000004" lon="-120.94033">
    <ele>463.88</ele>
   </trkpt>
   <trkpt lat="38.92924" lon="-120.94048000000001">
    <ele>463.87000000000006</ele>
   </trkpt>
   <trkpt lat="38.92934" lon="-120.94103000000001">
    <ele>463.72</ele>
   </trkpt>
   <trkpt lat="38.92944000000001" lon="-120.94132">
    <ele>464.06</ele>
   </trkpt>
   <trkpt lat="38.92947" lon="-120.9415">
    <ele>464.07000000000005</ele>
   </trkpt>
   <trkpt lat="38.92945" lon="-120.94168">
    <ele>463.99</ele>
   </trkpt>
   <trkpt lat="38.92938" lon="-120.9419">
    <ele>464.07000000000005</ele>
   </trkpt>
   <trkpt lat="38.92935000000001" lon="-120.94205000000001">
    <ele>464.15000000000003</ele>
   </trkpt>
   <trkpt lat="38.92938" lon="-120.9423">
    <ele>464.66</ele>
   </trkpt>
   <trkpt lat="38.929480000000005" lon="-120.94267">
    <ele>464.93000000000006</ele>
   </trkpt>
   <trkpt lat="38.929480000000005" lon="-120.94348000000001">
    <ele>464.52000000000004</ele>
   </trkpt>
   <trkpt lat="38.92956" lon="-120.94392">
    <ele>464.68</ele>
   </trkpt>
   <trkpt lat="38.92958" lon="-120.94428">
    <ele>464.83</ele>
   </trkpt>
   <trkpt lat="38.92951" lon="-120.94468">
    <ele>465.11</ele>
   </trkpt>
   <trkpt lat="38.929300000000005" lon="-120.94531">
    <ele>465.49</ele>
   </trkpt>
   <trkpt lat="38.929210000000005" lon="-120.94553">
    <ele>465.67</ele>
   </trkpt>
   <trkpt lat="38.92909" lon="-120.94572000000001">
    <ele>466.06</ele>
   </trkpt>
   <trkpt lat="38.92909" lon="-120.9458">
    <ele>466.20000000000005</ele>
   </trkpt>
   <trkpt lat="38.92915" lon="-120.94589">
    <ele>466.20000000000005</ele>
   </trkpt>
   <trkpt lat="38.92924" lon="-120.94598">
    <ele>466.23</ele>
   </trkpt>
   <trkpt lat="38.92944000000001" lon="-120.9462">
    <ele>466.16</ele>
   </trkpt>
   <trkpt lat="38.929660000000005" lon="-120.9466">
    <ele>466.59000000000003</ele>
   </trkpt>
   <trkpt lat="38.92972" lon="-120.94666000000001">
    <ele>466.74</ele>
   </trkpt>
   <trkpt lat="38.930080000000004" lon="-120.94669">
    <ele>467.07000000000005</ele>
   </trkpt>
   <trkpt lat="38.93027" lon="-120.9466">
    <ele>467.14000000000004</ele>
   </trkpt>
   <trkpt lat="38.930580000000006" lon="-120.94656">
    <ele>467.27</ele>
   </trkpt>
   <trkpt lat="38.93076000000001" lon="-120.94661">
    <ele>467.34000000000003</ele>
   </trkpt>
   <trkpt lat="38.93084" lon="-120.94669">
    <ele>467.34000000000003</ele>
   </trkpt>
   <trkpt lat="38.930910000000004" lon="-120.94684000000001">
    <ele>467.45000000000005</ele>
   </trkpt>
   <trkpt lat="38.93095" lon="-120.94701">
    <ele>467.44</ele>
   </trkpt>
   <trkpt lat="38.93103" lon="-120.94773">
    <ele>467.40000000000003</ele>
   </trkpt>
   <trkpt lat="38.931090000000005" lon="-120.94794000000002">
    <ele>467.52000000000004</ele>
   </trkpt>
   <trkpt lat="38.93126" lon="-120.94827000000001">
    <ele>467.69000000000005</ele>
   </trkpt>
   <trkpt lat="38.93142" lon="-120.94848">
    <ele>468.08000000000004</ele>
   </trkpt>
   <trkpt lat="38.93159" lon="-120.94854000000001">
    <ele>468.14000000000004</ele>
   </trkpt>
   <trkpt lat="38.93209" lon="-120.94854000000001">
    <ele>468.19000000000005</ele>
   </trkpt>
   <trkpt lat="38.93225" lon="-120.94862">
    <ele>468.33000000000004</ele>
   </trkpt>
   <trkpt lat="38.93238" lon="-120.94876000000001">
    <ele>468.37000000000006</ele>
   </trkpt>
   <trkpt lat="38.93258" lon="-120.94892000000002">
    <ele>468.27</ele>
   </trkpt>
   <trkpt lat="38.93269" lon="-120.94903000000001">
    <ele>468.51000000000005</ele>
   </trkpt>
   <trkpt lat="38.932770000000005" lon="-120.94908000000001">
    <ele>468.51000000000005</ele>
   </trkpt>
   <trkpt lat="38.9331" lon="-120.94908000000001">
    <ele>468.62</ele>
   </trkpt>
   <trkpt lat="38.93323" lon="-120.94915">
    <ele>468.69000000000005</ele>
   </trkpt>
   <trkpt lat="38.93341" lon="-120.94934">
    <ele>468.69000000000005</ele>
   </trkpt>
   <trkpt lat="38.933490000000006" lon="-120.94947">
    <ele>468.69000000000005</ele>
   </trkpt>
   <trkpt lat="38.9335" lon="-120.9496">
    <ele>468.76000000000005</ele>
   </trkpt>
   <trkpt lat="38.93348" lon="-120.94974">
    <ele>468.76000000000005</ele>
   </trkpt>
   <trkpt lat="38.93339" lon="-120.94987">
    <ele>468.78000000000003</ele>
   </trkpt>
   <trkpt lat="38.93334" lon="-120.95009">
    <ele>468.59000000000003</ele>
   </trkpt>
   <trkpt lat="38.93341" lon="-120.95063">
    <ele>468.46000000000004</ele>
   </trkpt>
   <trkpt lat="38.93339" lon="-120.95103">
    <ele>469.05</ele>
   </trkpt>
   <trkpt lat="38.93338" lon="-120.95104">
    <ele>469.05</ele>
   </trkpt>
   <trkpt lat="38.93334" lon="-120.95117">
    <ele>469.40000000000003</ele>
   </trkpt>
   <trkpt lat="38.93327" lon="-120.95118000000001">
    <ele>469.83000000000004</ele>
   </trkpt>
   <trkpt lat="38.93272" lon="-120.95116000000002">
    <ele>468.53000000000003</ele>
   </trkpt>
   <trkpt lat="38.932460000000006" lon="-120.95117">
    <ele>468.81000000000006</ele>
   </trkpt>
   <trkpt lat="38.93189" lon="-120.95136000000001">
    <ele>469.04</ele>
   </trkpt>
   <trkpt lat="38.931630000000006" lon="-120.95139">
    <ele>469.22</ele>
   </trkpt>
   <trkpt lat="38.931450000000005" lon="-120.95136000000001">
    <ele>469.31000000000006</ele>
   </trkpt>
   <trkpt lat="38.931090000000005" lon="-120.95125000000002">
    <ele>469.30000000000007</ele>
   </trkpt>
   <trkpt lat="38.9307" lon="-120.95118000000001">
    <ele>469.41</ele>
   </trkpt>
   <trkpt lat="38.93032" lon="-120.95103">
    <ele>469.84000000000003</ele>
   </trkpt>
   <trkpt lat="38.93014" lon="-120.95086">
    <ele>470.06</ele>
   </trkpt>
   <trkpt lat="38.929970000000004" lon="-120.95077">
    <ele>470.06</ele>
   </trkpt>
   <trkpt lat="38.92974" lon="-120.95054">
    <ele>470.17</ele>
   </trkpt>
   <trkpt lat="38.929480000000005" lon="-120.95022000000002">
    <ele>470.17</ele>
   </trkpt>
   <trkpt lat="38.92934" lon="-120.94997000000001">
    <ele>470.24</ele>
   </trkpt>
   <trkpt lat="38.929210000000005" lon="-120.94988000000001">
    <ele>470.38</ele>
   </trkpt>
   <trkpt lat="38.92897000000001" lon="-120.95002000000001">
    <ele>470.58000000000004</ele>
   </trkpt>
   <trkpt lat="38.92889" lon="-120.95002000000001">
    <ele>470.58000000000004</ele>
   </trkpt>
   <trkpt lat="38.928650000000005" lon="-120.94997000000001">
    <ele>470.59000000000003</ele>
   </trkpt>
   <trkpt lat="38.9284" lon="-120.94987">
    <ele>470.57000000000005</ele>
   </trkpt>
   <trkpt lat="38.928110000000004" lon="-120.94979000000001">
    <ele>470.80000000000007</ele>
   </trkpt>
   <trkpt lat="38.927760000000006" lon="-120.94965">
    <ele>470.66</ele>
   </trkpt>
   <trkpt lat="38.92775" lon="-120.94965">
    <ele>470.66</ele>
   </trkpt>
   <trkpt lat="38.927760000000006" lon="-120.94969">
    <ele>470.44</ele>
   </trkpt>
   <trkpt lat="38.92785000000001" lon="-120.94978">
    <ele>468.61</ele>
   </trkpt>
   <trkpt lat="38.92779" lon="-120.94978">
    <ele>467.56</ele>
   </trkpt>
   <trkpt lat="38.92772" lon="-120.94975000000001">
    <ele>466.38</ele>
   </trkpt>
   <trkpt lat="38.92759" lon="-120.94975000000001">
    <ele>462.58000000000004</ele>
   </trkpt>
   <trkpt lat="38.92754" lon="-120.94980000000001">
    <ele>459.84000000000003</ele>
   </trkpt>
   <trkpt lat="38.92748" lon="-120.94978">
    <ele>458.64000000000004</ele>
   </trkpt>
   <trkpt lat="38.92736" lon="-120.94966000000001">
    <ele>455.98</ele>
   </trkpt>
   <trkpt lat="38.92736" lon="-120.94965">
    <ele>455.98</ele>
   </trkpt>
   <trkpt lat="38.92748" lon="-120.94978">
    <ele>458.90000000000003</ele>
   </trkpt>
   <trkpt lat="38.92754" lon="-120.94980000000001">
    <ele>459.84000000000003</ele>
   </trkpt>
   <trkpt lat="38.927620000000005" lon="-120.95">
    <ele>457.20000000000005</ele>
   </trkpt>
   <trkpt lat="38.92775" lon="-120.95023">
    <ele>450.1</ele>
   </trkpt>
   <trkpt lat="38.928230000000006" lon="-120.95063">
    <ele>442.93000000000006</ele>
   </trkpt>
   <trkpt lat="38.928540000000005" lon="-120.95081">
    <ele>439.97</ele>
   </trkpt>
   <trkpt lat="38.92897000000001" lon="-120.95122">
    <ele>435.70000000000005</ele>
   </trkpt>
   <trkpt lat="38.929170000000006" lon="-120.95136000000001">
    <ele>434.61000000000007</ele>
   </trkpt>
   <trkpt lat="38.92951" lon="-120.95157">
    <ele>431.44000000000005</ele>
   </trkpt>
   <trkpt lat="38.92962" lon="-120.95162">
    <ele>429.2900000000001</ele>
   </trkpt>
   <trkpt lat="38.92978" lon="-120.95166">
    <ele>427.00000000000006</ele>
   </trkpt>
   <trkpt lat="38.92985" lon="-120.95171">
    <ele>426.52</ele>
   </trkpt>
   <trkpt lat="38.930040000000005" lon="-120.95210000000002">
    <ele>427.26000000000005</ele>
   </trkpt>
   <trkpt lat="38.93018" lon="-120.95224">
    <ele>428.34000000000003</ele>
   </trkpt>
   <trkpt lat="38.930460000000004" lon="-120.95233">
    <ele>426.6</ele>
   </trkpt>
   <trkpt lat="38.930670000000006" lon="-120.95233">
    <ele>425.77000000000004</ele>
   </trkpt>
   <trkpt lat="38.93081" lon="-120.95238">
    <ele>424.56000000000006</ele>
   </trkpt>
   <trkpt lat="38.93128" lon="-120.95283">
    <ele>421.58</ele>
   </trkpt>
   <trkpt lat="38.931700000000006" lon="-120.95301">
    <ele>420.93</ele>
   </trkpt>
   <trkpt lat="38.93195" lon="-120.95327">
    <ele>420.00000000000006</ele>
   </trkpt>
   <trkpt lat="38.932100000000005" lon="-120.95345">
    <ele>417.43</ele>
   </trkpt>
   <trkpt lat="38.932140000000004" lon="-120.95354">
    <ele>416.85</ele>
   </trkpt>
   <trkpt lat="38.932140000000004" lon="-120.95363">
    <ele>415.92</ele>
   </trkpt>
   <trkpt lat="38.932050000000004" lon="-120.95385000000002">
    <ele>415.2</ele>
   </trkpt>
   <trkpt lat="38.93204" lon="-120.9539">
    <ele>415.2</ele>
   </trkpt>
   <trkpt lat="38.932050000000004" lon="-120.95399">
    <ele>415.26</ele>
   </trkpt>
   <trkpt lat="38.93213" lon="-120.95408">
    <ele>415.23</ele>
   </trkpt>
   <trkpt lat="38.93231" lon="-120.95412">
    <ele>415.6</ele>
   </trkpt>
   <trkpt lat="38.9324" lon="-120.95417">
    <ele>416.40000000000003</ele>
   </trkpt>
   <trkpt lat="38.93244" lon="-120.95421">
    <ele>416.40000000000003</ele>
   </trkpt>
   <trkpt lat="38.93271" lon="-120.95490000000001">
    <ele>415.46000000000004</ele>
   </trkpt>
   <trkpt lat="38.932750000000006" lon="-120.95506">
    <ele>415.46000000000004</ele>
   </trkpt>
   <trkpt lat="38.932770000000005" lon="-120.95535000000001">
    <ele>414.68000000000006</ele>
   </trkpt>
   <trkpt lat="38.932770000000005" lon="-120.95537000000002">
    <ele>414.68000000000006</ele>
   </trkpt>
   <trkpt lat="38.93274" lon="-120.9556">
    <ele>413.06</ele>
   </trkpt>
   <trkpt lat="38.93265" lon="-120.95578">
    <ele>412.61</ele>
   </trkpt>
   <trkpt lat="38.932520000000004" lon="-120.95593000000001">
    <ele>412.28000000000003</ele>
   </trkpt>
   <trkpt lat="38.93242" lon="-120.95632">
    <ele>411.32</ele>
   </trkpt>
   <trkpt lat="38.93231" lon="-120.95668">
    <ele>409.86000000000007</ele>
   </trkpt>
   <trkpt lat="38.93197" lon="-120.95704">
    <ele>408.84000000000003</ele>
   </trkpt>
   <trkpt lat="38.93189" lon="-120.95718000000001">
    <ele>408.54</ele>
   </trkpt>
   <trkpt lat="38.93182" lon="-120.95739">
    <ele>408.73</ele>
   </trkpt>
   <trkpt lat="38.93171" lon="-120.95758000000001">
    <ele>409.32</ele>
   </trkpt>
   <trkpt lat="38.931560000000005" lon="-120.95779">
    <ele>410.27000000000004</ele>
   </trkpt>
   <trkpt lat="38.931470000000004" lon="-120.95784">
    <ele>411.73</ele>
   </trkpt>
   <trkpt lat="38.931290000000004" lon="-120.95802">
    <ele>412.49</ele>
   </trkpt>
   <trkpt lat="38.93122" lon="-120.95829">
    <ele>411.78000000000003</ele>
   </trkpt>
   <trkpt lat="38.93122" lon="-120.95842">
    <ele>410.56</ele>
   </trkpt>
   <trkpt lat="38.931180000000005" lon="-120.9586">
    <ele>410.08000000000004</ele>
   </trkpt>
   <trkpt lat="38.93108" lon="-120.95892">
    <ele>409.97</ele>
   </trkpt>
   <trkpt lat="38.931090000000005" lon="-120.95915000000001">
    <ele>410.52000000000004</ele>
   </trkpt>
   <trkpt lat="38.931140000000006" lon="-120.95936">
    <ele>411.67</ele>
   </trkpt>
   <trkpt lat="38.93112" lon="-120.95949000000002">
    <ele>411.66</ele>
   </trkpt>
   <trkpt lat="38.930980000000005" lon="-120.96009000000001">
    <ele>409.63000000000005</ele>
   </trkpt>
   <trkpt lat="38.93079" lon="-120.96048">
    <ele>409.09</ele>
   </trkpt>
   <trkpt lat="38.93068" lon="-120.96088">
    <ele>408.16</ele>
   </trkpt>
   <trkpt lat="38.930580000000006" lon="-120.96097">
    <ele>407.68</ele>
   </trkpt>
   <trkpt lat="38.93032" lon="-120.96130000000001">
    <ele>405.0</ele>
   </trkpt>
   <trkpt lat="38.93028" lon="-120.96143000000001">
    <ele>404.90000000000003</ele>
   </trkpt>
   <trkpt lat="38.930200000000006" lon="-120.96156">
    <ele>404.25000000000006</ele>
   </trkpt>
   <trkpt lat="38.93007" lon="-120.96165">
    <ele>402.76</ele>
   </trkpt>
   <trkpt lat="38.92983" lon="-120.96178">
    <ele>401.69000000000005</ele>
   </trkpt>
   <trkpt lat="38.9296" lon="-120.96178">
    <ele>401.39000000000004</ele>
   </trkpt>
   <trkpt lat="38.92942" lon="-120.96195000000002">
    <ele>400.78000000000003</ele>
   </trkpt>
   <trkpt lat="38.92927" lon="-120.96204000000002">
    <ele>400.47</ele>
   </trkpt>
   <trkpt lat="38.92906" lon="-120.96204000000002">
    <ele>399.49</ele>
   </trkpt>
   <trkpt lat="38.928940000000004" lon="-120.96191">
    <ele>398.90000000000003</ele>
   </trkpt>
   <trkpt lat="38.9288" lon="-120.96191">
    <ele>398.46000000000004</ele>
   </trkpt>
   <trkpt lat="38.928540000000005" lon="-120.96206000000001">
    <ele>399.46000000000004</ele>
   </trkpt>
   <trkpt lat="38.9284" lon="-120.96209">
    <ele>399.84000000000003</ele>
   </trkpt>
   <trkpt lat="38.92828" lon="-120.96214">
    <ele>400.02000000000004</ele>
   </trkpt>
   <trkpt lat="38.928140000000006" lon="-120.96240000000002">
    <ele>399.43</ele>
   </trkpt>
   <trkpt lat="38.928000000000004" lon="-120.96255000000001">
    <ele>399.22</ele>
   </trkpt>
   <trkpt lat="38.927760000000006" lon="-120.96267">
    <ele>400.57000000000005</ele>
   </trkpt>
   <trkpt lat="38.92765" lon="-120.96276">
    <ele>400.61</ele>
   </trkpt>
   <trkpt lat="38.927670000000006" lon="-120.96303">
    <ele>400.16</ele>
   </trkpt>
   <trkpt lat="38.92738000000001" lon="-120.96344">
    <ele>402.09000000000003</ele>
   </trkpt>
   <trkpt lat="38.9273" lon="-120.96379">
    <ele>403.61</ele>
   </trkpt>
   <trkpt lat="38.927200000000006" lon="-120.96406">
    <ele>404.0</ele>
   </trkpt>
   <trkpt lat="38.926930000000006" lon="-120.96442">
    <ele>405.24</ele>
   </trkpt>
   <trkpt lat="38.926820000000006" lon="-120.96448000000001">
    <ele>406.51000000000005</ele>
   </trkpt>
   <trkpt lat="38.92676" lon="-120.96456">
    <ele>407.36000000000007</ele>
   </trkpt>
   <trkpt lat="38.926640000000006" lon="-120.96465">
    <ele>408.5</ele>
   </trkpt>
   <trkpt lat="38.92642" lon="-120.96478">
    <ele>412.88</ele>
   </trkpt>
   <trkpt lat="38.92627" lon="-120.96496">
    <ele>416.16</ele>
   </trkpt>
   <trkpt lat="38.92613" lon="-120.96504000000002">
    <ele>417.32</ele>
   </trkpt>
   <trkpt lat="38.92613" lon="-120.96509">
    <ele>417.74000000000007</ele>
   </trkpt>
   <trkpt lat="38.92622" lon="-120.96518">
    <ele>419.07000000000005</ele>
   </trkpt>
   <trkpt lat="38.92645" lon="-120.96531000000002">
    <ele>419.77000000000004</ele>
   </trkpt>
   <trkpt lat="38.92667" lon="-120.96545">
    <ele>419.71000000000004</ele>
   </trkpt>
   <trkpt lat="38.927080000000004" lon="-120.96560000000001">
    <ele>418.1</ele>
   </trkpt>
   <trkpt lat="38.92774" lon="-120.96598000000002">
    <ele>415.81</ele>
   </trkpt>
   <trkpt lat="38.928230000000006" lon="-120.96635">
    <ele>414.84000000000003</ele>
   </trkpt>
   <trkpt lat="38.9284" lon="-120.96654000000001">
    <ele>414.85</ele>
   </trkpt>
   <trkpt lat="38.928540000000005" lon="-120.96679">
    <ele>415.15000000000003</ele>
   </trkpt>
   <trkpt lat="38.92869" lon="-120.96733">
    <ele>413.79</ele>
   </trkpt>
   <trkpt lat="38.92884" lon="-120.96774">
    <ele>410.87</ele>
   </trkpt>
   <trkpt lat="38.928830000000005" lon="-120.96787">
    <ele>410.12</ele>
   </trkpt>
   <trkpt lat="38.92877" lon="-120.96801">
    <ele>409.61</ele>
   </trkpt>
   <trkpt lat="38.928450000000005" lon="-120.96842000000001">
    <ele>407.81</ele>
   </trkpt>
   <trkpt lat="38.92828" lon="-120.96858">
    <ele>407.56</ele>
   </trkpt>
   <trkpt lat="38.928090000000005" lon="-120.96871000000002">
    <ele>407.73</ele>
   </trkpt>
   <trkpt lat="38.9279" lon="-120.96886">
    <ele>407.9200000000001</ele>
   </trkpt>
   <trkpt lat="38.92774" lon="-120.96895">
    <ele>409.5</ele>
   </trkpt>
   <trkpt lat="38.92757" lon="-120.96917">
    <ele>410.32</ele>
   </trkpt>
   <trkpt lat="38.92754" lon="-120.96934000000002">
    <ele>410.30000000000007</ele>
   </trkpt>
   <trkpt lat="38.92761" lon="-120.96993">
    <ele>409.30000000000007</ele>
   </trkpt>
   <trkpt lat="38.92761" lon="-120.97016">
    <ele>409.17</ele>
   </trkpt>
   <trkpt lat="38.92741" lon="-120.97078">
    <ele>411.18000000000006</ele>
   </trkpt>
   <trkpt lat="38.92739" lon="-120.97080000000001">
    <ele>411.18000000000006</ele>
   </trkpt>
   <trkpt lat="38.927400000000006" lon="-120.97079000000001">
    <ele>411.18000000000006</ele>
   </trkpt>
   <trkpt lat="38.92734" lon="-120.97086000000002">
    <ele>411.13000000000005</ele>
   </trkpt>
   <trkpt lat="38.92725" lon="-120.97086000000002">
    <ele>410.65000000000003</ele>
   </trkpt>
   <trkpt lat="38.92698" lon="-120.97069">
    <ele>410.57000000000005</ele>
   </trkpt>
   <trkpt lat="38.926820000000006" lon="-120.97045000000001">
    <ele>411.65000000000003</ele>
   </trkpt>
   <trkpt lat="38.92662" lon="-120.97034000000001">
    <ele>412.2</ele>
   </trkpt>
   <trkpt lat="38.92653" lon="-120.97033">
    <ele>412.26</ele>
   </trkpt>
   <trkpt lat="38.92647" lon="-120.97034000000001">
    <ele>412.26</ele>
   </trkpt>
   <trkpt lat="38.9264" lon="-120.97042">
    <ele>412.43</ele>
   </trkpt>
   <trkpt lat="38.92618" lon="-120.97086000000002">
    <ele>411.63000000000005</ele>
   </trkpt>
   <trkpt lat="38.926030000000004" lon="-120.97106000000001">
    <ele>411.13000000000005</ele>
   </trkpt>
   <trkpt lat="38.92593" lon="-120.97115000000001">
    <ele>411.23</ele>
   </trkpt>
   <trkpt lat="38.92586" lon="-120.97119">
    <ele>411.51000000000005</ele>
   </trkpt>
   <trkpt lat="38.92577" lon="-120.97119">
    <ele>411.51000000000005</ele>
   </trkpt>
   <trkpt lat="38.92569" lon="-120.97113000000002">
    <ele>411.82</ele>
   </trkpt>
   <trkpt lat="38.92562" lon="-120.97096">
    <ele>412.62000000000006</ele>
   </trkpt>
   <trkpt lat="38.925360000000005" lon="-120.97064">
    <ele>416.04</ele>
   </trkpt>
   <trkpt lat="38.9249" lon="-120.97043000000001">
    <ele>420.61</ele>
   </trkpt>
   <trkpt lat="38.92483" lon="-120.97037000000002">
    <ele>421.64</ele>
   </trkpt>
   <trkpt lat="38.924670000000006" lon="-120.97006">
    <ele>423.56000000000006</ele>
   </trkpt>
   <trkpt lat="38.92452" lon="-120.96944">
    <ele>429.04</ele>
   </trkpt>
   <trkpt lat="38.92448" lon="-120.96931000000001">
    <ele>429.71000000000004</ele>
   </trkpt>
   <trkpt lat="38.924440000000004" lon="-120.96926">
    <ele>429.7300000000001</ele>
   </trkpt>
   <trkpt lat="38.92407" lon="-120.96940000000001">
    <ele>427.50000000000006</ele>
   </trkpt>
   <trkpt lat="38.92385" lon="-120.96958000000001">
    <ele>425.8500000000001</ele>
   </trkpt>
   <trkpt lat="38.923770000000005" lon="-120.96961">
    <ele>425.51000000000005</ele>
   </trkpt>
   <trkpt lat="38.923680000000004" lon="-120.96961">
    <ele>425.41</ele>
   </trkpt>
   <trkpt lat="38.923500000000004" lon="-120.96957">
    <ele>424.88000000000005</ele>
   </trkpt>
   <trkpt lat="38.923190000000005" lon="-120.96944">
    <ele>425.68000000000006</ele>
   </trkpt>
   <trkpt lat="38.923100000000005" lon="-120.96926">
    <ele>426.07000000000005</ele>
   </trkpt>
   <trkpt lat="38.92306000000001" lon="-120.96926">
    <ele>425.97</ele>
   </trkpt>
   <trkpt lat="38.922900000000006" lon="-120.96939">
    <ele>425.13</ele>
   </trkpt>
   <trkpt lat="38.92278" lon="-120.96944">
    <ele>424.77000000000004</ele>
   </trkpt>
   <trkpt lat="38.922410000000006" lon="-120.96948">
    <ele>425.32000000000005</ele>
   </trkpt>
   <trkpt lat="38.921780000000005" lon="-120.96935">
    <ele>429.17</ele>
   </trkpt>
   <trkpt lat="38.92172" lon="-120.96935">
    <ele>429.38000000000005</ele>
   </trkpt>
   <trkpt lat="38.921670000000006" lon="-120.96940000000001">
    <ele>429.63</ele>
   </trkpt>
   <trkpt lat="38.92168" lon="-120.96947000000002">
    <ele>429.63</ele>
   </trkpt>
   <trkpt lat="38.92179" lon="-120.96961">
    <ele>429.83000000000004</ele>
   </trkpt>
   <trkpt lat="38.92215" lon="-120.96992000000002">
    <ele>427.98</ele>
   </trkpt>
   <trkpt lat="38.92224" lon="-120.97002">
    <ele>427.00000000000006</ele>
   </trkpt>
   <trkpt lat="38.92244" lon="-120.97016">
    <ele>425.58</ele>
   </trkpt>
   <trkpt lat="38.92258" lon="-120.97037000000002">
    <ele>423.46000000000004</ele>
   </trkpt>
   <trkpt lat="38.92268" lon="-120.97055">
    <ele>422.6</ele>
   </trkpt>
   <trkpt lat="38.92275" lon="-120.97082">
    <ele>421.2</ele>
   </trkpt>
   <trkpt lat="38.92275" lon="-120.97096">
    <ele>420.82</ele>
   </trkpt>
   <trkpt lat="38.922720000000005" lon="-120.97105">
    <ele>420.29</ele>
   </trkpt>
   <trkpt lat="38.922670000000004" lon="-120.97114">
    <ele>420.29</ele>
   </trkpt>
   <trkpt lat="38.92253" lon="-120.97131000000002">
    <ele>418.48</ele>
   </trkpt>
   <trkpt lat="38.9224" lon="-120.97133000000001">
    <ele>418.40000000000003</ele>
   </trkpt>
   <trkpt lat="38.9223" lon="-120.97127">
    <ele>418.7</ele>
   </trkpt>
   <trkpt lat="38.922230000000006" lon="-120.97114">
    <ele>418.72</ele>
   </trkpt>
   <trkpt lat="38.92212000000001" lon="-120.97105">
    <ele>418.71000000000004</ele>
   </trkpt>
   <trkpt lat="38.92184" lon="-120.97087">
    <ele>419.93</ele>
   </trkpt>
   <trkpt lat="38.92163" lon="-120.97069">
    <ele>422.69</ele>
   </trkpt>
   <trkpt lat="38.92145" lon="-120.97047">
    <ele>423.8500000000001</ele>
   </trkpt>
   <trkpt lat="38.92119" lon="-120.97029">
    <ele>425.22</ele>
   </trkpt>
   <trkpt lat="38.920860000000005" lon="-120.96997">
    <ele>423.38000000000005</ele>
   </trkpt>
   <trkpt lat="38.920770000000005" lon="-120.96997">
    <ele>423.13000000000005</ele>
   </trkpt>
   <trkpt lat="38.92072" lon="-120.96998">
    <ele>423.13000000000005</ele>
   </trkpt>
   <trkpt lat="38.92062000000001" lon="-120.97011">
    <ele>422.00000000000006</ele>
   </trkpt>
   <trkpt lat="38.920460000000006" lon="-120.97024">
    <ele>421.03000000000003</ele>
   </trkpt>
   <trkpt lat="38.92043" lon="-120.97030000000001">
    <ele>420.44000000000005</ele>
   </trkpt>
   <trkpt lat="38.920370000000005" lon="-120.97037000000002">
    <ele>419.98</ele>
   </trkpt>
   <trkpt lat="38.920170000000006" lon="-120.97042">
    <ele>420.32</ele>
   </trkpt>
   <trkpt lat="38.920010000000005" lon="-120.97042">
    <ele>420.68000000000006</ele>
   </trkpt>
   <trkpt lat="38.919880000000006" lon="-120.97038">
    <ele>421.28000000000003</ele>
   </trkpt>
   <trkpt lat="38.919790000000006" lon="-120.97033">
    <ele>421.97</ele>
   </trkpt>
   <trkpt lat="38.91971" lon="-120.97024">
    <ele>422.8</ele>
   </trkpt>
   <trkpt lat="38.91964" lon="-120.97011">
    <ele>423.04</ele>
   </trkpt>
   <trkpt lat="38.919610000000006" lon="-120.96988">
    <ele>424.05</ele>
   </trkpt>
   <trkpt lat="38.91959000000001" lon="-120.96984">
    <ele>424.18000000000006</ele>
   </trkpt>
   <trkpt lat="38.919410000000006" lon="-120.96988">
    <ele>424.24000000000007</ele>
   </trkpt>
   <trkpt lat="38.919160000000005" lon="-120.97002">
    <ele>423.46000000000004</ele>
   </trkpt>
   <trkpt lat="38.91908" lon="-120.97003000000001">
    <ele>423.43</ele>
   </trkpt>
   <trkpt lat="38.919000000000004" lon="-120.97001000000002">
    <ele>423.48</ele>
   </trkpt>
   <trkpt lat="38.91888" lon="-120.96988">
    <ele>423.90000000000003</ele>
   </trkpt>
   <trkpt lat="38.91877" lon="-120.96966">
    <ele>425.02</ele>
   </trkpt>
   <trkpt lat="38.91872" lon="-120.96965000000002">
    <ele>425.18000000000006</ele>
   </trkpt>
   <trkpt lat="38.91868" lon="-120.96966">
    <ele>425.29</ele>
   </trkpt>
   <trkpt lat="38.918510000000005" lon="-120.96984">
    <ele>425.56000000000006</ele>
   </trkpt>
   <trkpt lat="38.918440000000004" lon="-120.96989">
    <ele>425.63</ele>
   </trkpt>
   <trkpt lat="38.91837" lon="-120.96989">
    <ele>425.76</ele>
   </trkpt>
   <trkpt lat="38.918040000000005" lon="-120.96983000000002">
    <ele>426.55</ele>
   </trkpt>
   <trkpt lat="38.91749" lon="-120.96953">
    <ele>426.12000000000006</ele>
   </trkpt>
   <trkpt lat="38.91742" lon="-120.96952">
    <ele>426.12000000000006</ele>
   </trkpt>
   <trkpt lat="38.91736" lon="-120.96957">
    <ele>426.19</ele>
   </trkpt>
   <trkpt lat="38.91713" lon="-120.96961">
    <ele>426.59000000000003</ele>
   </trkpt>
   <trkpt lat="38.91695" lon="-120.96961">
    <ele>426.44000000000005</ele>
   </trkpt>
   <trkpt lat="38.916760000000004" lon="-120.96957">
    <ele>426.63</ele>
   </trkpt>
   <trkpt lat="38.916630000000005" lon="-120.96949000000001">
    <ele>426.98</ele>
   </trkpt>
   <trkpt lat="38.91657" lon="-120.96950000000001">
    <ele>426.93</ele>
   </trkpt>
   <trkpt lat="38.91655" lon="-120.96956000000002">
    <ele>426.93</ele>
   </trkpt>
   <trkpt lat="38.91655" lon="-120.96955000000001">
    <ele>426.93</ele>
   </trkpt>
   <trkpt lat="38.91657" lon="-120.96961">
    <ele>426.84000000000003</ele>
   </trkpt>
   <trkpt lat="38.91668000000001" lon="-120.96975">
    <ele>426.6</ele>
   </trkpt>
   <trkpt lat="38.916740000000004" lon="-120.9698">
    <ele>426.56000000000006</ele>
   </trkpt>
   <trkpt lat="38.916850000000004" lon="-120.97002">
    <ele>427.15000000000003</ele>
   </trkpt>
   <trkpt lat="38.917390000000005" lon="-120.97012000000001">
    <ele>429.34000000000003</ele>
   </trkpt>
   <trkpt lat="38.91807" lon="-120.97064">
    <ele>426.3500000000001</ele>
   </trkpt>
   <trkpt lat="38.918200000000006" lon="-120.97077000000002">
    <ele>425.89000000000004</ele>
   </trkpt>
   <trkpt lat="38.91832" lon="-120.97118">
    <ele>423.91</ele>
   </trkpt>
   <trkpt lat="38.918350000000004" lon="-120.97123">
    <ele>423.67</ele>
   </trkpt>
   <trkpt lat="38.918580000000006" lon="-120.97124000000001">
    <ele>423.09000000000003</ele>
   </trkpt>
   <trkpt lat="38.91892" lon="-120.97132">
    <ele>423.01000000000005</ele>
   </trkpt>
   <trkpt lat="38.91922" lon="-120.97145">
    <ele>422.68000000000006</ele>
   </trkpt>
   <trkpt lat="38.91939" lon="-120.97158">
    <ele>422.1</ele>
   </trkpt>
   <trkpt lat="38.91966" lon="-120.97181">
    <ele>420.94000000000005</ele>
   </trkpt>
   <trkpt lat="38.92004" lon="-120.97204">
    <ele>420.38</ele>
   </trkpt>
   <trkpt lat="38.920550000000006" lon="-120.97243">
    <ele>419.30000000000007</ele>
   </trkpt>
   <trkpt lat="38.920660000000005" lon="-120.97257">
    <ele>419.00000000000006</ele>
   </trkpt>
   <trkpt lat="38.920750000000005" lon="-120.97275">
    <ele>418.25</ele>
   </trkpt>
   <trkpt lat="38.92083" lon="-120.97325000000001">
    <ele>417.62000000000006</ele>
   </trkpt>
   <trkpt lat="38.920820000000006" lon="-120.97347">
    <ele>417.52000000000004</ele>
   </trkpt>
   <trkpt lat="38.92087" lon="-120.9736">
    <ele>417.17</ele>
   </trkpt>
   <trkpt lat="38.921040000000005" lon="-120.97391">
    <ele>417.22</ele>
   </trkpt>
   <trkpt lat="38.921220000000005" lon="-120.97409">
    <ele>417.07000000000005</ele>
   </trkpt>
   <trkpt lat="38.921310000000005" lon="-120.97423">
    <ele>415.6</ele>
   </trkpt>
   <trkpt lat="38.92137" lon="-120.9744">
    <ele>415.26</ele>
   </trkpt>
   <trkpt lat="38.921420000000005" lon="-120.97468">
    <ele>414.80000000000007</ele>
   </trkpt>
   <trkpt lat="38.92146" lon="-120.97477">
    <ele>414.86</ele>
   </trkpt>
   <trkpt lat="38.921730000000004" lon="-120.9749">
    <ele>413.52000000000004</ele>
   </trkpt>
   <trkpt lat="38.92181" lon="-120.9749">
    <ele>413.52000000000004</ele>
   </trkpt>
   <trkpt lat="38.92186" lon="-120.97485">
    <ele>411.91</ele>
   </trkpt>
   <trkpt lat="38.92202" lon="-120.97464000000001">
    <ele>411.06</ele>
   </trkpt>
   <trkpt lat="38.92213" lon="-120.97454">
    <ele>410.61</ele>
   </trkpt>
   <trkpt lat="38.92228" lon="-120.97445">
    <ele>409.84000000000003</ele>
   </trkpt>
   <trkpt lat="38.922380000000004" lon="-120.97445">
    <ele>409.58000000000004</ele>
   </trkpt>
   <trkpt lat="38.92246" lon="-120.97449">
    <ele>408.71000000000004</ele>
   </trkpt>
   <trkpt lat="38.92282" lon="-120.97485">
    <ele>408.28000000000003</ele>
   </trkpt>
   <trkpt lat="38.923140000000004" lon="-120.97508">
    <ele>408.41</ele>
   </trkpt>
   <trkpt lat="38.92331" lon="-120.97516000000002">
    <ele>408.33000000000004</ele>
   </trkpt>
   <trkpt lat="38.92345" lon="-120.97526">
    <ele>408.22</ele>
   </trkpt>
   <trkpt lat="38.92353000000001" lon="-120.97535">
    <ele>408.02000000000004</ele>
   </trkpt>
   <trkpt lat="38.923590000000004" lon="-120.97548">
    <ele>407.86000000000007</ele>
   </trkpt>
   <trkpt lat="38.92367" lon="-120.97558000000001">
    <ele>407.04</ele>
   </trkpt>
   <trkpt lat="38.92412000089991" lon="-120.97600499742656">
    <ele>405.19000000000005</ele>
   </trkpt>
   <trkpt lat="38.92457" lon="-120.97643000000001">
    <ele>402.01000000000005</ele>
   </trkpt>
   <trkpt lat="38.924960000000006" lon="-120.97673">
    <ele>399.77</ele>
   </trkpt>
   <trkpt lat="38.92513" lon="-120.97679000000001">
    <ele>398.71</ele>
   </trkpt>
   <trkpt lat="38.92559" lon="-120.97705">
    <ele>396.9800000000001</ele>
   </trkpt>
   <trkpt lat="38.92566" lon="-120.97713000000002">
    <ele>396.0</ele>
   </trkpt>
   <trkpt lat="38.925700000000006" lon="-120.97719000000001">
    <ele>396.0</ele>
   </trkpt>
   <trkpt lat="38.92571" lon="-120.97729000000001">
    <ele>395.79</ele>
   </trkpt>
   <trkpt lat="38.92571" lon="-120.97731000000002">
    <ele>395.70000000000005</ele>
   </trkpt>
   <trkpt lat="38.92542" lon="-120.97773000000001">
    <ele>395.08000000000004</ele>
   </trkpt>
   <trkpt lat="38.925380000000004" lon="-120.97781">
    <ele>394.91</ele>
   </trkpt>
   <trkpt lat="38.925340000000006" lon="-120.97799">
    <ele>394.19000000000005</ele>
   </trkpt>
   <trkpt lat="38.925360000000005" lon="-120.97867000000001">
    <ele>391.5</ele>
   </trkpt>
   <trkpt lat="38.92533" lon="-120.97893">
    <ele>391.64000000000004</ele>
   </trkpt>
   <trkpt lat="38.92546" lon="-120.97955">
    <ele>391.01</ele>
   </trkpt>
   <trkpt lat="38.925430000000006" lon="-120.97973">
    <ele>390.61</ele>
   </trkpt>
   <trkpt lat="38.92524" lon="-120.98018">
    <ele>389.01</ele>
   </trkpt>
   <trkpt lat="38.92519" lon="-120.98049">
    <ele>387.43000000000006</ele>
   </trkpt>
   <trkpt lat="38.925050000000006" lon="-120.98063">
    <ele>387.0</ele>
   </trkpt>
   <trkpt lat="38.924960000000006" lon="-120.98067">
    <ele>386.92</ele>
   </trkpt>
   <trkpt lat="38.924780000000005" lon="-120.98067">
    <ele>385.99000000000007</ele>
   </trkpt>
   <trkpt lat="38.92465" lon="-120.98058">
    <ele>385.45</ele>
   </trkpt>
   <trkpt lat="38.924420000000005" lon="-120.98022000000002">
    <ele>384.26000000000005</ele>
   </trkpt>
   <trkpt lat="38.924220000000005" lon="-120.98">
    <ele>384.08000000000004</ele>
   </trkpt>
   <trkpt lat="38.92403" lon="-120.97973">
    <ele>383.79</ele>
   </trkpt>
   <trkpt lat="38.9238" lon="-120.97925000000001">
    <ele>383.51</ele>
   </trkpt>
   <trkpt lat="38.923610000000004" lon="-120.97902">
    <ele>383.43000000000006</ele>
   </trkpt>
   <trkpt lat="38.92354" lon="-120.97897">
    <ele>383.11</ele>
   </trkpt>
   <trkpt lat="38.92347" lon="-120.97902">
    <ele>382.63</ele>
   </trkpt>
   <trkpt lat="38.923370000000006" lon="-120.97912000000001">
    <ele>381.59000000000003</ele>
   </trkpt>
   <trkpt lat="38.923170000000006" lon="-120.97928">
    <ele>380.69</ele>
   </trkpt>
   <trkpt lat="38.922790000000006" lon="-120.97946">
    <ele>380.04</ele>
   </trkpt>
   <trkpt lat="38.922720000000005" lon="-120.97951">
    <ele>379.68</ele>
   </trkpt>
   <trkpt lat="38.922470000000004" lon="-120.97997000000001">
    <ele>378.08000000000004</ele>
   </trkpt>
   <trkpt lat="38.92239" lon="-120.98005">
    <ele>377.85</ele>
   </trkpt>
   <trkpt lat="38.92231" lon="-120.98010000000001">
    <ele>377.47</ele>
   </trkpt>
   <trkpt lat="38.922090000000004" lon="-120.98016000000001">
    <ele>377.14000000000004</ele>
   </trkpt>
   <trkpt lat="38.92195" lon="-120.98019000000001">
    <ele>376.62</ele>
   </trkpt>
   <trkpt lat="38.921870000000006" lon="-120.98018">
    <ele>375.89000000000004</ele>
   </trkpt>
   <trkpt lat="38.92168" lon="-120.98005">
    <ele>374.83000000000004</ele>
   </trkpt>
   <trkpt lat="38.92148" lon="-120.97996">
    <ele>373.79</ele>
   </trkpt>
   <trkpt lat="38.92141" lon="-120.97987">
    <ele>373.79</ele>
   </trkpt>
   <trkpt lat="38.92137" lon="-120.97964">
    <ele>372.75</ele>
   </trkpt>
   <trkpt lat="38.92128" lon="-120.97937">
    <ele>371.63</ele>
   </trkpt>
   <trkpt lat="38.92128" lon="-120.97924">
    <ele>371.03000000000003</ele>
   </trkpt>
   <trkpt lat="38.92141" lon="-120.97885000000001">
    <ele>370.12</ele>
   </trkpt>
   <trkpt lat="38.9211" lon="-120.97884">
    <ele>368.08</ele>
   </trkpt>
   <trkpt lat="38.92096" lon="-120.97879">
    <ele>367.39000000000004</ele>
   </trkpt>
   <trkpt lat="38.920880000000004" lon="-120.97875">
    <ele>367.27000000000004</ele>
   </trkpt>
   <trkpt lat="38.92063" lon="-120.97839">
    <ele>367.39000000000004</ele>
   </trkpt>
   <trkpt lat="38.92058" lon="-120.97834">
    <ele>367.34000000000003</ele>
   </trkpt>
   <trkpt lat="38.92054" lon="-120.97834">
    <ele>367.25</ele>
   </trkpt>
   <trkpt lat="38.9204" lon="-120.97857">
    <ele>366.46</ele>
   </trkpt>
   <trkpt lat="38.9202" lon="-120.97879">
    <ele>365.74</ele>
   </trkpt>
   <trkpt lat="38.91996" lon="-120.97888">
    <ele>363.83000000000004</ele>
   </trkpt>
   <trkpt lat="38.919940000000004" lon="-120.97889">
    <ele>363.83000000000004</ele>
   </trkpt>
   <trkpt lat="38.91993" lon="-120.97902">
    <ele>363.35</ele>
   </trkpt>
   <trkpt lat="38.91998" lon="-120.97943000000001">
    <ele>362.52</ele>
   </trkpt>
   <trkpt lat="38.91998" lon="-120.97970000000001">
    <ele>361.69</ele>
   </trkpt>
   <trkpt lat="38.91996" lon="-120.97978">
    <ele>361.55</ele>
   </trkpt>
   <trkpt lat="38.919920000000005" lon="-120.97986000000002">
    <ele>361.54</ele>
   </trkpt>
   <trkpt lat="38.91958" lon="-120.98018">
    <ele>361.3</ele>
   </trkpt>
   <trkpt lat="38.91921" lon="-120.98044000000002">
    <ele>361.49</ele>
   </trkpt>
   <trkpt lat="38.9187" lon="-120.98067">
    <ele>360.50000000000006</ele>
   </trkpt>
   <trkpt lat="38.9185" lon="-120.98073000000001">
    <ele>360.16</ele>
   </trkpt>
   <trkpt lat="38.918200000000006" lon="-120.9809">
    <ele>359.18000000000006</ele>
   </trkpt>
   <trkpt lat="38.9179" lon="-120.98098000000002">
    <ele>358.63</ele>
   </trkpt>
   <trkpt lat="38.917750000000005" lon="-120.98107000000002">
    <ele>357.91</ele>
   </trkpt>
   <trkpt lat="38.91774" lon="-120.98116000000002">
    <ele>357.92</ele>
   </trkpt>
   <trkpt lat="38.91787" lon="-120.98131000000001">
    <ele>359.91</ele>
   </trkpt>
   <trkpt lat="38.91765" lon="-120.98139">
    <ele>362.31</ele>
   </trkpt>
   <trkpt lat="38.91752" lon="-120.98139">
    <ele>363.18</ele>
   </trkpt>
   <trkpt lat="38.916970000000006" lon="-120.98125">
    <ele>368.62</ele>
   </trkpt>
   <trkpt lat="38.916740000000004" lon="-120.9813">
    <ele>372.31</ele>
   </trkpt>
   <trkpt lat="38.91662" lon="-120.98126">
    <ele>374.38000000000005</ele>
   </trkpt>
   <trkpt lat="38.91649" lon="-120.98118000000001">
    <ele>377.03000000000003</ele>
   </trkpt>
   <trkpt lat="38.91617" lon="-120.9809">
    <ele>384.67</ele>
   </trkpt>
   <trkpt lat="38.91588" lon="-120.98054">
    <ele>390.87000000000006</ele>
   </trkpt>
   <trkpt lat="38.91563" lon="-120.98031">
    <ele>394.35</ele>
   </trkpt>
   <trkpt lat="38.915380000000006" lon="-120.98023">
    <ele>396.6</ele>
   </trkpt>
   <trkpt lat="38.915240000000004" lon="-120.98021000000001">
    <ele>400.70000000000005</ele>
   </trkpt>
   <trkpt lat="38.915020000000005" lon="-120.98025000000001">
    <ele>406.96000000000004</ele>
   </trkpt>
   <trkpt lat="38.91499" lon="-120.98031">
    <ele>409.89000000000004</ele>
   </trkpt>
   <trkpt lat="38.91499" lon="-120.98036">
    <ele>409.89000000000004</ele>
   </trkpt>
   <trkpt lat="38.915020000000005" lon="-120.98045">
    <ele>412.23</ele>
   </trkpt>
   <trkpt lat="38.915200000000006" lon="-120.98053000000002">
    <ele>415.61</ele>
   </trkpt>
   <trkpt lat="38.91539" lon="-120.98077">
    <ele>421.82</ele>
   </trkpt>
   <trkpt lat="38.915420000000005" lon="-120.98085">
    <ele>422.8</ele>
   </trkpt>
   <trkpt lat="38.91543" lon="-120.9813">
    <ele>433.83000000000004</ele>
   </trkpt>
   <trkpt lat="38.91536" lon="-120.98188">
    <ele>445.00000000000006</ele>
   </trkpt>
   <trkpt lat="38.91536" lon="-120.98224">
    <ele>447.59000000000003</ele>
   </trkpt>
   <trkpt lat="38.91528" lon="-120.98255">
    <ele>449.67</ele>
   </trkpt>
   <trkpt lat="38.914950000000005" lon="-120.98314">
    <ele>463.84000000000003</ele>
   </trkpt>
   <trkpt lat="38.91474" lon="-120.98331">
    <ele>470.79</ele>
   </trkpt>
   <trkpt lat="38.91465" lon="-120.98336">
    <ele>473.94</ele>
   </trkpt>
   <trkpt lat="38.91449" lon="-120.98336">
    <ele>480.46000000000004</ele>
   </trkpt>
   <trkpt lat="38.91443" lon="-120.98337000000001">
    <ele>483.36</ele>
   </trkpt>
   <trkpt lat="38.914410000000004" lon="-120.98341">
    <ele>483.36</ele>
   </trkpt>
   <trkpt lat="38.914390000000004" lon="-120.98349">
    <ele>485.81</ele>
   </trkpt>
   <trkpt lat="38.914390000000004" lon="-120.98363">
    <ele>487.61</ele>
   </trkpt>
   <trkpt lat="38.91443" lon="-120.98394">
    <ele>489.38000000000005</ele>
   </trkpt>
   <trkpt lat="38.914390000000004" lon="-120.98409000000001">
    <ele>489.47</ele>
   </trkpt>
   <trkpt lat="38.914320000000004" lon="-120.98425">
    <ele>489.09000000000003</ele>
   </trkpt>
   <trkpt lat="38.91429" lon="-120.98440000000001">
    <ele>488.50000000000006</ele>
   </trkpt>
   <trkpt lat="38.91429" lon="-120.98456000000002">
    <ele>486.97</ele>
   </trkpt>
   <trkpt lat="38.914320000000004" lon="-120.9847">
    <ele>486.39000000000004</ele>
   </trkpt>
   <trkpt lat="38.914730000000006" lon="-120.98538">
    <ele>487.68000000000006</ele>
   </trkpt>
   <trkpt lat="38.91481" lon="-120.98565">
    <ele>487.62000000000006</ele>
   </trkpt>
   <trkpt lat="38.91485" lon="-120.986">
    <ele>486.53000000000003</ele>
   </trkpt>
   <trkpt lat="38.91480000000001" lon="-120.98649">
    <ele>485.50000000000006</ele>
   </trkpt>
   <trkpt lat="38.9147" lon="-120.98698000000002">
    <ele>485.83000000000004</ele>
   </trkpt>
   <trkpt lat="38.91456" lon="-120.98748">
    <ele>482.82</ele>
   </trkpt>
   <trkpt lat="38.914500000000004" lon="-120.98761">
    <ele>481.52000000000004</ele>
   </trkpt>
   <trkpt lat="38.91436" lon="-120.98775">
    <ele>479.63000000000005</ele>
   </trkpt>
   <trkpt lat="38.91425" lon="-120.98784">
    <ele>478.69000000000005</ele>
   </trkpt>
   <trkpt lat="38.913990000000005" lon="-120.98797">
    <ele>477.43</ele>
   </trkpt>
   <trkpt lat="38.91375" lon="-120.98828">
    <ele>469.67</ele>
   </trkpt>
   <trkpt lat="38.91368000000001" lon="-120.98842">
    <ele>467.06</ele>
   </trkpt>
   <trkpt lat="38.91358" lon="-120.98878">
    <ele>463.43000000000006</ele>
   </trkpt>
   <trkpt lat="38.91349" lon="-120.98896">
    <ele>461.15000000000003</ele>
   </trkpt>
   <trkpt lat="38.913340000000005" lon="-120.98913">
    <ele>459.52000000000004</ele>
   </trkpt>
   <trkpt lat="38.91317" lon="-120.98922">
    <ele>457.74</ele>
   </trkpt>
   <trkpt lat="38.913090000000004" lon="-120.98924000000001">
    <ele>457.74</ele>
   </trkpt>
   <trkpt lat="38.91284" lon="-120.98922">
    <ele>455.70000000000005</ele>
   </trkpt>
   <trkpt lat="38.912760000000006" lon="-120.98918">
    <ele>454.93000000000006</ele>
   </trkpt>
   <trkpt lat="38.912380000000006" lon="-120.98891">
    <ele>453.33</ele>
   </trkpt>
   <trkpt lat="38.91212" lon="-120.98878">
    <ele>455.86</ele>
   </trkpt>
   <trkpt lat="38.91198" lon="-120.98864">
    <ele>458.69000000000005</ele>
   </trkpt>
   <trkpt lat="38.911930000000005" lon="-120.9886">
    <ele>460.51000000000005</ele>
   </trkpt>
   <trkpt lat="38.911860000000004" lon="-120.98861000000001">
    <ele>462.23</ele>
   </trkpt>
   <trkpt lat="38.911680000000004" lon="-120.98882">
    <ele>465.58000000000004</ele>
   </trkpt>
   <trkpt lat="38.91161" lon="-120.98891">
    <ele>469.30000000000007</ele>
   </trkpt>
   <trkpt lat="38.911460000000005" lon="-120.98935000000002">
    <ele>473.99</ele>
   </trkpt>
   <trkpt lat="38.91134" lon="-120.98953000000002">
    <ele>475.68000000000006</ele>
   </trkpt>
   <trkpt lat="38.91107" lon="-120.98981">
    <ele>478.95000000000005</ele>
   </trkpt>
   <trkpt lat="38.910900000000005" lon="-120.99003">
    <ele>476.97</ele>
   </trkpt>
   <trkpt lat="38.910810000000005" lon="-120.99017">
    <ele>476.68000000000006</ele>
   </trkpt>
   <trkpt lat="38.91071" lon="-120.99052">
    <ele>476.54</ele>
   </trkpt>
   <trkpt lat="38.91066" lon="-120.99061">
    <ele>476.33000000000004</ele>
   </trkpt>
   <trkpt lat="38.91028" lon="-120.99103000000001">
    <ele>472.54</ele>
   </trkpt>
   <trkpt lat="38.910270000000004" lon="-120.99104000000001">
    <ele>472.54</ele>
   </trkpt>
   <trkpt lat="38.91026" lon="-120.9911">
    <ele>472.54</ele>
   </trkpt>
   <trkpt lat="38.910270000000004" lon="-120.9912">
    <ele>471.4800000000001</ele>
   </trkpt>
   <trkpt lat="38.910540000000005" lon="-120.9916">
    <ele>468.63000000000005</ele>
   </trkpt>
   <trkpt lat="38.910790000000006" lon="-120.99213">
    <ele>467.8</ele>
   </trkpt>
   <trkpt lat="38.91096" lon="-120.99267">
    <ele>467.79</ele>
   </trkpt>
   <trkpt lat="38.91116" lon="-120.99282000000001">
    <ele>467.76000000000005</ele>
   </trkpt>
   <trkpt lat="38.91172" lon="-120.99343">
    <ele>467.85</ele>
   </trkpt>
   <trkpt lat="38.91181" lon="-120.99356000000002">
    <ele>466.61</ele>
   </trkpt>
   <trkpt lat="38.911860000000004" lon="-120.99367000000001">
    <ele>465.64000000000004</ele>
   </trkpt>
   <trkpt lat="38.91187" lon="-120.99383000000002">
    <ele>463.84000000000003</ele>
   </trkpt>
   <trkpt lat="38.91183" lon="-120.99406">
    <ele>460.78000000000003</ele>
   </trkpt>
   <trkpt lat="38.91176" lon="-120.99428">
    <ele>458.06</ele>
   </trkpt>
   <trkpt lat="38.91174" lon="-120.99464">
    <ele>453.58000000000004</ele>
   </trkpt>
   <trkpt lat="38.91167" lon="-120.99478">
    <ele>452.21000000000004</ele>
   </trkpt>
   <trkpt lat="38.91145" lon="-120.99509">
    <ele>444.62</ele>
   </trkpt>
   <trkpt lat="38.91138" lon="-120.99513">
    <ele>442.54</ele>
   </trkpt>
   <trkpt lat="38.91125" lon="-120.99513">
    <ele>440.50000000000006</ele>
   </trkpt>
   <trkpt lat="38.911100000000005" lon="-120.99526000000002">
    <ele>437.20000000000005</ele>
   </trkpt>
   <trkpt lat="38.91095" lon="-120.99532">
    <ele>434.70000000000005</ele>
   </trkpt>
   <trkpt lat="38.91082" lon="-120.99549">
    <ele>432.51000000000005</ele>
   </trkpt>
   <trkpt lat="38.91069" lon="-120.99577000000001">
    <ele>430.02</ele>
   </trkpt>
   <trkpt lat="38.910610000000005" lon="-120.99586000000001">
    <ele>427.7</ele>
   </trkpt>
   <trkpt lat="38.910540000000005" lon="-120.99589">
    <ele>427.7</ele>
   </trkpt>
   <trkpt lat="38.91017" lon="-120.9959">
    <ele>424.02</ele>
   </trkpt>
   <trkpt lat="38.90988" lon="-120.99598">
    <ele>420.94000000000005</ele>
   </trkpt>
   <trkpt lat="38.90982" lon="-120.99598">
    <ele>420.94000000000005</ele>
   </trkpt>
   <trkpt lat="38.909530000000004" lon="-120.99585">
    <ele>419.48</ele>
   </trkpt>
   <trkpt lat="38.90928" lon="-120.99594">
    <ele>417.25</ele>
   </trkpt>
   <trkpt lat="38.90914" lon="-120.99607">
    <ele>414.91</ele>
   </trkpt>
   <trkpt lat="38.90912" lon="-120.99617">
    <ele>410.90000000000003</ele>
   </trkpt>
   <trkpt lat="38.90917" lon="-120.99649000000001">
    <ele>407.85</ele>
   </trkpt>
   <trkpt lat="38.909150000000004" lon="-120.99666">
    <ele>405.18</ele>
   </trkpt>
   <trkpt lat="38.9091" lon="-120.99679">
    <ele>404.26</ele>
   </trkpt>
   <trkpt lat="38.90901" lon="-120.99688">
    <ele>400.21</ele>
   </trkpt>
   <trkpt lat="38.90889000000001" lon="-120.99697">
    <ele>397.87000000000006</ele>
   </trkpt>
   <trkpt lat="38.90880000000001" lon="-120.99697">
    <ele>397.3</ele>
   </trkpt>
   <trkpt lat="38.90876" lon="-120.99702">
    <ele>396.28000000000003</ele>
   </trkpt>
   <trkpt lat="38.90879" lon="-120.99706">
    <ele>395.72</ele>
   </trkpt>
   <trkpt lat="38.909040000000005" lon="-120.99725000000001">
    <ele>391.75000000000006</ele>
   </trkpt>
   <trkpt lat="38.90908" lon="-120.99733">
    <ele>389.92</ele>
   </trkpt>
   <trkpt lat="38.909130000000005" lon="-120.99759000000002">
    <ele>385.93000000000006</ele>
   </trkpt>
   <trkpt lat="38.90926" lon="-120.99782">
    <ele>387.96000000000004</ele>
   </trkpt>
   <trkpt lat="38.90935" lon="-120.99818">
    <ele>394.75000000000006</ele>
   </trkpt>
   <trkpt lat="38.90943" lon="-120.9984">
    <ele>398.66</ele>
   </trkpt>
   <trkpt lat="38.90946" lon="-120.99872">
    <ele>402.72</ele>
   </trkpt>
   <trkpt lat="38.90943" lon="-120.99907">
    <ele>404.03000000000003</ele>
   </trkpt>
   <trkpt lat="38.90937" lon="-120.99922000000001">
    <ele>403.82</ele>
   </trkpt>
   <trkpt lat="38.90914" lon="-120.99952">
    <ele>407.80000000000007</ele>
   </trkpt>
   <trkpt lat="38.909040000000005" lon="-120.9997">
    <ele>409.53000000000003</ele>
   </trkpt>
   <trkpt lat="38.909000000000006" lon="-120.99983">
    <ele>409.98</ele>
   </trkpt>
   <trkpt lat="38.90894" lon="-121.00037">
    <ele>411.17</ele>
   </trkpt>
   <trkpt lat="38.90894" lon="-121.00101000000001">
    <ele>403.56</ele>
   </trkpt>
   <trkpt lat="38.90898" lon="-121.00118">
    <ele>401.5</ele>
   </trkpt>
   <trkpt lat="38.90905" lon="-121.00131">
    <ele>398.83</ele>
   </trkpt>
   <trkpt lat="38.909130000000005" lon="-121.00137000000001">
    <ele>396.59000000000003</ele>
   </trkpt>
   <trkpt lat="38.909220000000005" lon="-121.00153000000002">
    <ele>390.52000000000004</ele>
   </trkpt>
   <trkpt lat="38.90934" lon="-121.00182000000001">
    <ele>385.87000000000006</ele>
   </trkpt>
   <trkpt lat="38.909330000000004" lon="-121.00204000000001">
    <ele>381.03000000000003</ele>
   </trkpt>
   <trkpt lat="38.90937" lon="-121.00212">
    <ele>381.03000000000003</ele>
   </trkpt>
   <trkpt lat="38.90939" lon="-121.00222000000001">
    <ele>375.4</ele>
   </trkpt>
   <trkpt lat="38.90937" lon="-121.00238000000002">
    <ele>373.48</ele>
   </trkpt>
   <trkpt lat="38.90932" lon="-121.00243">
    <ele>372.77000000000004</ele>
   </trkpt>
   <trkpt lat="38.909110000000005" lon="-121.00243">
    <ele>371.39000000000004</ele>
   </trkpt>
   <trkpt lat="38.90905" lon="-121.00252">
    <ele>371.33000000000004</ele>
   </trkpt>
   <trkpt lat="38.90908" lon="-121.00262000000001">
    <ele>370.63</ele>
   </trkpt>
   <trkpt lat="38.90923" lon="-121.00276000000001">
    <ele>368.7300000000001</ele>
   </trkpt>
   <trkpt lat="38.909620000000004" lon="-121.00306">
    <ele>364.41</ele>
   </trkpt>
   <trkpt lat="38.90988" lon="-121.00333">
    <ele>361.62000000000006</ele>
   </trkpt>
   <trkpt lat="38.9102" lon="-121.00377">
    <ele>358.67</ele>
   </trkpt>
   <trkpt lat="38.910560000000004" lon="-121.00413">
    <ele>357.29</ele>
   </trkpt>
   <trkpt lat="38.91064" lon="-121.00426000000002">
    <ele>357.52</ele>
   </trkpt>
   <trkpt lat="38.91082" lon="-121.00471">
    <ele>359.43</ele>
   </trkpt>
   <trkpt lat="38.91095" lon="-121.00489">
    <ele>359.34000000000003</ele>
   </trkpt>
   <trkpt lat="38.91129" lon="-121.00503">
    <ele>358.86</ele>
   </trkpt>
   <trkpt lat="38.911500000000004" lon="-121.0053">
    <ele>357.99</ele>
   </trkpt>
   <trkpt lat="38.91156" lon="-121.00544000000001">
    <ele>357.93</ele>
   </trkpt>
   <trkpt lat="38.91169" lon="-121.00597">
    <ele>356.38</ele>
   </trkpt>
   <trkpt lat="38.9119" lon="-121.00647000000001">
    <ele>350.27000000000004</ele>
   </trkpt>
   <trkpt lat="38.911930000000005" lon="-121.00691">
    <ele>347.93</ele>
   </trkpt>
   <trkpt lat="38.911970000000004" lon="-121.00704">
    <ele>345.80000000000007</ele>
   </trkpt>
   <trkpt lat="38.912200000000006" lon="-121.00731">
    <ele>341.92</ele>
   </trkpt>
   <trkpt lat="38.912290000000006" lon="-121.00749">
    <ele>341.30000000000007</ele>
   </trkpt>
   <trkpt lat="38.91234" lon="-121.00762">
    <ele>341.37</ele>
   </trkpt>
   <trkpt lat="38.91235" lon="-121.00772">
    <ele>341.74</ele>
   </trkpt>
   <trkpt lat="38.9123" lon="-121.0079">
    <ele>341.99</ele>
   </trkpt>
   <trkpt lat="38.91221" lon="-121.00803">
    <ele>342.75000000000006</ele>
   </trkpt>
   <trkpt lat="38.91183" lon="-121.0083">
    <ele>344.11</ele>
   </trkpt>
   <trkpt lat="38.911440000000006" lon="-121.00865">
    <ele>347.1</ele>
   </trkpt>
   <trkpt lat="38.9112" lon="-121.00893">
    <ele>348.27000000000004</ele>
   </trkpt>
   <trkpt lat="38.91085" lon="-121.00915">
    <ele>350.43</ele>
   </trkpt>
   <trkpt lat="38.91046" lon="-121.00925000000001">
    <ele>350.0</ele>
   </trkpt>
   <trkpt lat="38.9097" lon="-121.00955">
    <ele>349.30000000000007</ele>
   </trkpt>
   <trkpt lat="38.90903" lon="-121.00968">
    <ele>354.65000000000003</ele>
   </trkpt>
   <trkpt lat="38.90874" lon="-121.00972000000002">
    <ele>355.14</ele>
   </trkpt>
   <trkpt lat="38.907990000000005" lon="-121.00987">
    <ele>362.87</ele>
   </trkpt>
   <trkpt lat="38.90789" lon="-121.00986">
    <ele>362.41</ele>
   </trkpt>
   <trkpt lat="38.907720000000005" lon="-121.00972000000002">
    <ele>361.87</ele>
   </trkpt>
   <trkpt lat="38.90773" lon="-121.00964">
    <ele>362.8</ele>
   </trkpt>
   <trkpt lat="38.90785" lon="-121.00952000000001">
    <ele>364.59000000000003</ele>
   </trkpt>
   <trkpt lat="38.90785" lon="-121.00950000000002">
    <ele>365.09000000000003</ele>
   </trkpt>
   <trkpt lat="38.907810000000005" lon="-121.00943000000001">
    <ele>365.54</ele>
   </trkpt>
   <trkpt lat="38.9076" lon="-121.00938000000001">
    <ele>367.44000000000005</ele>
   </trkpt>
   <trkpt lat="38.90742" lon="-121.00938000000001">
    <ele>368.24</ele>
   </trkpt>
   <trkpt lat="38.9072" lon="-121.00946">
    <ele>370.83000000000004</ele>
   </trkpt>
   <trkpt lat="38.90701" lon="-121.00946">
    <ele>374.23</ele>
   </trkpt>
   <trkpt lat="38.90668" lon="-121.00972000000002">
    <ele>377.71000000000004</ele>
   </trkpt>
   <trkpt lat="38.90654" lon="-121.00977">
    <ele>379.11000000000007</ele>
   </trkpt>
   <trkpt lat="38.90645000000001" lon="-121.00977">
    <ele>379.75</ele>
   </trkpt>
   <trkpt lat="38.906240000000004" lon="-121.00964">
    <ele>380.75</ele>
   </trkpt>
   <trkpt lat="38.90617" lon="-121.00961000000001">
    <ele>381.71000000000004</ele>
   </trkpt>
   <trkpt lat="38.906090000000006" lon="-121.00961000000001">
    <ele>382.58000000000004</ele>
   </trkpt>
   <trkpt lat="38.90603" lon="-121.00965000000001">
    <ele>382.58000000000004</ele>
   </trkpt>
   <trkpt lat="38.90598000000001" lon="-121.00973">
    <ele>383.31000000000006</ele>
   </trkpt>
   <trkpt lat="38.90588" lon="-121.00995">
    <ele>386.05</ele>
   </trkpt>
   <trkpt lat="38.905800000000006" lon="-121.01018">
    <ele>388.43000000000006</ele>
   </trkpt>
   <trkpt lat="38.90578" lon="-121.01036">
    <ele>389.5</ele>
   </trkpt>
   <trkpt lat="38.905710000000006" lon="-121.01045">
    <ele>390.68</ele>
   </trkpt>
   <trkpt lat="38.90552" lon="-121.01064000000001">
    <ele>393.23</ele>
   </trkpt>
   <trkpt lat="38.905190000000005" lon="-121.01117">
    <ele>394.55</ele>
   </trkpt>
   <trkpt lat="38.90498" lon="-121.01169000000002">
    <ele>396.31000000000006</ele>
   </trkpt>
   <trkpt lat="38.90484" lon="-121.01183">
    <ele>398.37000000000006</ele>
   </trkpt>
   <trkpt lat="38.90473" lon="-121.01188">
    <ele>399.22</ele>
   </trkpt>
   <trkpt lat="38.904340000000005" lon="-121.01183">
    <ele>400.43</ele>
   </trkpt>
   <trkpt lat="38.904" lon="-121.01201">
    <ele>400.19000000000005</ele>
   </trkpt>
   <trkpt lat="38.903980000000004" lon="-121.0121">
    <ele>400.17</ele>
   </trkpt>
   <trkpt lat="38.90402" lon="-121.01228">
    <ele>400.93</ele>
   </trkpt>
   <trkpt lat="38.90401000000001" lon="-121.01237">
    <ele>400.93</ele>
   </trkpt>
   <trkpt lat="38.903980000000004" lon="-121.01246">
    <ele>402.53000000000003</ele>
   </trkpt>
   <trkpt lat="38.90375" lon="-121.01259">
    <ele>403.45000000000005</ele>
   </trkpt>
   <trkpt lat="38.90363" lon="-121.01272000000002">
    <ele>402.9800000000001</ele>
   </trkpt>
   <trkpt lat="38.90359" lon="-121.01282">
    <ele>401.95000000000005</ele>
   </trkpt>
   <trkpt lat="38.903580000000005" lon="-121.01305">
    <ele>400.33</ele>
   </trkpt>
   <trkpt lat="38.90355" lon="-121.01322">
    <ele>400.0</ele>
   </trkpt>
   <trkpt lat="38.903490000000005" lon="-121.01332000000001">
    <ele>400.06</ele>
   </trkpt>
   <trkpt lat="38.90344" lon="-121.01337000000001">
    <ele>400.4200000000001</ele>
   </trkpt>
   <trkpt lat="38.9033" lon="-121.01345">
    <ele>400.41</ele>
   </trkpt>
   <trkpt lat="38.90296" lon="-121.01349">
    <ele>399.08000000000004</ele>
   </trkpt>
   <trkpt lat="38.902550000000005" lon="-121.01376">
    <ele>402.22</ele>
   </trkpt>
   <trkpt lat="38.902390000000004" lon="-121.01398">
    <ele>401.36</ele>
   </trkpt>
   <trkpt lat="38.90236" lon="-121.01407">
    <ele>400.02000000000004</ele>
   </trkpt>
   <trkpt lat="38.902370000000005" lon="-121.01410000000001">
    <ele>400.02000000000004</ele>
   </trkpt>
   <trkpt lat="38.90223" lon="-121.01424000000002">
    <ele>399.5</ele>
   </trkpt>
   <trkpt lat="38.90223" lon="-121.01439">
    <ele>397.74</ele>
   </trkpt>
   <trkpt lat="38.90234" lon="-121.01460000000002">
    <ele>395.64000000000004</ele>
   </trkpt>
   <trkpt lat="38.9025" lon="-121.01484">
    <ele>396.48</ele>
   </trkpt>
   <trkpt lat="38.90274" lon="-121.01467000000001">
    <ele>396.24</ele>
   </trkpt>
   <trkpt lat="38.902800000000006" lon="-121.01479">
    <ele>397.37000000000006</ele>
   </trkpt>
   <trkpt lat="38.902840000000005" lon="-121.01501">
    <ele>397.65000000000003</ele>
   </trkpt>
   <trkpt lat="38.90283" lon="-121.01507000000001">
    <ele>397.83</ele>
   </trkpt>
   <trkpt lat="38.90276" lon="-121.01515">
    <ele>398.54</ele>
   </trkpt>
   <trkpt lat="38.90256" lon="-121.01520000000001">
    <ele>400.15</ele>
   </trkpt>
   <trkpt lat="38.902190000000004" lon="-121.01543000000001">
    <ele>402.14000000000004</ele>
   </trkpt>
   <trkpt lat="38.90198" lon="-121.0156">
    <ele>406.23</ele>
   </trkpt>
   <trkpt lat="38.90162" lon="-121.01596">
    <ele>409.34000000000003</ele>
   </trkpt>
   <trkpt lat="38.90135" lon="-121.01619000000001">
    <ele>410.18000000000006</ele>
   </trkpt>
   <trkpt lat="38.900740000000006" lon="-121.01676">
    <ele>412.7</ele>
   </trkpt>
   <trkpt lat="38.899980000000006" lon="-121.01725">
    <ele>415.03000000000003</ele>
   </trkpt>
   <trkpt lat="38.899910000000006" lon="-121.01734">
    <ele>414.81</ele>
   </trkpt>
   <trkpt lat="38.89985" lon="-121.01747">
    <ele>414.84000000000003</ele>
   </trkpt>
   <trkpt lat="38.899860000000004" lon="-121.01789000000001">
    <ele>417.80000000000007</ele>
   </trkpt>
   <trkpt lat="38.899840000000005" lon="-121.01802">
    <ele>423.43</ele>
   </trkpt>
   <trkpt lat="38.89969" lon="-121.01863000000002">
    <ele>429.59000000000003</ele>
   </trkpt>
   <trkpt lat="38.89969" lon="-121.01878">
    <ele>432.64000000000004</ele>
   </trkpt>
   <trkpt lat="38.899730000000005" lon="-121.01901000000001">
    <ele>434.29</ele>
   </trkpt>
   <trkpt lat="38.899660000000004" lon="-121.01922">
    <ele>437.6700000000001</ele>
   </trkpt>
   <trkpt lat="38.8995" lon="-121.01941000000001">
    <ele>442.26000000000005</ele>
   </trkpt>
   <trkpt lat="38.8994" lon="-121.01949">
    <ele>445.06</ele>
   </trkpt>
   <trkpt lat="38.89905" lon="-121.01958">
    <ele>451.09000000000003</ele>
   </trkpt>
   <trkpt lat="38.89893" lon="-121.01962">
    <ele>452.73</ele>
   </trkpt>
   <trkpt lat="38.898680000000006" lon="-121.01981">
    <ele>461.44</ele>
   </trkpt>
   <trkpt lat="38.898430000000005" lon="-121.01998">
    <ele>463.5400000000001</ele>
   </trkpt>
   <trkpt lat="38.89833" lon="-121.02002000000002">
    <ele>464.64000000000004</ele>
   </trkpt>
   <trkpt lat="38.897980000000004" lon="-121.02007">
    <ele>467.74</ele>
   </trkpt>
   <trkpt lat="38.89755" lon="-121.01994">
    <ele>471.5</ele>
   </trkpt>
   <trkpt lat="38.8971" lon="-121.01989">
    <ele>473.54</ele>
   </trkpt>
   <trkpt lat="38.89652" lon="-121.01998">
    <ele>476.27000000000004</ele>
   </trkpt>
   <trkpt lat="38.896350000000005" lon="-121.02003">
    <ele>476.89000000000004</ele>
   </trkpt>
   <trkpt lat="38.89607" lon="-121.01986000000001">
    <ele>478.02000000000004</ele>
   </trkpt>
   <trkpt lat="38.895700000000005" lon="-121.01968000000001">
    <ele>478.59000000000003</ele>
   </trkpt>
   <trkpt lat="38.895520000000005" lon="-121.01962">
    <ele>478.19000000000005</ele>
   </trkpt>
   <trkpt lat="38.89531" lon="-121.01958">
    <ele>478.05</ele>
   </trkpt>
   <trkpt lat="38.894849999888656" lon="-121.01953999973064">
    <ele>478.64000000000004</ele>
   </trkpt>
   <trkpt lat="38.89439" lon="-121.01950000000001">
    <ele>479.31</ele>
   </trkpt>
   <trkpt lat="38.89415" lon="-121.0194">
    <ele>480.40000000000003</ele>
   </trkpt>
   <trkpt lat="38.89392" lon="-121.01937000000001">
    <ele>480.85</ele>
   </trkpt>
   <trkpt lat="38.8937" lon="-121.01944">
    <ele>479.88</ele>
   </trkpt>
   <trkpt lat="38.89358" lon="-121.01944">
    <ele>479.59000000000003</ele>
   </trkpt>
   <trkpt lat="38.89303" lon="-121.01932000000001">
    <ele>475.34000000000003</ele>
   </trkpt>
   <trkpt lat="38.89291" lon="-121.01927">
    <ele>475.55</ele>
   </trkpt>
   <trkpt lat="38.892570000000006" lon="-121.019">
    <ele>478.6</ele>
   </trkpt>
   <trkpt lat="38.892390000000006" lon="-121.01891">
    <ele>479.26</ele>
   </trkpt>
   <trkpt lat="38.89240000660439" lon="-121.01803000029378">
    <ele>476.03000000000003</ele>
   </trkpt>
   <trkpt lat="38.892410006603875" lon="-121.01715000033968">
    <ele>467.6</ele>
   </trkpt>
   <trkpt lat="38.89242" lon="-121.01627">
    <ele>466.91</ele>
   </trkpt>
   <trkpt lat="38.89231" lon="-121.01618">
    <ele>467.05</ele>
   </trkpt>
   <trkpt lat="38.89186500011449" lon="-121.01609499948344">
    <ele>467.40000000000003</ele>
   </trkpt>
   <trkpt lat="38.891420000000004" lon="-121.01601000000001">
    <ele>468.06</ele>
   </trkpt>
   <trkpt lat="38.89079" lon="-121.01608000000002">
    <ele>466.67</ele>
   </trkpt>
   <trkpt lat="38.889950000000006" lon="-121.01618">
    <ele>465.33</ele>
   </trkpt>
   <trkpt lat="38.889860000000006" lon="-121.01627">
    <ele>465.72</ele>
   </trkpt>
   <trkpt lat="38.88965" lon="-121.01653">
    <ele>466.26000000000005</ele>
   </trkpt>
   <trkpt lat="38.889610000000005" lon="-121.01676">
    <ele>465.81000000000006</ele>
   </trkpt>
   <trkpt lat="38.8896" lon="-121.01731000000001">
    <ele>465.65000000000003</ele>
   </trkpt>
   <trkpt lat="38.889540000000004" lon="-121.01734">
    <ele>465.65000000000003</ele>
   </trkpt>
   <trkpt lat="38.88947" lon="-121.01732000000001">
    <ele>465.4800000000001</ele>
   </trkpt>
   <trkpt lat="38.88911" lon="-121.01726000000001">
    <ele>464.47</ele>
   </trkpt>
  </trkseg>
 </trk>
</gpx>
