<?xml version="1.0" encoding="UTF-8"?>
<gpx creator="StravaGPX" version="1.1" xmlns="http://www.topografix.com/GPX/1/1" xmlns:xsi="http://www.w3.org/2001/XMLSchema-instance" xsi:schemaLocation="http://www.topografix.com/GPX/1/1 http://www.topografix.com/GPX/1/1/gpx.xsd http://www.garmin.com/xmlschemas/GpxExtensions/v3 http://www.garmin.com/xmlschemas/GpxExtensionsv3.xsd http://www.garmin.com/xmlschemas/TrackPointExtension/v1 http://www.garmin.com/xmlschemas/TrackPointExtensionv1.xsd" xmlns:gpxtpx="http://www.garmin.com/xmlschemas/TrackPointExtension/v1" xmlns:gpxx="http://www.garmin.com/xmlschemas/GpxExtensions/v3">
 <metadata>
  <time>2025-11-21T15:08:16Z</time>
 </metadata>
 <trk>
  <name>🌱 Ecofitness Run Club + SUC</name>
  <type>running</type>
  <trkseg>
   <trkpt lat="38.5742250" lon="-121.4820730">
    <ele>6.4</ele>
    <time>2025-11-21T15:08:16Z</time>
    <extensions>
     <power>91</power>
     <gpxtpx:TrackPointExtension>
      <gpxtpx:atemp>24</gpxtpx:atemp>
      <gpxtpx:hr>79</gpxtpx:hr>
      <gpxtpx:cad>53</gpxtpx:cad>
     </gpxtpx:TrackPointExtension>
    </extensions>
   </trkpt>
   <trkpt lat="38.5742280" lon="-121.4820970">
    <ele>6.4</ele>
    <time>2025-11-21T15:08:17Z</time>
    <extensions>
     <power>92</power>
     <gpxtpx:TrackPointExtension>
      <gpxtpx:atemp>25</gpxtpx:atemp>
      <gpxtpx:hr>77</gpxtpx:hr>
      <gpxtpx:cad>53</gpxtpx:cad>
     </gpxtpx:TrackPointExtension>
    </extensions>
   </trkpt>
   <trkpt lat="38.5742330" lon="-121.4821160">
    <ele>6.4</ele>
    <time>2025-11-21T15:08:18Z</time>
    <extensions>
     <power>112</power>
     <gpxtpx:TrackPointExtension>
      <gpxtpx:atemp>25</gpxtpx:atemp>
      <gpxtpx:hr>77</gpxtpx:hr>
      <gpxtpx:cad>53</gpxtpx:cad>
     </gpxtpx:TrackPointExtension>
    </extensions>
   </trkpt>
   <trkpt lat="38.5742400" lon="-121.4821360">
    <ele>6.4</ele>
    <time>2025-11-21T15:08:19Z</time>
    <extensions>
     <power>104</power>
     <gpxtpx:TrackPointExtension>
      <gpxtpx:atemp>25</gpxtpx:atemp>
      <gpxtpx:hr>77</gpxtpx:hr>
      <gpxtpx:cad>88</gpxtpx:cad>
     </gpxtpx:TrackPointExtension>
    </extensions>
   </trkpt>
   <trkpt lat="38.5742480" lon="-121.4821570">
    <ele>6.2</ele>
    <time>2025-11-21T15:08:20Z</time>
    <extensions>
     <power>173</power>
     <gpxtpx:TrackPointExtension>
      <gpxtpx:atemp>25</gpxtpx:atemp>
      <gpxtpx:hr>78</gpxtpx:hr>
      <gpxtpx:cad>88</gpxtpx:cad>
     </gpxtpx:TrackPointExtension>
    </extensions>
   </trkpt>
   <trkpt lat="38.5742660" lon="-121.4821870">
    <ele>6.2</ele>
    <time>2025-11-21T15:08:21Z</time>
    <extensions>
     <power>189</power>
     <gpxtpx:TrackPointExtension>
      <gpxtpx:atemp>25</gpxtpx:atemp>
      <gpxtpx:hr>78</gpxtpx:hr>
      <gpxtpx:cad>86</gpxtpx:cad>
     </gpxtpx:TrackPointExtension>
    </extensions>
   </trkpt>
   <trkpt lat="38.5742710" lon="-121.4822090">
    <ele>6.2</ele>
    <time>2025-11-21T15:08:22Z</time>
    <extensions>
     <power>210</power>
     <gpxtpx:TrackPointExtension>
      <gpxtpx:atemp>25</gpxtpx:atemp>
      <gpxtpx:hr>78</gpxtpx:hr>
      <gpxtpx:cad>86</gpxtpx:cad>
     </gpxtpx:TrackPointExtension>
    </extensions>
   </trkpt>
   <trkpt lat="38.5742820" lon="-121.4822380">
    <ele>6.2</ele>
    <time>2025-11-21T15:08:23Z</time>
    <extensions>
     <power>220</power>
     <gpxtpx:TrackPointExtension>
      <gpxtpx:atemp>24</gpxtpx:atemp>
      <gpxtpx:hr>78</gpxtpx:hr>
      <gpxtpx:cad>87</gpxtpx:cad>
     </gpxtpx:TrackPointExtension>
    </extensions>
   </trkpt>
   <trkpt lat="38.5742900" lon="-121.4822650">
    <ele>6.2</ele>
    <time>2025-11-21T15:08:24Z</time>
    <extensions>
     <power>220</power>
     <gpxtpx:TrackPointExtension>
      <gpxtpx:atemp>24</gpxtpx:atemp>
      <gpxtpx:hr>80</gpxtpx:hr>
      <gpxtpx:cad>88</gpxtpx:cad>
     </gpxtpx:TrackPointExtension>
    </extensions>
   </trkpt>
   <trkpt lat="38.5743070" lon="-121.4822960">
    <ele>6.2</ele>
    <time>2025-11-21T15:08:25Z</time>
    <extensions>
     <power>233</power>
     <gpxtpx:TrackPointExtension>
      <gpxtpx:atemp>25</gpxtpx:atemp>
      <gpxtpx:hr>81</gpxtpx:hr>
      <gpxtpx:cad>88</gpxtpx:cad>
     </gpxtpx:TrackPointExtension>
    </extensions>
   </trkpt>
   <trkpt lat="38.5743110" lon="-121.4823170">
    <ele>6.2</ele>
    <time>2025-11-21T15:08:26Z</time>
    <extensions>
     <power>235</power>
     <gpxtpx:TrackPointExtension>
      <gpxtpx:atemp>24</gpxtpx:atemp>
      <gpxtpx:hr>83</gpxtpx:hr>
      <gpxtpx:cad>88</gpxtpx:cad>
     </gpxtpx:TrackPointExtension>
    </extensions>
   </trkpt>
   <trkpt lat="38.5743230" lon="-121.4823500">
    <ele>6.4</ele>
    <time>2025-11-21T15:08:27Z</time>
    <extensions>
     <power>237</power>
     <gpxtpx:TrackPointExtension>
      <gpxtpx:atemp>24</gpxtpx:atemp>
      <gpxtpx:hr>85</gpxtpx:hr>
      <gpxtpx:cad>88</gpxtpx:cad>
     </gpxtpx:TrackPointExtension>
    </extensions>
   </trkpt>
   <trkpt lat="38.5743410" lon="-121.4823710">
    <ele>6.2</ele>
    <time>2025-11-21T15:08:28Z</time>
    <extensions>
     <power>230</power>
     <gpxtpx:TrackPointExtension>
      <gpxtpx:atemp>24</gpxtpx:atemp>
      <gpxtpx:hr>87</gpxtpx:hr>
      <gpxtpx:cad>88</gpxtpx:cad>
     </gpxtpx:TrackPointExtension>
    </extensions>
   </trkpt>
   <trkpt lat="38.5743590" lon="-121.4823830">
    <ele>6.2</ele>
    <time>2025-11-21T15:08:29Z</time>
    <extensions>
     <power>223</power>
     <gpxtpx:TrackPointExtension>
      <gpxtpx:atemp>24</gpxtpx:atemp>
      <gpxtpx:hr>89</gpxtpx:hr>
      <gpxtpx:cad>88</gpxtpx:cad>
     </gpxtpx:TrackPointExtension>
    </extensions>
   </trkpt>
   <trkpt lat="38.5743830" lon="-121.4823870">
    <ele>6.2</ele>
    <time>2025-11-21T15:08:30Z</time>
    <extensions>
     <power>221</power>
     <gpxtpx:TrackPointExtension>
      <gpxtpx:atemp>24</gpxtpx:atemp>
      <gpxtpx:hr>90</gpxtpx:hr>
      <gpxtpx:cad>86</gpxtpx:cad>
     </gpxtpx:TrackPointExtension>
    </extensions>
   </trkpt>
   <trkpt lat="38.5743990" lon="-121.4823950">
    <ele>6.2</ele>
    <time>2025-11-21T15:08:31Z</time>
    <extensions>
     <power>216</power>
     <gpxtpx:TrackPointExtension>
      <gpxtpx:atemp>24</gpxtpx:atemp>
      <gpxtpx:hr>91</gpxtpx:hr>
      <gpxtpx:cad>86</gpxtpx:cad>
     </gpxtpx:TrackPointExtension>
    </extensions>
   </trkpt>
   <trkpt lat="38.5744220" lon="-121.4823950">
    <ele>6.2</ele>
    <time>2025-11-21T15:08:32Z</time>
    <extensions>
     <power>210</power>
     <gpxtpx:TrackPointExtension>
      <gpxtpx:atemp>24</gpxtpx:atemp>
      <gpxtpx:hr>93</gpxtpx:hr>
      <gpxtpx:cad>86</gpxtpx:cad>
     </gpxtpx:TrackPointExtension>
    </extensions>
   </trkpt>
   <trkpt lat="38.5744420" lon="-121.4823960">
    <ele>6.2</ele>
    <time>2025-11-21T15:08:33Z</time>
    <extensions>
     <power>201</power>
     <gpxtpx:TrackPointExtension>
      <gpxtpx:atemp>24</gpxtpx:atemp>
      <gpxtpx:hr>94</gpxtpx:hr>
      <gpxtpx:cad>86</gpxtpx:cad>
     </gpxtpx:TrackPointExtension>
    </extensions>
   </trkpt>
   <trkpt lat="38.5744670" lon="-121.4823890">
    <ele>6.2</ele>
    <time>2025-11-21T15:08:34Z</time>
    <extensions>
     <power>199</power>
     <gpxtpx:TrackPointExtension>
      <gpxtpx:atemp>24</gpxtpx:atemp>
      <gpxtpx:hr>95</gpxtpx:hr>
      <gpxtpx:cad>87</gpxtpx:cad>
     </gpxtpx:TrackPointExtension>
    </extensions>
   </trkpt>
   <trkpt lat="38.5744880" lon="-121.4823820">
    <ele>6.2</ele>
    <time>2025-11-21T15:08:35Z</time>
    <extensions>
     <power>198</power>
     <gpxtpx:TrackPointExtension>
      <gpxtpx:atemp>24</gpxtpx:atemp>
      <gpxtpx:hr>96</gpxtpx:hr>
      <gpxtpx:cad>87</gpxtpx:cad>
     </gpxtpx:TrackPointExtension>
    </extensions>
   </trkpt>
   <trkpt lat="38.5745130" lon="-121.4823730">
    <ele>6.2</ele>
    <time>2025-11-21T15:08:36Z</time>
    <extensions>
     <power>198</power>
     <gpxtpx:TrackPointExtension>
      <gpxtpx:atemp>24</gpxtpx:atemp>
      <gpxtpx:hr>97</gpxtpx:hr>
      <gpxtpx:cad>88</gpxtpx:cad>
     </gpxtpx:TrackPointExtension>
    </extensions>
   </trkpt>
   <trkpt lat="38.5745310" lon="-121.4823670">
    <ele>6.4</ele>
    <time>2025-11-21T15:08:37Z</time>
    <extensions>
     <power>202</power>
     <gpxtpx:TrackPointExtension>
      <gpxtpx:atemp>24</gpxtpx:atemp>
      <gpxtpx:hr>98</gpxtpx:hr>
      <gpxtpx:cad>88</gpxtpx:cad>
     </gpxtpx:TrackPointExtension>
    </extensions>
   </trkpt>
   <trkpt lat="38.5745540" lon="-121.4823600">
    <ele>6.4</ele>
    <time>2025-11-21T15:08:38Z</time>
    <extensions>
     <power>209</power>
     <gpxtpx:TrackPointExtension>
      <gpxtpx:atemp>24</gpxtpx:atemp>
      <gpxtpx:hr>99</gpxtpx:hr>
      <gpxtpx:cad>88</gpxtpx:cad>
     </gpxtpx:TrackPointExtension>
    </extensions>
   </trkpt>
   <trkpt lat="38.5745740" lon="-121.4823520">
    <ele>6.4</ele>
    <time>2025-11-21T15:08:39Z</time>
    <extensions>
     <power>210</power>
     <gpxtpx:TrackPointExtension>
      <gpxtpx:atemp>24</gpxtpx:atemp>
      <gpxtpx:hr>100</gpxtpx:hr>
      <gpxtpx:cad>88</gpxtpx:cad>
     </gpxtpx:TrackPointExtension>
    </extensions>
   </trkpt>
   <trkpt lat="38.5745930" lon="-121.4823430">
    <ele>6.4</ele>
    <time>2025-11-21T15:08:40Z</time>
    <extensions>
     <power>213</power>
     <gpxtpx:TrackPointExtension>
      <gpxtpx:atemp>24</gpxtpx:atemp>
      <gpxtpx:hr>102</gpxtpx:hr>
      <gpxtpx:cad>88</gpxtpx:cad>
     </gpxtpx:TrackPointExtension>
    </extensions>
   </trkpt>
   <trkpt lat="38.5746160" lon="-121.4823300">
    <ele>6.4</ele>
    <time>2025-11-21T15:08:41Z</time>
    <extensions>
     <power>211</power>
     <gpxtpx:TrackPointExtension>
      <gpxtpx:atemp>24</gpxtpx:atemp>
      <gpxtpx:hr>104</gpxtpx:hr>
      <gpxtpx:cad>87</gpxtpx:cad>
     </gpxtpx:TrackPointExtension>
    </extensions>
   </trkpt>
   <trkpt lat="38.5746320" lon="-121.4823230">
    <ele>6.4</ele>
    <time>2025-11-21T15:08:42Z</time>
    <extensions>
     <power>210</power>
     <gpxtpx:TrackPointExtension>
      <gpxtpx:atemp>25</gpxtpx:atemp>
      <gpxtpx:hr>107</gpxtpx:hr>
      <gpxtpx:cad>87</gpxtpx:cad>
     </gpxtpx:TrackPointExtension>
    </extensions>
   </trkpt>
   <trkpt lat="38.5746530" lon="-121.4823100">
    <ele>6.4</ele>
    <time>2025-11-21T15:08:43Z</time>
    <extensions>
     <power>210</power>
     <gpxtpx:TrackPointExtension>
      <gpxtpx:atemp>24</gpxtpx:atemp>
      <gpxtpx:hr>109</gpxtpx:hr>
      <gpxtpx:cad>87</gpxtpx:cad>
     </gpxtpx:TrackPointExtension>
    </extensions>
   </trkpt>
   <trkpt lat="38.5746690" lon="-121.4823010">
    <ele>6.2</ele>
    <time>2025-11-21T15:08:44Z</time>
    <extensions>
     <power>207</power>
     <gpxtpx:TrackPointExtension>
      <gpxtpx:atemp>24</gpxtpx:atemp>
      <gpxtpx:hr>112</gpxtpx:hr>
      <gpxtpx:cad>88</gpxtpx:cad>
     </gpxtpx:TrackPointExtension>
    </extensions>
   </trkpt>
   <trkpt lat="38.5746960" lon="-121.4822840">
    <ele>6.2</ele>
    <time>2025-11-21T15:08:45Z</time>
    <extensions>
     <power>204</power>
     <gpxtpx:TrackPointExtension>
      <gpxtpx:atemp>24</gpxtpx:atemp>
      <gpxtpx:hr>113</gpxtpx:hr>
      <gpxtpx:cad>88</gpxtpx:cad>
     </gpxtpx:TrackPointExtension>
    </extensions>
   </trkpt>
   <trkpt lat="38.5747130" lon="-121.4822800">
    <ele>6.4</ele>
    <time>2025-11-21T15:08:46Z</time>
    <extensions>
     <power>203</power>
     <gpxtpx:TrackPointExtension>
      <gpxtpx:atemp>24</gpxtpx:atemp>
      <gpxtpx:hr>114</gpxtpx:hr>
      <gpxtpx:cad>88</gpxtpx:cad>
     </gpxtpx:TrackPointExtension>
    </extensions>
   </trkpt>
   <trkpt lat="38.5747390" lon="-121.4822660">
    <ele>6.2</ele>
    <time>2025-11-21T15:08:47Z</time>
    <extensions>
     <power>211</power>
     <gpxtpx:TrackPointExtension>
      <gpxtpx:atemp>24</gpxtpx:atemp>
      <gpxtpx:hr>115</gpxtpx:hr>
      <gpxtpx:cad>89</gpxtpx:cad>
     </gpxtpx:TrackPointExtension>
    </extensions>
   </trkpt>
   <trkpt lat="38.5747560" lon="-121.4822550">
    <ele>6.2</ele>
    <time>2025-11-21T15:08:48Z</time>
    <extensions>
     <power>213</power>
     <gpxtpx:TrackPointExtension>
      <gpxtpx:atemp>24</gpxtpx:atemp>
      <gpxtpx:hr>116</gpxtpx:hr>
      <gpxtpx:cad>88</gpxtpx:cad>
     </gpxtpx:TrackPointExtension>
    </extensions>
   </trkpt>
   <trkpt lat="38.5747800" lon="-121.4822360">
    <ele>6.4</ele>
    <time>2025-11-21T15:08:49Z</time>
    <extensions>
     <power>217</power>
     <gpxtpx:TrackPointExtension>
      <gpxtpx:atemp>24</gpxtpx:atemp>
      <gpxtpx:hr>116</gpxtpx:hr>
      <gpxtpx:cad>89</gpxtpx:cad>
     </gpxtpx:TrackPointExtension>
    </extensions>
   </trkpt>
   <trkpt lat="38.5748010" lon="-121.4822210">
    <ele>6.4</ele>
    <time>2025-11-21T15:08:50Z</time>
    <extensions>
     <power>217</power>
     <gpxtpx:TrackPointExtension>
      <gpxtpx:atemp>24</gpxtpx:atemp>
      <gpxtpx:hr>117</gpxtpx:hr>
      <gpxtpx:cad>88</gpxtpx:cad>
     </gpxtpx:TrackPointExtension>
    </extensions>
   </trkpt>
   <trkpt lat="38.5748220" lon="-121.4822080">
    <ele>6.4</ele>
    <time>2025-11-21T15:08:51Z</time>
    <extensions>
     <power>215</power>
     <gpxtpx:TrackPointExtension>
      <gpxtpx:atemp>24</gpxtpx:atemp>
      <gpxtpx:hr>117</gpxtpx:hr>
      <gpxtpx:cad>88</gpxtpx:cad>
     </gpxtpx:TrackPointExtension>
    </extensions>
   </trkpt>
   <trkpt lat="38.5748370" lon="-121.4821990">
    <ele>6.4</ele>
    <time>2025-11-21T15:08:52Z</time>
    <extensions>
     <power>222</power>
     <gpxtpx:TrackPointExtension>
      <gpxtpx:atemp>24</gpxtpx:atemp>
      <gpxtpx:hr>118</gpxtpx:hr>
      <gpxtpx:cad>88</gpxtpx:cad>
     </gpxtpx:TrackPointExtension>
    </extensions>
   </trkpt>
   <trkpt lat="38.5748560" lon="-121.4821880">
    <ele>6.6</ele>
    <time>2025-11-21T15:08:53Z</time>
    <extensions>
     <power>222</power>
     <gpxtpx:TrackPointExtension>
      <gpxtpx:atemp>24</gpxtpx:atemp>
      <gpxtpx:hr>118</gpxtpx:hr>
      <gpxtpx:cad>87</gpxtpx:cad>
     </gpxtpx:TrackPointExtension>
    </extensions>
   </trkpt>
   <trkpt lat="38.5748720" lon="-121.4821840">
    <ele>6.6</ele>
    <time>2025-11-21T15:08:54Z</time>
    <extensions>
     <power>218</power>
     <gpxtpx:TrackPointExtension>
      <gpxtpx:atemp>24</gpxtpx:atemp>
      <gpxtpx:hr>118</gpxtpx:hr>
      <gpxtpx:cad>87</gpxtpx:cad>
     </gpxtpx:TrackPointExtension>
    </extensions>
   </trkpt>
   <trkpt lat="38.5749010" lon="-121.4821760">
    <ele>6.6</ele>
    <time>2025-11-21T15:08:55Z</time>
    <extensions>
     <power>218</power>
     <gpxtpx:TrackPointExtension>
      <gpxtpx:atemp>24</gpxtpx:atemp>
      <gpxtpx:hr>119</gpxtpx:hr>
      <gpxtpx:cad>87</gpxtpx:cad>
     </gpxtpx:TrackPointExtension>
    </extensions>
   </trkpt>
   <trkpt lat="38.5749210" lon="-121.4821730">
    <ele>6.6</ele>
    <time>2025-11-21T15:08:56Z</time>
    <extensions>
     <power>216</power>
     <gpxtpx:TrackPointExtension>
      <gpxtpx:atemp>24</gpxtpx:atemp>
      <gpxtpx:hr>119</gpxtpx:hr>
      <gpxtpx:cad>88</gpxtpx:cad>
     </gpxtpx:TrackPointExtension>
    </extensions>
   </trkpt>
   <trkpt lat="38.5749480" lon="-121.4821740">
    <ele>6.6</ele>
    <time>2025-11-21T15:08:57Z</time>
    <extensions>
     <power>216</power>
     <gpxtpx:TrackPointExtension>
      <gpxtpx:atemp>24</gpxtpx:atemp>
      <gpxtpx:hr>120</gpxtpx:hr>
      <gpxtpx:cad>89</gpxtpx:cad>
     </gpxtpx:TrackPointExtension>
    </extensions>
   </trkpt>
   <trkpt lat="38.5749680" lon="-121.4821700">
    <ele>6.6</ele>
    <time>2025-11-21T15:08:58Z</time>
    <extensions>
     <power>215</power>
     <gpxtpx:TrackPointExtension>
      <gpxtpx:atemp>24</gpxtpx:atemp>
      <gpxtpx:hr>121</gpxtpx:hr>
      <gpxtpx:cad>89</gpxtpx:cad>
     </gpxtpx:TrackPointExtension>
    </extensions>
   </trkpt>
   <trkpt lat="38.5749910" lon="-121.4821680">
    <ele>6.6</ele>
    <time>2025-11-21T15:08:59Z</time>
    <extensions>
     <power>216</power>
     <gpxtpx:TrackPointExtension>
      <gpxtpx:atemp>24</gpxtpx:atemp>
      <gpxtpx:hr>122</gpxtpx:hr>
      <gpxtpx:cad>89</gpxtpx:cad>
     </gpxtpx:TrackPointExtension>
    </extensions>
   </trkpt>
   <trkpt lat="38.5750110" lon="-121.4821570">
    <ele>6.6</ele>
    <time>2025-11-21T15:09:00Z</time>
    <extensions>
     <power>217</power>
     <gpxtpx:TrackPointExtension>
      <gpxtpx:atemp>24</gpxtpx:atemp>
      <gpxtpx:hr>123</gpxtpx:hr>
      <gpxtpx:cad>88</gpxtpx:cad>
     </gpxtpx:TrackPointExtension>
    </extensions>
   </trkpt>
   <trkpt lat="38.5750330" lon="-121.4821510">
    <ele>6.6</ele>
    <time>2025-11-21T15:09:01Z</time>
    <extensions>
     <power>218</power>
     <gpxtpx:TrackPointExtension>
      <gpxtpx:atemp>24</gpxtpx:atemp>
      <gpxtpx:hr>124</gpxtpx:hr>
      <gpxtpx:cad>89</gpxtpx:cad>
     </gpxtpx:TrackPointExtension>
    </extensions>
   </trkpt>
   <trkpt lat="38.5750520" lon="-121.4821360">
    <ele>6.4</ele>
    <time>2025-11-21T15:09:02Z</time>
    <extensions>
     <power>216</power>
     <gpxtpx:TrackPointExtension>
      <gpxtpx:atemp>24</gpxtpx:atemp>
      <gpxtpx:hr>124</gpxtpx:hr>
      <gpxtpx:cad>88</gpxtpx:cad>
     </gpxtpx:TrackPointExtension>
    </extensions>
   </trkpt>
   <trkpt lat="38.5750760" lon="-121.4821230">
    <ele>6.4</ele>
    <time>2025-11-21T15:09:03Z</time>
    <extensions>
     <power>216</power>
     <gpxtpx:TrackPointExtension>
      <gpxtpx:atemp>24</gpxtpx:atemp>
      <gpxtpx:hr>125</gpxtpx:hr>
      <gpxtpx:cad>88</gpxtpx:cad>
     </gpxtpx:TrackPointExtension>
    </extensions>
   </trkpt>
   <trkpt lat="38.5750970" lon="-121.4821150">
    <ele>6.4</ele>
    <time>2025-11-21T15:09:04Z</time>
    <extensions>
     <power>216</power>
     <gpxtpx:TrackPointExtension>
      <gpxtpx:atemp>24</gpxtpx:atemp>
      <gpxtpx:hr>125</gpxtpx:hr>
      <gpxtpx:cad>88</gpxtpx:cad>
     </gpxtpx:TrackPointExtension>
    </extensions>
   </trkpt>
   <trkpt lat="38.5751170" lon="-121.4821070">
    <ele>6.2</ele>
    <time>2025-11-21T15:09:05Z</time>
    <extensions>
     <power>215</power>
     <gpxtpx:TrackPointExtension>
      <gpxtpx:atemp>24</gpxtpx:atemp>
      <gpxtpx:hr>126</gpxtpx:hr>
      <gpxtpx:cad>88</gpxtpx:cad>
     </gpxtpx:TrackPointExtension>
    </extensions>
   </trkpt>
   <trkpt lat="38.5751420" lon="-121.4820970">
    <ele>6.2</ele>
    <time>2025-11-21T15:09:06Z</time>
    <extensions>
     <power>215</power>
     <gpxtpx:TrackPointExtension>
      <gpxtpx:atemp>24</gpxtpx:atemp>
      <gpxtpx:hr>126</gpxtpx:hr>
      <gpxtpx:cad>89</gpxtpx:cad>
     </gpxtpx:TrackPointExtension>
    </extensions>
   </trkpt>
   <trkpt lat="38.5751630" lon="-121.4820920">
    <ele>6.4</ele>
    <time>2025-11-21T15:09:07Z</time>
    <extensions>
     <power>215</power>
     <gpxtpx:TrackPointExtension>
      <gpxtpx:atemp>24</gpxtpx:atemp>
      <gpxtpx:hr>127</gpxtpx:hr>
      <gpxtpx:cad>88</gpxtpx:cad>
     </gpxtpx:TrackPointExtension>
    </extensions>
   </trkpt>
   <trkpt lat="38.5751840" lon="-121.4820800">
    <ele>6.4</ele>
    <time>2025-11-21T15:09:08Z</time>
    <extensions>
     <power>217</power>
     <gpxtpx:TrackPointExtension>
      <gpxtpx:atemp>24</gpxtpx:atemp>
      <gpxtpx:hr>127</gpxtpx:hr>
      <gpxtpx:cad>88</gpxtpx:cad>
     </gpxtpx:TrackPointExtension>
    </extensions>
   </trkpt>
   <trkpt lat="38.5752050" lon="-121.4820720">
    <ele>6.4</ele>
    <time>2025-11-21T15:09:09Z</time>
    <extensions>
     <power>218</power>
     <gpxtpx:TrackPointExtension>
      <gpxtpx:atemp>24</gpxtpx:atemp>
      <gpxtpx:hr>127</gpxtpx:hr>
      <gpxtpx:cad>88</gpxtpx:cad>
     </gpxtpx:TrackPointExtension>
    </extensions>
   </trkpt>
   <trkpt lat="38.5752250" lon="-121.4820540">
    <ele>6.4</ele>
    <time>2025-11-21T15:09:10Z</time>
    <extensions>
     <power>218</power>
     <gpxtpx:TrackPointExtension>
      <gpxtpx:atemp>24</gpxtpx:atemp>
      <gpxtpx:hr>128</gpxtpx:hr>
      <gpxtpx:cad>89</gpxtpx:cad>
     </gpxtpx:TrackPointExtension>
    </extensions>
   </trkpt>
   <trkpt lat="38.5752430" lon="-121.4820460">
    <ele>6.6</ele>
    <time>2025-11-21T15:09:11Z</time>
    <extensions>
     <power>217</power>
     <gpxtpx:TrackPointExtension>
      <gpxtpx:atemp>24</gpxtpx:atemp>
      <gpxtpx:hr>128</gpxtpx:hr>
      <gpxtpx:cad>89</gpxtpx:cad>
     </gpxtpx:TrackPointExtension>
    </extensions>
   </trkpt>
   <trkpt lat="38.5752660" lon="-121.4820370">
    <ele>6.6</ele>
    <time>2025-11-21T15:09:12Z</time>
    <extensions>
     <power>218</power>
     <gpxtpx:TrackPointExtension>
      <gpxtpx:atemp>24</gpxtpx:atemp>
      <gpxtpx:hr>128</gpxtpx:hr>
      <gpxtpx:cad>89</gpxtpx:cad>
     </gpxtpx:TrackPointExtension>
    </extensions>
   </trkpt>
   <trkpt lat="38.5752850" lon="-121.4820350">
    <ele>6.6</ele>
    <time>2025-11-21T15:09:13Z</time>
    <extensions>
     <power>218</power>
     <gpxtpx:TrackPointExtension>
      <gpxtpx:atemp>24</gpxtpx:atemp>
      <gpxtpx:hr>129</gpxtpx:hr>
      <gpxtpx:cad>89</gpxtpx:cad>
     </gpxtpx:TrackPointExtension>
    </extensions>
   </trkpt>
   <trkpt lat="38.5753030" lon="-121.4820250">
    <ele>6.6</ele>
    <time>2025-11-21T15:09:14Z</time>
    <extensions>
     <power>218</power>
     <gpxtpx:TrackPointExtension>
      <gpxtpx:atemp>24</gpxtpx:atemp>
      <gpxtpx:hr>129</gpxtpx:hr>
      <gpxtpx:cad>89</gpxtpx:cad>
     </gpxtpx:TrackPointExtension>
    </extensions>
   </trkpt>
   <trkpt lat="38.5753200" lon="-121.4820200">
    <ele>6.6</ele>
    <time>2025-11-21T15:09:15Z</time>
    <extensions>
     <power>218</power>
     <gpxtpx:TrackPointExtension>
      <gpxtpx:atemp>24</gpxtpx:atemp>
      <gpxtpx:hr>129</gpxtpx:hr>
      <gpxtpx:cad>89</gpxtpx:cad>
     </gpxtpx:TrackPointExtension>
    </extensions>
   </trkpt>
   <trkpt lat="38.5753400" lon="-121.4820090">
    <ele>6.6</ele>
    <time>2025-11-21T15:09:16Z</time>
    <extensions>
     <power>218</power>
     <gpxtpx:TrackPointExtension>
      <gpxtpx:atemp>24</gpxtpx:atemp>
      <gpxtpx:hr>129</gpxtpx:hr>
      <gpxtpx:cad>89</gpxtpx:cad>
     </gpxtpx:TrackPointExtension>
    </extensions>
   </trkpt>
   <trkpt lat="38.5753590" lon="-121.4820040">
    <ele>6.6</ele>
    <time>2025-11-21T15:09:17Z</time>
    <extensions>
     <power>219</power>
     <gpxtpx:TrackPointExtension>
      <gpxtpx:atemp>24</gpxtpx:atemp>
      <gpxtpx:hr>130</gpxtpx:hr>
      <gpxtpx:cad>89</gpxtpx:cad>
     </gpxtpx:TrackPointExtension>
    </extensions>
   </trkpt>
   <trkpt lat="38.5753850" lon="-121.4819870">
    <ele>6.8</ele>
    <time>2025-11-21T15:09:18Z</time>
    <extensions>
     <power>217</power>
     <gpxtpx:TrackPointExtension>
      <gpxtpx:atemp>24</gpxtpx:atemp>
      <gpxtpx:hr>130</gpxtpx:hr>
      <gpxtpx:cad>88</gpxtpx:cad>
     </gpxtpx:TrackPointExtension>
    </extensions>
   </trkpt>
   <trkpt lat="38.5754050" lon="-121.4819810">
    <ele>6.8</ele>
    <time>2025-11-21T15:09:19Z</time>
    <extensions>
     <power>219</power>
     <gpxtpx:TrackPointExtension>
      <gpxtpx:atemp>24</gpxtpx:atemp>
      <gpxtpx:hr>130</gpxtpx:hr>
      <gpxtpx:cad>88</gpxtpx:cad>
     </gpxtpx:TrackPointExtension>
    </extensions>
   </trkpt>
   <trkpt lat="38.5754260" lon="-121.4819650">
    <ele>6.8</ele>
    <time>2025-11-21T15:09:20Z</time>
    <extensions>
     <power>218</power>
     <gpxtpx:TrackPointExtension>
      <gpxtpx:atemp>23</gpxtpx:atemp>
      <gpxtpx:hr>130</gpxtpx:hr>
      <gpxtpx:cad>88</gpxtpx:cad>
     </gpxtpx:TrackPointExtension>
    </extensions>
   </trkpt>
   <trkpt lat="38.5754440" lon="-121.4819550">
    <ele>6.8</ele>
    <time>2025-11-21T15:09:21Z</time>
    <extensions>
     <power>218</power>
     <gpxtpx:TrackPointExtension>
      <gpxtpx:atemp>24</gpxtpx:atemp>
      <gpxtpx:hr>131</gpxtpx:hr>
      <gpxtpx:cad>89</gpxtpx:cad>
     </gpxtpx:TrackPointExtension>
    </extensions>
   </trkpt>
   <trkpt lat="38.5754630" lon="-121.4819420">
    <ele>6.8</ele>
    <time>2025-11-21T15:09:22Z</time>
    <extensions>
     <power>217</power>
     <gpxtpx:TrackPointExtension>
      <gpxtpx:atemp>24</gpxtpx:atemp>
      <gpxtpx:hr>131</gpxtpx:hr>
      <gpxtpx:cad>89</gpxtpx:cad>
     </gpxtpx:TrackPointExtension>
    </extensions>
   </trkpt>
   <trkpt lat="38.5754870" lon="-121.4819340">
    <ele>6.8</ele>
    <time>2025-11-21T15:09:23Z</time>
    <extensions>
     <power>217</power>
     <gpxtpx:TrackPointExtension>
      <gpxtpx:atemp>23</gpxtpx:atemp>
      <gpxtpx:hr>131</gpxtpx:hr>
      <gpxtpx:cad>90</gpxtpx:cad>
     </gpxtpx:TrackPointExtension>
    </extensions>
   </trkpt>
   <trkpt lat="38.5755130" lon="-121.4819230">
    <ele>6.8</ele>
    <time>2025-11-21T15:09:24Z</time>
    <extensions>
     <power>216</power>
     <gpxtpx:TrackPointExtension>
      <gpxtpx:atemp>24</gpxtpx:atemp>
      <gpxtpx:hr>131</gpxtpx:hr>
      <gpxtpx:cad>90</gpxtpx:cad>
     </gpxtpx:TrackPointExtension>
    </extensions>
   </trkpt>
   <trkpt lat="38.5755280" lon="-121.4819140">
    <ele>6.8</ele>
    <time>2025-11-21T15:09:25Z</time>
    <extensions>
     <power>217</power>
     <gpxtpx:TrackPointExtension>
      <gpxtpx:atemp>23</gpxtpx:atemp>
      <gpxtpx:hr>131</gpxtpx:hr>
      <gpxtpx:cad>89</gpxtpx:cad>
     </gpxtpx:TrackPointExtension>
    </extensions>
   </trkpt>
   <trkpt lat="38.5755500" lon="-121.4819010">
    <ele>6.8</ele>
    <time>2025-11-21T15:09:26Z</time>
    <extensions>
     <power>219</power>
     <gpxtpx:TrackPointExtension>
      <gpxtpx:atemp>23</gpxtpx:atemp>
      <gpxtpx:hr>131</gpxtpx:hr>
      <gpxtpx:cad>89</gpxtpx:cad>
     </gpxtpx:TrackPointExtension>
    </extensions>
   </trkpt>
   <trkpt lat="38.5755670" lon="-121.4818930">
    <ele>6.8</ele>
    <time>2025-11-21T15:09:27Z</time>
    <extensions>
     <power>218</power>
     <gpxtpx:TrackPointExtension>
      <gpxtpx:atemp>23</gpxtpx:atemp>
      <gpxtpx:hr>131</gpxtpx:hr>
      <gpxtpx:cad>88</gpxtpx:cad>
     </gpxtpx:TrackPointExtension>
    </extensions>
   </trkpt>
   <trkpt lat="38.5755850" lon="-121.4818840">
    <ele>7.0</ele>
    <time>2025-11-21T15:09:28Z</time>
    <extensions>
     <power>219</power>
     <gpxtpx:TrackPointExtension>
      <gpxtpx:atemp>23</gpxtpx:atemp>
      <gpxtpx:hr>131</gpxtpx:hr>
      <gpxtpx:cad>88</gpxtpx:cad>
     </gpxtpx:TrackPointExtension>
    </extensions>
   </trkpt>
   <trkpt lat="38.5756000" lon="-121.4818790">
    <ele>6.8</ele>
    <time>2025-11-21T15:09:29Z</time>
    <extensions>
     <power>218</power>
     <gpxtpx:TrackPointExtension>
      <gpxtpx:atemp>23</gpxtpx:atemp>
      <gpxtpx:hr>132</gpxtpx:hr>
      <gpxtpx:cad>88</gpxtpx:cad>
     </gpxtpx:TrackPointExtension>
    </extensions>
   </trkpt>
   <trkpt lat="38.5756210" lon="-121.4818690">
    <ele>6.8</ele>
    <time>2025-11-21T15:09:30Z</time>
    <extensions>
     <power>217</power>
     <gpxtpx:TrackPointExtension>
      <gpxtpx:atemp>23</gpxtpx:atemp>
      <gpxtpx:hr>132</gpxtpx:hr>
      <gpxtpx:cad>87</gpxtpx:cad>
     </gpxtpx:TrackPointExtension>
    </extensions>
   </trkpt>
   <trkpt lat="38.5756390" lon="-121.4818610">
    <ele>6.8</ele>
    <time>2025-11-21T15:09:31Z</time>
    <extensions>
     <power>217</power>
     <gpxtpx:TrackPointExtension>
      <gpxtpx:atemp>23</gpxtpx:atemp>
      <gpxtpx:hr>132</gpxtpx:hr>
      <gpxtpx:cad>88</gpxtpx:cad>
     </gpxtpx:TrackPointExtension>
    </extensions>
   </trkpt>
   <trkpt lat="38.5756640" lon="-121.4818510">
    <ele>7.0</ele>
    <time>2025-11-21T15:09:32Z</time>
    <extensions>
     <power>216</power>
     <gpxtpx:TrackPointExtension>
      <gpxtpx:atemp>23</gpxtpx:atemp>
      <gpxtpx:hr>131</gpxtpx:hr>
      <gpxtpx:cad>88</gpxtpx:cad>
     </gpxtpx:TrackPointExtension>
    </extensions>
   </trkpt>
   <trkpt lat="38.5756810" lon="-121.4818400">
    <ele>7.0</ele>
    <time>2025-11-21T15:09:33Z</time>
    <extensions>
     <power>215</power>
     <gpxtpx:TrackPointExtension>
      <gpxtpx:atemp>23</gpxtpx:atemp>
      <gpxtpx:hr>131</gpxtpx:hr>
      <gpxtpx:cad>89</gpxtpx:cad>
     </gpxtpx:TrackPointExtension>
    </extensions>
   </trkpt>
   <trkpt lat="38.5757020" lon="-121.4818330">
    <ele>7.0</ele>
    <time>2025-11-21T15:09:34Z</time>
    <extensions>
     <power>214</power>
     <gpxtpx:TrackPointExtension>
      <gpxtpx:atemp>23</gpxtpx:atemp>
      <gpxtpx:hr>131</gpxtpx:hr>
      <gpxtpx:cad>89</gpxtpx:cad>
     </gpxtpx:TrackPointExtension>
    </extensions>
   </trkpt>
   <trkpt lat="38.5757190" lon="-121.4818210">
    <ele>7.0</ele>
    <time>2025-11-21T15:09:35Z</time>
    <extensions>
     <power>215</power>
     <gpxtpx:TrackPointExtension>
      <gpxtpx:atemp>23</gpxtpx:atemp>
      <gpxtpx:hr>131</gpxtpx:hr>
      <gpxtpx:cad>89</gpxtpx:cad>
     </gpxtpx:TrackPointExtension>
    </extensions>
   </trkpt>
   <trkpt lat="38.5757370" lon="-121.4818120">
    <ele>7.2</ele>
    <time>2025-11-21T15:09:36Z</time>
    <extensions>
     <power>216</power>
     <gpxtpx:TrackPointExtension>
      <gpxtpx:atemp>23</gpxtpx:atemp>
      <gpxtpx:hr>132</gpxtpx:hr>
      <gpxtpx:cad>89</gpxtpx:cad>
     </gpxtpx:TrackPointExtension>
    </extensions>
   </trkpt>
   <trkpt lat="38.5757590" lon="-121.4817930">
    <ele>7.2</ele>
    <time>2025-11-21T15:09:37Z</time>
    <extensions>
     <power>216</power>
     <gpxtpx:TrackPointExtension>
      <gpxtpx:atemp>23</gpxtpx:atemp>
      <gpxtpx:hr>131</gpxtpx:hr>
      <gpxtpx:cad>88</gpxtpx:cad>
     </gpxtpx:TrackPointExtension>
    </extensions>
   </trkpt>
   <trkpt lat="38.5757720" lon="-121.4817850">
    <ele>7.2</ele>
    <time>2025-11-21T15:09:38Z</time>
    <extensions>
     <power>219</power>
     <gpxtpx:TrackPointExtension>
      <gpxtpx:atemp>23</gpxtpx:atemp>
      <gpxtpx:hr>131</gpxtpx:hr>
      <gpxtpx:cad>87</gpxtpx:cad>
     </gpxtpx:TrackPointExtension>
    </extensions>
   </trkpt>
   <trkpt lat="38.5757970" lon="-121.4817740">
    <ele>7.2</ele>
    <time>2025-11-21T15:09:39Z</time>
    <extensions>
     <power>217</power>
     <gpxtpx:TrackPointExtension>
      <gpxtpx:atemp>23</gpxtpx:atemp>
      <gpxtpx:hr>131</gpxtpx:hr>
      <gpxtpx:cad>87</gpxtpx:cad>
     </gpxtpx:TrackPointExtension>
    </extensions>
   </trkpt>
   <trkpt lat="38.5758180" lon="-121.4817680">
    <ele>7.2</ele>
    <time>2025-11-21T15:09:40Z</time>
    <extensions>
     <power>218</power>
     <gpxtpx:TrackPointExtension>
      <gpxtpx:atemp>23</gpxtpx:atemp>
      <gpxtpx:hr>131</gpxtpx:hr>
      <gpxtpx:cad>86</gpxtpx:cad>
     </gpxtpx:TrackPointExtension>
    </extensions>
   </trkpt>
   <trkpt lat="38.5758400" lon="-121.4817550">
    <ele>7.2</ele>
    <time>2025-11-21T15:09:41Z</time>
    <extensions>
     <power>218</power>
     <gpxtpx:TrackPointExtension>
      <gpxtpx:atemp>23</gpxtpx:atemp>
      <gpxtpx:hr>131</gpxtpx:hr>
      <gpxtpx:cad>86</gpxtpx:cad>
     </gpxtpx:TrackPointExtension>
    </extensions>
   </trkpt>
   <trkpt lat="38.5758620" lon="-121.4817470">
    <ele>7.4</ele>
    <time>2025-11-21T15:09:42Z</time>
    <extensions>
     <power>219</power>
     <gpxtpx:TrackPointExtension>
      <gpxtpx:atemp>23</gpxtpx:atemp>
      <gpxtpx:hr>131</gpxtpx:hr>
      <gpxtpx:cad>86</gpxtpx:cad>
     </gpxtpx:TrackPointExtension>
    </extensions>
   </trkpt>
   <trkpt lat="38.5758830" lon="-121.4817340">
    <ele>7.6</ele>
    <time>2025-11-21T15:09:43Z</time>
    <extensions>
     <power>222</power>
     <gpxtpx:TrackPointExtension>
      <gpxtpx:atemp>23</gpxtpx:atemp>
      <gpxtpx:hr>131</gpxtpx:hr>
      <gpxtpx:cad>87</gpxtpx:cad>
     </gpxtpx:TrackPointExtension>
    </extensions>
   </trkpt>
   <trkpt lat="38.5759050" lon="-121.4817210">
    <ele>7.8</ele>
    <time>2025-11-21T15:09:44Z</time>
    <extensions>
     <power>223</power>
     <gpxtpx:TrackPointExtension>
      <gpxtpx:atemp>23</gpxtpx:atemp>
      <gpxtpx:hr>131</gpxtpx:hr>
      <gpxtpx:cad>87</gpxtpx:cad>
     </gpxtpx:TrackPointExtension>
    </extensions>
   </trkpt>
   <trkpt lat="38.5759250" lon="-121.4817110">
    <ele>7.8</ele>
    <time>2025-11-21T15:09:45Z</time>
    <extensions>
     <power>227</power>
     <gpxtpx:TrackPointExtension>
      <gpxtpx:atemp>23</gpxtpx:atemp>
      <gpxtpx:hr>131</gpxtpx:hr>
      <gpxtpx:cad>88</gpxtpx:cad>
     </gpxtpx:TrackPointExtension>
    </extensions>
   </trkpt>
   <trkpt lat="38.5759470" lon="-121.4816980">
    <ele>7.8</ele>
    <time>2025-11-21T15:09:46Z</time>
    <extensions>
     <power>227</power>
     <gpxtpx:TrackPointExtension>
      <gpxtpx:atemp>23</gpxtpx:atemp>
      <gpxtpx:hr>131</gpxtpx:hr>
      <gpxtpx:cad>88</gpxtpx:cad>
     </gpxtpx:TrackPointExtension>
    </extensions>
   </trkpt>
   <trkpt lat="38.5759650" lon="-121.4816900">
    <ele>8.0</ele>
    <time>2025-11-21T15:09:47Z</time>
    <extensions>
     <power>228</power>
     <gpxtpx:TrackPointExtension>
      <gpxtpx:atemp>23</gpxtpx:atemp>
      <gpxtpx:hr>131</gpxtpx:hr>
      <gpxtpx:cad>88</gpxtpx:cad>
     </gpxtpx:TrackPointExtension>
    </extensions>
   </trkpt>
   <trkpt lat="38.5759880" lon="-121.4816800">
    <ele>7.8</ele>
    <time>2025-11-21T15:09:48Z</time>
    <extensions>
     <power>229</power>
     <gpxtpx:TrackPointExtension>
      <gpxtpx:atemp>23</gpxtpx:atemp>
      <gpxtpx:hr>132</gpxtpx:hr>
      <gpxtpx:cad>88</gpxtpx:cad>
     </gpxtpx:TrackPointExtension>
    </extensions>
   </trkpt>
   <trkpt lat="38.5760060" lon="-121.4816800">
    <ele>7.8</ele>
    <time>2025-11-21T15:09:49Z</time>
    <extensions>
     <power>229</power>
     <gpxtpx:TrackPointExtension>
      <gpxtpx:atemp>23</gpxtpx:atemp>
      <gpxtpx:hr>132</gpxtpx:hr>
      <gpxtpx:cad>88</gpxtpx:cad>
     </gpxtpx:TrackPointExtension>
    </extensions>
   </trkpt>
   <trkpt lat="38.5760320" lon="-121.4816710">
    <ele>7.6</ele>
    <time>2025-11-21T15:09:50Z</time>
    <extensions>
     <power>229</power>
     <gpxtpx:TrackPointExtension>
      <gpxtpx:atemp>23</gpxtpx:atemp>
      <gpxtpx:hr>132</gpxtpx:hr>
      <gpxtpx:cad>88</gpxtpx:cad>
     </gpxtpx:TrackPointExtension>
    </extensions>
   </trkpt>
   <trkpt lat="38.5760480" lon="-121.4816680">
    <ele>7.6</ele>
    <time>2025-11-21T15:09:51Z</time>
    <extensions>
     <power>228</power>
     <gpxtpx:TrackPointExtension>
      <gpxtpx:atemp>23</gpxtpx:atemp>
      <gpxtpx:hr>132</gpxtpx:hr>
      <gpxtpx:cad>88</gpxtpx:cad>
     </gpxtpx:TrackPointExtension>
    </extensions>
   </trkpt>
   <trkpt lat="38.5760710" lon="-121.4816620">
    <ele>7.6</ele>
    <time>2025-11-21T15:09:52Z</time>
    <extensions>
     <power>227</power>
     <gpxtpx:TrackPointExtension>
      <gpxtpx:atemp>23</gpxtpx:atemp>
      <gpxtpx:hr>132</gpxtpx:hr>
      <gpxtpx:cad>88</gpxtpx:cad>
     </gpxtpx:TrackPointExtension>
    </extensions>
   </trkpt>
   <trkpt lat="38.5760920" lon="-121.4816630">
    <ele>7.6</ele>
    <time>2025-11-21T15:09:53Z</time>
    <extensions>
     <power>227</power>
     <gpxtpx:TrackPointExtension>
      <gpxtpx:atemp>23</gpxtpx:atemp>
      <gpxtpx:hr>132</gpxtpx:hr>
      <gpxtpx:cad>88</gpxtpx:cad>
     </gpxtpx:TrackPointExtension>
    </extensions>
   </trkpt>
   <trkpt lat="38.5761120" lon="-121.4816530">
    <ele>7.6</ele>
    <time>2025-11-21T15:09:54Z</time>
    <extensions>
     <power>227</power>
     <gpxtpx:TrackPointExtension>
      <gpxtpx:atemp>23</gpxtpx:atemp>
      <gpxtpx:hr>132</gpxtpx:hr>
      <gpxtpx:cad>88</gpxtpx:cad>
     </gpxtpx:TrackPointExtension>
    </extensions>
   </trkpt>
   <trkpt lat="38.5761280" lon="-121.4816450">
    <ele>7.6</ele>
    <time>2025-11-21T15:09:55Z</time>
    <extensions>
     <power>228</power>
     <gpxtpx:TrackPointExtension>
      <gpxtpx:atemp>23</gpxtpx:atemp>
      <gpxtpx:hr>133</gpxtpx:hr>
      <gpxtpx:cad>88</gpxtpx:cad>
     </gpxtpx:TrackPointExtension>
    </extensions>
   </trkpt>
   <trkpt lat="38.5761480" lon="-121.4816360">
    <ele>7.6</ele>
    <time>2025-11-21T15:09:56Z</time>
    <extensions>
     <power>227</power>
     <gpxtpx:TrackPointExtension>
      <gpxtpx:atemp>23</gpxtpx:atemp>
      <gpxtpx:hr>133</gpxtpx:hr>
      <gpxtpx:cad>89</gpxtpx:cad>
     </gpxtpx:TrackPointExtension>
    </extensions>
   </trkpt>
   <trkpt lat="38.5761660" lon="-121.4816300">
    <ele>7.8</ele>
    <time>2025-11-21T15:09:57Z</time>
    <extensions>
     <power>225</power>
     <gpxtpx:TrackPointExtension>
      <gpxtpx:atemp>23</gpxtpx:atemp>
      <gpxtpx:hr>133</gpxtpx:hr>
      <gpxtpx:cad>89</gpxtpx:cad>
     </gpxtpx:TrackPointExtension>
    </extensions>
   </trkpt>
   <trkpt lat="38.5761860" lon="-121.4816160">
    <ele>7.8</ele>
    <time>2025-11-21T15:09:58Z</time>
    <extensions>
     <power>223</power>
     <gpxtpx:TrackPointExtension>
      <gpxtpx:atemp>23</gpxtpx:atemp>
      <gpxtpx:hr>133</gpxtpx:hr>
      <gpxtpx:cad>89</gpxtpx:cad>
     </gpxtpx:TrackPointExtension>
    </extensions>
   </trkpt>
   <trkpt lat="38.5762060" lon="-121.4816070">
    <ele>7.8</ele>
    <time>2025-11-21T15:09:59Z</time>
    <extensions>
     <power>222</power>
     <gpxtpx:TrackPointExtension>
      <gpxtpx:atemp>23</gpxtpx:atemp>
      <gpxtpx:hr>133</gpxtpx:hr>
      <gpxtpx:cad>89</gpxtpx:cad>
     </gpxtpx:TrackPointExtension>
    </extensions>
   </trkpt>
   <trkpt lat="38.5762260" lon="-121.4815930">
    <ele>7.8</ele>
    <time>2025-11-21T15:10:00Z</time>
    <extensions>
     <power>223</power>
     <gpxtpx:TrackPointExtension>
      <gpxtpx:atemp>23</gpxtpx:atemp>
      <gpxtpx:hr>132</gpxtpx:hr>
      <gpxtpx:cad>89</gpxtpx:cad>
     </gpxtpx:TrackPointExtension>
    </extensions>
   </trkpt>
   <trkpt lat="38.5762470" lon="-121.4815810">
    <ele>7.8</ele>
    <time>2025-11-21T15:10:01Z</time>
    <extensions>
     <power>223</power>
     <gpxtpx:TrackPointExtension>
      <gpxtpx:atemp>23</gpxtpx:atemp>
      <gpxtpx:hr>133</gpxtpx:hr>
      <gpxtpx:cad>89</gpxtpx:cad>
     </gpxtpx:TrackPointExtension>
    </extensions>
   </trkpt>
   <trkpt lat="38.5762710" lon="-121.4815720">
    <ele>7.8</ele>
    <time>2025-11-21T15:10:02Z</time>
    <extensions>
     <power>223</power>
     <gpxtpx:TrackPointExtension>
      <gpxtpx:atemp>22</gpxtpx:atemp>
      <gpxtpx:hr>133</gpxtpx:hr>
      <gpxtpx:cad>89</gpxtpx:cad>
     </gpxtpx:TrackPointExtension>
    </extensions>
   </trkpt>
   <trkpt lat="38.5762910" lon="-121.4815710">
    <ele>7.8</ele>
    <time>2025-11-21T15:10:03Z</time>
    <extensions>
     <power>223</power>
     <gpxtpx:TrackPointExtension>
      <gpxtpx:atemp>22</gpxtpx:atemp>
      <gpxtpx:hr>133</gpxtpx:hr>
      <gpxtpx:cad>89</gpxtpx:cad>
     </gpxtpx:TrackPointExtension>
    </extensions>
   </trkpt>
   <trkpt lat="38.5763160" lon="-121.4815650">
    <ele>8.0</ele>
    <time>2025-11-21T15:10:04Z</time>
    <extensions>
     <power>223</power>
     <gpxtpx:TrackPointExtension>
      <gpxtpx:atemp>23</gpxtpx:atemp>
      <gpxtpx:hr>133</gpxtpx:hr>
      <gpxtpx:cad>89</gpxtpx:cad>
     </gpxtpx:TrackPointExtension>
    </extensions>
   </trkpt>
   <trkpt lat="38.5763340" lon="-121.4815590">
    <ele>8.0</ele>
    <time>2025-11-21T15:10:05Z</time>
    <extensions>
     <power>223</power>
     <gpxtpx:TrackPointExtension>
      <gpxtpx:atemp>22</gpxtpx:atemp>
      <gpxtpx:hr>132</gpxtpx:hr>
      <gpxtpx:cad>89</gpxtpx:cad>
     </gpxtpx:TrackPointExtension>
    </extensions>
   </trkpt>
   <trkpt lat="38.5763590" lon="-121.4815410">
    <ele>8.0</ele>
    <time>2025-11-21T15:10:06Z</time>
    <extensions>
     <power>222</power>
     <gpxtpx:TrackPointExtension>
      <gpxtpx:atemp>22</gpxtpx:atemp>
      <gpxtpx:hr>133</gpxtpx:hr>
      <gpxtpx:cad>89</gpxtpx:cad>
     </gpxtpx:TrackPointExtension>
    </extensions>
   </trkpt>
   <trkpt lat="38.5763820" lon="-121.4815310">
    <ele>8.0</ele>
    <time>2025-11-21T15:10:07Z</time>
    <extensions>
     <power>222</power>
     <gpxtpx:TrackPointExtension>
      <gpxtpx:atemp>22</gpxtpx:atemp>
      <gpxtpx:hr>133</gpxtpx:hr>
      <gpxtpx:cad>89</gpxtpx:cad>
     </gpxtpx:TrackPointExtension>
    </extensions>
   </trkpt>
   <trkpt lat="38.5764060" lon="-121.4815200">
    <ele>8.0</ele>
    <time>2025-11-21T15:10:08Z</time>
    <extensions>
     <power>221</power>
     <gpxtpx:TrackPointExtension>
      <gpxtpx:atemp>22</gpxtpx:atemp>
      <gpxtpx:hr>133</gpxtpx:hr>
      <gpxtpx:cad>89</gpxtpx:cad>
     </gpxtpx:TrackPointExtension>
    </extensions>
   </trkpt>
   <trkpt lat="38.5764250" lon="-121.4815190">
    <ele>8.0</ele>
    <time>2025-11-21T15:10:09Z</time>
    <extensions>
     <power>223</power>
     <gpxtpx:TrackPointExtension>
      <gpxtpx:atemp>22</gpxtpx:atemp>
      <gpxtpx:hr>133</gpxtpx:hr>
      <gpxtpx:cad>88</gpxtpx:cad>
     </gpxtpx:TrackPointExtension>
    </extensions>
   </trkpt>
   <trkpt lat="38.5764490" lon="-121.4815020">
    <ele>8.0</ele>
    <time>2025-11-21T15:10:10Z</time>
    <extensions>
     <power>222</power>
     <gpxtpx:TrackPointExtension>
      <gpxtpx:atemp>22</gpxtpx:atemp>
      <gpxtpx:hr>133</gpxtpx:hr>
      <gpxtpx:cad>88</gpxtpx:cad>
     </gpxtpx:TrackPointExtension>
    </extensions>
   </trkpt>
   <trkpt lat="38.5764700" lon="-121.4814960">
    <ele>8.0</ele>
    <time>2025-11-21T15:10:11Z</time>
    <extensions>
     <power>220</power>
     <gpxtpx:TrackPointExtension>
      <gpxtpx:atemp>22</gpxtpx:atemp>
      <gpxtpx:hr>134</gpxtpx:hr>
      <gpxtpx:cad>88</gpxtpx:cad>
     </gpxtpx:TrackPointExtension>
    </extensions>
   </trkpt>
   <trkpt lat="38.5764980" lon="-121.4814840">
    <ele>8.0</ele>
    <time>2025-11-21T15:10:12Z</time>
    <extensions>
     <power>219</power>
     <gpxtpx:TrackPointExtension>
      <gpxtpx:atemp>22</gpxtpx:atemp>
      <gpxtpx:hr>133</gpxtpx:hr>
      <gpxtpx:cad>89</gpxtpx:cad>
     </gpxtpx:TrackPointExtension>
    </extensions>
   </trkpt>
   <trkpt lat="38.5765140" lon="-121.4814790">
    <ele>8.0</ele>
    <time>2025-11-21T15:10:13Z</time>
    <extensions>
     <power>219</power>
     <gpxtpx:TrackPointExtension>
      <gpxtpx:atemp>22</gpxtpx:atemp>
      <gpxtpx:hr>133</gpxtpx:hr>
      <gpxtpx:cad>89</gpxtpx:cad>
     </gpxtpx:TrackPointExtension>
    </extensions>
   </trkpt>
   <trkpt lat="38.5765340" lon="-121.4814670">
    <ele>8.0</ele>
    <time>2025-11-21T15:10:14Z</time>
    <extensions>
     <power>220</power>
     <gpxtpx:TrackPointExtension>
      <gpxtpx:atemp>22</gpxtpx:atemp>
      <gpxtpx:hr>134</gpxtpx:hr>
      <gpxtpx:cad>89</gpxtpx:cad>
     </gpxtpx:TrackPointExtension>
    </extensions>
   </trkpt>
   <trkpt lat="38.5765510" lon="-121.4814590">
    <ele>8.0</ele>
    <time>2025-11-21T15:10:15Z</time>
    <extensions>
     <power>221</power>
     <gpxtpx:TrackPointExtension>
      <gpxtpx:atemp>22</gpxtpx:atemp>
      <gpxtpx:hr>134</gpxtpx:hr>
      <gpxtpx:cad>89</gpxtpx:cad>
     </gpxtpx:TrackPointExtension>
    </extensions>
   </trkpt>
   <trkpt lat="38.5765700" lon="-121.4814460">
    <ele>8.2</ele>
    <time>2025-11-21T15:10:16Z</time>
    <extensions>
     <power>220</power>
     <gpxtpx:TrackPointExtension>
      <gpxtpx:atemp>22</gpxtpx:atemp>
      <gpxtpx:hr>133</gpxtpx:hr>
      <gpxtpx:cad>88</gpxtpx:cad>
     </gpxtpx:TrackPointExtension>
    </extensions>
   </trkpt>
   <trkpt lat="38.5765880" lon="-121.4814400">
    <ele>8.2</ele>
    <time>2025-11-21T15:10:17Z</time>
    <extensions>
     <power>218</power>
     <gpxtpx:TrackPointExtension>
      <gpxtpx:atemp>22</gpxtpx:atemp>
      <gpxtpx:hr>133</gpxtpx:hr>
      <gpxtpx:cad>88</gpxtpx:cad>
     </gpxtpx:TrackPointExtension>
    </extensions>
   </trkpt>
   <trkpt lat="38.5766120" lon="-121.4814260">
    <ele>8.2</ele>
    <time>2025-11-21T15:10:18Z</time>
    <extensions>
     <power>218</power>
     <gpxtpx:TrackPointExtension>
      <gpxtpx:atemp>22</gpxtpx:atemp>
      <gpxtpx:hr>133</gpxtpx:hr>
      <gpxtpx:cad>89</gpxtpx:cad>
     </gpxtpx:TrackPointExtension>
    </extensions>
   </trkpt>
   <trkpt lat="38.5766300" lon="-121.4814210">
    <ele>8.2</ele>
    <time>2025-11-21T15:10:19Z</time>
    <extensions>
     <power>216</power>
     <gpxtpx:TrackPointExtension>
      <gpxtpx:atemp>22</gpxtpx:atemp>
      <gpxtpx:hr>134</gpxtpx:hr>
      <gpxtpx:cad>90</gpxtpx:cad>
     </gpxtpx:TrackPointExtension>
    </extensions>
   </trkpt>
   <trkpt lat="38.5766510" lon="-121.4814100">
    <ele>8.2</ele>
    <time>2025-11-21T15:10:20Z</time>
    <extensions>
     <power>215</power>
     <gpxtpx:TrackPointExtension>
      <gpxtpx:atemp>22</gpxtpx:atemp>
      <gpxtpx:hr>134</gpxtpx:hr>
      <gpxtpx:cad>90</gpxtpx:cad>
     </gpxtpx:TrackPointExtension>
    </extensions>
   </trkpt>
   <trkpt lat="38.5766690" lon="-121.4814070">
    <ele>8.2</ele>
    <time>2025-11-21T15:10:21Z</time>
    <extensions>
     <power>216</power>
     <gpxtpx:TrackPointExtension>
      <gpxtpx:atemp>22</gpxtpx:atemp>
      <gpxtpx:hr>134</gpxtpx:hr>
      <gpxtpx:cad>91</gpxtpx:cad>
     </gpxtpx:TrackPointExtension>
    </extensions>
   </trkpt>
   <trkpt lat="38.5766930" lon="-121.4813950">
    <ele>8.2</ele>
    <time>2025-11-21T15:10:22Z</time>
    <extensions>
     <power>215</power>
     <gpxtpx:TrackPointExtension>
      <gpxtpx:atemp>22</gpxtpx:atemp>
      <gpxtpx:hr>134</gpxtpx:hr>
      <gpxtpx:cad>91</gpxtpx:cad>
     </gpxtpx:TrackPointExtension>
    </extensions>
   </trkpt>
   <trkpt lat="38.5767090" lon="-121.4813900">
    <ele>8.2</ele>
    <time>2025-11-21T15:10:23Z</time>
    <extensions>
     <power>215</power>
     <gpxtpx:TrackPointExtension>
      <gpxtpx:atemp>22</gpxtpx:atemp>
      <gpxtpx:hr>134</gpxtpx:hr>
      <gpxtpx:cad>91</gpxtpx:cad>
     </gpxtpx:TrackPointExtension>
    </extensions>
   </trkpt>
   <trkpt lat="38.5767310" lon="-121.4813770">
    <ele>8.2</ele>
    <time>2025-11-21T15:10:24Z</time>
    <extensions>
     <power>215</power>
     <gpxtpx:TrackPointExtension>
      <gpxtpx:atemp>22</gpxtpx:atemp>
      <gpxtpx:hr>134</gpxtpx:hr>
      <gpxtpx:cad>91</gpxtpx:cad>
     </gpxtpx:TrackPointExtension>
    </extensions>
   </trkpt>
   <trkpt lat="38.5767510" lon="-121.4813740">
    <ele>8.2</ele>
    <time>2025-11-21T15:10:25Z</time>
    <extensions>
     <power>214</power>
     <gpxtpx:TrackPointExtension>
      <gpxtpx:atemp>22</gpxtpx:atemp>
      <gpxtpx:hr>134</gpxtpx:hr>
      <gpxtpx:cad>91</gpxtpx:cad>
     </gpxtpx:TrackPointExtension>
    </extensions>
   </trkpt>
   <trkpt lat="38.5767760" lon="-121.4813610">
    <ele>8.2</ele>
    <time>2025-11-21T15:10:26Z</time>
    <extensions>
     <power>214</power>
     <gpxtpx:TrackPointExtension>
      <gpxtpx:atemp>22</gpxtpx:atemp>
      <gpxtpx:hr>134</gpxtpx:hr>
      <gpxtpx:cad>91</gpxtpx:cad>
     </gpxtpx:TrackPointExtension>
    </extensions>
   </trkpt>
   <trkpt lat="38.5767970" lon="-121.4813510">
    <ele>8.2</ele>
    <time>2025-11-21T15:10:27Z</time>
    <extensions>
     <power>213</power>
     <gpxtpx:TrackPointExtension>
      <gpxtpx:atemp>22</gpxtpx:atemp>
      <gpxtpx:hr>134</gpxtpx:hr>
      <gpxtpx:cad>91</gpxtpx:cad>
     </gpxtpx:TrackPointExtension>
    </extensions>
   </trkpt>
   <trkpt lat="38.5768230" lon="-121.4813390">
    <ele>8.2</ele>
    <time>2025-11-21T15:10:28Z</time>
    <extensions>
     <power>212</power>
     <gpxtpx:TrackPointExtension>
      <gpxtpx:atemp>22</gpxtpx:atemp>
      <gpxtpx:hr>134</gpxtpx:hr>
      <gpxtpx:cad>90</gpxtpx:cad>
     </gpxtpx:TrackPointExtension>
    </extensions>
   </trkpt>
   <trkpt lat="38.5768370" lon="-121.4813290">
    <ele>8.2</ele>
    <time>2025-11-21T15:10:29Z</time>
    <extensions>
     <power>213</power>
     <gpxtpx:TrackPointExtension>
      <gpxtpx:atemp>22</gpxtpx:atemp>
      <gpxtpx:hr>135</gpxtpx:hr>
      <gpxtpx:cad>90</gpxtpx:cad>
     </gpxtpx:TrackPointExtension>
    </extensions>
   </trkpt>
   <trkpt lat="38.5768610" lon="-121.4813190">
    <ele>8.2</ele>
    <time>2025-11-21T15:10:30Z</time>
    <extensions>
     <power>213</power>
     <gpxtpx:TrackPointExtension>
      <gpxtpx:atemp>22</gpxtpx:atemp>
      <gpxtpx:hr>134</gpxtpx:hr>
      <gpxtpx:cad>89</gpxtpx:cad>
     </gpxtpx:TrackPointExtension>
    </extensions>
   </trkpt>
   <trkpt lat="38.5768790" lon="-121.4813130">
    <ele>8.2</ele>
    <time>2025-11-21T15:10:31Z</time>
    <extensions>
     <power>214</power>
     <gpxtpx:TrackPointExtension>
      <gpxtpx:atemp>22</gpxtpx:atemp>
      <gpxtpx:hr>135</gpxtpx:hr>
      <gpxtpx:cad>89</gpxtpx:cad>
     </gpxtpx:TrackPointExtension>
    </extensions>
   </trkpt>
   <trkpt lat="38.5769020" lon="-121.4812980">
    <ele>8.2</ele>
    <time>2025-11-21T15:10:32Z</time>
    <extensions>
     <power>214</power>
     <gpxtpx:TrackPointExtension>
      <gpxtpx:atemp>22</gpxtpx:atemp>
      <gpxtpx:hr>135</gpxtpx:hr>
      <gpxtpx:cad>89</gpxtpx:cad>
     </gpxtpx:TrackPointExtension>
    </extensions>
   </trkpt>
   <trkpt lat="38.5769200" lon="-121.4812900">
    <ele>8.2</ele>
    <time>2025-11-21T15:10:33Z</time>
    <extensions>
     <power>214</power>
     <gpxtpx:TrackPointExtension>
      <gpxtpx:atemp>22</gpxtpx:atemp>
      <gpxtpx:hr>135</gpxtpx:hr>
      <gpxtpx:cad>89</gpxtpx:cad>
     </gpxtpx:TrackPointExtension>
    </extensions>
   </trkpt>
   <trkpt lat="38.5769420" lon="-121.4812790">
    <ele>8.2</ele>
    <time>2025-11-21T15:10:34Z</time>
    <extensions>
     <power>213</power>
     <gpxtpx:TrackPointExtension>
      <gpxtpx:atemp>22</gpxtpx:atemp>
      <gpxtpx:hr>134</gpxtpx:hr>
      <gpxtpx:cad>89</gpxtpx:cad>
     </gpxtpx:TrackPointExtension>
    </extensions>
   </trkpt>
   <trkpt lat="38.5769620" lon="-121.4812710">
    <ele>8.4</ele>
    <time>2025-11-21T15:10:35Z</time>
    <extensions>
     <power>214</power>
     <gpxtpx:TrackPointExtension>
      <gpxtpx:atemp>22</gpxtpx:atemp>
      <gpxtpx:hr>135</gpxtpx:hr>
      <gpxtpx:cad>88</gpxtpx:cad>
     </gpxtpx:TrackPointExtension>
    </extensions>
   </trkpt>
   <trkpt lat="38.5769800" lon="-121.4812660">
    <ele>8.4</ele>
    <time>2025-11-21T15:10:36Z</time>
    <extensions>
     <power>215</power>
     <gpxtpx:TrackPointExtension>
      <gpxtpx:atemp>22</gpxtpx:atemp>
      <gpxtpx:hr>135</gpxtpx:hr>
      <gpxtpx:cad>88</gpxtpx:cad>
     </gpxtpx:TrackPointExtension>
    </extensions>
   </trkpt>
   <trkpt lat="38.5769940" lon="-121.4812540">
    <ele>8.4</ele>
    <time>2025-11-21T15:10:37Z</time>
    <extensions>
     <power>215</power>
     <gpxtpx:TrackPointExtension>
      <gpxtpx:atemp>22</gpxtpx:atemp>
      <gpxtpx:hr>134</gpxtpx:hr>
      <gpxtpx:cad>88</gpxtpx:cad>
     </gpxtpx:TrackPointExtension>
    </extensions>
   </trkpt>
   <trkpt lat="38.5770190" lon="-121.4812430">
    <ele>8.4</ele>
    <time>2025-11-21T15:10:38Z</time>
    <extensions>
     <power>216</power>
     <gpxtpx:TrackPointExtension>
      <gpxtpx:atemp>22</gpxtpx:atemp>
      <gpxtpx:hr>135</gpxtpx:hr>
      <gpxtpx:cad>88</gpxtpx:cad>
     </gpxtpx:TrackPointExtension>
    </extensions>
   </trkpt>
   <trkpt lat="38.5770380" lon="-121.4812300">
    <ele>8.6</ele>
    <time>2025-11-21T15:10:39Z</time>
    <extensions>
     <power>217</power>
     <gpxtpx:TrackPointExtension>
      <gpxtpx:atemp>22</gpxtpx:atemp>
      <gpxtpx:hr>135</gpxtpx:hr>
      <gpxtpx:cad>87</gpxtpx:cad>
     </gpxtpx:TrackPointExtension>
    </extensions>
   </trkpt>
   <trkpt lat="38.5770560" lon="-121.4812230">
    <ele>8.6</ele>
    <time>2025-11-21T15:10:40Z</time>
    <extensions>
     <power>219</power>
     <gpxtpx:TrackPointExtension>
      <gpxtpx:atemp>22</gpxtpx:atemp>
      <gpxtpx:hr>135</gpxtpx:hr>
      <gpxtpx:cad>87</gpxtpx:cad>
     </gpxtpx:TrackPointExtension>
    </extensions>
   </trkpt>
   <trkpt lat="38.5770780" lon="-121.4812110">
    <ele>8.8</ele>
    <time>2025-11-21T15:10:41Z</time>
    <extensions>
     <power>220</power>
     <gpxtpx:TrackPointExtension>
      <gpxtpx:atemp>22</gpxtpx:atemp>
      <gpxtpx:hr>135</gpxtpx:hr>
      <gpxtpx:cad>87</gpxtpx:cad>
     </gpxtpx:TrackPointExtension>
    </extensions>
   </trkpt>
   <trkpt lat="38.5770890" lon="-121.4812080">
    <ele>8.8</ele>
    <time>2025-11-21T15:10:42Z</time>
    <extensions>
     <power>221</power>
     <gpxtpx:TrackPointExtension>
      <gpxtpx:atemp>22</gpxtpx:atemp>
      <gpxtpx:hr>135</gpxtpx:hr>
      <gpxtpx:cad>87</gpxtpx:cad>
     </gpxtpx:TrackPointExtension>
    </extensions>
   </trkpt>
   <trkpt lat="38.5771180" lon="-121.4811920">
    <ele>9.0</ele>
    <time>2025-11-21T15:10:43Z</time>
    <extensions>
     <power>221</power>
     <gpxtpx:TrackPointExtension>
      <gpxtpx:atemp>22</gpxtpx:atemp>
      <gpxtpx:hr>135</gpxtpx:hr>
      <gpxtpx:cad>87</gpxtpx:cad>
     </gpxtpx:TrackPointExtension>
    </extensions>
   </trkpt>
   <trkpt lat="38.5771350" lon="-121.4811840">
    <ele>9.0</ele>
    <time>2025-11-21T15:10:44Z</time>
    <extensions>
     <power>220</power>
     <gpxtpx:TrackPointExtension>
      <gpxtpx:atemp>22</gpxtpx:atemp>
      <gpxtpx:hr>135</gpxtpx:hr>
      <gpxtpx:cad>87</gpxtpx:cad>
     </gpxtpx:TrackPointExtension>
    </extensions>
   </trkpt>
   <trkpt lat="38.5771570" lon="-121.4811700">
    <ele>9.0</ele>
    <time>2025-11-21T15:10:45Z</time>
    <extensions>
     <power>220</power>
     <gpxtpx:TrackPointExtension>
      <gpxtpx:atemp>22</gpxtpx:atemp>
      <gpxtpx:hr>135</gpxtpx:hr>
      <gpxtpx:cad>87</gpxtpx:cad>
     </gpxtpx:TrackPointExtension>
    </extensions>
   </trkpt>
   <trkpt lat="38.5771740" lon="-121.4811690">
    <ele>9.0</ele>
    <time>2025-11-21T15:10:46Z</time>
    <extensions>
     <power>221</power>
     <gpxtpx:TrackPointExtension>
      <gpxtpx:atemp>22</gpxtpx:atemp>
      <gpxtpx:hr>135</gpxtpx:hr>
      <gpxtpx:cad>87</gpxtpx:cad>
     </gpxtpx:TrackPointExtension>
    </extensions>
   </trkpt>
   <trkpt lat="38.5772050" lon="-121.4811690">
    <ele>9.0</ele>
    <time>2025-11-21T15:10:47Z</time>
    <extensions>
     <power>221</power>
     <gpxtpx:TrackPointExtension>
      <gpxtpx:atemp>22</gpxtpx:atemp>
      <gpxtpx:hr>135</gpxtpx:hr>
      <gpxtpx:cad>88</gpxtpx:cad>
     </gpxtpx:TrackPointExtension>
    </extensions>
   </trkpt>
   <trkpt lat="38.5772200" lon="-121.4811760">
    <ele>9.0</ele>
    <time>2025-11-21T15:10:48Z</time>
    <extensions>
     <power>218</power>
     <gpxtpx:TrackPointExtension>
      <gpxtpx:atemp>22</gpxtpx:atemp>
      <gpxtpx:hr>135</gpxtpx:hr>
      <gpxtpx:cad>88</gpxtpx:cad>
     </gpxtpx:TrackPointExtension>
    </extensions>
   </trkpt>
   <trkpt lat="38.5772470" lon="-121.4811650">
    <ele>9.0</ele>
    <time>2025-11-21T15:10:49Z</time>
    <extensions>
     <power>218</power>
     <gpxtpx:TrackPointExtension>
      <gpxtpx:atemp>22</gpxtpx:atemp>
      <gpxtpx:hr>135</gpxtpx:hr>
      <gpxtpx:cad>89</gpxtpx:cad>
     </gpxtpx:TrackPointExtension>
    </extensions>
   </trkpt>
   <trkpt lat="38.5772610" lon="-121.4811660">
    <ele>8.8</ele>
    <time>2025-11-21T15:10:50Z</time>
    <extensions>
     <power>215</power>
     <gpxtpx:TrackPointExtension>
      <gpxtpx:atemp>22</gpxtpx:atemp>
      <gpxtpx:hr>135</gpxtpx:hr>
      <gpxtpx:cad>89</gpxtpx:cad>
     </gpxtpx:TrackPointExtension>
    </extensions>
   </trkpt>
   <trkpt lat="38.5772870" lon="-121.4811580">
    <ele>8.8</ele>
    <time>2025-11-21T15:10:51Z</time>
    <extensions>
     <power>214</power>
     <gpxtpx:TrackPointExtension>
      <gpxtpx:atemp>22</gpxtpx:atemp>
      <gpxtpx:hr>135</gpxtpx:hr>
      <gpxtpx:cad>89</gpxtpx:cad>
     </gpxtpx:TrackPointExtension>
    </extensions>
   </trkpt>
   <trkpt lat="38.5773110" lon="-121.4811470">
    <ele>8.8</ele>
    <time>2025-11-21T15:10:52Z</time>
    <extensions>
     <power>213</power>
     <gpxtpx:TrackPointExtension>
      <gpxtpx:atemp>22</gpxtpx:atemp>
      <gpxtpx:hr>136</gpxtpx:hr>
      <gpxtpx:cad>89</gpxtpx:cad>
     </gpxtpx:TrackPointExtension>
    </extensions>
   </trkpt>
   <trkpt lat="38.5773360" lon="-121.4811370">
    <ele>8.8</ele>
    <time>2025-11-21T15:10:53Z</time>
    <extensions>
     <power>214</power>
     <gpxtpx:TrackPointExtension>
      <gpxtpx:atemp>22</gpxtpx:atemp>
      <gpxtpx:hr>135</gpxtpx:hr>
      <gpxtpx:cad>88</gpxtpx:cad>
     </gpxtpx:TrackPointExtension>
    </extensions>
   </trkpt>
   <trkpt lat="38.5773640" lon="-121.4811300">
    <ele>8.8</ele>
    <time>2025-11-21T15:10:54Z</time>
    <extensions>
     <power>215</power>
     <gpxtpx:TrackPointExtension>
      <gpxtpx:atemp>22</gpxtpx:atemp>
      <gpxtpx:hr>136</gpxtpx:hr>
      <gpxtpx:cad>88</gpxtpx:cad>
     </gpxtpx:TrackPointExtension>
    </extensions>
   </trkpt>
   <trkpt lat="38.5773850" lon="-121.4811210">
    <ele>8.8</ele>
    <time>2025-11-21T15:10:55Z</time>
    <extensions>
     <power>219</power>
     <gpxtpx:TrackPointExtension>
      <gpxtpx:atemp>22</gpxtpx:atemp>
      <gpxtpx:hr>135</gpxtpx:hr>
      <gpxtpx:cad>87</gpxtpx:cad>
     </gpxtpx:TrackPointExtension>
    </extensions>
   </trkpt>
   <trkpt lat="38.5774100" lon="-121.4811110">
    <ele>8.8</ele>
    <time>2025-11-21T15:10:56Z</time>
    <extensions>
     <power>222</power>
     <gpxtpx:TrackPointExtension>
      <gpxtpx:atemp>21</gpxtpx:atemp>
      <gpxtpx:hr>135</gpxtpx:hr>
      <gpxtpx:cad>87</gpxtpx:cad>
     </gpxtpx:TrackPointExtension>
    </extensions>
   </trkpt>
   <trkpt lat="38.5774380" lon="-121.4810920">
    <ele>8.8</ele>
    <time>2025-11-21T15:10:57Z</time>
    <extensions>
     <power>224</power>
     <gpxtpx:TrackPointExtension>
      <gpxtpx:atemp>21</gpxtpx:atemp>
      <gpxtpx:hr>135</gpxtpx:hr>
      <gpxtpx:cad>87</gpxtpx:cad>
     </gpxtpx:TrackPointExtension>
    </extensions>
   </trkpt>
   <trkpt lat="38.5774610" lon="-121.4810820">
    <ele>8.8</ele>
    <time>2025-11-21T15:10:58Z</time>
    <extensions>
     <power>224</power>
     <gpxtpx:TrackPointExtension>
      <gpxtpx:atemp>21</gpxtpx:atemp>
      <gpxtpx:hr>136</gpxtpx:hr>
      <gpxtpx:cad>89</gpxtpx:cad>
     </gpxtpx:TrackPointExtension>
    </extensions>
   </trkpt>
   <trkpt lat="38.5774820" lon="-121.4810690">
    <ele>8.8</ele>
    <time>2025-11-21T15:10:59Z</time>
    <extensions>
     <power>225</power>
     <gpxtpx:TrackPointExtension>
      <gpxtpx:atemp>21</gpxtpx:atemp>
      <gpxtpx:hr>135</gpxtpx:hr>
      <gpxtpx:cad>90</gpxtpx:cad>
     </gpxtpx:TrackPointExtension>
    </extensions>
   </trkpt>
   <trkpt lat="38.5775020" lon="-121.4810610">
    <ele>9.0</ele>
    <time>2025-11-21T15:11:00Z</time>
    <extensions>
     <power>234</power>
     <gpxtpx:TrackPointExtension>
      <gpxtpx:atemp>21</gpxtpx:atemp>
      <gpxtpx:hr>135</gpxtpx:hr>
      <gpxtpx:cad>90</gpxtpx:cad>
     </gpxtpx:TrackPointExtension>
    </extensions>
   </trkpt>
   <trkpt lat="38.5775220" lon="-121.4810470">
    <ele>9.2</ele>
    <time>2025-11-21T15:11:01Z</time>
    <extensions>
     <power>235</power>
     <gpxtpx:TrackPointExtension>
      <gpxtpx:atemp>21</gpxtpx:atemp>
      <gpxtpx:hr>136</gpxtpx:hr>
      <gpxtpx:cad>90</gpxtpx:cad>
     </gpxtpx:TrackPointExtension>
    </extensions>
   </trkpt>
   <trkpt lat="38.5775430" lon="-121.4810460">
    <ele>9.2</ele>
    <time>2025-11-21T15:11:02Z</time>
    <extensions>
     <power>227</power>
     <gpxtpx:TrackPointExtension>
      <gpxtpx:atemp>21</gpxtpx:atemp>
      <gpxtpx:hr>136</gpxtpx:hr>
      <gpxtpx:cad>90</gpxtpx:cad>
     </gpxtpx:TrackPointExtension>
    </extensions>
   </trkpt>
   <trkpt lat="38.5775700" lon="-121.4810360">
    <ele>9.2</ele>
    <time>2025-11-21T15:11:03Z</time>
    <extensions>
     <power>221</power>
     <gpxtpx:TrackPointExtension>
      <gpxtpx:atemp>21</gpxtpx:atemp>
      <gpxtpx:hr>136</gpxtpx:hr>
      <gpxtpx:cad>90</gpxtpx:cad>
     </gpxtpx:TrackPointExtension>
    </extensions>
   </trkpt>
   <trkpt lat="38.5775880" lon="-121.4810310">
    <ele>9.0</ele>
    <time>2025-11-21T15:11:04Z</time>
    <extensions>
     <power>219</power>
     <gpxtpx:TrackPointExtension>
      <gpxtpx:atemp>21</gpxtpx:atemp>
      <gpxtpx:hr>136</gpxtpx:hr>
      <gpxtpx:cad>89</gpxtpx:cad>
     </gpxtpx:TrackPointExtension>
    </extensions>
   </trkpt>
   <trkpt lat="38.5776060" lon="-121.4810250">
    <ele>8.8</ele>
    <time>2025-11-21T15:11:05Z</time>
    <extensions>
     <power>222</power>
     <gpxtpx:TrackPointExtension>
      <gpxtpx:atemp>21</gpxtpx:atemp>
      <gpxtpx:hr>136</gpxtpx:hr>
      <gpxtpx:cad>89</gpxtpx:cad>
     </gpxtpx:TrackPointExtension>
    </extensions>
   </trkpt>
   <trkpt lat="38.5776220" lon="-121.4810250">
    <ele>8.8</ele>
    <time>2025-11-21T15:11:06Z</time>
    <extensions>
     <power>222</power>
     <gpxtpx:TrackPointExtension>
      <gpxtpx:atemp>21</gpxtpx:atemp>
      <gpxtpx:hr>136</gpxtpx:hr>
      <gpxtpx:cad>89</gpxtpx:cad>
     </gpxtpx:TrackPointExtension>
    </extensions>
   </trkpt>
   <trkpt lat="38.5776360" lon="-121.4810260">
    <ele>8.8</ele>
    <time>2025-11-21T15:11:07Z</time>
    <extensions>
     <power>211</power>
     <gpxtpx:TrackPointExtension>
      <gpxtpx:atemp>21</gpxtpx:atemp>
      <gpxtpx:hr>136</gpxtpx:hr>
      <gpxtpx:cad>89</gpxtpx:cad>
     </gpxtpx:TrackPointExtension>
    </extensions>
   </trkpt>
   <trkpt lat="38.5776550" lon="-121.4810280">
    <ele>8.8</ele>
    <time>2025-11-21T15:11:08Z</time>
    <extensions>
     <power>202</power>
     <gpxtpx:TrackPointExtension>
      <gpxtpx:atemp>21</gpxtpx:atemp>
      <gpxtpx:hr>136</gpxtpx:hr>
      <gpxtpx:cad>89</gpxtpx:cad>
     </gpxtpx:TrackPointExtension>
    </extensions>
   </trkpt>
   <trkpt lat="38.5776720" lon="-121.4810230">
    <ele>8.8</ele>
    <time>2025-11-21T15:11:09Z</time>
    <extensions>
     <power>197</power>
     <gpxtpx:TrackPointExtension>
      <gpxtpx:atemp>21</gpxtpx:atemp>
      <gpxtpx:hr>135</gpxtpx:hr>
      <gpxtpx:cad>88</gpxtpx:cad>
     </gpxtpx:TrackPointExtension>
    </extensions>
   </trkpt>
   <trkpt lat="38.5776940" lon="-121.4810100">
    <ele>8.8</ele>
    <time>2025-11-21T15:11:10Z</time>
    <extensions>
     <power>192</power>
     <gpxtpx:TrackPointExtension>
      <gpxtpx:atemp>21</gpxtpx:atemp>
      <gpxtpx:hr>136</gpxtpx:hr>
      <gpxtpx:cad>88</gpxtpx:cad>
     </gpxtpx:TrackPointExtension>
    </extensions>
   </trkpt>
   <trkpt lat="38.5777130" lon="-121.4810020">
    <ele>8.8</ele>
    <time>2025-11-21T15:11:11Z</time>
    <extensions>
     <power>192</power>
     <gpxtpx:TrackPointExtension>
      <gpxtpx:atemp>21</gpxtpx:atemp>
      <gpxtpx:hr>136</gpxtpx:hr>
      <gpxtpx:cad>88</gpxtpx:cad>
     </gpxtpx:TrackPointExtension>
    </extensions>
   </trkpt>
   <trkpt lat="38.5777350" lon="-121.4809880">
    <ele>8.8</ele>
    <time>2025-11-21T15:11:12Z</time>
    <extensions>
     <power>196</power>
     <gpxtpx:TrackPointExtension>
      <gpxtpx:atemp>21</gpxtpx:atemp>
      <gpxtpx:hr>136</gpxtpx:hr>
      <gpxtpx:cad>88</gpxtpx:cad>
     </gpxtpx:TrackPointExtension>
    </extensions>
   </trkpt>
   <trkpt lat="38.5777500" lon="-121.4809790">
    <ele>8.6</ele>
    <time>2025-11-21T15:11:13Z</time>
    <extensions>
     <power>200</power>
     <gpxtpx:TrackPointExtension>
      <gpxtpx:atemp>21</gpxtpx:atemp>
      <gpxtpx:hr>136</gpxtpx:hr>
      <gpxtpx:cad>89</gpxtpx:cad>
     </gpxtpx:TrackPointExtension>
    </extensions>
   </trkpt>
   <trkpt lat="38.5777700" lon="-121.4809670">
    <ele>8.6</ele>
    <time>2025-11-21T15:11:14Z</time>
    <extensions>
     <power>200</power>
     <gpxtpx:TrackPointExtension>
      <gpxtpx:atemp>21</gpxtpx:atemp>
      <gpxtpx:hr>136</gpxtpx:hr>
      <gpxtpx:cad>90</gpxtpx:cad>
     </gpxtpx:TrackPointExtension>
    </extensions>
   </trkpt>
   <trkpt lat="38.5777900" lon="-121.4809560">
    <ele>8.6</ele>
    <time>2025-11-21T15:11:15Z</time>
    <extensions>
     <power>199</power>
     <gpxtpx:TrackPointExtension>
      <gpxtpx:atemp>21</gpxtpx:atemp>
      <gpxtpx:hr>136</gpxtpx:hr>
      <gpxtpx:cad>90</gpxtpx:cad>
     </gpxtpx:TrackPointExtension>
    </extensions>
   </trkpt>
   <trkpt lat="38.5778150" lon="-121.4809420">
    <ele>8.6</ele>
    <time>2025-11-21T15:11:16Z</time>
    <extensions>
     <power>194</power>
     <gpxtpx:TrackPointExtension>
      <gpxtpx:atemp>21</gpxtpx:atemp>
      <gpxtpx:hr>137</gpxtpx:hr>
      <gpxtpx:cad>90</gpxtpx:cad>
     </gpxtpx:TrackPointExtension>
    </extensions>
   </trkpt>
   <trkpt lat="38.5778410" lon="-121.4809330">
    <ele>8.6</ele>
    <time>2025-11-21T15:11:17Z</time>
    <extensions>
     <power>195</power>
     <gpxtpx:TrackPointExtension>
      <gpxtpx:atemp>21</gpxtpx:atemp>
      <gpxtpx:hr>137</gpxtpx:hr>
      <gpxtpx:cad>90</gpxtpx:cad>
     </gpxtpx:TrackPointExtension>
    </extensions>
   </trkpt>
   <trkpt lat="38.5778670" lon="-121.4809160">
    <ele>8.6</ele>
    <time>2025-11-21T15:11:18Z</time>
    <extensions>
     <power>196</power>
     <gpxtpx:TrackPointExtension>
      <gpxtpx:atemp>21</gpxtpx:atemp>
      <gpxtpx:hr>137</gpxtpx:hr>
      <gpxtpx:cad>90</gpxtpx:cad>
     </gpxtpx:TrackPointExtension>
    </extensions>
   </trkpt>
   <trkpt lat="38.5778920" lon="-121.4809040">
    <ele>8.6</ele>
    <time>2025-11-21T15:11:19Z</time>
    <extensions>
     <power>197</power>
     <gpxtpx:TrackPointExtension>
      <gpxtpx:atemp>21</gpxtpx:atemp>
      <gpxtpx:hr>137</gpxtpx:hr>
      <gpxtpx:cad>89</gpxtpx:cad>
     </gpxtpx:TrackPointExtension>
    </extensions>
   </trkpt>
   <trkpt lat="38.5779210" lon="-121.4808880">
    <ele>8.6</ele>
    <time>2025-11-21T15:11:20Z</time>
    <extensions>
     <power>203</power>
     <gpxtpx:TrackPointExtension>
      <gpxtpx:atemp>21</gpxtpx:atemp>
      <gpxtpx:hr>136</gpxtpx:hr>
      <gpxtpx:cad>89</gpxtpx:cad>
     </gpxtpx:TrackPointExtension>
    </extensions>
   </trkpt>
   <trkpt lat="38.5779420" lon="-121.4808830">
    <ele>8.6</ele>
    <time>2025-11-21T15:11:21Z</time>
    <extensions>
     <power>209</power>
     <gpxtpx:TrackPointExtension>
      <gpxtpx:atemp>21</gpxtpx:atemp>
      <gpxtpx:hr>137</gpxtpx:hr>
      <gpxtpx:cad>88</gpxtpx:cad>
     </gpxtpx:TrackPointExtension>
    </extensions>
   </trkpt>
   <trkpt lat="38.5779650" lon="-121.4808590">
    <ele>8.6</ele>
    <time>2025-11-21T15:11:22Z</time>
    <extensions>
     <power>214</power>
     <gpxtpx:TrackPointExtension>
      <gpxtpx:atemp>21</gpxtpx:atemp>
      <gpxtpx:hr>137</gpxtpx:hr>
      <gpxtpx:cad>88</gpxtpx:cad>
     </gpxtpx:TrackPointExtension>
    </extensions>
   </trkpt>
   <trkpt lat="38.5779810" lon="-121.4808450">
    <ele>8.6</ele>
    <time>2025-11-21T15:11:23Z</time>
    <extensions>
     <power>239</power>
     <gpxtpx:TrackPointExtension>
      <gpxtpx:atemp>21</gpxtpx:atemp>
      <gpxtpx:hr>137</gpxtpx:hr>
      <gpxtpx:cad>88</gpxtpx:cad>
     </gpxtpx:TrackPointExtension>
    </extensions>
   </trkpt>
   <trkpt lat="38.5780040" lon="-121.4808370">
    <ele>8.6</ele>
    <time>2025-11-21T15:11:24Z</time>
    <extensions>
     <power>239</power>
     <gpxtpx:TrackPointExtension>
      <gpxtpx:atemp>21</gpxtpx:atemp>
      <gpxtpx:hr>136</gpxtpx:hr>
      <gpxtpx:cad>88</gpxtpx:cad>
     </gpxtpx:TrackPointExtension>
    </extensions>
   </trkpt>
   <trkpt lat="38.5780200" lon="-121.4808280">
    <ele>8.8</ele>
    <time>2025-11-21T15:11:25Z</time>
    <extensions>
     <power>216</power>
     <gpxtpx:TrackPointExtension>
      <gpxtpx:atemp>21</gpxtpx:atemp>
      <gpxtpx:hr>137</gpxtpx:hr>
      <gpxtpx:cad>87</gpxtpx:cad>
     </gpxtpx:TrackPointExtension>
    </extensions>
   </trkpt>
   <trkpt lat="38.5780400" lon="-121.4808180">
    <ele>8.8</ele>
    <time>2025-11-21T15:11:26Z</time>
    <extensions>
     <power>214</power>
     <gpxtpx:TrackPointExtension>
      <gpxtpx:atemp>21</gpxtpx:atemp>
      <gpxtpx:hr>137</gpxtpx:hr>
      <gpxtpx:cad>87</gpxtpx:cad>
     </gpxtpx:TrackPointExtension>
    </extensions>
   </trkpt>
   <trkpt lat="38.5780580" lon="-121.4807960">
    <ele>8.8</ele>
    <time>2025-11-21T15:11:27Z</time>
    <extensions>
     <power>201</power>
     <gpxtpx:TrackPointExtension>
      <gpxtpx:atemp>21</gpxtpx:atemp>
      <gpxtpx:hr>137</gpxtpx:hr>
      <gpxtpx:cad>87</gpxtpx:cad>
     </gpxtpx:TrackPointExtension>
    </extensions>
   </trkpt>
   <trkpt lat="38.5780660" lon="-121.4807750">
    <ele>8.8</ele>
    <time>2025-11-21T15:11:28Z</time>
    <extensions>
     <power>202</power>
     <gpxtpx:TrackPointExtension>
      <gpxtpx:atemp>21</gpxtpx:atemp>
      <gpxtpx:hr>137</gpxtpx:hr>
      <gpxtpx:cad>87</gpxtpx:cad>
     </gpxtpx:TrackPointExtension>
    </extensions>
   </trkpt>
   <trkpt lat="38.5780740" lon="-121.4807610">
    <ele>9.0</ele>
    <time>2025-11-21T15:11:29Z</time>
    <extensions>
     <power>212</power>
     <gpxtpx:TrackPointExtension>
      <gpxtpx:atemp>21</gpxtpx:atemp>
      <gpxtpx:hr>137</gpxtpx:hr>
      <gpxtpx:cad>87</gpxtpx:cad>
     </gpxtpx:TrackPointExtension>
    </extensions>
   </trkpt>
   <trkpt lat="38.5780850" lon="-121.4807500">
    <ele>9.2</ele>
    <time>2025-11-21T15:11:30Z</time>
    <extensions>
     <power>213</power>
     <gpxtpx:TrackPointExtension>
      <gpxtpx:atemp>21</gpxtpx:atemp>
      <gpxtpx:hr>137</gpxtpx:hr>
      <gpxtpx:cad>87</gpxtpx:cad>
     </gpxtpx:TrackPointExtension>
    </extensions>
   </trkpt>
   <trkpt lat="38.5781020" lon="-121.4807320">
    <ele>9.2</ele>
    <time>2025-11-21T15:11:31Z</time>
    <extensions>
     <power>196</power>
     <gpxtpx:TrackPointExtension>
      <gpxtpx:atemp>21</gpxtpx:atemp>
      <gpxtpx:hr>137</gpxtpx:hr>
      <gpxtpx:cad>87</gpxtpx:cad>
     </gpxtpx:TrackPointExtension>
    </extensions>
   </trkpt>
   <trkpt lat="38.5781200" lon="-121.4807210">
    <ele>9.2</ele>
    <time>2025-11-21T15:11:32Z</time>
    <extensions>
     <power>193</power>
     <gpxtpx:TrackPointExtension>
      <gpxtpx:atemp>21</gpxtpx:atemp>
      <gpxtpx:hr>137</gpxtpx:hr>
      <gpxtpx:cad>87</gpxtpx:cad>
     </gpxtpx:TrackPointExtension>
    </extensions>
   </trkpt>
   <trkpt lat="38.5781430" lon="-121.4807130">
    <ele>9.2</ele>
    <time>2025-11-21T15:11:33Z</time>
    <extensions>
     <power>194</power>
     <gpxtpx:TrackPointExtension>
      <gpxtpx:atemp>21</gpxtpx:atemp>
      <gpxtpx:hr>137</gpxtpx:hr>
      <gpxtpx:cad>86</gpxtpx:cad>
     </gpxtpx:TrackPointExtension>
    </extensions>
   </trkpt>
   <trkpt lat="38.5781620" lon="-121.4807010">
    <ele>9.2</ele>
    <time>2025-11-21T15:11:34Z</time>
    <extensions>
     <power>198</power>
     <gpxtpx:TrackPointExtension>
      <gpxtpx:atemp>21</gpxtpx:atemp>
      <gpxtpx:hr>137</gpxtpx:hr>
      <gpxtpx:cad>86</gpxtpx:cad>
     </gpxtpx:TrackPointExtension>
    </extensions>
   </trkpt>
   <trkpt lat="38.5781800" lon="-121.4806910">
    <ele>9.2</ele>
    <time>2025-11-21T15:11:35Z</time>
    <extensions>
     <power>208</power>
     <gpxtpx:TrackPointExtension>
      <gpxtpx:atemp>21</gpxtpx:atemp>
      <gpxtpx:hr>137</gpxtpx:hr>
      <gpxtpx:cad>86</gpxtpx:cad>
     </gpxtpx:TrackPointExtension>
    </extensions>
   </trkpt>
   <trkpt lat="38.5781990" lon="-121.4806730">
    <ele>9.2</ele>
    <time>2025-11-21T15:11:36Z</time>
    <extensions>
     <power>210</power>
     <gpxtpx:TrackPointExtension>
      <gpxtpx:atemp>21</gpxtpx:atemp>
      <gpxtpx:hr>137</gpxtpx:hr>
      <gpxtpx:cad>86</gpxtpx:cad>
     </gpxtpx:TrackPointExtension>
    </extensions>
   </trkpt>
   <trkpt lat="38.5782190" lon="-121.4806620">
    <ele>9.0</ele>
    <time>2025-11-21T15:11:37Z</time>
    <extensions>
     <power>211</power>
     <gpxtpx:TrackPointExtension>
      <gpxtpx:atemp>21</gpxtpx:atemp>
      <gpxtpx:hr>137</gpxtpx:hr>
      <gpxtpx:cad>87</gpxtpx:cad>
     </gpxtpx:TrackPointExtension>
    </extensions>
   </trkpt>
   <trkpt lat="38.5782330" lon="-121.4806490">
    <ele>9.0</ele>
    <time>2025-11-21T15:11:38Z</time>
    <extensions>
     <power>211</power>
     <gpxtpx:TrackPointExtension>
      <gpxtpx:atemp>21</gpxtpx:atemp>
      <gpxtpx:hr>136</gpxtpx:hr>
      <gpxtpx:cad>87</gpxtpx:cad>
     </gpxtpx:TrackPointExtension>
    </extensions>
   </trkpt>
   <trkpt lat="38.5782510" lon="-121.4806390">
    <ele>9.0</ele>
    <time>2025-11-21T15:11:39Z</time>
    <extensions>
     <power>209</power>
     <gpxtpx:TrackPointExtension>
      <gpxtpx:atemp>21</gpxtpx:atemp>
      <gpxtpx:hr>137</gpxtpx:hr>
      <gpxtpx:cad>87</gpxtpx:cad>
     </gpxtpx:TrackPointExtension>
    </extensions>
   </trkpt>
   <trkpt lat="38.5782710" lon="-121.4806320">
    <ele>9.0</ele>
    <time>2025-11-21T15:11:40Z</time>
    <extensions>
     <power>209</power>
     <gpxtpx:TrackPointExtension>
      <gpxtpx:atemp>21</gpxtpx:atemp>
      <gpxtpx:hr>137</gpxtpx:hr>
      <gpxtpx:cad>87</gpxtpx:cad>
     </gpxtpx:TrackPointExtension>
    </extensions>
   </trkpt>
   <trkpt lat="38.5782960" lon="-121.4806230">
    <ele>9.2</ele>
    <time>2025-11-21T15:11:41Z</time>
    <extensions>
     <power>208</power>
     <gpxtpx:TrackPointExtension>
      <gpxtpx:atemp>21</gpxtpx:atemp>
      <gpxtpx:hr>137</gpxtpx:hr>
      <gpxtpx:cad>88</gpxtpx:cad>
     </gpxtpx:TrackPointExtension>
    </extensions>
   </trkpt>
   <trkpt lat="38.5783200" lon="-121.4806150">
    <ele>9.2</ele>
    <time>2025-11-21T15:11:42Z</time>
    <extensions>
     <power>208</power>
     <gpxtpx:TrackPointExtension>
      <gpxtpx:atemp>21</gpxtpx:atemp>
      <gpxtpx:hr>137</gpxtpx:hr>
      <gpxtpx:cad>89</gpxtpx:cad>
     </gpxtpx:TrackPointExtension>
    </extensions>
   </trkpt>
   <trkpt lat="38.5783380" lon="-121.4806090">
    <ele>9.2</ele>
    <time>2025-11-21T15:11:43Z</time>
    <extensions>
     <power>208</power>
     <gpxtpx:TrackPointExtension>
      <gpxtpx:atemp>21</gpxtpx:atemp>
      <gpxtpx:hr>136</gpxtpx:hr>
      <gpxtpx:cad>89</gpxtpx:cad>
     </gpxtpx:TrackPointExtension>
    </extensions>
   </trkpt>
   <trkpt lat="38.5783630" lon="-121.4805970">
    <ele>9.2</ele>
    <time>2025-11-21T15:11:44Z</time>
    <extensions>
     <power>209</power>
     <gpxtpx:TrackPointExtension>
      <gpxtpx:atemp>21</gpxtpx:atemp>
      <gpxtpx:hr>137</gpxtpx:hr>
      <gpxtpx:cad>88</gpxtpx:cad>
     </gpxtpx:TrackPointExtension>
    </extensions>
   </trkpt>
   <trkpt lat="38.5783820" lon="-121.4805900">
    <ele>9.2</ele>
    <time>2025-11-21T15:11:45Z</time>
    <extensions>
     <power>213</power>
     <gpxtpx:TrackPointExtension>
      <gpxtpx:atemp>21</gpxtpx:atemp>
      <gpxtpx:hr>137</gpxtpx:hr>
      <gpxtpx:cad>88</gpxtpx:cad>
     </gpxtpx:TrackPointExtension>
    </extensions>
   </trkpt>
   <trkpt lat="38.5784090" lon="-121.4805750">
    <ele>9.4</ele>
    <time>2025-11-21T15:11:46Z</time>
    <extensions>
     <power>213</power>
     <gpxtpx:TrackPointExtension>
      <gpxtpx:atemp>21</gpxtpx:atemp>
      <gpxtpx:hr>137</gpxtpx:hr>
      <gpxtpx:cad>88</gpxtpx:cad>
     </gpxtpx:TrackPointExtension>
    </extensions>
   </trkpt>
   <trkpt lat="38.5784260" lon="-121.4805730">
    <ele>9.4</ele>
    <time>2025-11-21T15:11:47Z</time>
    <extensions>
     <power>214</power>
     <gpxtpx:TrackPointExtension>
      <gpxtpx:atemp>20</gpxtpx:atemp>
      <gpxtpx:hr>137</gpxtpx:hr>
      <gpxtpx:cad>88</gpxtpx:cad>
     </gpxtpx:TrackPointExtension>
    </extensions>
   </trkpt>
   <trkpt lat="38.5784550" lon="-121.4805670">
    <ele>9.4</ele>
    <time>2025-11-21T15:11:48Z</time>
    <extensions>
     <power>220</power>
     <gpxtpx:TrackPointExtension>
      <gpxtpx:atemp>20</gpxtpx:atemp>
      <gpxtpx:hr>137</gpxtpx:hr>
      <gpxtpx:cad>88</gpxtpx:cad>
     </gpxtpx:TrackPointExtension>
    </extensions>
   </trkpt>
   <trkpt lat="38.5784740" lon="-121.4805590">
    <ele>9.4</ele>
    <time>2025-11-21T15:11:49Z</time>
    <extensions>
     <power>223</power>
     <gpxtpx:TrackPointExtension>
      <gpxtpx:atemp>21</gpxtpx:atemp>
      <gpxtpx:hr>137</gpxtpx:hr>
      <gpxtpx:cad>87</gpxtpx:cad>
     </gpxtpx:TrackPointExtension>
    </extensions>
   </trkpt>
   <trkpt lat="38.5785040" lon="-121.4805520">
    <ele>9.4</ele>
    <time>2025-11-21T15:11:50Z</time>
    <extensions>
     <power>225</power>
     <gpxtpx:TrackPointExtension>
      <gpxtpx:atemp>20</gpxtpx:atemp>
      <gpxtpx:hr>137</gpxtpx:hr>
      <gpxtpx:cad>88</gpxtpx:cad>
     </gpxtpx:TrackPointExtension>
    </extensions>
   </trkpt>
   <trkpt lat="38.5785170" lon="-121.4805510">
    <ele>9.4</ele>
    <time>2025-11-21T15:11:51Z</time>
    <extensions>
     <power>227</power>
     <gpxtpx:TrackPointExtension>
      <gpxtpx:atemp>21</gpxtpx:atemp>
      <gpxtpx:hr>137</gpxtpx:hr>
      <gpxtpx:cad>87</gpxtpx:cad>
     </gpxtpx:TrackPointExtension>
    </extensions>
   </trkpt>
   <trkpt lat="38.5785360" lon="-121.4805450">
    <ele>9.2</ele>
    <time>2025-11-21T15:11:52Z</time>
    <extensions>
     <power>225</power>
     <gpxtpx:TrackPointExtension>
      <gpxtpx:atemp>21</gpxtpx:atemp>
      <gpxtpx:hr>137</gpxtpx:hr>
      <gpxtpx:cad>88</gpxtpx:cad>
     </gpxtpx:TrackPointExtension>
    </extensions>
   </trkpt>
   <trkpt lat="38.5785560" lon="-121.4805380">
    <ele>9.2</ele>
    <time>2025-11-21T15:11:53Z</time>
    <extensions>
     <power>223</power>
     <gpxtpx:TrackPointExtension>
      <gpxtpx:atemp>20</gpxtpx:atemp>
      <gpxtpx:hr>137</gpxtpx:hr>
      <gpxtpx:cad>87</gpxtpx:cad>
     </gpxtpx:TrackPointExtension>
    </extensions>
   </trkpt>
   <trkpt lat="38.5785740" lon="-121.4805310">
    <ele>9.2</ele>
    <time>2025-11-21T15:11:54Z</time>
    <extensions>
     <power>220</power>
     <gpxtpx:TrackPointExtension>
      <gpxtpx:atemp>20</gpxtpx:atemp>
      <gpxtpx:hr>137</gpxtpx:hr>
      <gpxtpx:cad>88</gpxtpx:cad>
     </gpxtpx:TrackPointExtension>
    </extensions>
   </trkpt>
   <trkpt lat="38.5785920" lon="-121.4805200">
    <ele>9.2</ele>
    <time>2025-11-21T15:11:55Z</time>
    <extensions>
     <power>219</power>
     <gpxtpx:TrackPointExtension>
      <gpxtpx:atemp>20</gpxtpx:atemp>
      <gpxtpx:hr>137</gpxtpx:hr>
      <gpxtpx:cad>88</gpxtpx:cad>
     </gpxtpx:TrackPointExtension>
    </extensions>
   </trkpt>
   <trkpt lat="38.5786070" lon="-121.4805150">
    <ele>9.2</ele>
    <time>2025-11-21T15:11:56Z</time>
    <extensions>
     <power>216</power>
     <gpxtpx:TrackPointExtension>
      <gpxtpx:atemp>20</gpxtpx:atemp>
      <gpxtpx:hr>137</gpxtpx:hr>
      <gpxtpx:cad>88</gpxtpx:cad>
     </gpxtpx:TrackPointExtension>
    </extensions>
   </trkpt>
   <trkpt lat="38.5786240" lon="-121.4805050">
    <ele>9.4</ele>
    <time>2025-11-21T15:11:57Z</time>
    <extensions>
     <power>216</power>
     <gpxtpx:TrackPointExtension>
      <gpxtpx:atemp>20</gpxtpx:atemp>
      <gpxtpx:hr>137</gpxtpx:hr>
      <gpxtpx:cad>88</gpxtpx:cad>
     </gpxtpx:TrackPointExtension>
    </extensions>
   </trkpt>
   <trkpt lat="38.5786430" lon="-121.4805010">
    <ele>9.4</ele>
    <time>2025-11-21T15:11:58Z</time>
    <extensions>
     <power>215</power>
     <gpxtpx:TrackPointExtension>
      <gpxtpx:atemp>20</gpxtpx:atemp>
      <gpxtpx:hr>137</gpxtpx:hr>
      <gpxtpx:cad>88</gpxtpx:cad>
     </gpxtpx:TrackPointExtension>
    </extensions>
   </trkpt>
   <trkpt lat="38.5786650" lon="-121.4804920">
    <ele>9.4</ele>
    <time>2025-11-21T15:11:59Z</time>
    <extensions>
     <power>213</power>
     <gpxtpx:TrackPointExtension>
      <gpxtpx:atemp>20</gpxtpx:atemp>
      <gpxtpx:hr>136</gpxtpx:hr>
      <gpxtpx:cad>88</gpxtpx:cad>
     </gpxtpx:TrackPointExtension>
    </extensions>
   </trkpt>
   <trkpt lat="38.5786800" lon="-121.4804840">
    <ele>9.4</ele>
    <time>2025-11-21T15:12:00Z</time>
    <extensions>
     <power>213</power>
     <gpxtpx:TrackPointExtension>
      <gpxtpx:atemp>20</gpxtpx:atemp>
      <gpxtpx:hr>137</gpxtpx:hr>
      <gpxtpx:cad>88</gpxtpx:cad>
     </gpxtpx:TrackPointExtension>
    </extensions>
   </trkpt>
   <trkpt lat="38.5787010" lon="-121.4804760">
    <ele>9.4</ele>
    <time>2025-11-21T15:12:01Z</time>
    <extensions>
     <power>212</power>
     <gpxtpx:TrackPointExtension>
      <gpxtpx:atemp>20</gpxtpx:atemp>
      <gpxtpx:hr>137</gpxtpx:hr>
      <gpxtpx:cad>88</gpxtpx:cad>
     </gpxtpx:TrackPointExtension>
    </extensions>
   </trkpt>
   <trkpt lat="38.5787170" lon="-121.4804720">
    <ele>9.4</ele>
    <time>2025-11-21T15:12:02Z</time>
    <extensions>
     <power>211</power>
     <gpxtpx:TrackPointExtension>
      <gpxtpx:atemp>20</gpxtpx:atemp>
      <gpxtpx:hr>137</gpxtpx:hr>
      <gpxtpx:cad>88</gpxtpx:cad>
     </gpxtpx:TrackPointExtension>
    </extensions>
   </trkpt>
   <trkpt lat="38.5787390" lon="-121.4804660">
    <ele>9.4</ele>
    <time>2025-11-21T15:12:03Z</time>
    <extensions>
     <power>210</power>
     <gpxtpx:TrackPointExtension>
      <gpxtpx:atemp>20</gpxtpx:atemp>
      <gpxtpx:hr>136</gpxtpx:hr>
      <gpxtpx:cad>88</gpxtpx:cad>
     </gpxtpx:TrackPointExtension>
    </extensions>
   </trkpt>
   <trkpt lat="38.5787570" lon="-121.4804590">
    <ele>9.6</ele>
    <time>2025-11-21T15:12:04Z</time>
    <extensions>
     <power>210</power>
     <gpxtpx:TrackPointExtension>
      <gpxtpx:atemp>20</gpxtpx:atemp>
      <gpxtpx:hr>137</gpxtpx:hr>
      <gpxtpx:cad>88</gpxtpx:cad>
     </gpxtpx:TrackPointExtension>
    </extensions>
   </trkpt>
   <trkpt lat="38.5787770" lon="-121.4804450">
    <ele>9.6</ele>
    <time>2025-11-21T15:12:05Z</time>
    <extensions>
     <power>209</power>
     <gpxtpx:TrackPointExtension>
      <gpxtpx:atemp>20</gpxtpx:atemp>
      <gpxtpx:hr>137</gpxtpx:hr>
      <gpxtpx:cad>88</gpxtpx:cad>
     </gpxtpx:TrackPointExtension>
    </extensions>
   </trkpt>
   <trkpt lat="38.5787950" lon="-121.4804390">
    <ele>9.6</ele>
    <time>2025-11-21T15:12:06Z</time>
    <extensions>
     <power>207</power>
     <gpxtpx:TrackPointExtension>
      <gpxtpx:atemp>20</gpxtpx:atemp>
      <gpxtpx:hr>137</gpxtpx:hr>
      <gpxtpx:cad>88</gpxtpx:cad>
     </gpxtpx:TrackPointExtension>
    </extensions>
   </trkpt>
   <trkpt lat="38.5788150" lon="-121.4804270">
    <ele>9.6</ele>
    <time>2025-11-21T15:12:07Z</time>
    <extensions>
     <power>207</power>
     <gpxtpx:TrackPointExtension>
      <gpxtpx:atemp>20</gpxtpx:atemp>
      <gpxtpx:hr>136</gpxtpx:hr>
      <gpxtpx:cad>89</gpxtpx:cad>
     </gpxtpx:TrackPointExtension>
    </extensions>
   </trkpt>
   <trkpt lat="38.5788330" lon="-121.4804230">
    <ele>9.4</ele>
    <time>2025-11-21T15:12:08Z</time>
    <extensions>
     <power>204</power>
     <gpxtpx:TrackPointExtension>
      <gpxtpx:atemp>20</gpxtpx:atemp>
      <gpxtpx:hr>137</gpxtpx:hr>
      <gpxtpx:cad>89</gpxtpx:cad>
     </gpxtpx:TrackPointExtension>
    </extensions>
   </trkpt>
   <trkpt lat="38.5788580" lon="-121.4804120">
    <ele>9.4</ele>
    <time>2025-11-21T15:12:09Z</time>
    <extensions>
     <power>204</power>
     <gpxtpx:TrackPointExtension>
      <gpxtpx:atemp>20</gpxtpx:atemp>
      <gpxtpx:hr>137</gpxtpx:hr>
      <gpxtpx:cad>88</gpxtpx:cad>
     </gpxtpx:TrackPointExtension>
    </extensions>
   </trkpt>
   <trkpt lat="38.5788770" lon="-121.4803990">
    <ele>9.4</ele>
    <time>2025-11-21T15:12:10Z</time>
    <extensions>
     <power>204</power>
     <gpxtpx:TrackPointExtension>
      <gpxtpx:atemp>20</gpxtpx:atemp>
      <gpxtpx:hr>137</gpxtpx:hr>
      <gpxtpx:cad>88</gpxtpx:cad>
     </gpxtpx:TrackPointExtension>
    </extensions>
   </trkpt>
   <trkpt lat="38.5788980" lon="-121.4803860">
    <ele>9.4</ele>
    <time>2025-11-21T15:12:11Z</time>
    <extensions>
     <power>204</power>
     <gpxtpx:TrackPointExtension>
      <gpxtpx:atemp>20</gpxtpx:atemp>
      <gpxtpx:hr>136</gpxtpx:hr>
      <gpxtpx:cad>88</gpxtpx:cad>
     </gpxtpx:TrackPointExtension>
    </extensions>
   </trkpt>
   <trkpt lat="38.5789150" lon="-121.4803760">
    <ele>9.4</ele>
    <time>2025-11-21T15:12:12Z</time>
    <extensions>
     <power>204</power>
     <gpxtpx:TrackPointExtension>
      <gpxtpx:atemp>20</gpxtpx:atemp>
      <gpxtpx:hr>137</gpxtpx:hr>
      <gpxtpx:cad>89</gpxtpx:cad>
     </gpxtpx:TrackPointExtension>
    </extensions>
   </trkpt>
   <trkpt lat="38.5789380" lon="-121.4803660">
    <ele>9.6</ele>
    <time>2025-11-21T15:12:13Z</time>
    <extensions>
     <power>203</power>
     <gpxtpx:TrackPointExtension>
      <gpxtpx:atemp>20</gpxtpx:atemp>
      <gpxtpx:hr>137</gpxtpx:hr>
      <gpxtpx:cad>89</gpxtpx:cad>
     </gpxtpx:TrackPointExtension>
    </extensions>
   </trkpt>
   <trkpt lat="38.5789540" lon="-121.4803610">
    <ele>9.6</ele>
    <time>2025-11-21T15:12:14Z</time>
    <extensions>
     <power>203</power>
     <gpxtpx:TrackPointExtension>
      <gpxtpx:atemp>20</gpxtpx:atemp>
      <gpxtpx:hr>137</gpxtpx:hr>
      <gpxtpx:cad>89</gpxtpx:cad>
     </gpxtpx:TrackPointExtension>
    </extensions>
   </trkpt>
   <trkpt lat="38.5789780" lon="-121.4803520">
    <ele>9.6</ele>
    <time>2025-11-21T15:12:15Z</time>
    <extensions>
     <power>203</power>
     <gpxtpx:TrackPointExtension>
      <gpxtpx:atemp>20</gpxtpx:atemp>
      <gpxtpx:hr>137</gpxtpx:hr>
      <gpxtpx:cad>89</gpxtpx:cad>
     </gpxtpx:TrackPointExtension>
    </extensions>
   </trkpt>
   <trkpt lat="38.5789960" lon="-121.4803450">
    <ele>9.6</ele>
    <time>2025-11-21T15:12:16Z</time>
    <extensions>
     <power>203</power>
     <gpxtpx:TrackPointExtension>
      <gpxtpx:atemp>20</gpxtpx:atemp>
      <gpxtpx:hr>137</gpxtpx:hr>
      <gpxtpx:cad>89</gpxtpx:cad>
     </gpxtpx:TrackPointExtension>
    </extensions>
   </trkpt>
   <trkpt lat="38.5790200" lon="-121.4803350">
    <ele>9.6</ele>
    <time>2025-11-21T15:12:17Z</time>
    <extensions>
     <power>203</power>
     <gpxtpx:TrackPointExtension>
      <gpxtpx:atemp>20</gpxtpx:atemp>
      <gpxtpx:hr>137</gpxtpx:hr>
      <gpxtpx:cad>88</gpxtpx:cad>
     </gpxtpx:TrackPointExtension>
    </extensions>
   </trkpt>
   <trkpt lat="38.5790400" lon="-121.4803290">
    <ele>9.6</ele>
    <time>2025-11-21T15:12:18Z</time>
    <extensions>
     <power>204</power>
     <gpxtpx:TrackPointExtension>
      <gpxtpx:atemp>20</gpxtpx:atemp>
      <gpxtpx:hr>137</gpxtpx:hr>
      <gpxtpx:cad>88</gpxtpx:cad>
     </gpxtpx:TrackPointExtension>
    </extensions>
   </trkpt>
   <trkpt lat="38.5790690" lon="-121.4803190">
    <ele>9.6</ele>
    <time>2025-11-21T15:12:19Z</time>
    <extensions>
     <power>203</power>
     <gpxtpx:TrackPointExtension>
      <gpxtpx:atemp>20</gpxtpx:atemp>
      <gpxtpx:hr>137</gpxtpx:hr>
      <gpxtpx:cad>89</gpxtpx:cad>
     </gpxtpx:TrackPointExtension>
    </extensions>
   </trkpt>
   <trkpt lat="38.5790920" lon="-121.4803090">
    <ele>9.6</ele>
    <time>2025-11-21T15:12:20Z</time>
    <extensions>
     <power>202</power>
     <gpxtpx:TrackPointExtension>
      <gpxtpx:atemp>20</gpxtpx:atemp>
      <gpxtpx:hr>137</gpxtpx:hr>
      <gpxtpx:cad>89</gpxtpx:cad>
     </gpxtpx:TrackPointExtension>
    </extensions>
   </trkpt>
   <trkpt lat="38.5791140" lon="-121.4803060">
    <ele>9.6</ele>
    <time>2025-11-21T15:12:21Z</time>
    <extensions>
     <power>206</power>
     <gpxtpx:TrackPointExtension>
      <gpxtpx:atemp>20</gpxtpx:atemp>
      <gpxtpx:hr>136</gpxtpx:hr>
      <gpxtpx:cad>88</gpxtpx:cad>
     </gpxtpx:TrackPointExtension>
    </extensions>
   </trkpt>
   <trkpt lat="38.5791420" lon="-121.4802980">
    <ele>9.6</ele>
    <time>2025-11-21T15:12:22Z</time>
    <extensions>
     <power>208</power>
     <gpxtpx:TrackPointExtension>
      <gpxtpx:atemp>20</gpxtpx:atemp>
      <gpxtpx:hr>137</gpxtpx:hr>
      <gpxtpx:cad>88</gpxtpx:cad>
     </gpxtpx:TrackPointExtension>
    </extensions>
   </trkpt>
   <trkpt lat="38.5791580" lon="-121.4802910">
    <ele>9.6</ele>
    <time>2025-11-21T15:12:23Z</time>
    <extensions>
     <power>210</power>
     <gpxtpx:TrackPointExtension>
      <gpxtpx:atemp>20</gpxtpx:atemp>
      <gpxtpx:hr>137</gpxtpx:hr>
      <gpxtpx:cad>89</gpxtpx:cad>
     </gpxtpx:TrackPointExtension>
    </extensions>
   </trkpt>
   <trkpt lat="38.5791790" lon="-121.4802820">
    <ele>9.8</ele>
    <time>2025-11-21T15:12:24Z</time>
    <extensions>
     <power>211</power>
     <gpxtpx:TrackPointExtension>
      <gpxtpx:atemp>20</gpxtpx:atemp>
      <gpxtpx:hr>137</gpxtpx:hr>
      <gpxtpx:cad>89</gpxtpx:cad>
     </gpxtpx:TrackPointExtension>
    </extensions>
   </trkpt>
   <trkpt lat="38.5792020" lon="-121.4802740">
    <ele>9.6</ele>
    <time>2025-11-21T15:12:25Z</time>
    <extensions>
     <power>209</power>
     <gpxtpx:TrackPointExtension>
      <gpxtpx:atemp>20</gpxtpx:atemp>
      <gpxtpx:hr>137</gpxtpx:hr>
      <gpxtpx:cad>88</gpxtpx:cad>
     </gpxtpx:TrackPointExtension>
    </extensions>
   </trkpt>
   <trkpt lat="38.5792210" lon="-121.4802580">
    <ele>9.6</ele>
    <time>2025-11-21T15:12:26Z</time>
    <extensions>
     <power>210</power>
     <gpxtpx:TrackPointExtension>
      <gpxtpx:atemp>20</gpxtpx:atemp>
      <gpxtpx:hr>136</gpxtpx:hr>
      <gpxtpx:cad>88</gpxtpx:cad>
     </gpxtpx:TrackPointExtension>
    </extensions>
   </trkpt>
   <trkpt lat="38.5792370" lon="-121.4802500">
    <ele>9.6</ele>
    <time>2025-11-21T15:12:27Z</time>
    <extensions>
     <power>210</power>
     <gpxtpx:TrackPointExtension>
      <gpxtpx:atemp>20</gpxtpx:atemp>
      <gpxtpx:hr>137</gpxtpx:hr>
      <gpxtpx:cad>87</gpxtpx:cad>
     </gpxtpx:TrackPointExtension>
    </extensions>
   </trkpt>
   <trkpt lat="38.5792600" lon="-121.4802360">
    <ele>9.6</ele>
    <time>2025-11-21T15:12:28Z</time>
    <extensions>
     <power>213</power>
     <gpxtpx:TrackPointExtension>
      <gpxtpx:atemp>20</gpxtpx:atemp>
      <gpxtpx:hr>137</gpxtpx:hr>
      <gpxtpx:cad>87</gpxtpx:cad>
     </gpxtpx:TrackPointExtension>
    </extensions>
   </trkpt>
   <trkpt lat="38.5792770" lon="-121.4802270">
    <ele>9.6</ele>
    <time>2025-11-21T15:12:29Z</time>
    <extensions>
     <power>211</power>
     <gpxtpx:TrackPointExtension>
      <gpxtpx:atemp>20</gpxtpx:atemp>
      <gpxtpx:hr>137</gpxtpx:hr>
      <gpxtpx:cad>87</gpxtpx:cad>
     </gpxtpx:TrackPointExtension>
    </extensions>
   </trkpt>
   <trkpt lat="38.5792980" lon="-121.4802150">
    <ele>9.6</ele>
    <time>2025-11-21T15:12:30Z</time>
    <extensions>
     <power>210</power>
     <gpxtpx:TrackPointExtension>
      <gpxtpx:atemp>20</gpxtpx:atemp>
      <gpxtpx:hr>138</gpxtpx:hr>
      <gpxtpx:cad>88</gpxtpx:cad>
     </gpxtpx:TrackPointExtension>
    </extensions>
   </trkpt>
   <trkpt lat="38.5793160" lon="-121.4802060">
    <ele>9.6</ele>
    <time>2025-11-21T15:12:31Z</time>
    <extensions>
     <power>209</power>
     <gpxtpx:TrackPointExtension>
      <gpxtpx:atemp>20</gpxtpx:atemp>
      <gpxtpx:hr>140</gpxtpx:hr>
      <gpxtpx:cad>89</gpxtpx:cad>
     </gpxtpx:TrackPointExtension>
    </extensions>
   </trkpt>
   <trkpt lat="38.5793350" lon="-121.4801960">
    <ele>9.6</ele>
    <time>2025-11-21T15:12:32Z</time>
    <extensions>
     <power>207</power>
     <gpxtpx:TrackPointExtension>
      <gpxtpx:atemp>20</gpxtpx:atemp>
      <gpxtpx:hr>141</gpxtpx:hr>
      <gpxtpx:cad>89</gpxtpx:cad>
     </gpxtpx:TrackPointExtension>
    </extensions>
   </trkpt>
   <trkpt lat="38.5793540" lon="-121.4801880">
    <ele>9.6</ele>
    <time>2025-11-21T15:12:33Z</time>
    <extensions>
     <power>206</power>
     <gpxtpx:TrackPointExtension>
      <gpxtpx:atemp>20</gpxtpx:atemp>
      <gpxtpx:hr>141</gpxtpx:hr>
      <gpxtpx:cad>88</gpxtpx:cad>
     </gpxtpx:TrackPointExtension>
    </extensions>
   </trkpt>
   <trkpt lat="38.5793760" lon="-121.4801810">
    <ele>9.6</ele>
    <time>2025-11-21T15:12:34Z</time>
    <extensions>
     <power>206</power>
     <gpxtpx:TrackPointExtension>
      <gpxtpx:atemp>20</gpxtpx:atemp>
      <gpxtpx:hr>141</gpxtpx:hr>
      <gpxtpx:cad>88</gpxtpx:cad>
     </gpxtpx:TrackPointExtension>
    </extensions>
   </trkpt>
   <trkpt lat="38.5793890" lon="-121.4801760">
    <ele>9.6</ele>
    <time>2025-11-21T15:12:35Z</time>
    <extensions>
     <power>206</power>
     <gpxtpx:TrackPointExtension>
      <gpxtpx:atemp>20</gpxtpx:atemp>
      <gpxtpx:hr>141</gpxtpx:hr>
      <gpxtpx:cad>88</gpxtpx:cad>
     </gpxtpx:TrackPointExtension>
    </extensions>
   </trkpt>
   <trkpt lat="38.5794080" lon="-121.4801690">
    <ele>9.6</ele>
    <time>2025-11-21T15:12:36Z</time>
    <extensions>
     <power>207</power>
     <gpxtpx:TrackPointExtension>
      <gpxtpx:atemp>20</gpxtpx:atemp>
      <gpxtpx:hr>141</gpxtpx:hr>
      <gpxtpx:cad>88</gpxtpx:cad>
     </gpxtpx:TrackPointExtension>
    </extensions>
   </trkpt>
   <trkpt lat="38.5794240" lon="-121.4801630">
    <ele>9.8</ele>
    <time>2025-11-21T15:12:37Z</time>
    <extensions>
     <power>206</power>
     <gpxtpx:TrackPointExtension>
      <gpxtpx:atemp>20</gpxtpx:atemp>
      <gpxtpx:hr>141</gpxtpx:hr>
      <gpxtpx:cad>89</gpxtpx:cad>
     </gpxtpx:TrackPointExtension>
    </extensions>
   </trkpt>
   <trkpt lat="38.5794420" lon="-121.4801550">
    <ele>9.8</ele>
    <time>2025-11-21T15:12:38Z</time>
    <extensions>
     <power>204</power>
     <gpxtpx:TrackPointExtension>
      <gpxtpx:atemp>20</gpxtpx:atemp>
      <gpxtpx:hr>142</gpxtpx:hr>
      <gpxtpx:cad>89</gpxtpx:cad>
     </gpxtpx:TrackPointExtension>
    </extensions>
   </trkpt>
   <trkpt lat="38.5794590" lon="-121.4801470">
    <ele>9.8</ele>
    <time>2025-11-21T15:12:39Z</time>
    <extensions>
     <power>203</power>
     <gpxtpx:TrackPointExtension>
      <gpxtpx:atemp>20</gpxtpx:atemp>
      <gpxtpx:hr>142</gpxtpx:hr>
      <gpxtpx:cad>89</gpxtpx:cad>
     </gpxtpx:TrackPointExtension>
    </extensions>
   </trkpt>
   <trkpt lat="38.5794800" lon="-121.4801360">
    <ele>9.8</ele>
    <time>2025-11-21T15:12:40Z</time>
    <extensions>
     <power>201</power>
     <gpxtpx:TrackPointExtension>
      <gpxtpx:atemp>20</gpxtpx:atemp>
      <gpxtpx:hr>142</gpxtpx:hr>
      <gpxtpx:cad>89</gpxtpx:cad>
     </gpxtpx:TrackPointExtension>
    </extensions>
   </trkpt>
   <trkpt lat="38.5794940" lon="-121.4801250">
    <ele>9.6</ele>
    <time>2025-11-21T15:12:41Z</time>
    <extensions>
     <power>201</power>
     <gpxtpx:TrackPointExtension>
      <gpxtpx:atemp>20</gpxtpx:atemp>
      <gpxtpx:hr>141</gpxtpx:hr>
      <gpxtpx:cad>89</gpxtpx:cad>
     </gpxtpx:TrackPointExtension>
    </extensions>
   </trkpt>
   <trkpt lat="38.5795110" lon="-121.4801140">
    <ele>9.6</ele>
    <time>2025-11-21T15:12:42Z</time>
    <extensions>
     <power>199</power>
     <gpxtpx:TrackPointExtension>
      <gpxtpx:atemp>20</gpxtpx:atemp>
      <gpxtpx:hr>142</gpxtpx:hr>
      <gpxtpx:cad>89</gpxtpx:cad>
     </gpxtpx:TrackPointExtension>
    </extensions>
   </trkpt>
   <trkpt lat="38.5795230" lon="-121.4801030">
    <ele>9.6</ele>
    <time>2025-11-21T15:12:43Z</time>
    <extensions>
     <power>198</power>
     <gpxtpx:TrackPointExtension>
      <gpxtpx:atemp>20</gpxtpx:atemp>
      <gpxtpx:hr>142</gpxtpx:hr>
      <gpxtpx:cad>88</gpxtpx:cad>
     </gpxtpx:TrackPointExtension>
    </extensions>
   </trkpt>
   <trkpt lat="38.5795400" lon="-121.4800940">
    <ele>9.6</ele>
    <time>2025-11-21T15:12:44Z</time>
    <extensions>
     <power>198</power>
     <gpxtpx:TrackPointExtension>
      <gpxtpx:atemp>20</gpxtpx:atemp>
      <gpxtpx:hr>142</gpxtpx:hr>
      <gpxtpx:cad>88</gpxtpx:cad>
     </gpxtpx:TrackPointExtension>
    </extensions>
   </trkpt>
   <trkpt lat="38.5795550" lon="-121.4800840">
    <ele>9.8</ele>
    <time>2025-11-21T15:12:45Z</time>
    <extensions>
     <power>197</power>
     <gpxtpx:TrackPointExtension>
      <gpxtpx:atemp>20</gpxtpx:atemp>
      <gpxtpx:hr>142</gpxtpx:hr>
      <gpxtpx:cad>88</gpxtpx:cad>
     </gpxtpx:TrackPointExtension>
    </extensions>
   </trkpt>
   <trkpt lat="38.5795710" lon="-121.4800780">
    <ele>9.8</ele>
    <time>2025-11-21T15:12:46Z</time>
    <extensions>
     <power>196</power>
     <gpxtpx:TrackPointExtension>
      <gpxtpx:atemp>20</gpxtpx:atemp>
      <gpxtpx:hr>143</gpxtpx:hr>
      <gpxtpx:cad>88</gpxtpx:cad>
     </gpxtpx:TrackPointExtension>
    </extensions>
   </trkpt>
   <trkpt lat="38.5795920" lon="-121.4800710">
    <ele>9.8</ele>
    <time>2025-11-21T15:12:47Z</time>
    <extensions>
     <power>195</power>
     <gpxtpx:TrackPointExtension>
      <gpxtpx:atemp>20</gpxtpx:atemp>
      <gpxtpx:hr>143</gpxtpx:hr>
      <gpxtpx:cad>88</gpxtpx:cad>
     </gpxtpx:TrackPointExtension>
    </extensions>
   </trkpt>
   <trkpt lat="38.5796100" lon="-121.4800670">
    <ele>9.8</ele>
    <time>2025-11-21T15:12:48Z</time>
    <extensions>
     <power>193</power>
     <gpxtpx:TrackPointExtension>
      <gpxtpx:atemp>20</gpxtpx:atemp>
      <gpxtpx:hr>144</gpxtpx:hr>
      <gpxtpx:cad>88</gpxtpx:cad>
     </gpxtpx:TrackPointExtension>
    </extensions>
   </trkpt>
   <trkpt lat="38.5796270" lon="-121.4800600">
    <ele>9.8</ele>
    <time>2025-11-21T15:12:49Z</time>
    <extensions>
     <power>192</power>
     <gpxtpx:TrackPointExtension>
      <gpxtpx:atemp>20</gpxtpx:atemp>
      <gpxtpx:hr>145</gpxtpx:hr>
      <gpxtpx:cad>88</gpxtpx:cad>
     </gpxtpx:TrackPointExtension>
    </extensions>
   </trkpt>
   <trkpt lat="38.5796440" lon="-121.4800520">
    <ele>9.6</ele>
    <time>2025-11-21T15:12:50Z</time>
    <extensions>
     <power>192</power>
     <gpxtpx:TrackPointExtension>
      <gpxtpx:atemp>20</gpxtpx:atemp>
      <gpxtpx:hr>145</gpxtpx:hr>
      <gpxtpx:cad>88</gpxtpx:cad>
     </gpxtpx:TrackPointExtension>
    </extensions>
   </trkpt>
   <trkpt lat="38.5796570" lon="-121.4800420">
    <ele>9.6</ele>
    <time>2025-11-21T15:12:51Z</time>
    <extensions>
     <power>191</power>
     <gpxtpx:TrackPointExtension>
      <gpxtpx:atemp>20</gpxtpx:atemp>
      <gpxtpx:hr>145</gpxtpx:hr>
      <gpxtpx:cad>88</gpxtpx:cad>
     </gpxtpx:TrackPointExtension>
    </extensions>
   </trkpt>
   <trkpt lat="38.5796760" lon="-121.4800310">
    <ele>9.6</ele>
    <time>2025-11-21T15:12:52Z</time>
    <extensions>
     <power>191</power>
     <gpxtpx:TrackPointExtension>
      <gpxtpx:atemp>20</gpxtpx:atemp>
      <gpxtpx:hr>146</gpxtpx:hr>
      <gpxtpx:cad>90</gpxtpx:cad>
     </gpxtpx:TrackPointExtension>
    </extensions>
   </trkpt>
   <trkpt lat="38.5796910" lon="-121.4800220">
    <ele>9.6</ele>
    <time>2025-11-21T15:12:53Z</time>
    <extensions>
     <power>188</power>
     <gpxtpx:TrackPointExtension>
      <gpxtpx:atemp>20</gpxtpx:atemp>
      <gpxtpx:hr>146</gpxtpx:hr>
      <gpxtpx:cad>90</gpxtpx:cad>
     </gpxtpx:TrackPointExtension>
    </extensions>
   </trkpt>
   <trkpt lat="38.5797100" lon="-121.4800120">
    <ele>9.6</ele>
    <time>2025-11-21T15:12:54Z</time>
    <extensions>
     <power>187</power>
     <gpxtpx:TrackPointExtension>
      <gpxtpx:atemp>20</gpxtpx:atemp>
      <gpxtpx:hr>146</gpxtpx:hr>
      <gpxtpx:cad>90</gpxtpx:cad>
     </gpxtpx:TrackPointExtension>
    </extensions>
   </trkpt>
   <trkpt lat="38.5797320" lon="-121.4800040">
    <ele>9.6</ele>
    <time>2025-11-21T15:12:55Z</time>
    <extensions>
     <power>186</power>
     <gpxtpx:TrackPointExtension>
      <gpxtpx:atemp>20</gpxtpx:atemp>
      <gpxtpx:hr>146</gpxtpx:hr>
      <gpxtpx:cad>89</gpxtpx:cad>
     </gpxtpx:TrackPointExtension>
    </extensions>
   </trkpt>
   <trkpt lat="38.5797570" lon="-121.4799930">
    <ele>9.6</ele>
    <time>2025-11-21T15:12:56Z</time>
    <extensions>
     <power>186</power>
     <gpxtpx:TrackPointExtension>
      <gpxtpx:atemp>20</gpxtpx:atemp>
      <gpxtpx:hr>146</gpxtpx:hr>
      <gpxtpx:cad>89</gpxtpx:cad>
     </gpxtpx:TrackPointExtension>
    </extensions>
   </trkpt>
   <trkpt lat="38.5797770" lon="-121.4799850">
    <ele>9.6</ele>
    <time>2025-11-21T15:12:57Z</time>
    <extensions>
     <power>186</power>
     <gpxtpx:TrackPointExtension>
      <gpxtpx:atemp>20</gpxtpx:atemp>
      <gpxtpx:hr>145</gpxtpx:hr>
      <gpxtpx:cad>88</gpxtpx:cad>
     </gpxtpx:TrackPointExtension>
    </extensions>
   </trkpt>
   <trkpt lat="38.5798050" lon="-121.4799800">
    <ele>9.4</ele>
    <time>2025-11-21T15:12:58Z</time>
    <extensions>
     <power>187</power>
     <gpxtpx:TrackPointExtension>
      <gpxtpx:atemp>20</gpxtpx:atemp>
      <gpxtpx:hr>146</gpxtpx:hr>
      <gpxtpx:cad>88</gpxtpx:cad>
     </gpxtpx:TrackPointExtension>
    </extensions>
   </trkpt>
   <trkpt lat="38.5798270" lon="-121.4799690">
    <ele>9.4</ele>
    <time>2025-11-21T15:12:59Z</time>
    <extensions>
     <power>187</power>
     <gpxtpx:TrackPointExtension>
      <gpxtpx:atemp>20</gpxtpx:atemp>
      <gpxtpx:hr>146</gpxtpx:hr>
      <gpxtpx:cad>90</gpxtpx:cad>
     </gpxtpx:TrackPointExtension>
    </extensions>
   </trkpt>
   <trkpt lat="38.5798480" lon="-121.4799580">
    <ele>9.4</ele>
    <time>2025-11-21T15:13:00Z</time>
    <extensions>
     <power>187</power>
     <gpxtpx:TrackPointExtension>
      <gpxtpx:atemp>20</gpxtpx:atemp>
      <gpxtpx:hr>146</gpxtpx:hr>
      <gpxtpx:cad>90</gpxtpx:cad>
     </gpxtpx:TrackPointExtension>
    </extensions>
   </trkpt>
   <trkpt lat="38.5798690" lon="-121.4799470">
    <ele>9.4</ele>
    <time>2025-11-21T15:13:01Z</time>
    <extensions>
     <power>186</power>
     <gpxtpx:TrackPointExtension>
      <gpxtpx:atemp>20</gpxtpx:atemp>
      <gpxtpx:hr>146</gpxtpx:hr>
      <gpxtpx:cad>90</gpxtpx:cad>
     </gpxtpx:TrackPointExtension>
    </extensions>
   </trkpt>
   <trkpt lat="38.5798920" lon="-121.4799350">
    <ele>9.4</ele>
    <time>2025-11-21T15:13:02Z</time>
    <extensions>
     <power>187</power>
     <gpxtpx:TrackPointExtension>
      <gpxtpx:atemp>20</gpxtpx:atemp>
      <gpxtpx:hr>146</gpxtpx:hr>
      <gpxtpx:cad>90</gpxtpx:cad>
     </gpxtpx:TrackPointExtension>
    </extensions>
   </trkpt>
   <trkpt lat="38.5799150" lon="-121.4799250">
    <ele>9.4</ele>
    <time>2025-11-21T15:13:03Z</time>
    <extensions>
     <power>187</power>
     <gpxtpx:TrackPointExtension>
      <gpxtpx:atemp>20</gpxtpx:atemp>
      <gpxtpx:hr>146</gpxtpx:hr>
      <gpxtpx:cad>90</gpxtpx:cad>
     </gpxtpx:TrackPointExtension>
    </extensions>
   </trkpt>
   <trkpt lat="38.5799450" lon="-121.4799180">
    <ele>9.4</ele>
    <time>2025-11-21T15:13:04Z</time>
    <extensions>
     <power>187</power>
     <gpxtpx:TrackPointExtension>
      <gpxtpx:atemp>20</gpxtpx:atemp>
      <gpxtpx:hr>146</gpxtpx:hr>
      <gpxtpx:cad>90</gpxtpx:cad>
     </gpxtpx:TrackPointExtension>
    </extensions>
   </trkpt>
   <trkpt lat="38.5799710" lon="-121.4799120">
    <ele>9.4</ele>
    <time>2025-11-21T15:13:05Z</time>
    <extensions>
     <power>189</power>
     <gpxtpx:TrackPointExtension>
      <gpxtpx:atemp>20</gpxtpx:atemp>
      <gpxtpx:hr>146</gpxtpx:hr>
      <gpxtpx:cad>89</gpxtpx:cad>
     </gpxtpx:TrackPointExtension>
    </extensions>
   </trkpt>
   <trkpt lat="38.5799950" lon="-121.4799050">
    <ele>9.4</ele>
    <time>2025-11-21T15:13:06Z</time>
    <extensions>
     <power>200</power>
     <gpxtpx:TrackPointExtension>
      <gpxtpx:atemp>20</gpxtpx:atemp>
      <gpxtpx:hr>146</gpxtpx:hr>
      <gpxtpx:cad>89</gpxtpx:cad>
     </gpxtpx:TrackPointExtension>
    </extensions>
   </trkpt>
   <trkpt lat="38.5800160" lon="-121.4798960">
    <ele>9.4</ele>
    <time>2025-11-21T15:13:07Z</time>
    <extensions>
     <power>209</power>
     <gpxtpx:TrackPointExtension>
      <gpxtpx:atemp>20</gpxtpx:atemp>
      <gpxtpx:hr>146</gpxtpx:hr>
      <gpxtpx:cad>89</gpxtpx:cad>
     </gpxtpx:TrackPointExtension>
    </extensions>
   </trkpt>
   <trkpt lat="38.5800420" lon="-121.4798910">
    <ele>9.4</ele>
    <time>2025-11-21T15:13:08Z</time>
    <extensions>
     <power>211</power>
     <gpxtpx:TrackPointExtension>
      <gpxtpx:atemp>20</gpxtpx:atemp>
      <gpxtpx:hr>147</gpxtpx:hr>
      <gpxtpx:cad>89</gpxtpx:cad>
     </gpxtpx:TrackPointExtension>
    </extensions>
   </trkpt>
   <trkpt lat="38.5800550" lon="-121.4798790">
    <ele>9.4</ele>
    <time>2025-11-21T15:13:09Z</time>
    <extensions>
     <power>216</power>
     <gpxtpx:TrackPointExtension>
      <gpxtpx:atemp>20</gpxtpx:atemp>
      <gpxtpx:hr>146</gpxtpx:hr>
      <gpxtpx:cad>89</gpxtpx:cad>
     </gpxtpx:TrackPointExtension>
    </extensions>
   </trkpt>
   <trkpt lat="38.5800750" lon="-121.4798740">
    <ele>9.4</ele>
    <time>2025-11-21T15:13:10Z</time>
    <extensions>
     <power>213</power>
     <gpxtpx:TrackPointExtension>
      <gpxtpx:atemp>20</gpxtpx:atemp>
      <gpxtpx:hr>146</gpxtpx:hr>
      <gpxtpx:cad>89</gpxtpx:cad>
     </gpxtpx:TrackPointExtension>
    </extensions>
   </trkpt>
   <trkpt lat="38.5800920" lon="-121.4798640">
    <ele>9.4</ele>
    <time>2025-11-21T15:13:11Z</time>
    <extensions>
     <power>207</power>
     <gpxtpx:TrackPointExtension>
      <gpxtpx:atemp>20</gpxtpx:atemp>
      <gpxtpx:hr>146</gpxtpx:hr>
      <gpxtpx:cad>89</gpxtpx:cad>
     </gpxtpx:TrackPointExtension>
    </extensions>
   </trkpt>
   <trkpt lat="38.5801060" lon="-121.4798550">
    <ele>9.4</ele>
    <time>2025-11-21T15:13:12Z</time>
    <extensions>
     <power>200</power>
     <gpxtpx:TrackPointExtension>
      <gpxtpx:atemp>20</gpxtpx:atemp>
      <gpxtpx:hr>146</gpxtpx:hr>
      <gpxtpx:cad>88</gpxtpx:cad>
     </gpxtpx:TrackPointExtension>
    </extensions>
   </trkpt>
   <trkpt lat="38.5801240" lon="-121.4798410">
    <ele>9.4</ele>
    <time>2025-11-21T15:13:13Z</time>
    <extensions>
     <power>194</power>
     <gpxtpx:TrackPointExtension>
      <gpxtpx:atemp>20</gpxtpx:atemp>
      <gpxtpx:hr>147</gpxtpx:hr>
      <gpxtpx:cad>88</gpxtpx:cad>
     </gpxtpx:TrackPointExtension>
    </extensions>
   </trkpt>
   <trkpt lat="38.5801450" lon="-121.4798340">
    <ele>9.4</ele>
    <time>2025-11-21T15:13:14Z</time>
    <extensions>
     <power>190</power>
     <gpxtpx:TrackPointExtension>
      <gpxtpx:atemp>20</gpxtpx:atemp>
      <gpxtpx:hr>146</gpxtpx:hr>
      <gpxtpx:cad>88</gpxtpx:cad>
     </gpxtpx:TrackPointExtension>
    </extensions>
   </trkpt>
   <trkpt lat="38.5801610" lon="-121.4798230">
    <ele>9.4</ele>
    <time>2025-11-21T15:13:15Z</time>
    <extensions>
     <power>190</power>
     <gpxtpx:TrackPointExtension>
      <gpxtpx:atemp>20</gpxtpx:atemp>
      <gpxtpx:hr>147</gpxtpx:hr>
      <gpxtpx:cad>88</gpxtpx:cad>
     </gpxtpx:TrackPointExtension>
    </extensions>
   </trkpt>
   <trkpt lat="38.5801770" lon="-121.4798160">
    <ele>9.6</ele>
    <time>2025-11-21T15:13:16Z</time>
    <extensions>
     <power>193</power>
     <gpxtpx:TrackPointExtension>
      <gpxtpx:atemp>20</gpxtpx:atemp>
      <gpxtpx:hr>147</gpxtpx:hr>
      <gpxtpx:cad>87</gpxtpx:cad>
     </gpxtpx:TrackPointExtension>
    </extensions>
   </trkpt>
   <trkpt lat="38.5801980" lon="-121.4798080">
    <ele>9.6</ele>
    <time>2025-11-21T15:13:17Z</time>
    <extensions>
     <power>194</power>
     <gpxtpx:TrackPointExtension>
      <gpxtpx:atemp>20</gpxtpx:atemp>
      <gpxtpx:hr>147</gpxtpx:hr>
      <gpxtpx:cad>87</gpxtpx:cad>
     </gpxtpx:TrackPointExtension>
    </extensions>
   </trkpt>
   <trkpt lat="38.5802160" lon="-121.4798070">
    <ele>9.6</ele>
    <time>2025-11-21T15:13:18Z</time>
    <extensions>
     <power>190</power>
     <gpxtpx:TrackPointExtension>
      <gpxtpx:atemp>20</gpxtpx:atemp>
      <gpxtpx:hr>147</gpxtpx:hr>
      <gpxtpx:cad>87</gpxtpx:cad>
     </gpxtpx:TrackPointExtension>
    </extensions>
   </trkpt>
   <trkpt lat="38.5802460" lon="-121.4798030">
    <ele>9.6</ele>
    <time>2025-11-21T15:13:19Z</time>
    <extensions>
     <power>191</power>
     <gpxtpx:TrackPointExtension>
      <gpxtpx:atemp>20</gpxtpx:atemp>
      <gpxtpx:hr>146</gpxtpx:hr>
      <gpxtpx:cad>87</gpxtpx:cad>
     </gpxtpx:TrackPointExtension>
    </extensions>
   </trkpt>
   <trkpt lat="38.5802690" lon="-121.4797990">
    <ele>9.4</ele>
    <time>2025-11-21T15:13:20Z</time>
    <extensions>
     <power>192</power>
     <gpxtpx:TrackPointExtension>
      <gpxtpx:atemp>20</gpxtpx:atemp>
      <gpxtpx:hr>147</gpxtpx:hr>
      <gpxtpx:cad>87</gpxtpx:cad>
     </gpxtpx:TrackPointExtension>
    </extensions>
   </trkpt>
   <trkpt lat="38.5802930" lon="-121.4797850">
    <ele>9.4</ele>
    <time>2025-11-21T15:13:21Z</time>
    <extensions>
     <power>201</power>
     <gpxtpx:TrackPointExtension>
      <gpxtpx:atemp>20</gpxtpx:atemp>
      <gpxtpx:hr>147</gpxtpx:hr>
      <gpxtpx:cad>87</gpxtpx:cad>
     </gpxtpx:TrackPointExtension>
    </extensions>
   </trkpt>
   <trkpt lat="38.5803140" lon="-121.4797720">
    <ele>9.4</ele>
    <time>2025-11-21T15:13:22Z</time>
    <extensions>
     <power>207</power>
     <gpxtpx:TrackPointExtension>
      <gpxtpx:atemp>20</gpxtpx:atemp>
      <gpxtpx:hr>147</gpxtpx:hr>
      <gpxtpx:cad>87</gpxtpx:cad>
     </gpxtpx:TrackPointExtension>
    </extensions>
   </trkpt>
   <trkpt lat="38.5803320" lon="-121.4797640">
    <ele>9.4</ele>
    <time>2025-11-21T15:13:23Z</time>
    <extensions>
     <power>223</power>
     <gpxtpx:TrackPointExtension>
      <gpxtpx:atemp>20</gpxtpx:atemp>
      <gpxtpx:hr>146</gpxtpx:hr>
      <gpxtpx:cad>88</gpxtpx:cad>
     </gpxtpx:TrackPointExtension>
    </extensions>
   </trkpt>
   <trkpt lat="38.5803520" lon="-121.4797520">
    <ele>9.4</ele>
    <time>2025-11-21T15:13:24Z</time>
    <extensions>
     <power>224</power>
     <gpxtpx:TrackPointExtension>
      <gpxtpx:atemp>20</gpxtpx:atemp>
      <gpxtpx:hr>147</gpxtpx:hr>
      <gpxtpx:cad>88</gpxtpx:cad>
     </gpxtpx:TrackPointExtension>
    </extensions>
   </trkpt>
   <trkpt lat="38.5803690" lon="-121.4797510">
    <ele>9.4</ele>
    <time>2025-11-21T15:13:25Z</time>
    <extensions>
     <power>216</power>
     <gpxtpx:TrackPointExtension>
      <gpxtpx:atemp>20</gpxtpx:atemp>
      <gpxtpx:hr>147</gpxtpx:hr>
      <gpxtpx:cad>88</gpxtpx:cad>
     </gpxtpx:TrackPointExtension>
    </extensions>
   </trkpt>
   <trkpt lat="38.5803930" lon="-121.4797470">
    <ele>9.4</ele>
    <time>2025-11-21T15:13:26Z</time>
    <extensions>
     <power>209</power>
     <gpxtpx:TrackPointExtension>
      <gpxtpx:atemp>20</gpxtpx:atemp>
      <gpxtpx:hr>146</gpxtpx:hr>
      <gpxtpx:cad>87</gpxtpx:cad>
     </gpxtpx:TrackPointExtension>
    </extensions>
   </trkpt>
   <trkpt lat="38.5804120" lon="-121.4797430">
    <ele>9.4</ele>
    <time>2025-11-21T15:13:27Z</time>
    <extensions>
     <power>201</power>
     <gpxtpx:TrackPointExtension>
      <gpxtpx:atemp>20</gpxtpx:atemp>
      <gpxtpx:hr>147</gpxtpx:hr>
      <gpxtpx:cad>87</gpxtpx:cad>
     </gpxtpx:TrackPointExtension>
    </extensions>
   </trkpt>
   <trkpt lat="38.5804290" lon="-121.4797300">
    <ele>9.4</ele>
    <time>2025-11-21T15:13:28Z</time>
    <extensions>
     <power>201</power>
     <gpxtpx:TrackPointExtension>
      <gpxtpx:atemp>20</gpxtpx:atemp>
      <gpxtpx:hr>147</gpxtpx:hr>
      <gpxtpx:cad>86</gpxtpx:cad>
     </gpxtpx:TrackPointExtension>
    </extensions>
   </trkpt>
   <trkpt lat="38.5804460" lon="-121.4797230">
    <ele>9.4</ele>
    <time>2025-11-21T15:13:29Z</time>
    <extensions>
     <power>202</power>
     <gpxtpx:TrackPointExtension>
      <gpxtpx:atemp>20</gpxtpx:atemp>
      <gpxtpx:hr>146</gpxtpx:hr>
      <gpxtpx:cad>86</gpxtpx:cad>
     </gpxtpx:TrackPointExtension>
    </extensions>
   </trkpt>
   <trkpt lat="38.5804690" lon="-121.4797170">
    <ele>9.4</ele>
    <time>2025-11-21T15:13:30Z</time>
    <extensions>
     <power>201</power>
     <gpxtpx:TrackPointExtension>
      <gpxtpx:atemp>19</gpxtpx:atemp>
      <gpxtpx:hr>147</gpxtpx:hr>
      <gpxtpx:cad>86</gpxtpx:cad>
     </gpxtpx:TrackPointExtension>
    </extensions>
   </trkpt>
   <trkpt lat="38.5804880" lon="-121.4797100">
    <ele>9.6</ele>
    <time>2025-11-21T15:13:31Z</time>
    <extensions>
     <power>198</power>
     <gpxtpx:TrackPointExtension>
      <gpxtpx:atemp>19</gpxtpx:atemp>
      <gpxtpx:hr>147</gpxtpx:hr>
      <gpxtpx:cad>87</gpxtpx:cad>
     </gpxtpx:TrackPointExtension>
    </extensions>
   </trkpt>
   <trkpt lat="38.5805080" lon="-121.4797010">
    <ele>9.6</ele>
    <time>2025-11-21T15:13:32Z</time>
    <extensions>
     <power>197</power>
     <gpxtpx:TrackPointExtension>
      <gpxtpx:atemp>20</gpxtpx:atemp>
      <gpxtpx:hr>146</gpxtpx:hr>
      <gpxtpx:cad>87</gpxtpx:cad>
     </gpxtpx:TrackPointExtension>
    </extensions>
   </trkpt>
   <trkpt lat="38.5805270" lon="-121.4796940">
    <ele>9.6</ele>
    <time>2025-11-21T15:13:33Z</time>
    <extensions>
     <power>195</power>
     <gpxtpx:TrackPointExtension>
      <gpxtpx:atemp>19</gpxtpx:atemp>
      <gpxtpx:hr>146</gpxtpx:hr>
      <gpxtpx:cad>88</gpxtpx:cad>
     </gpxtpx:TrackPointExtension>
    </extensions>
   </trkpt>
   <trkpt lat="38.5805460" lon="-121.4796880">
    <ele>9.6</ele>
    <time>2025-11-21T15:13:34Z</time>
    <extensions>
     <power>194</power>
     <gpxtpx:TrackPointExtension>
      <gpxtpx:atemp>19</gpxtpx:atemp>
      <gpxtpx:hr>146</gpxtpx:hr>
      <gpxtpx:cad>88</gpxtpx:cad>
     </gpxtpx:TrackPointExtension>
    </extensions>
   </trkpt>
   <trkpt lat="38.5805660" lon="-121.4796800">
    <ele>9.6</ele>
    <time>2025-11-21T15:13:35Z</time>
    <extensions>
     <power>195</power>
     <gpxtpx:TrackPointExtension>
      <gpxtpx:atemp>19</gpxtpx:atemp>
      <gpxtpx:hr>146</gpxtpx:hr>
      <gpxtpx:cad>88</gpxtpx:cad>
     </gpxtpx:TrackPointExtension>
    </extensions>
   </trkpt>
   <trkpt lat="38.5805860" lon="-121.4796740">
    <ele>9.6</ele>
    <time>2025-11-21T15:13:36Z</time>
    <extensions>
     <power>196</power>
     <gpxtpx:TrackPointExtension>
      <gpxtpx:atemp>19</gpxtpx:atemp>
      <gpxtpx:hr>147</gpxtpx:hr>
      <gpxtpx:cad>88</gpxtpx:cad>
     </gpxtpx:TrackPointExtension>
    </extensions>
   </trkpt>
   <trkpt lat="38.5806030" lon="-121.4796650">
    <ele>9.6</ele>
    <time>2025-11-21T15:13:37Z</time>
    <extensions>
     <power>196</power>
     <gpxtpx:TrackPointExtension>
      <gpxtpx:atemp>19</gpxtpx:atemp>
      <gpxtpx:hr>146</gpxtpx:hr>
      <gpxtpx:cad>87</gpxtpx:cad>
     </gpxtpx:TrackPointExtension>
    </extensions>
   </trkpt>
   <trkpt lat="38.5806220" lon="-121.4796560">
    <ele>9.6</ele>
    <time>2025-11-21T15:13:38Z</time>
    <extensions>
     <power>196</power>
     <gpxtpx:TrackPointExtension>
      <gpxtpx:atemp>19</gpxtpx:atemp>
      <gpxtpx:hr>146</gpxtpx:hr>
      <gpxtpx:cad>88</gpxtpx:cad>
     </gpxtpx:TrackPointExtension>
    </extensions>
   </trkpt>
   <trkpt lat="38.5806420" lon="-121.4796420">
    <ele>9.6</ele>
    <time>2025-11-21T15:13:39Z</time>
    <extensions>
     <power>196</power>
     <gpxtpx:TrackPointExtension>
      <gpxtpx:atemp>19</gpxtpx:atemp>
      <gpxtpx:hr>146</gpxtpx:hr>
      <gpxtpx:cad>87</gpxtpx:cad>
     </gpxtpx:TrackPointExtension>
    </extensions>
   </trkpt>
   <trkpt lat="38.5806620" lon="-121.4796340">
    <ele>9.6</ele>
    <time>2025-11-21T15:13:40Z</time>
    <extensions>
     <power>196</power>
     <gpxtpx:TrackPointExtension>
      <gpxtpx:atemp>20</gpxtpx:atemp>
      <gpxtpx:hr>146</gpxtpx:hr>
      <gpxtpx:cad>88</gpxtpx:cad>
     </gpxtpx:TrackPointExtension>
    </extensions>
   </trkpt>
   <trkpt lat="38.5806780" lon="-121.4796190">
    <ele>9.8</ele>
    <time>2025-11-21T15:13:41Z</time>
    <extensions>
     <power>198</power>
     <gpxtpx:TrackPointExtension>
      <gpxtpx:atemp>19</gpxtpx:atemp>
      <gpxtpx:hr>146</gpxtpx:hr>
      <gpxtpx:cad>88</gpxtpx:cad>
     </gpxtpx:TrackPointExtension>
    </extensions>
   </trkpt>
   <trkpt lat="38.5806940" lon="-121.4796090">
    <ele>9.6</ele>
    <time>2025-11-21T15:13:42Z</time>
    <extensions>
     <power>198</power>
     <gpxtpx:TrackPointExtension>
      <gpxtpx:atemp>19</gpxtpx:atemp>
      <gpxtpx:hr>146</gpxtpx:hr>
      <gpxtpx:cad>88</gpxtpx:cad>
     </gpxtpx:TrackPointExtension>
    </extensions>
   </trkpt>
   <trkpt lat="38.5807130" lon="-121.4795960">
    <ele>9.6</ele>
    <time>2025-11-21T15:13:43Z</time>
    <extensions>
     <power>198</power>
     <gpxtpx:TrackPointExtension>
      <gpxtpx:atemp>19</gpxtpx:atemp>
      <gpxtpx:hr>146</gpxtpx:hr>
      <gpxtpx:cad>88</gpxtpx:cad>
     </gpxtpx:TrackPointExtension>
    </extensions>
   </trkpt>
   <trkpt lat="38.5807280" lon="-121.4795850">
    <ele>9.6</ele>
    <time>2025-11-21T15:13:44Z</time>
    <extensions>
     <power>198</power>
     <gpxtpx:TrackPointExtension>
      <gpxtpx:atemp>19</gpxtpx:atemp>
      <gpxtpx:hr>146</gpxtpx:hr>
      <gpxtpx:cad>88</gpxtpx:cad>
     </gpxtpx:TrackPointExtension>
    </extensions>
   </trkpt>
   <trkpt lat="38.5807470" lon="-121.4795740">
    <ele>9.6</ele>
    <time>2025-11-21T15:13:45Z</time>
    <extensions>
     <power>197</power>
     <gpxtpx:TrackPointExtension>
      <gpxtpx:atemp>19</gpxtpx:atemp>
      <gpxtpx:hr>146</gpxtpx:hr>
      <gpxtpx:cad>88</gpxtpx:cad>
     </gpxtpx:TrackPointExtension>
    </extensions>
   </trkpt>
   <trkpt lat="38.5807650" lon="-121.4795690">
    <ele>9.6</ele>
    <time>2025-11-21T15:13:46Z</time>
    <extensions>
     <power>195</power>
     <gpxtpx:TrackPointExtension>
      <gpxtpx:atemp>19</gpxtpx:atemp>
      <gpxtpx:hr>146</gpxtpx:hr>
      <gpxtpx:cad>88</gpxtpx:cad>
     </gpxtpx:TrackPointExtension>
    </extensions>
   </trkpt>
   <trkpt lat="38.5807900" lon="-121.4795600">
    <ele>9.6</ele>
    <time>2025-11-21T15:13:47Z</time>
    <extensions>
     <power>194</power>
     <gpxtpx:TrackPointExtension>
      <gpxtpx:atemp>19</gpxtpx:atemp>
      <gpxtpx:hr>146</gpxtpx:hr>
      <gpxtpx:cad>88</gpxtpx:cad>
     </gpxtpx:TrackPointExtension>
    </extensions>
   </trkpt>
   <trkpt lat="38.5808060" lon="-121.4795480">
    <ele>9.6</ele>
    <time>2025-11-21T15:13:48Z</time>
    <extensions>
     <power>195</power>
     <gpxtpx:TrackPointExtension>
      <gpxtpx:atemp>19</gpxtpx:atemp>
      <gpxtpx:hr>146</gpxtpx:hr>
      <gpxtpx:cad>88</gpxtpx:cad>
     </gpxtpx:TrackPointExtension>
    </extensions>
   </trkpt>
   <trkpt lat="38.5808240" lon="-121.4795420">
    <ele>9.6</ele>
    <time>2025-11-21T15:13:49Z</time>
    <extensions>
     <power>196</power>
     <gpxtpx:TrackPointExtension>
      <gpxtpx:atemp>19</gpxtpx:atemp>
      <gpxtpx:hr>146</gpxtpx:hr>
      <gpxtpx:cad>88</gpxtpx:cad>
     </gpxtpx:TrackPointExtension>
    </extensions>
   </trkpt>
   <trkpt lat="38.5808410" lon="-121.4795270">
    <ele>9.6</ele>
    <time>2025-11-21T15:13:50Z</time>
    <extensions>
     <power>196</power>
     <gpxtpx:TrackPointExtension>
      <gpxtpx:atemp>19</gpxtpx:atemp>
      <gpxtpx:hr>146</gpxtpx:hr>
      <gpxtpx:cad>88</gpxtpx:cad>
     </gpxtpx:TrackPointExtension>
    </extensions>
   </trkpt>
   <trkpt lat="38.5808600" lon="-121.4795160">
    <ele>9.6</ele>
    <time>2025-11-21T15:13:51Z</time>
    <extensions>
     <power>197</power>
     <gpxtpx:TrackPointExtension>
      <gpxtpx:atemp>19</gpxtpx:atemp>
      <gpxtpx:hr>146</gpxtpx:hr>
      <gpxtpx:cad>87</gpxtpx:cad>
     </gpxtpx:TrackPointExtension>
    </extensions>
   </trkpt>
   <trkpt lat="38.5808800" lon="-121.4795020">
    <ele>9.8</ele>
    <time>2025-11-21T15:13:52Z</time>
    <extensions>
     <power>197</power>
     <gpxtpx:TrackPointExtension>
      <gpxtpx:atemp>19</gpxtpx:atemp>
      <gpxtpx:hr>146</gpxtpx:hr>
      <gpxtpx:cad>87</gpxtpx:cad>
     </gpxtpx:TrackPointExtension>
    </extensions>
   </trkpt>
   <trkpt lat="38.5808990" lon="-121.4794940">
    <ele>9.8</ele>
    <time>2025-11-21T15:13:53Z</time>
    <extensions>
     <power>198</power>
     <gpxtpx:TrackPointExtension>
      <gpxtpx:atemp>19</gpxtpx:atemp>
      <gpxtpx:hr>146</gpxtpx:hr>
      <gpxtpx:cad>87</gpxtpx:cad>
     </gpxtpx:TrackPointExtension>
    </extensions>
   </trkpt>
   <trkpt lat="38.5809220" lon="-121.4794860">
    <ele>9.8</ele>
    <time>2025-11-21T15:13:54Z</time>
    <extensions>
     <power>198</power>
     <gpxtpx:TrackPointExtension>
      <gpxtpx:atemp>19</gpxtpx:atemp>
      <gpxtpx:hr>146</gpxtpx:hr>
      <gpxtpx:cad>87</gpxtpx:cad>
     </gpxtpx:TrackPointExtension>
    </extensions>
   </trkpt>
   <trkpt lat="38.5809400" lon="-121.4794820">
    <ele>9.8</ele>
    <time>2025-11-21T15:13:55Z</time>
    <extensions>
     <power>197</power>
     <gpxtpx:TrackPointExtension>
      <gpxtpx:atemp>19</gpxtpx:atemp>
      <gpxtpx:hr>146</gpxtpx:hr>
      <gpxtpx:cad>88</gpxtpx:cad>
     </gpxtpx:TrackPointExtension>
    </extensions>
   </trkpt>
   <trkpt lat="38.5809650" lon="-121.4794740">
    <ele>9.8</ele>
    <time>2025-11-21T15:13:56Z</time>
    <extensions>
     <power>197</power>
     <gpxtpx:TrackPointExtension>
      <gpxtpx:atemp>19</gpxtpx:atemp>
      <gpxtpx:hr>146</gpxtpx:hr>
      <gpxtpx:cad>88</gpxtpx:cad>
     </gpxtpx:TrackPointExtension>
    </extensions>
   </trkpt>
   <trkpt lat="38.5809870" lon="-121.4794650">
    <ele>9.8</ele>
    <time>2025-11-21T15:13:57Z</time>
    <extensions>
     <power>197</power>
     <gpxtpx:TrackPointExtension>
      <gpxtpx:atemp>19</gpxtpx:atemp>
      <gpxtpx:hr>146</gpxtpx:hr>
      <gpxtpx:cad>88</gpxtpx:cad>
     </gpxtpx:TrackPointExtension>
    </extensions>
   </trkpt>
   <trkpt lat="38.5810130" lon="-121.4794570">
    <ele>9.8</ele>
    <time>2025-11-21T15:13:58Z</time>
    <extensions>
     <power>198</power>
     <gpxtpx:TrackPointExtension>
      <gpxtpx:atemp>19</gpxtpx:atemp>
      <gpxtpx:hr>146</gpxtpx:hr>
      <gpxtpx:cad>88</gpxtpx:cad>
     </gpxtpx:TrackPointExtension>
    </extensions>
   </trkpt>
   <trkpt lat="38.5810340" lon="-121.4794510">
    <ele>9.8</ele>
    <time>2025-11-21T15:13:59Z</time>
    <extensions>
     <power>200</power>
     <gpxtpx:TrackPointExtension>
      <gpxtpx:atemp>19</gpxtpx:atemp>
      <gpxtpx:hr>146</gpxtpx:hr>
      <gpxtpx:cad>88</gpxtpx:cad>
     </gpxtpx:TrackPointExtension>
    </extensions>
   </trkpt>
   <trkpt lat="38.5810550" lon="-121.4794440">
    <ele>9.8</ele>
    <time>2025-11-21T15:14:00Z</time>
    <extensions>
     <power>201</power>
     <gpxtpx:TrackPointExtension>
      <gpxtpx:atemp>19</gpxtpx:atemp>
      <gpxtpx:hr>146</gpxtpx:hr>
      <gpxtpx:cad>87</gpxtpx:cad>
     </gpxtpx:TrackPointExtension>
    </extensions>
   </trkpt>
   <trkpt lat="38.5810730" lon="-121.4794310">
    <ele>9.8</ele>
    <time>2025-11-21T15:14:01Z</time>
    <extensions>
     <power>202</power>
     <gpxtpx:TrackPointExtension>
      <gpxtpx:atemp>19</gpxtpx:atemp>
      <gpxtpx:hr>146</gpxtpx:hr>
      <gpxtpx:cad>87</gpxtpx:cad>
     </gpxtpx:TrackPointExtension>
    </extensions>
   </trkpt>
   <trkpt lat="38.5810970" lon="-121.4794210">
    <ele>9.8</ele>
    <time>2025-11-21T15:14:02Z</time>
    <extensions>
     <power>202</power>
     <gpxtpx:TrackPointExtension>
      <gpxtpx:atemp>19</gpxtpx:atemp>
      <gpxtpx:hr>146</gpxtpx:hr>
      <gpxtpx:cad>87</gpxtpx:cad>
     </gpxtpx:TrackPointExtension>
    </extensions>
   </trkpt>
   <trkpt lat="38.5811190" lon="-121.4794090">
    <ele>9.8</ele>
    <time>2025-11-21T15:14:03Z</time>
    <extensions>
     <power>202</power>
     <gpxtpx:TrackPointExtension>
      <gpxtpx:atemp>19</gpxtpx:atemp>
      <gpxtpx:hr>147</gpxtpx:hr>
      <gpxtpx:cad>87</gpxtpx:cad>
     </gpxtpx:TrackPointExtension>
    </extensions>
   </trkpt>
   <trkpt lat="38.5811380" lon="-121.4794010">
    <ele>9.8</ele>
    <time>2025-11-21T15:14:04Z</time>
    <extensions>
     <power>202</power>
     <gpxtpx:TrackPointExtension>
      <gpxtpx:atemp>19</gpxtpx:atemp>
      <gpxtpx:hr>146</gpxtpx:hr>
      <gpxtpx:cad>87</gpxtpx:cad>
     </gpxtpx:TrackPointExtension>
    </extensions>
   </trkpt>
   <trkpt lat="38.5811560" lon="-121.4793910">
    <ele>9.8</ele>
    <time>2025-11-21T15:14:05Z</time>
    <extensions>
     <power>202</power>
     <gpxtpx:TrackPointExtension>
      <gpxtpx:atemp>19</gpxtpx:atemp>
      <gpxtpx:hr>146</gpxtpx:hr>
      <gpxtpx:cad>88</gpxtpx:cad>
     </gpxtpx:TrackPointExtension>
    </extensions>
   </trkpt>
   <trkpt lat="38.5811740" lon="-121.4793820">
    <ele>9.8</ele>
    <time>2025-11-21T15:14:06Z</time>
    <extensions>
     <power>202</power>
     <gpxtpx:TrackPointExtension>
      <gpxtpx:atemp>19</gpxtpx:atemp>
      <gpxtpx:hr>146</gpxtpx:hr>
      <gpxtpx:cad>88</gpxtpx:cad>
     </gpxtpx:TrackPointExtension>
    </extensions>
   </trkpt>
   <trkpt lat="38.5811970" lon="-121.4793700">
    <ele>9.8</ele>
    <time>2025-11-21T15:14:07Z</time>
    <extensions>
     <power>202</power>
     <gpxtpx:TrackPointExtension>
      <gpxtpx:atemp>19</gpxtpx:atemp>
      <gpxtpx:hr>147</gpxtpx:hr>
      <gpxtpx:cad>88</gpxtpx:cad>
     </gpxtpx:TrackPointExtension>
    </extensions>
   </trkpt>
   <trkpt lat="38.5812150" lon="-121.4793620">
    <ele>9.8</ele>
    <time>2025-11-21T15:14:08Z</time>
    <extensions>
     <power>201</power>
     <gpxtpx:TrackPointExtension>
      <gpxtpx:atemp>19</gpxtpx:atemp>
      <gpxtpx:hr>147</gpxtpx:hr>
      <gpxtpx:cad>88</gpxtpx:cad>
     </gpxtpx:TrackPointExtension>
    </extensions>
   </trkpt>
   <trkpt lat="38.5812310" lon="-121.4793490">
    <ele>9.8</ele>
    <time>2025-11-21T15:14:09Z</time>
    <extensions>
     <power>200</power>
     <gpxtpx:TrackPointExtension>
      <gpxtpx:atemp>19</gpxtpx:atemp>
      <gpxtpx:hr>147</gpxtpx:hr>
      <gpxtpx:cad>88</gpxtpx:cad>
     </gpxtpx:TrackPointExtension>
    </extensions>
   </trkpt>
   <trkpt lat="38.5812450" lon="-121.4793410">
    <ele>9.8</ele>
    <time>2025-11-21T15:14:10Z</time>
    <extensions>
     <power>200</power>
     <gpxtpx:TrackPointExtension>
      <gpxtpx:atemp>19</gpxtpx:atemp>
      <gpxtpx:hr>147</gpxtpx:hr>
      <gpxtpx:cad>88</gpxtpx:cad>
     </gpxtpx:TrackPointExtension>
    </extensions>
   </trkpt>
   <trkpt lat="38.5812610" lon="-121.4793430">
    <ele>9.8</ele>
    <time>2025-11-21T15:14:11Z</time>
    <extensions>
     <power>201</power>
     <gpxtpx:TrackPointExtension>
      <gpxtpx:atemp>19</gpxtpx:atemp>
      <gpxtpx:hr>146</gpxtpx:hr>
      <gpxtpx:cad>87</gpxtpx:cad>
     </gpxtpx:TrackPointExtension>
    </extensions>
   </trkpt>
   <trkpt lat="38.5812790" lon="-121.4793350">
    <ele>9.8</ele>
    <time>2025-11-21T15:14:12Z</time>
    <extensions>
     <power>202</power>
     <gpxtpx:TrackPointExtension>
      <gpxtpx:atemp>19</gpxtpx:atemp>
      <gpxtpx:hr>146</gpxtpx:hr>
      <gpxtpx:cad>87</gpxtpx:cad>
     </gpxtpx:TrackPointExtension>
    </extensions>
   </trkpt>
   <trkpt lat="38.5812970" lon="-121.4793270">
    <ele>9.8</ele>
    <time>2025-11-21T15:14:13Z</time>
    <extensions>
     <power>200</power>
     <gpxtpx:TrackPointExtension>
      <gpxtpx:atemp>19</gpxtpx:atemp>
      <gpxtpx:hr>146</gpxtpx:hr>
      <gpxtpx:cad>86</gpxtpx:cad>
     </gpxtpx:TrackPointExtension>
    </extensions>
   </trkpt>
   <trkpt lat="38.5813180" lon="-121.4793180">
    <ele>10.0</ele>
    <time>2025-11-21T15:14:14Z</time>
    <extensions>
     <power>202</power>
     <gpxtpx:TrackPointExtension>
      <gpxtpx:atemp>19</gpxtpx:atemp>
      <gpxtpx:hr>146</gpxtpx:hr>
      <gpxtpx:cad>86</gpxtpx:cad>
     </gpxtpx:TrackPointExtension>
    </extensions>
   </trkpt>
   <trkpt lat="38.5813350" lon="-121.4793130">
    <ele>10.0</ele>
    <time>2025-11-21T15:14:15Z</time>
    <extensions>
     <power>202</power>
     <gpxtpx:TrackPointExtension>
      <gpxtpx:atemp>19</gpxtpx:atemp>
      <gpxtpx:hr>146</gpxtpx:hr>
      <gpxtpx:cad>86</gpxtpx:cad>
     </gpxtpx:TrackPointExtension>
    </extensions>
   </trkpt>
   <trkpt lat="38.5813590" lon="-121.4793040">
    <ele>10.0</ele>
    <time>2025-11-21T15:14:16Z</time>
    <extensions>
     <power>202</power>
     <gpxtpx:TrackPointExtension>
      <gpxtpx:atemp>19</gpxtpx:atemp>
      <gpxtpx:hr>146</gpxtpx:hr>
      <gpxtpx:cad>86</gpxtpx:cad>
     </gpxtpx:TrackPointExtension>
    </extensions>
   </trkpt>
   <trkpt lat="38.5813810" lon="-121.4792910">
    <ele>10.0</ele>
    <time>2025-11-21T15:14:17Z</time>
    <extensions>
     <power>201</power>
     <gpxtpx:TrackPointExtension>
      <gpxtpx:atemp>19</gpxtpx:atemp>
      <gpxtpx:hr>146</gpxtpx:hr>
      <gpxtpx:cad>86</gpxtpx:cad>
     </gpxtpx:TrackPointExtension>
    </extensions>
   </trkpt>
   <trkpt lat="38.5814020" lon="-121.4792890">
    <ele>9.8</ele>
    <time>2025-11-21T15:14:18Z</time>
    <extensions>
     <power>200</power>
     <gpxtpx:TrackPointExtension>
      <gpxtpx:atemp>19</gpxtpx:atemp>
      <gpxtpx:hr>146</gpxtpx:hr>
      <gpxtpx:cad>86</gpxtpx:cad>
     </gpxtpx:TrackPointExtension>
    </extensions>
   </trkpt>
   <trkpt lat="38.5814200" lon="-121.4792790">
    <ele>9.8</ele>
    <time>2025-11-21T15:14:19Z</time>
    <extensions>
     <power>201</power>
     <gpxtpx:TrackPointExtension>
      <gpxtpx:atemp>19</gpxtpx:atemp>
      <gpxtpx:hr>146</gpxtpx:hr>
      <gpxtpx:cad>85</gpxtpx:cad>
     </gpxtpx:TrackPointExtension>
    </extensions>
   </trkpt>
   <trkpt lat="38.5814390" lon="-121.4792740">
    <ele>9.8</ele>
    <time>2025-11-21T15:14:20Z</time>
    <extensions>
     <power>203</power>
     <gpxtpx:TrackPointExtension>
      <gpxtpx:atemp>19</gpxtpx:atemp>
      <gpxtpx:hr>146</gpxtpx:hr>
      <gpxtpx:cad>85</gpxtpx:cad>
     </gpxtpx:TrackPointExtension>
    </extensions>
   </trkpt>
   <trkpt lat="38.5814610" lon="-121.4792640">
    <ele>10.0</ele>
    <time>2025-11-21T15:14:21Z</time>
    <extensions>
     <power>203</power>
     <gpxtpx:TrackPointExtension>
      <gpxtpx:atemp>19</gpxtpx:atemp>
      <gpxtpx:hr>145</gpxtpx:hr>
      <gpxtpx:cad>85</gpxtpx:cad>
     </gpxtpx:TrackPointExtension>
    </extensions>
   </trkpt>
   <trkpt lat="38.5814760" lon="-121.4792580">
    <ele>10.0</ele>
    <time>2025-11-21T15:14:22Z</time>
    <extensions>
     <power>202</power>
     <gpxtpx:TrackPointExtension>
      <gpxtpx:atemp>19</gpxtpx:atemp>
      <gpxtpx:hr>145</gpxtpx:hr>
      <gpxtpx:cad>85</gpxtpx:cad>
     </gpxtpx:TrackPointExtension>
    </extensions>
   </trkpt>
   <trkpt lat="38.5814950" lon="-121.4792510">
    <ele>10.0</ele>
    <time>2025-11-21T15:14:23Z</time>
    <extensions>
     <power>203</power>
     <gpxtpx:TrackPointExtension>
      <gpxtpx:atemp>19</gpxtpx:atemp>
      <gpxtpx:hr>145</gpxtpx:hr>
      <gpxtpx:cad>86</gpxtpx:cad>
     </gpxtpx:TrackPointExtension>
    </extensions>
   </trkpt>
   <trkpt lat="38.5815080" lon="-121.4792520">
    <ele>10.0</ele>
    <time>2025-11-21T15:14:24Z</time>
    <extensions>
     <power>203</power>
     <gpxtpx:TrackPointExtension>
      <gpxtpx:atemp>19</gpxtpx:atemp>
      <gpxtpx:hr>145</gpxtpx:hr>
      <gpxtpx:cad>87</gpxtpx:cad>
     </gpxtpx:TrackPointExtension>
    </extensions>
   </trkpt>
   <trkpt lat="38.5815290" lon="-121.4792460">
    <ele>10.0</ele>
    <time>2025-11-21T15:14:25Z</time>
    <extensions>
     <power>201</power>
     <gpxtpx:TrackPointExtension>
      <gpxtpx:atemp>19</gpxtpx:atemp>
      <gpxtpx:hr>146</gpxtpx:hr>
      <gpxtpx:cad>87</gpxtpx:cad>
     </gpxtpx:TrackPointExtension>
    </extensions>
   </trkpt>
   <trkpt lat="38.5815440" lon="-121.4792400">
    <ele>10.0</ele>
    <time>2025-11-21T15:14:26Z</time>
    <extensions>
     <power>200</power>
     <gpxtpx:TrackPointExtension>
      <gpxtpx:atemp>19</gpxtpx:atemp>
      <gpxtpx:hr>145</gpxtpx:hr>
      <gpxtpx:cad>87</gpxtpx:cad>
     </gpxtpx:TrackPointExtension>
    </extensions>
   </trkpt>
   <trkpt lat="38.5815630" lon="-121.4792340">
    <ele>10.0</ele>
    <time>2025-11-21T15:14:27Z</time>
    <extensions>
     <power>200</power>
     <gpxtpx:TrackPointExtension>
      <gpxtpx:atemp>19</gpxtpx:atemp>
      <gpxtpx:hr>145</gpxtpx:hr>
      <gpxtpx:cad>87</gpxtpx:cad>
     </gpxtpx:TrackPointExtension>
    </extensions>
   </trkpt>
   <trkpt lat="38.5815820" lon="-121.4792240">
    <ele>10.0</ele>
    <time>2025-11-21T15:14:28Z</time>
    <extensions>
     <power>200</power>
     <gpxtpx:TrackPointExtension>
      <gpxtpx:atemp>19</gpxtpx:atemp>
      <gpxtpx:hr>146</gpxtpx:hr>
      <gpxtpx:cad>87</gpxtpx:cad>
     </gpxtpx:TrackPointExtension>
    </extensions>
   </trkpt>
   <trkpt lat="38.5816030" lon="-121.4792200">
    <ele>10.2</ele>
    <time>2025-11-21T15:14:29Z</time>
    <extensions>
     <power>200</power>
     <gpxtpx:TrackPointExtension>
      <gpxtpx:atemp>19</gpxtpx:atemp>
      <gpxtpx:hr>145</gpxtpx:hr>
      <gpxtpx:cad>87</gpxtpx:cad>
     </gpxtpx:TrackPointExtension>
    </extensions>
   </trkpt>
   <trkpt lat="38.5816230" lon="-121.4792110">
    <ele>10.2</ele>
    <time>2025-11-21T15:14:30Z</time>
    <extensions>
     <power>199</power>
     <gpxtpx:TrackPointExtension>
      <gpxtpx:atemp>19</gpxtpx:atemp>
      <gpxtpx:hr>145</gpxtpx:hr>
      <gpxtpx:cad>87</gpxtpx:cad>
     </gpxtpx:TrackPointExtension>
    </extensions>
   </trkpt>
   <trkpt lat="38.5816420" lon="-121.4792040">
    <ele>10.2</ele>
    <time>2025-11-21T15:14:31Z</time>
    <extensions>
     <power>200</power>
     <gpxtpx:TrackPointExtension>
      <gpxtpx:atemp>19</gpxtpx:atemp>
      <gpxtpx:hr>145</gpxtpx:hr>
      <gpxtpx:cad>88</gpxtpx:cad>
     </gpxtpx:TrackPointExtension>
    </extensions>
   </trkpt>
   <trkpt lat="38.5816640" lon="-121.4791940">
    <ele>10.2</ele>
    <time>2025-11-21T15:14:32Z</time>
    <extensions>
     <power>200</power>
     <gpxtpx:TrackPointExtension>
      <gpxtpx:atemp>19</gpxtpx:atemp>
      <gpxtpx:hr>145</gpxtpx:hr>
      <gpxtpx:cad>88</gpxtpx:cad>
     </gpxtpx:TrackPointExtension>
    </extensions>
   </trkpt>
   <trkpt lat="38.5816830" lon="-121.4791870">
    <ele>10.2</ele>
    <time>2025-11-21T15:14:33Z</time>
    <extensions>
     <power>199</power>
     <gpxtpx:TrackPointExtension>
      <gpxtpx:atemp>19</gpxtpx:atemp>
      <gpxtpx:hr>145</gpxtpx:hr>
      <gpxtpx:cad>88</gpxtpx:cad>
     </gpxtpx:TrackPointExtension>
    </extensions>
   </trkpt>
   <trkpt lat="38.5817100" lon="-121.4791720">
    <ele>10.2</ele>
    <time>2025-11-21T15:14:34Z</time>
    <extensions>
     <power>199</power>
     <gpxtpx:TrackPointExtension>
      <gpxtpx:atemp>19</gpxtpx:atemp>
      <gpxtpx:hr>145</gpxtpx:hr>
      <gpxtpx:cad>88</gpxtpx:cad>
     </gpxtpx:TrackPointExtension>
    </extensions>
   </trkpt>
   <trkpt lat="38.5817290" lon="-121.4791660">
    <ele>10.0</ele>
    <time>2025-11-21T15:14:35Z</time>
    <extensions>
     <power>198</power>
     <gpxtpx:TrackPointExtension>
      <gpxtpx:atemp>19</gpxtpx:atemp>
      <gpxtpx:hr>145</gpxtpx:hr>
      <gpxtpx:cad>88</gpxtpx:cad>
     </gpxtpx:TrackPointExtension>
    </extensions>
   </trkpt>
   <trkpt lat="38.5817520" lon="-121.4791520">
    <ele>10.0</ele>
    <time>2025-11-21T15:14:36Z</time>
    <extensions>
     <power>200</power>
     <gpxtpx:TrackPointExtension>
      <gpxtpx:atemp>19</gpxtpx:atemp>
      <gpxtpx:hr>145</gpxtpx:hr>
      <gpxtpx:cad>88</gpxtpx:cad>
     </gpxtpx:TrackPointExtension>
    </extensions>
   </trkpt>
   <trkpt lat="38.5817720" lon="-121.4791440">
    <ele>10.0</ele>
    <time>2025-11-21T15:14:37Z</time>
    <extensions>
     <power>199</power>
     <gpxtpx:TrackPointExtension>
      <gpxtpx:atemp>19</gpxtpx:atemp>
      <gpxtpx:hr>145</gpxtpx:hr>
      <gpxtpx:cad>88</gpxtpx:cad>
     </gpxtpx:TrackPointExtension>
    </extensions>
   </trkpt>
   <trkpt lat="38.5817950" lon="-121.4791270">
    <ele>10.0</ele>
    <time>2025-11-21T15:14:38Z</time>
    <extensions>
     <power>200</power>
     <gpxtpx:TrackPointExtension>
      <gpxtpx:atemp>19</gpxtpx:atemp>
      <gpxtpx:hr>145</gpxtpx:hr>
      <gpxtpx:cad>88</gpxtpx:cad>
     </gpxtpx:TrackPointExtension>
    </extensions>
   </trkpt>
   <trkpt lat="38.5818110" lon="-121.4791200">
    <ele>10.0</ele>
    <time>2025-11-21T15:14:39Z</time>
    <extensions>
     <power>200</power>
     <gpxtpx:TrackPointExtension>
      <gpxtpx:atemp>19</gpxtpx:atemp>
      <gpxtpx:hr>145</gpxtpx:hr>
      <gpxtpx:cad>88</gpxtpx:cad>
     </gpxtpx:TrackPointExtension>
    </extensions>
   </trkpt>
   <trkpt lat="38.5818290" lon="-121.4791060">
    <ele>10.0</ele>
    <time>2025-11-21T15:14:40Z</time>
    <extensions>
     <power>201</power>
     <gpxtpx:TrackPointExtension>
      <gpxtpx:atemp>19</gpxtpx:atemp>
      <gpxtpx:hr>145</gpxtpx:hr>
      <gpxtpx:cad>88</gpxtpx:cad>
     </gpxtpx:TrackPointExtension>
    </extensions>
   </trkpt>
   <trkpt lat="38.5818460" lon="-121.4791010">
    <ele>10.2</ele>
    <time>2025-11-21T15:14:41Z</time>
    <extensions>
     <power>200</power>
     <gpxtpx:TrackPointExtension>
      <gpxtpx:atemp>19</gpxtpx:atemp>
      <gpxtpx:hr>145</gpxtpx:hr>
      <gpxtpx:cad>88</gpxtpx:cad>
     </gpxtpx:TrackPointExtension>
    </extensions>
   </trkpt>
   <trkpt lat="38.5818640" lon="-121.4790930">
    <ele>10.2</ele>
    <time>2025-11-21T15:14:42Z</time>
    <extensions>
     <power>200</power>
     <gpxtpx:TrackPointExtension>
      <gpxtpx:atemp>19</gpxtpx:atemp>
      <gpxtpx:hr>144</gpxtpx:hr>
      <gpxtpx:cad>88</gpxtpx:cad>
     </gpxtpx:TrackPointExtension>
    </extensions>
   </trkpt>
   <trkpt lat="38.5818800" lon="-121.4790830">
    <ele>10.2</ele>
    <time>2025-11-21T15:14:43Z</time>
    <extensions>
     <power>199</power>
     <gpxtpx:TrackPointExtension>
      <gpxtpx:atemp>19</gpxtpx:atemp>
      <gpxtpx:hr>145</gpxtpx:hr>
      <gpxtpx:cad>88</gpxtpx:cad>
     </gpxtpx:TrackPointExtension>
    </extensions>
   </trkpt>
   <trkpt lat="38.5819010" lon="-121.4790790">
    <ele>10.2</ele>
    <time>2025-11-21T15:14:44Z</time>
    <extensions>
     <power>198</power>
     <gpxtpx:TrackPointExtension>
      <gpxtpx:atemp>19</gpxtpx:atemp>
      <gpxtpx:hr>145</gpxtpx:hr>
      <gpxtpx:cad>88</gpxtpx:cad>
     </gpxtpx:TrackPointExtension>
    </extensions>
   </trkpt>
   <trkpt lat="38.5819210" lon="-121.4790690">
    <ele>10.2</ele>
    <time>2025-11-21T15:14:45Z</time>
    <extensions>
     <power>198</power>
     <gpxtpx:TrackPointExtension>
      <gpxtpx:atemp>19</gpxtpx:atemp>
      <gpxtpx:hr>144</gpxtpx:hr>
      <gpxtpx:cad>88</gpxtpx:cad>
     </gpxtpx:TrackPointExtension>
    </extensions>
   </trkpt>
   <trkpt lat="38.5819400" lon="-121.4790630">
    <ele>10.2</ele>
    <time>2025-11-21T15:14:46Z</time>
    <extensions>
     <power>198</power>
     <gpxtpx:TrackPointExtension>
      <gpxtpx:atemp>19</gpxtpx:atemp>
      <gpxtpx:hr>145</gpxtpx:hr>
      <gpxtpx:cad>88</gpxtpx:cad>
     </gpxtpx:TrackPointExtension>
    </extensions>
   </trkpt>
   <trkpt lat="38.5819570" lon="-121.4790520">
    <ele>10.2</ele>
    <time>2025-11-21T15:14:47Z</time>
    <extensions>
     <power>199</power>
     <gpxtpx:TrackPointExtension>
      <gpxtpx:atemp>19</gpxtpx:atemp>
      <gpxtpx:hr>145</gpxtpx:hr>
      <gpxtpx:cad>88</gpxtpx:cad>
     </gpxtpx:TrackPointExtension>
    </extensions>
   </trkpt>
   <trkpt lat="38.5819720" lon="-121.4790430">
    <ele>10.2</ele>
    <time>2025-11-21T15:14:48Z</time>
    <extensions>
     <power>199</power>
     <gpxtpx:TrackPointExtension>
      <gpxtpx:atemp>19</gpxtpx:atemp>
      <gpxtpx:hr>144</gpxtpx:hr>
      <gpxtpx:cad>88</gpxtpx:cad>
     </gpxtpx:TrackPointExtension>
    </extensions>
   </trkpt>
   <trkpt lat="38.5819890" lon="-121.4790310">
    <ele>10.2</ele>
    <time>2025-11-21T15:14:49Z</time>
    <extensions>
     <power>199</power>
     <gpxtpx:TrackPointExtension>
      <gpxtpx:atemp>19</gpxtpx:atemp>
      <gpxtpx:hr>145</gpxtpx:hr>
      <gpxtpx:cad>88</gpxtpx:cad>
     </gpxtpx:TrackPointExtension>
    </extensions>
   </trkpt>
   <trkpt lat="38.5820000" lon="-121.4790250">
    <ele>10.2</ele>
    <time>2025-11-21T15:14:50Z</time>
    <extensions>
     <power>199</power>
     <gpxtpx:TrackPointExtension>
      <gpxtpx:atemp>19</gpxtpx:atemp>
      <gpxtpx:hr>145</gpxtpx:hr>
      <gpxtpx:cad>88</gpxtpx:cad>
     </gpxtpx:TrackPointExtension>
    </extensions>
   </trkpt>
   <trkpt lat="38.5820170" lon="-121.4790150">
    <ele>10.2</ele>
    <time>2025-11-21T15:14:51Z</time>
    <extensions>
     <power>200</power>
     <gpxtpx:TrackPointExtension>
      <gpxtpx:atemp>19</gpxtpx:atemp>
      <gpxtpx:hr>145</gpxtpx:hr>
      <gpxtpx:cad>88</gpxtpx:cad>
     </gpxtpx:TrackPointExtension>
    </extensions>
   </trkpt>
   <trkpt lat="38.5820360" lon="-121.4790100">
    <ele>10.2</ele>
    <time>2025-11-21T15:14:52Z</time>
    <extensions>
     <power>199</power>
     <gpxtpx:TrackPointExtension>
      <gpxtpx:atemp>19</gpxtpx:atemp>
      <gpxtpx:hr>144</gpxtpx:hr>
      <gpxtpx:cad>88</gpxtpx:cad>
     </gpxtpx:TrackPointExtension>
    </extensions>
   </trkpt>
   <trkpt lat="38.5820550" lon="-121.4790020">
    <ele>10.4</ele>
    <time>2025-11-21T15:14:53Z</time>
    <extensions>
     <power>199</power>
     <gpxtpx:TrackPointExtension>
      <gpxtpx:atemp>19</gpxtpx:atemp>
      <gpxtpx:hr>145</gpxtpx:hr>
      <gpxtpx:cad>88</gpxtpx:cad>
     </gpxtpx:TrackPointExtension>
    </extensions>
   </trkpt>
   <trkpt lat="38.5820730" lon="-121.4789950">
    <ele>10.4</ele>
    <time>2025-11-21T15:14:54Z</time>
    <extensions>
     <power>198</power>
     <gpxtpx:TrackPointExtension>
      <gpxtpx:atemp>19</gpxtpx:atemp>
      <gpxtpx:hr>145</gpxtpx:hr>
      <gpxtpx:cad>88</gpxtpx:cad>
     </gpxtpx:TrackPointExtension>
    </extensions>
   </trkpt>
   <trkpt lat="38.5820930" lon="-121.4789850">
    <ele>10.4</ele>
    <time>2025-11-21T15:14:55Z</time>
    <extensions>
     <power>197</power>
     <gpxtpx:TrackPointExtension>
      <gpxtpx:atemp>19</gpxtpx:atemp>
      <gpxtpx:hr>145</gpxtpx:hr>
      <gpxtpx:cad>88</gpxtpx:cad>
     </gpxtpx:TrackPointExtension>
    </extensions>
   </trkpt>
   <trkpt lat="38.5821120" lon="-121.4789770">
    <ele>10.2</ele>
    <time>2025-11-21T15:14:56Z</time>
    <extensions>
     <power>196</power>
     <gpxtpx:TrackPointExtension>
      <gpxtpx:atemp>19</gpxtpx:atemp>
      <gpxtpx:hr>145</gpxtpx:hr>
      <gpxtpx:cad>88</gpxtpx:cad>
     </gpxtpx:TrackPointExtension>
    </extensions>
   </trkpt>
   <trkpt lat="38.5821350" lon="-121.4789690">
    <ele>10.2</ele>
    <time>2025-11-21T15:14:57Z</time>
    <extensions>
     <power>195</power>
     <gpxtpx:TrackPointExtension>
      <gpxtpx:atemp>19</gpxtpx:atemp>
      <gpxtpx:hr>145</gpxtpx:hr>
      <gpxtpx:cad>88</gpxtpx:cad>
     </gpxtpx:TrackPointExtension>
    </extensions>
   </trkpt>
   <trkpt lat="38.5821510" lon="-121.4789600">
    <ele>10.2</ele>
    <time>2025-11-21T15:14:58Z</time>
    <extensions>
     <power>195</power>
     <gpxtpx:TrackPointExtension>
      <gpxtpx:atemp>19</gpxtpx:atemp>
      <gpxtpx:hr>145</gpxtpx:hr>
      <gpxtpx:cad>88</gpxtpx:cad>
     </gpxtpx:TrackPointExtension>
    </extensions>
   </trkpt>
   <trkpt lat="38.5821710" lon="-121.4789490">
    <ele>10.2</ele>
    <time>2025-11-21T15:14:59Z</time>
    <extensions>
     <power>194</power>
     <gpxtpx:TrackPointExtension>
      <gpxtpx:atemp>19</gpxtpx:atemp>
      <gpxtpx:hr>145</gpxtpx:hr>
      <gpxtpx:cad>88</gpxtpx:cad>
     </gpxtpx:TrackPointExtension>
    </extensions>
   </trkpt>
   <trkpt lat="38.5821890" lon="-121.4789370">
    <ele>10.2</ele>
    <time>2025-11-21T15:15:00Z</time>
    <extensions>
     <power>193</power>
     <gpxtpx:TrackPointExtension>
      <gpxtpx:atemp>19</gpxtpx:atemp>
      <gpxtpx:hr>146</gpxtpx:hr>
      <gpxtpx:cad>88</gpxtpx:cad>
     </gpxtpx:TrackPointExtension>
    </extensions>
   </trkpt>
   <trkpt lat="38.5822060" lon="-121.4789260">
    <ele>10.2</ele>
    <time>2025-11-21T15:15:01Z</time>
    <extensions>
     <power>192</power>
     <gpxtpx:TrackPointExtension>
      <gpxtpx:atemp>19</gpxtpx:atemp>
      <gpxtpx:hr>145</gpxtpx:hr>
      <gpxtpx:cad>88</gpxtpx:cad>
     </gpxtpx:TrackPointExtension>
    </extensions>
   </trkpt>
   <trkpt lat="38.5822240" lon="-121.4789190">
    <ele>10.2</ele>
    <time>2025-11-21T15:15:02Z</time>
    <extensions>
     <power>192</power>
     <gpxtpx:TrackPointExtension>
      <gpxtpx:atemp>19</gpxtpx:atemp>
      <gpxtpx:hr>145</gpxtpx:hr>
      <gpxtpx:cad>88</gpxtpx:cad>
     </gpxtpx:TrackPointExtension>
    </extensions>
   </trkpt>
   <trkpt lat="38.5822440" lon="-121.4789120">
    <ele>10.2</ele>
    <time>2025-11-21T15:15:03Z</time>
    <extensions>
     <power>193</power>
     <gpxtpx:TrackPointExtension>
      <gpxtpx:atemp>19</gpxtpx:atemp>
      <gpxtpx:hr>146</gpxtpx:hr>
      <gpxtpx:cad>88</gpxtpx:cad>
     </gpxtpx:TrackPointExtension>
    </extensions>
   </trkpt>
   <trkpt lat="38.5822640" lon="-121.4789100">
    <ele>10.4</ele>
    <time>2025-11-21T15:15:04Z</time>
    <extensions>
     <power>193</power>
     <gpxtpx:TrackPointExtension>
      <gpxtpx:atemp>19</gpxtpx:atemp>
      <gpxtpx:hr>146</gpxtpx:hr>
      <gpxtpx:cad>88</gpxtpx:cad>
     </gpxtpx:TrackPointExtension>
    </extensions>
   </trkpt>
   <trkpt lat="38.5822820" lon="-121.4789000">
    <ele>10.4</ele>
    <time>2025-11-21T15:15:05Z</time>
    <extensions>
     <power>193</power>
     <gpxtpx:TrackPointExtension>
      <gpxtpx:atemp>19</gpxtpx:atemp>
      <gpxtpx:hr>146</gpxtpx:hr>
      <gpxtpx:cad>88</gpxtpx:cad>
     </gpxtpx:TrackPointExtension>
    </extensions>
   </trkpt>
   <trkpt lat="38.5823000" lon="-121.4788900">
    <ele>10.4</ele>
    <time>2025-11-21T15:15:06Z</time>
    <extensions>
     <power>193</power>
     <gpxtpx:TrackPointExtension>
      <gpxtpx:atemp>19</gpxtpx:atemp>
      <gpxtpx:hr>146</gpxtpx:hr>
      <gpxtpx:cad>87</gpxtpx:cad>
     </gpxtpx:TrackPointExtension>
    </extensions>
   </trkpt>
   <trkpt lat="38.5823210" lon="-121.4788820">
    <ele>10.4</ele>
    <time>2025-11-21T15:15:07Z</time>
    <extensions>
     <power>194</power>
     <gpxtpx:TrackPointExtension>
      <gpxtpx:atemp>18</gpxtpx:atemp>
      <gpxtpx:hr>145</gpxtpx:hr>
      <gpxtpx:cad>87</gpxtpx:cad>
     </gpxtpx:TrackPointExtension>
    </extensions>
   </trkpt>
   <trkpt lat="38.5823420" lon="-121.4788680">
    <ele>10.4</ele>
    <time>2025-11-21T15:15:08Z</time>
    <extensions>
     <power>194</power>
     <gpxtpx:TrackPointExtension>
      <gpxtpx:atemp>19</gpxtpx:atemp>
      <gpxtpx:hr>145</gpxtpx:hr>
      <gpxtpx:cad>87</gpxtpx:cad>
     </gpxtpx:TrackPointExtension>
    </extensions>
   </trkpt>
   <trkpt lat="38.5823620" lon="-121.4788620">
    <ele>10.4</ele>
    <time>2025-11-21T15:15:09Z</time>
    <extensions>
     <power>194</power>
     <gpxtpx:TrackPointExtension>
      <gpxtpx:atemp>19</gpxtpx:atemp>
      <gpxtpx:hr>145</gpxtpx:hr>
      <gpxtpx:cad>87</gpxtpx:cad>
     </gpxtpx:TrackPointExtension>
    </extensions>
   </trkpt>
   <trkpt lat="38.5823840" lon="-121.4788500">
    <ele>10.4</ele>
    <time>2025-11-21T15:15:10Z</time>
    <extensions>
     <power>195</power>
     <gpxtpx:TrackPointExtension>
      <gpxtpx:atemp>19</gpxtpx:atemp>
      <gpxtpx:hr>145</gpxtpx:hr>
      <gpxtpx:cad>88</gpxtpx:cad>
     </gpxtpx:TrackPointExtension>
    </extensions>
   </trkpt>
   <trkpt lat="38.5823990" lon="-121.4788430">
    <ele>10.4</ele>
    <time>2025-11-21T15:15:11Z</time>
    <extensions>
     <power>195</power>
     <gpxtpx:TrackPointExtension>
      <gpxtpx:atemp>19</gpxtpx:atemp>
      <gpxtpx:hr>146</gpxtpx:hr>
      <gpxtpx:cad>88</gpxtpx:cad>
     </gpxtpx:TrackPointExtension>
    </extensions>
   </trkpt>
   <trkpt lat="38.5824220" lon="-121.4788350">
    <ele>10.4</ele>
    <time>2025-11-21T15:15:12Z</time>
    <extensions>
     <power>197</power>
     <gpxtpx:TrackPointExtension>
      <gpxtpx:atemp>19</gpxtpx:atemp>
      <gpxtpx:hr>145</gpxtpx:hr>
      <gpxtpx:cad>88</gpxtpx:cad>
     </gpxtpx:TrackPointExtension>
    </extensions>
   </trkpt>
   <trkpt lat="38.5824340" lon="-121.4788280">
    <ele>10.6</ele>
    <time>2025-11-21T15:15:13Z</time>
    <extensions>
     <power>196</power>
     <gpxtpx:TrackPointExtension>
      <gpxtpx:atemp>19</gpxtpx:atemp>
      <gpxtpx:hr>145</gpxtpx:hr>
      <gpxtpx:cad>88</gpxtpx:cad>
     </gpxtpx:TrackPointExtension>
    </extensions>
   </trkpt>
   <trkpt lat="38.5824440" lon="-121.4788240">
    <ele>10.6</ele>
    <time>2025-11-21T15:15:14Z</time>
    <extensions>
     <power>196</power>
     <gpxtpx:TrackPointExtension>
      <gpxtpx:atemp>18</gpxtpx:atemp>
      <gpxtpx:hr>146</gpxtpx:hr>
      <gpxtpx:cad>88</gpxtpx:cad>
     </gpxtpx:TrackPointExtension>
    </extensions>
   </trkpt>
   <trkpt lat="38.5825100" lon="-121.4787890">
    <ele>10.2</ele>
    <time>2025-11-21T15:15:20Z</time>
    <extensions>
     <gpxtpx:TrackPointExtension>
      <gpxtpx:atemp>19</gpxtpx:atemp>
      <gpxtpx:hr>145</gpxtpx:hr>
      <gpxtpx:cad>0</gpxtpx:cad>
     </gpxtpx:TrackPointExtension>
    </extensions>
   </trkpt>
   <trkpt lat="38.5825270" lon="-121.4787840">
    <ele>10.2</ele>
    <time>2025-11-21T15:15:21Z</time>
    <extensions>
     <power>0</power>
     <gpxtpx:TrackPointExtension>
      <gpxtpx:atemp>19</gpxtpx:atemp>
      <gpxtpx:hr>145</gpxtpx:hr>
      <gpxtpx:cad>0</gpxtpx:cad>
     </gpxtpx:TrackPointExtension>
    </extensions>
   </trkpt>
   <trkpt lat="38.5825490" lon="-121.4787760">
    <ele>10.4</ele>
    <time>2025-11-21T15:15:22Z</time>
    <extensions>
     <power>0</power>
     <gpxtpx:TrackPointExtension>
      <gpxtpx:atemp>18</gpxtpx:atemp>
      <gpxtpx:hr>146</gpxtpx:hr>
      <gpxtpx:cad>44</gpxtpx:cad>
     </gpxtpx:TrackPointExtension>
    </extensions>
   </trkpt>
   <trkpt lat="38.5825660" lon="-121.4787680">
    <ele>10.4</ele>
    <time>2025-11-21T15:15:23Z</time>
    <extensions>
     <power>98</power>
     <gpxtpx:TrackPointExtension>
      <gpxtpx:atemp>19</gpxtpx:atemp>
      <gpxtpx:hr>145</gpxtpx:hr>
      <gpxtpx:cad>44</gpxtpx:cad>
     </gpxtpx:TrackPointExtension>
    </extensions>
   </trkpt>
   <trkpt lat="38.5825870" lon="-121.4787610">
    <ele>10.4</ele>
    <time>2025-11-21T15:15:24Z</time>
    <extensions>
     <power>96</power>
     <gpxtpx:TrackPointExtension>
      <gpxtpx:atemp>18</gpxtpx:atemp>
      <gpxtpx:hr>145</gpxtpx:hr>
      <gpxtpx:cad>44</gpxtpx:cad>
     </gpxtpx:TrackPointExtension>
    </extensions>
   </trkpt>
   <trkpt lat="38.5825990" lon="-121.4787370">
    <ele>10.4</ele>
    <time>2025-11-21T15:15:25Z</time>
    <extensions>
     <power>100</power>
     <gpxtpx:TrackPointExtension>
      <gpxtpx:atemp>19</gpxtpx:atemp>
      <gpxtpx:hr>145</gpxtpx:hr>
      <gpxtpx:cad>88</gpxtpx:cad>
     </gpxtpx:TrackPointExtension>
    </extensions>
   </trkpt>
   <trkpt lat="38.5826020" lon="-121.4787110">
    <ele>10.2</ele>
    <time>2025-11-21T15:15:26Z</time>
    <extensions>
     <power>182</power>
     <gpxtpx:TrackPointExtension>
      <gpxtpx:atemp>19</gpxtpx:atemp>
      <gpxtpx:hr>145</gpxtpx:hr>
      <gpxtpx:cad>88</gpxtpx:cad>
     </gpxtpx:TrackPointExtension>
    </extensions>
   </trkpt>
   <trkpt lat="38.5825940" lon="-121.4786790">
    <ele>10.2</ele>
    <time>2025-11-21T15:15:27Z</time>
    <extensions>
     <power>190</power>
     <gpxtpx:TrackPointExtension>
      <gpxtpx:atemp>19</gpxtpx:atemp>
      <gpxtpx:hr>146</gpxtpx:hr>
      <gpxtpx:cad>88</gpxtpx:cad>
     </gpxtpx:TrackPointExtension>
    </extensions>
   </trkpt>
   <trkpt lat="38.5825880" lon="-121.4786570">
    <ele>10.2</ele>
    <time>2025-11-21T15:15:28Z</time>
    <extensions>
     <power>191</power>
     <gpxtpx:TrackPointExtension>
      <gpxtpx:atemp>19</gpxtpx:atemp>
      <gpxtpx:hr>145</gpxtpx:hr>
      <gpxtpx:cad>88</gpxtpx:cad>
     </gpxtpx:TrackPointExtension>
    </extensions>
   </trkpt>
   <trkpt lat="38.5825800" lon="-121.4786320">
    <ele>10.2</ele>
    <time>2025-11-21T15:15:29Z</time>
    <extensions>
     <power>214</power>
     <gpxtpx:TrackPointExtension>
      <gpxtpx:atemp>18</gpxtpx:atemp>
      <gpxtpx:hr>145</gpxtpx:hr>
      <gpxtpx:cad>88</gpxtpx:cad>
     </gpxtpx:TrackPointExtension>
    </extensions>
   </trkpt>
   <trkpt lat="38.5825750" lon="-121.4786140">
    <ele>10.2</ele>
    <time>2025-11-21T15:15:30Z</time>
    <extensions>
     <power>208</power>
     <gpxtpx:TrackPointExtension>
      <gpxtpx:atemp>19</gpxtpx:atemp>
      <gpxtpx:hr>145</gpxtpx:hr>
      <gpxtpx:cad>88</gpxtpx:cad>
     </gpxtpx:TrackPointExtension>
    </extensions>
   </trkpt>
   <trkpt lat="38.5825700" lon="-121.4785890">
    <ele>10.2</ele>
    <time>2025-11-21T15:15:31Z</time>
    <extensions>
     <power>200</power>
     <gpxtpx:TrackPointExtension>
      <gpxtpx:atemp>18</gpxtpx:atemp>
      <gpxtpx:hr>145</gpxtpx:hr>
      <gpxtpx:cad>88</gpxtpx:cad>
     </gpxtpx:TrackPointExtension>
    </extensions>
   </trkpt>
   <trkpt lat="38.5825650" lon="-121.4785640">
    <ele>10.4</ele>
    <time>2025-11-21T15:15:32Z</time>
    <extensions>
     <power>179</power>
     <gpxtpx:TrackPointExtension>
      <gpxtpx:atemp>19</gpxtpx:atemp>
      <gpxtpx:hr>145</gpxtpx:hr>
      <gpxtpx:cad>89</gpxtpx:cad>
     </gpxtpx:TrackPointExtension>
    </extensions>
   </trkpt>
   <trkpt lat="38.5825550" lon="-121.4785340">
    <ele>10.4</ele>
    <time>2025-11-21T15:15:33Z</time>
    <extensions>
     <power>175</power>
     <gpxtpx:TrackPointExtension>
      <gpxtpx:atemp>19</gpxtpx:atemp>
      <gpxtpx:hr>145</gpxtpx:hr>
      <gpxtpx:cad>89</gpxtpx:cad>
     </gpxtpx:TrackPointExtension>
    </extensions>
   </trkpt>
   <trkpt lat="38.5825470" lon="-121.4785140">
    <ele>10.2</ele>
    <time>2025-11-21T15:15:34Z</time>
    <extensions>
     <power>175</power>
     <gpxtpx:TrackPointExtension>
      <gpxtpx:atemp>18</gpxtpx:atemp>
      <gpxtpx:hr>145</gpxtpx:hr>
      <gpxtpx:cad>89</gpxtpx:cad>
     </gpxtpx:TrackPointExtension>
    </extensions>
   </trkpt>
   <trkpt lat="38.5825390" lon="-121.4784860">
    <ele>10.2</ele>
    <time>2025-11-21T15:15:35Z</time>
    <extensions>
     <power>190</power>
     <gpxtpx:TrackPointExtension>
      <gpxtpx:atemp>19</gpxtpx:atemp>
      <gpxtpx:hr>145</gpxtpx:hr>
      <gpxtpx:cad>89</gpxtpx:cad>
     </gpxtpx:TrackPointExtension>
    </extensions>
   </trkpt>
   <trkpt lat="38.5825370" lon="-121.4784620">
    <ele>10.2</ele>
    <time>2025-11-21T15:15:36Z</time>
    <extensions>
     <power>196</power>
     <gpxtpx:TrackPointExtension>
      <gpxtpx:atemp>18</gpxtpx:atemp>
      <gpxtpx:hr>145</gpxtpx:hr>
      <gpxtpx:cad>89</gpxtpx:cad>
     </gpxtpx:TrackPointExtension>
    </extensions>
   </trkpt>
   <trkpt lat="38.5825280" lon="-121.4784330">
    <ele>10.2</ele>
    <time>2025-11-21T15:15:37Z</time>
    <extensions>
     <power>197</power>
     <gpxtpx:TrackPointExtension>
      <gpxtpx:atemp>18</gpxtpx:atemp>
      <gpxtpx:hr>145</gpxtpx:hr>
      <gpxtpx:cad>89</gpxtpx:cad>
     </gpxtpx:TrackPointExtension>
    </extensions>
   </trkpt>
   <trkpt lat="38.5825250" lon="-121.4784100">
    <ele>10.2</ele>
    <time>2025-11-21T15:15:38Z</time>
    <extensions>
     <power>200</power>
     <gpxtpx:TrackPointExtension>
      <gpxtpx:atemp>18</gpxtpx:atemp>
      <gpxtpx:hr>144</gpxtpx:hr>
      <gpxtpx:cad>89</gpxtpx:cad>
     </gpxtpx:TrackPointExtension>
    </extensions>
   </trkpt>
   <trkpt lat="38.5825170" lon="-121.4783780">
    <ele>10.2</ele>
    <time>2025-11-21T15:15:39Z</time>
    <extensions>
     <power>196</power>
     <gpxtpx:TrackPointExtension>
      <gpxtpx:atemp>19</gpxtpx:atemp>
      <gpxtpx:hr>144</gpxtpx:hr>
      <gpxtpx:cad>89</gpxtpx:cad>
     </gpxtpx:TrackPointExtension>
    </extensions>
   </trkpt>
   <trkpt lat="38.5825160" lon="-121.4783600">
    <ele>10.2</ele>
    <time>2025-11-21T15:15:40Z</time>
    <extensions>
     <power>197</power>
     <gpxtpx:TrackPointExtension>
      <gpxtpx:atemp>18</gpxtpx:atemp>
      <gpxtpx:hr>144</gpxtpx:hr>
      <gpxtpx:cad>89</gpxtpx:cad>
     </gpxtpx:TrackPointExtension>
    </extensions>
   </trkpt>
   <trkpt lat="38.5825050" lon="-121.4783310">
    <ele>10.4</ele>
    <time>2025-11-21T15:15:41Z</time>
    <extensions>
     <power>197</power>
     <gpxtpx:TrackPointExtension>
      <gpxtpx:atemp>18</gpxtpx:atemp>
      <gpxtpx:hr>144</gpxtpx:hr>
      <gpxtpx:cad>89</gpxtpx:cad>
     </gpxtpx:TrackPointExtension>
    </extensions>
   </trkpt>
   <trkpt lat="38.5824960" lon="-121.4783090">
    <ele>10.4</ele>
    <time>2025-11-21T15:15:42Z</time>
    <extensions>
     <power>197</power>
     <gpxtpx:TrackPointExtension>
      <gpxtpx:atemp>18</gpxtpx:atemp>
      <gpxtpx:hr>145</gpxtpx:hr>
      <gpxtpx:cad>89</gpxtpx:cad>
     </gpxtpx:TrackPointExtension>
    </extensions>
   </trkpt>
   <trkpt lat="38.5824830" lon="-121.4782850">
    <ele>10.4</ele>
    <time>2025-11-21T15:15:43Z</time>
    <extensions>
     <power>196</power>
     <gpxtpx:TrackPointExtension>
      <gpxtpx:atemp>18</gpxtpx:atemp>
      <gpxtpx:hr>145</gpxtpx:hr>
      <gpxtpx:cad>88</gpxtpx:cad>
     </gpxtpx:TrackPointExtension>
    </extensions>
   </trkpt>
   <trkpt lat="38.5824720" lon="-121.4782580">
    <ele>10.4</ele>
    <time>2025-11-21T15:15:44Z</time>
    <extensions>
     <power>195</power>
     <gpxtpx:TrackPointExtension>
      <gpxtpx:atemp>18</gpxtpx:atemp>
      <gpxtpx:hr>145</gpxtpx:hr>
      <gpxtpx:cad>88</gpxtpx:cad>
     </gpxtpx:TrackPointExtension>
    </extensions>
   </trkpt>
   <trkpt lat="38.5824660" lon="-121.4782280">
    <ele>10.6</ele>
    <time>2025-11-21T15:15:45Z</time>
    <extensions>
     <power>195</power>
     <gpxtpx:TrackPointExtension>
      <gpxtpx:atemp>18</gpxtpx:atemp>
      <gpxtpx:hr>145</gpxtpx:hr>
      <gpxtpx:cad>88</gpxtpx:cad>
     </gpxtpx:TrackPointExtension>
    </extensions>
   </trkpt>
   <trkpt lat="38.5824570" lon="-121.4782020">
    <ele>10.6</ele>
    <time>2025-11-21T15:15:46Z</time>
    <extensions>
     <power>196</power>
     <gpxtpx:TrackPointExtension>
      <gpxtpx:atemp>18</gpxtpx:atemp>
      <gpxtpx:hr>145</gpxtpx:hr>
      <gpxtpx:cad>88</gpxtpx:cad>
     </gpxtpx:TrackPointExtension>
    </extensions>
   </trkpt>
   <trkpt lat="38.5824500" lon="-121.4781780">
    <ele>10.6</ele>
    <time>2025-11-21T15:15:47Z</time>
    <extensions>
     <power>200</power>
     <gpxtpx:TrackPointExtension>
      <gpxtpx:atemp>18</gpxtpx:atemp>
      <gpxtpx:hr>144</gpxtpx:hr>
      <gpxtpx:cad>88</gpxtpx:cad>
     </gpxtpx:TrackPointExtension>
    </extensions>
   </trkpt>
   <trkpt lat="38.5824340" lon="-121.4781570">
    <ele>10.6</ele>
    <time>2025-11-21T15:15:48Z</time>
    <extensions>
     <power>208</power>
     <gpxtpx:TrackPointExtension>
      <gpxtpx:atemp>18</gpxtpx:atemp>
      <gpxtpx:hr>145</gpxtpx:hr>
      <gpxtpx:cad>87</gpxtpx:cad>
     </gpxtpx:TrackPointExtension>
    </extensions>
   </trkpt>
   <trkpt lat="38.5824240" lon="-121.4781380">
    <ele>10.6</ele>
    <time>2025-11-21T15:15:49Z</time>
    <extensions>
     <power>211</power>
     <gpxtpx:TrackPointExtension>
      <gpxtpx:atemp>18</gpxtpx:atemp>
      <gpxtpx:hr>145</gpxtpx:hr>
      <gpxtpx:cad>88</gpxtpx:cad>
     </gpxtpx:TrackPointExtension>
    </extensions>
   </trkpt>
   <trkpt lat="38.5824070" lon="-121.4781220">
    <ele>10.6</ele>
    <time>2025-11-21T15:15:50Z</time>
    <extensions>
     <power>211</power>
     <gpxtpx:TrackPointExtension>
      <gpxtpx:atemp>18</gpxtpx:atemp>
      <gpxtpx:hr>145</gpxtpx:hr>
      <gpxtpx:cad>88</gpxtpx:cad>
     </gpxtpx:TrackPointExtension>
    </extensions>
   </trkpt>
   <trkpt lat="38.5823920" lon="-121.4781080">
    <ele>10.6</ele>
    <time>2025-11-21T15:15:51Z</time>
    <extensions>
     <power>207</power>
     <gpxtpx:TrackPointExtension>
      <gpxtpx:atemp>18</gpxtpx:atemp>
      <gpxtpx:hr>144</gpxtpx:hr>
      <gpxtpx:cad>88</gpxtpx:cad>
     </gpxtpx:TrackPointExtension>
    </extensions>
   </trkpt>
   <trkpt lat="38.5823690" lon="-121.4780950">
    <ele>10.6</ele>
    <time>2025-11-21T15:15:52Z</time>
    <extensions>
     <power>200</power>
     <gpxtpx:TrackPointExtension>
      <gpxtpx:atemp>18</gpxtpx:atemp>
      <gpxtpx:hr>145</gpxtpx:hr>
      <gpxtpx:cad>89</gpxtpx:cad>
     </gpxtpx:TrackPointExtension>
    </extensions>
   </trkpt>
   <trkpt lat="38.5823520" lon="-121.4780820">
    <ele>10.6</ele>
    <time>2025-11-21T15:15:53Z</time>
    <extensions>
     <power>199</power>
     <gpxtpx:TrackPointExtension>
      <gpxtpx:atemp>18</gpxtpx:atemp>
      <gpxtpx:hr>145</gpxtpx:hr>
      <gpxtpx:cad>89</gpxtpx:cad>
     </gpxtpx:TrackPointExtension>
    </extensions>
   </trkpt>
   <trkpt lat="38.5823310" lon="-121.4780650">
    <ele>10.4</ele>
    <time>2025-11-21T15:15:54Z</time>
    <extensions>
     <power>200</power>
     <gpxtpx:TrackPointExtension>
      <gpxtpx:atemp>18</gpxtpx:atemp>
      <gpxtpx:hr>145</gpxtpx:hr>
      <gpxtpx:cad>89</gpxtpx:cad>
     </gpxtpx:TrackPointExtension>
    </extensions>
   </trkpt>
   <trkpt lat="38.5823190" lon="-121.4780450">
    <ele>10.4</ele>
    <time>2025-11-21T15:15:55Z</time>
    <extensions>
     <power>201</power>
     <gpxtpx:TrackPointExtension>
      <gpxtpx:atemp>18</gpxtpx:atemp>
      <gpxtpx:hr>145</gpxtpx:hr>
      <gpxtpx:cad>88</gpxtpx:cad>
     </gpxtpx:TrackPointExtension>
    </extensions>
   </trkpt>
   <trkpt lat="38.5823060" lon="-121.4780200">
    <ele>10.4</ele>
    <time>2025-11-21T15:15:56Z</time>
    <extensions>
     <power>206</power>
     <gpxtpx:TrackPointExtension>
      <gpxtpx:atemp>18</gpxtpx:atemp>
      <gpxtpx:hr>145</gpxtpx:hr>
      <gpxtpx:cad>88</gpxtpx:cad>
     </gpxtpx:TrackPointExtension>
    </extensions>
   </trkpt>
   <trkpt lat="38.5822980" lon="-121.4780000">
    <ele>10.4</ele>
    <time>2025-11-21T15:15:57Z</time>
    <extensions>
     <power>206</power>
     <gpxtpx:TrackPointExtension>
      <gpxtpx:atemp>18</gpxtpx:atemp>
      <gpxtpx:hr>145</gpxtpx:hr>
      <gpxtpx:cad>88</gpxtpx:cad>
     </gpxtpx:TrackPointExtension>
    </extensions>
   </trkpt>
   <trkpt lat="38.5822900" lon="-121.4779760">
    <ele>10.4</ele>
    <time>2025-11-21T15:15:58Z</time>
    <extensions>
     <power>205</power>
     <gpxtpx:TrackPointExtension>
      <gpxtpx:atemp>18</gpxtpx:atemp>
      <gpxtpx:hr>145</gpxtpx:hr>
      <gpxtpx:cad>88</gpxtpx:cad>
     </gpxtpx:TrackPointExtension>
    </extensions>
   </trkpt>
   <trkpt lat="38.5822800" lon="-121.4779510">
    <ele>10.4</ele>
    <time>2025-11-21T15:15:59Z</time>
    <extensions>
     <power>204</power>
     <gpxtpx:TrackPointExtension>
      <gpxtpx:atemp>18</gpxtpx:atemp>
      <gpxtpx:hr>145</gpxtpx:hr>
      <gpxtpx:cad>88</gpxtpx:cad>
     </gpxtpx:TrackPointExtension>
    </extensions>
   </trkpt>
   <trkpt lat="38.5822690" lon="-121.4779140">
    <ele>10.6</ele>
    <time>2025-11-21T15:16:00Z</time>
    <extensions>
     <power>199</power>
     <gpxtpx:TrackPointExtension>
      <gpxtpx:atemp>18</gpxtpx:atemp>
      <gpxtpx:hr>145</gpxtpx:hr>
      <gpxtpx:cad>88</gpxtpx:cad>
     </gpxtpx:TrackPointExtension>
    </extensions>
   </trkpt>
   <trkpt lat="38.5822590" lon="-121.4778890">
    <ele>10.6</ele>
    <time>2025-11-21T15:16:01Z</time>
    <extensions>
     <power>199</power>
     <gpxtpx:TrackPointExtension>
      <gpxtpx:atemp>18</gpxtpx:atemp>
      <gpxtpx:hr>145</gpxtpx:hr>
      <gpxtpx:cad>88</gpxtpx:cad>
     </gpxtpx:TrackPointExtension>
    </extensions>
   </trkpt>
   <trkpt lat="38.5822500" lon="-121.4778550">
    <ele>10.6</ele>
    <time>2025-11-21T15:16:02Z</time>
    <extensions>
     <power>201</power>
     <gpxtpx:TrackPointExtension>
      <gpxtpx:atemp>18</gpxtpx:atemp>
      <gpxtpx:hr>145</gpxtpx:hr>
      <gpxtpx:cad>88</gpxtpx:cad>
     </gpxtpx:TrackPointExtension>
    </extensions>
   </trkpt>
   <trkpt lat="38.5822450" lon="-121.4778320">
    <ele>10.4</ele>
    <time>2025-11-21T15:16:03Z</time>
    <extensions>
     <power>203</power>
     <gpxtpx:TrackPointExtension>
      <gpxtpx:atemp>18</gpxtpx:atemp>
      <gpxtpx:hr>145</gpxtpx:hr>
      <gpxtpx:cad>88</gpxtpx:cad>
     </gpxtpx:TrackPointExtension>
    </extensions>
   </trkpt>
   <trkpt lat="38.5822420" lon="-121.4777990">
    <ele>10.4</ele>
    <time>2025-11-21T15:16:04Z</time>
    <extensions>
     <power>206</power>
     <gpxtpx:TrackPointExtension>
      <gpxtpx:atemp>18</gpxtpx:atemp>
      <gpxtpx:hr>145</gpxtpx:hr>
      <gpxtpx:cad>88</gpxtpx:cad>
     </gpxtpx:TrackPointExtension>
    </extensions>
   </trkpt>
   <trkpt lat="38.5822450" lon="-121.4777700">
    <ele>10.4</ele>
    <time>2025-11-21T15:16:05Z</time>
    <extensions>
     <power>207</power>
     <gpxtpx:TrackPointExtension>
      <gpxtpx:atemp>18</gpxtpx:atemp>
      <gpxtpx:hr>145</gpxtpx:hr>
      <gpxtpx:cad>88</gpxtpx:cad>
     </gpxtpx:TrackPointExtension>
    </extensions>
   </trkpt>
   <trkpt lat="38.5822510" lon="-121.4777350">
    <ele>10.4</ele>
    <time>2025-11-21T15:16:06Z</time>
    <extensions>
     <power>207</power>
     <gpxtpx:TrackPointExtension>
      <gpxtpx:atemp>18</gpxtpx:atemp>
      <gpxtpx:hr>145</gpxtpx:hr>
      <gpxtpx:cad>88</gpxtpx:cad>
     </gpxtpx:TrackPointExtension>
    </extensions>
   </trkpt>
   <trkpt lat="38.5822540" lon="-121.4777070">
    <ele>10.4</ele>
    <time>2025-11-21T15:16:07Z</time>
    <extensions>
     <power>207</power>
     <gpxtpx:TrackPointExtension>
      <gpxtpx:atemp>18</gpxtpx:atemp>
      <gpxtpx:hr>145</gpxtpx:hr>
      <gpxtpx:cad>89</gpxtpx:cad>
     </gpxtpx:TrackPointExtension>
    </extensions>
   </trkpt>
   <trkpt lat="38.5822610" lon="-121.4776800">
    <ele>10.6</ele>
    <time>2025-11-21T15:16:08Z</time>
    <extensions>
     <power>209</power>
     <gpxtpx:TrackPointExtension>
      <gpxtpx:atemp>18</gpxtpx:atemp>
      <gpxtpx:hr>146</gpxtpx:hr>
      <gpxtpx:cad>89</gpxtpx:cad>
     </gpxtpx:TrackPointExtension>
    </extensions>
   </trkpt>
   <trkpt lat="38.5822760" lon="-121.4776630">
    <ele>10.6</ele>
    <time>2025-11-21T15:16:09Z</time>
    <extensions>
     <power>210</power>
     <gpxtpx:TrackPointExtension>
      <gpxtpx:atemp>18</gpxtpx:atemp>
      <gpxtpx:hr>145</gpxtpx:hr>
      <gpxtpx:cad>88</gpxtpx:cad>
     </gpxtpx:TrackPointExtension>
    </extensions>
   </trkpt>
   <trkpt lat="38.5822920" lon="-121.4776600">
    <ele>10.6</ele>
    <time>2025-11-21T15:16:10Z</time>
    <extensions>
     <power>211</power>
     <gpxtpx:TrackPointExtension>
      <gpxtpx:atemp>18</gpxtpx:atemp>
      <gpxtpx:hr>146</gpxtpx:hr>
      <gpxtpx:cad>88</gpxtpx:cad>
     </gpxtpx:TrackPointExtension>
    </extensions>
   </trkpt>
   <trkpt lat="38.5823100" lon="-121.4776470">
    <ele>10.6</ele>
    <time>2025-11-21T15:16:11Z</time>
    <extensions>
     <power>213</power>
     <gpxtpx:TrackPointExtension>
      <gpxtpx:atemp>18</gpxtpx:atemp>
      <gpxtpx:hr>146</gpxtpx:hr>
      <gpxtpx:cad>88</gpxtpx:cad>
     </gpxtpx:TrackPointExtension>
    </extensions>
   </trkpt>
   <trkpt lat="38.5823110" lon="-121.4776290">
    <ele>10.6</ele>
    <time>2025-11-21T15:16:12Z</time>
    <extensions>
     <power>212</power>
     <gpxtpx:TrackPointExtension>
      <gpxtpx:atemp>18</gpxtpx:atemp>
      <gpxtpx:hr>146</gpxtpx:hr>
      <gpxtpx:cad>87</gpxtpx:cad>
     </gpxtpx:TrackPointExtension>
    </extensions>
   </trkpt>
   <trkpt lat="38.5823070" lon="-121.4776050">
    <ele>10.6</ele>
    <time>2025-11-21T15:16:13Z</time>
    <extensions>
     <power>213</power>
     <gpxtpx:TrackPointExtension>
      <gpxtpx:atemp>18</gpxtpx:atemp>
      <gpxtpx:hr>146</gpxtpx:hr>
      <gpxtpx:cad>86</gpxtpx:cad>
     </gpxtpx:TrackPointExtension>
    </extensions>
   </trkpt>
   <trkpt lat="38.5823020" lon="-121.4775860">
    <ele>10.4</ele>
    <time>2025-11-21T15:16:14Z</time>
    <extensions>
     <power>211</power>
     <gpxtpx:TrackPointExtension>
      <gpxtpx:atemp>18</gpxtpx:atemp>
      <gpxtpx:hr>147</gpxtpx:hr>
      <gpxtpx:cad>86</gpxtpx:cad>
     </gpxtpx:TrackPointExtension>
    </extensions>
   </trkpt>
   <trkpt lat="38.5822980" lon="-121.4775550">
    <ele>10.4</ele>
    <time>2025-11-21T15:16:15Z</time>
    <extensions>
     <power>207</power>
     <gpxtpx:TrackPointExtension>
      <gpxtpx:atemp>18</gpxtpx:atemp>
      <gpxtpx:hr>147</gpxtpx:hr>
      <gpxtpx:cad>86</gpxtpx:cad>
     </gpxtpx:TrackPointExtension>
    </extensions>
   </trkpt>
   <trkpt lat="38.5822920" lon="-121.4775270">
    <ele>10.4</ele>
    <time>2025-11-21T15:16:16Z</time>
    <extensions>
     <power>203</power>
     <gpxtpx:TrackPointExtension>
      <gpxtpx:atemp>18</gpxtpx:atemp>
      <gpxtpx:hr>147</gpxtpx:hr>
      <gpxtpx:cad>86</gpxtpx:cad>
     </gpxtpx:TrackPointExtension>
    </extensions>
   </trkpt>
   <trkpt lat="38.5822850" lon="-121.4774960">
    <ele>10.4</ele>
    <time>2025-11-21T15:16:17Z</time>
    <extensions>
     <power>204</power>
     <gpxtpx:TrackPointExtension>
      <gpxtpx:atemp>18</gpxtpx:atemp>
      <gpxtpx:hr>148</gpxtpx:hr>
      <gpxtpx:cad>88</gpxtpx:cad>
     </gpxtpx:TrackPointExtension>
    </extensions>
   </trkpt>
   <trkpt lat="38.5822800" lon="-121.4774750">
    <ele>10.6</ele>
    <time>2025-11-21T15:16:18Z</time>
    <extensions>
     <power>203</power>
     <gpxtpx:TrackPointExtension>
      <gpxtpx:atemp>18</gpxtpx:atemp>
      <gpxtpx:hr>148</gpxtpx:hr>
      <gpxtpx:cad>88</gpxtpx:cad>
     </gpxtpx:TrackPointExtension>
    </extensions>
   </trkpt>
   <trkpt lat="38.5822710" lon="-121.4774440">
    <ele>10.6</ele>
    <time>2025-11-21T15:16:19Z</time>
    <extensions>
     <power>204</power>
     <gpxtpx:TrackPointExtension>
      <gpxtpx:atemp>18</gpxtpx:atemp>
      <gpxtpx:hr>148</gpxtpx:hr>
      <gpxtpx:cad>89</gpxtpx:cad>
     </gpxtpx:TrackPointExtension>
    </extensions>
   </trkpt>
   <trkpt lat="38.5822630" lon="-121.4774200">
    <ele>10.4</ele>
    <time>2025-11-21T15:16:20Z</time>
    <extensions>
     <power>203</power>
     <gpxtpx:TrackPointExtension>
      <gpxtpx:atemp>18</gpxtpx:atemp>
      <gpxtpx:hr>147</gpxtpx:hr>
      <gpxtpx:cad>90</gpxtpx:cad>
     </gpxtpx:TrackPointExtension>
    </extensions>
   </trkpt>
   <trkpt lat="38.5822550" lon="-121.4773880">
    <ele>10.4</ele>
    <time>2025-11-21T15:16:21Z</time>
    <extensions>
     <power>202</power>
     <gpxtpx:TrackPointExtension>
      <gpxtpx:atemp>18</gpxtpx:atemp>
      <gpxtpx:hr>147</gpxtpx:hr>
      <gpxtpx:cad>90</gpxtpx:cad>
     </gpxtpx:TrackPointExtension>
    </extensions>
   </trkpt>
   <trkpt lat="38.5822470" lon="-121.4773620">
    <ele>10.4</ele>
    <time>2025-11-21T15:16:22Z</time>
    <extensions>
     <power>201</power>
     <gpxtpx:TrackPointExtension>
      <gpxtpx:atemp>18</gpxtpx:atemp>
      <gpxtpx:hr>147</gpxtpx:hr>
      <gpxtpx:cad>90</gpxtpx:cad>
     </gpxtpx:TrackPointExtension>
    </extensions>
   </trkpt>
   <trkpt lat="38.5822410" lon="-121.4773300">
    <ele>10.6</ele>
    <time>2025-11-21T15:16:23Z</time>
    <extensions>
     <power>200</power>
     <gpxtpx:TrackPointExtension>
      <gpxtpx:atemp>18</gpxtpx:atemp>
      <gpxtpx:hr>148</gpxtpx:hr>
      <gpxtpx:cad>90</gpxtpx:cad>
     </gpxtpx:TrackPointExtension>
    </extensions>
   </trkpt>
   <trkpt lat="38.5822330" lon="-121.4773040">
    <ele>10.6</ele>
    <time>2025-11-21T15:16:24Z</time>
    <extensions>
     <power>201</power>
     <gpxtpx:TrackPointExtension>
      <gpxtpx:atemp>18</gpxtpx:atemp>
      <gpxtpx:hr>147</gpxtpx:hr>
      <gpxtpx:cad>90</gpxtpx:cad>
     </gpxtpx:TrackPointExtension>
    </extensions>
   </trkpt>
   <trkpt lat="38.5822210" lon="-121.4772780">
    <ele>10.6</ele>
    <time>2025-11-21T15:16:25Z</time>
    <extensions>
     <power>202</power>
     <gpxtpx:TrackPointExtension>
      <gpxtpx:atemp>18</gpxtpx:atemp>
      <gpxtpx:hr>147</gpxtpx:hr>
      <gpxtpx:cad>90</gpxtpx:cad>
     </gpxtpx:TrackPointExtension>
    </extensions>
   </trkpt>
   <trkpt lat="38.5822150" lon="-121.4772530">
    <ele>10.6</ele>
    <time>2025-11-21T15:16:26Z</time>
    <extensions>
     <power>202</power>
     <gpxtpx:TrackPointExtension>
      <gpxtpx:atemp>18</gpxtpx:atemp>
      <gpxtpx:hr>147</gpxtpx:hr>
      <gpxtpx:cad>89</gpxtpx:cad>
     </gpxtpx:TrackPointExtension>
    </extensions>
   </trkpt>
   <trkpt lat="38.5822070" lon="-121.4772190">
    <ele>10.6</ele>
    <time>2025-11-21T15:16:27Z</time>
    <extensions>
     <power>204</power>
     <gpxtpx:TrackPointExtension>
      <gpxtpx:atemp>18</gpxtpx:atemp>
      <gpxtpx:hr>148</gpxtpx:hr>
      <gpxtpx:cad>89</gpxtpx:cad>
     </gpxtpx:TrackPointExtension>
    </extensions>
   </trkpt>
   <trkpt lat="38.5822020" lon="-121.4771970">
    <ele>10.6</ele>
    <time>2025-11-21T15:16:28Z</time>
    <extensions>
     <power>206</power>
     <gpxtpx:TrackPointExtension>
      <gpxtpx:atemp>18</gpxtpx:atemp>
      <gpxtpx:hr>147</gpxtpx:hr>
      <gpxtpx:cad>90</gpxtpx:cad>
     </gpxtpx:TrackPointExtension>
    </extensions>
   </trkpt>
   <trkpt lat="38.5821930" lon="-121.4771670">
    <ele>10.6</ele>
    <time>2025-11-21T15:16:29Z</time>
    <extensions>
     <power>208</power>
     <gpxtpx:TrackPointExtension>
      <gpxtpx:atemp>18</gpxtpx:atemp>
      <gpxtpx:hr>147</gpxtpx:hr>
      <gpxtpx:cad>90</gpxtpx:cad>
     </gpxtpx:TrackPointExtension>
    </extensions>
   </trkpt>
   <trkpt lat="38.5821870" lon="-121.4771470">
    <ele>10.6</ele>
    <time>2025-11-21T15:16:30Z</time>
    <extensions>
     <power>209</power>
     <gpxtpx:TrackPointExtension>
      <gpxtpx:atemp>18</gpxtpx:atemp>
      <gpxtpx:hr>147</gpxtpx:hr>
      <gpxtpx:cad>91</gpxtpx:cad>
     </gpxtpx:TrackPointExtension>
    </extensions>
   </trkpt>
   <trkpt lat="38.5821740" lon="-121.4771210">
    <ele>10.6</ele>
    <time>2025-11-21T15:16:31Z</time>
    <extensions>
     <power>207</power>
     <gpxtpx:TrackPointExtension>
      <gpxtpx:atemp>18</gpxtpx:atemp>
      <gpxtpx:hr>148</gpxtpx:hr>
      <gpxtpx:cad>92</gpxtpx:cad>
     </gpxtpx:TrackPointExtension>
    </extensions>
   </trkpt>
   <trkpt lat="38.5821700" lon="-121.4771020">
    <ele>10.6</ele>
    <time>2025-11-21T15:16:32Z</time>
    <extensions>
     <power>206</power>
     <gpxtpx:TrackPointExtension>
      <gpxtpx:atemp>18</gpxtpx:atemp>
      <gpxtpx:hr>147</gpxtpx:hr>
      <gpxtpx:cad>92</gpxtpx:cad>
     </gpxtpx:TrackPointExtension>
    </extensions>
   </trkpt>
   <trkpt lat="38.5821640" lon="-121.4770710">
    <ele>10.6</ele>
    <time>2025-11-21T15:16:33Z</time>
    <extensions>
     <power>206</power>
     <gpxtpx:TrackPointExtension>
      <gpxtpx:atemp>18</gpxtpx:atemp>
      <gpxtpx:hr>148</gpxtpx:hr>
      <gpxtpx:cad>91</gpxtpx:cad>
     </gpxtpx:TrackPointExtension>
    </extensions>
   </trkpt>
   <trkpt lat="38.5821590" lon="-121.4770480">
    <ele>10.6</ele>
    <time>2025-11-21T15:16:34Z</time>
    <extensions>
     <power>205</power>
     <gpxtpx:TrackPointExtension>
      <gpxtpx:atemp>18</gpxtpx:atemp>
      <gpxtpx:hr>148</gpxtpx:hr>
      <gpxtpx:cad>91</gpxtpx:cad>
     </gpxtpx:TrackPointExtension>
    </extensions>
   </trkpt>
   <trkpt lat="38.5821500" lon="-121.4770170">
    <ele>10.6</ele>
    <time>2025-11-21T15:16:35Z</time>
    <extensions>
     <power>204</power>
     <gpxtpx:TrackPointExtension>
      <gpxtpx:atemp>18</gpxtpx:atemp>
      <gpxtpx:hr>148</gpxtpx:hr>
      <gpxtpx:cad>90</gpxtpx:cad>
     </gpxtpx:TrackPointExtension>
    </extensions>
   </trkpt>
   <trkpt lat="38.5821440" lon="-121.4769940">
    <ele>10.6</ele>
    <time>2025-11-21T15:16:36Z</time>
    <extensions>
     <power>205</power>
     <gpxtpx:TrackPointExtension>
      <gpxtpx:atemp>18</gpxtpx:atemp>
      <gpxtpx:hr>148</gpxtpx:hr>
      <gpxtpx:cad>90</gpxtpx:cad>
     </gpxtpx:TrackPointExtension>
    </extensions>
   </trkpt>
   <trkpt lat="38.5821340" lon="-121.4769630">
    <ele>10.6</ele>
    <time>2025-11-21T15:16:37Z</time>
    <extensions>
     <power>205</power>
     <gpxtpx:TrackPointExtension>
      <gpxtpx:atemp>18</gpxtpx:atemp>
      <gpxtpx:hr>148</gpxtpx:hr>
      <gpxtpx:cad>89</gpxtpx:cad>
     </gpxtpx:TrackPointExtension>
    </extensions>
   </trkpt>
   <trkpt lat="38.5821260" lon="-121.4769390">
    <ele>10.6</ele>
    <time>2025-11-21T15:16:38Z</time>
    <extensions>
     <power>206</power>
     <gpxtpx:TrackPointExtension>
      <gpxtpx:atemp>18</gpxtpx:atemp>
      <gpxtpx:hr>148</gpxtpx:hr>
      <gpxtpx:cad>89</gpxtpx:cad>
     </gpxtpx:TrackPointExtension>
    </extensions>
   </trkpt>
   <trkpt lat="38.5821200" lon="-121.4769090">
    <ele>10.6</ele>
    <time>2025-11-21T15:16:39Z</time>
    <extensions>
     <power>207</power>
     <gpxtpx:TrackPointExtension>
      <gpxtpx:atemp>18</gpxtpx:atemp>
      <gpxtpx:hr>148</gpxtpx:hr>
      <gpxtpx:cad>88</gpxtpx:cad>
     </gpxtpx:TrackPointExtension>
    </extensions>
   </trkpt>
   <trkpt lat="38.5821160" lon="-121.4768810">
    <ele>10.6</ele>
    <time>2025-11-21T15:16:40Z</time>
    <extensions>
     <power>206</power>
     <gpxtpx:TrackPointExtension>
      <gpxtpx:atemp>18</gpxtpx:atemp>
      <gpxtpx:hr>147</gpxtpx:hr>
      <gpxtpx:cad>88</gpxtpx:cad>
     </gpxtpx:TrackPointExtension>
    </extensions>
   </trkpt>
   <trkpt lat="38.5821060" lon="-121.4768470">
    <ele>10.4</ele>
    <time>2025-11-21T15:16:41Z</time>
    <extensions>
     <power>206</power>
     <gpxtpx:TrackPointExtension>
      <gpxtpx:atemp>18</gpxtpx:atemp>
      <gpxtpx:hr>148</gpxtpx:hr>
      <gpxtpx:cad>88</gpxtpx:cad>
     </gpxtpx:TrackPointExtension>
    </extensions>
   </trkpt>
   <trkpt lat="38.5821010" lon="-121.4768230">
    <ele>10.6</ele>
    <time>2025-11-21T15:16:42Z</time>
    <extensions>
     <power>206</power>
     <gpxtpx:TrackPointExtension>
      <gpxtpx:atemp>18</gpxtpx:atemp>
      <gpxtpx:hr>148</gpxtpx:hr>
      <gpxtpx:cad>88</gpxtpx:cad>
     </gpxtpx:TrackPointExtension>
    </extensions>
   </trkpt>
   <trkpt lat="38.5820920" lon="-121.4767990">
    <ele>10.6</ele>
    <time>2025-11-21T15:16:43Z</time>
    <extensions>
     <power>208</power>
     <gpxtpx:TrackPointExtension>
      <gpxtpx:atemp>18</gpxtpx:atemp>
      <gpxtpx:hr>147</gpxtpx:hr>
      <gpxtpx:cad>88</gpxtpx:cad>
     </gpxtpx:TrackPointExtension>
    </extensions>
   </trkpt>
   <trkpt lat="38.5820880" lon="-121.4767820">
    <ele>10.6</ele>
    <time>2025-11-21T15:16:44Z</time>
    <extensions>
     <power>208</power>
     <gpxtpx:TrackPointExtension>
      <gpxtpx:atemp>18</gpxtpx:atemp>
      <gpxtpx:hr>148</gpxtpx:hr>
      <gpxtpx:cad>89</gpxtpx:cad>
     </gpxtpx:TrackPointExtension>
    </extensions>
   </trkpt>
   <trkpt lat="38.5820780" lon="-121.4767530">
    <ele>10.6</ele>
    <time>2025-11-21T15:16:45Z</time>
    <extensions>
     <power>207</power>
     <gpxtpx:TrackPointExtension>
      <gpxtpx:atemp>18</gpxtpx:atemp>
      <gpxtpx:hr>148</gpxtpx:hr>
      <gpxtpx:cad>89</gpxtpx:cad>
     </gpxtpx:TrackPointExtension>
    </extensions>
   </trkpt>
   <trkpt lat="38.5820700" lon="-121.4767290">
    <ele>10.6</ele>
    <time>2025-11-21T15:16:46Z</time>
    <extensions>
     <power>204</power>
     <gpxtpx:TrackPointExtension>
      <gpxtpx:atemp>18</gpxtpx:atemp>
      <gpxtpx:hr>148</gpxtpx:hr>
      <gpxtpx:cad>89</gpxtpx:cad>
     </gpxtpx:TrackPointExtension>
    </extensions>
   </trkpt>
   <trkpt lat="38.5820580" lon="-121.4766980">
    <ele>10.6</ele>
    <time>2025-11-21T15:16:47Z</time>
    <extensions>
     <power>204</power>
     <gpxtpx:TrackPointExtension>
      <gpxtpx:atemp>18</gpxtpx:atemp>
      <gpxtpx:hr>147</gpxtpx:hr>
      <gpxtpx:cad>88</gpxtpx:cad>
     </gpxtpx:TrackPointExtension>
    </extensions>
   </trkpt>
   <trkpt lat="38.5820590" lon="-121.4766800">
    <ele>10.6</ele>
    <time>2025-11-21T15:16:48Z</time>
    <extensions>
     <power>205</power>
     <gpxtpx:TrackPointExtension>
      <gpxtpx:atemp>18</gpxtpx:atemp>
      <gpxtpx:hr>148</gpxtpx:hr>
      <gpxtpx:cad>88</gpxtpx:cad>
     </gpxtpx:TrackPointExtension>
    </extensions>
   </trkpt>
   <trkpt lat="38.5820510" lon="-121.4766570">
    <ele>10.6</ele>
    <time>2025-11-21T15:16:49Z</time>
    <extensions>
     <power>204</power>
     <gpxtpx:TrackPointExtension>
      <gpxtpx:atemp>18</gpxtpx:atemp>
      <gpxtpx:hr>148</gpxtpx:hr>
      <gpxtpx:cad>89</gpxtpx:cad>
     </gpxtpx:TrackPointExtension>
    </extensions>
   </trkpt>
   <trkpt lat="38.5820430" lon="-121.4766310">
    <ele>10.6</ele>
    <time>2025-11-21T15:16:50Z</time>
    <extensions>
     <power>205</power>
     <gpxtpx:TrackPointExtension>
      <gpxtpx:atemp>18</gpxtpx:atemp>
      <gpxtpx:hr>148</gpxtpx:hr>
      <gpxtpx:cad>90</gpxtpx:cad>
     </gpxtpx:TrackPointExtension>
    </extensions>
   </trkpt>
   <trkpt lat="38.5820330" lon="-121.4765990">
    <ele>10.6</ele>
    <time>2025-11-21T15:16:51Z</time>
    <extensions>
     <power>203</power>
     <gpxtpx:TrackPointExtension>
      <gpxtpx:atemp>18</gpxtpx:atemp>
      <gpxtpx:hr>147</gpxtpx:hr>
      <gpxtpx:cad>90</gpxtpx:cad>
     </gpxtpx:TrackPointExtension>
    </extensions>
   </trkpt>
   <trkpt lat="38.5820260" lon="-121.4765770">
    <ele>10.6</ele>
    <time>2025-11-21T15:16:52Z</time>
    <extensions>
     <power>203</power>
     <gpxtpx:TrackPointExtension>
      <gpxtpx:atemp>18</gpxtpx:atemp>
      <gpxtpx:hr>148</gpxtpx:hr>
      <gpxtpx:cad>91</gpxtpx:cad>
     </gpxtpx:TrackPointExtension>
    </extensions>
   </trkpt>
   <trkpt lat="38.5820180" lon="-121.4765550">
    <ele>10.6</ele>
    <time>2025-11-21T15:16:53Z</time>
    <extensions>
     <power>204</power>
     <gpxtpx:TrackPointExtension>
      <gpxtpx:atemp>18</gpxtpx:atemp>
      <gpxtpx:hr>148</gpxtpx:hr>
      <gpxtpx:cad>92</gpxtpx:cad>
     </gpxtpx:TrackPointExtension>
    </extensions>
   </trkpt>
   <trkpt lat="38.5820150" lon="-121.4765360">
    <ele>10.6</ele>
    <time>2025-11-21T15:16:54Z</time>
    <extensions>
     <power>205</power>
     <gpxtpx:TrackPointExtension>
      <gpxtpx:atemp>18</gpxtpx:atemp>
      <gpxtpx:hr>147</gpxtpx:hr>
      <gpxtpx:cad>92</gpxtpx:cad>
     </gpxtpx:TrackPointExtension>
    </extensions>
   </trkpt>
   <trkpt lat="38.5820080" lon="-121.4765150">
    <ele>10.6</ele>
    <time>2025-11-21T15:16:55Z</time>
    <extensions>
     <power>204</power>
     <gpxtpx:TrackPointExtension>
      <gpxtpx:atemp>18</gpxtpx:atemp>
      <gpxtpx:hr>148</gpxtpx:hr>
      <gpxtpx:cad>90</gpxtpx:cad>
     </gpxtpx:TrackPointExtension>
    </extensions>
   </trkpt>
   <trkpt lat="38.5820010" lon="-121.4764920">
    <ele>10.6</ele>
    <time>2025-11-21T15:16:56Z</time>
    <extensions>
     <power>204</power>
     <gpxtpx:TrackPointExtension>
      <gpxtpx:atemp>18</gpxtpx:atemp>
      <gpxtpx:hr>148</gpxtpx:hr>
      <gpxtpx:cad>90</gpxtpx:cad>
     </gpxtpx:TrackPointExtension>
    </extensions>
   </trkpt>
   <trkpt lat="38.5819900" lon="-121.4764620">
    <ele>10.6</ele>
    <time>2025-11-21T15:16:57Z</time>
    <extensions>
     <power>204</power>
     <gpxtpx:TrackPointExtension>
      <gpxtpx:atemp>18</gpxtpx:atemp>
      <gpxtpx:hr>147</gpxtpx:hr>
      <gpxtpx:cad>90</gpxtpx:cad>
     </gpxtpx:TrackPointExtension>
    </extensions>
   </trkpt>
   <trkpt lat="38.5819830" lon="-121.4764380">
    <ele>10.6</ele>
    <time>2025-11-21T15:16:58Z</time>
    <extensions>
     <power>203</power>
     <gpxtpx:TrackPointExtension>
      <gpxtpx:atemp>18</gpxtpx:atemp>
      <gpxtpx:hr>148</gpxtpx:hr>
      <gpxtpx:cad>89</gpxtpx:cad>
     </gpxtpx:TrackPointExtension>
    </extensions>
   </trkpt>
   <trkpt lat="38.5819760" lon="-121.4764110">
    <ele>10.6</ele>
    <time>2025-11-21T15:16:59Z</time>
    <extensions>
     <power>203</power>
     <gpxtpx:TrackPointExtension>
      <gpxtpx:atemp>18</gpxtpx:atemp>
      <gpxtpx:hr>148</gpxtpx:hr>
      <gpxtpx:cad>89</gpxtpx:cad>
     </gpxtpx:TrackPointExtension>
    </extensions>
   </trkpt>
   <trkpt lat="38.5819670" lon="-121.4763880">
    <ele>10.6</ele>
    <time>2025-11-21T15:17:00Z</time>
    <extensions>
     <power>203</power>
     <gpxtpx:TrackPointExtension>
      <gpxtpx:atemp>18</gpxtpx:atemp>
      <gpxtpx:hr>147</gpxtpx:hr>
      <gpxtpx:cad>89</gpxtpx:cad>
     </gpxtpx:TrackPointExtension>
    </extensions>
   </trkpt>
   <trkpt lat="38.5819560" lon="-121.4763560">
    <ele>10.6</ele>
    <time>2025-11-21T15:17:01Z</time>
    <extensions>
     <power>202</power>
     <gpxtpx:TrackPointExtension>
      <gpxtpx:atemp>18</gpxtpx:atemp>
      <gpxtpx:hr>148</gpxtpx:hr>
      <gpxtpx:cad>89</gpxtpx:cad>
     </gpxtpx:TrackPointExtension>
    </extensions>
   </trkpt>
   <trkpt lat="38.5819480" lon="-121.4763290">
    <ele>10.4</ele>
    <time>2025-11-21T15:17:02Z</time>
    <extensions>
     <power>202</power>
     <gpxtpx:TrackPointExtension>
      <gpxtpx:atemp>18</gpxtpx:atemp>
      <gpxtpx:hr>148</gpxtpx:hr>
      <gpxtpx:cad>89</gpxtpx:cad>
     </gpxtpx:TrackPointExtension>
    </extensions>
   </trkpt>
   <trkpt lat="38.5819420" lon="-121.4763020">
    <ele>10.4</ele>
    <time>2025-11-21T15:17:03Z</time>
    <extensions>
     <power>202</power>
     <gpxtpx:TrackPointExtension>
      <gpxtpx:atemp>18</gpxtpx:atemp>
      <gpxtpx:hr>147</gpxtpx:hr>
      <gpxtpx:cad>88</gpxtpx:cad>
     </gpxtpx:TrackPointExtension>
    </extensions>
   </trkpt>
   <trkpt lat="38.5819370" lon="-121.4762740">
    <ele>10.4</ele>
    <time>2025-11-21T15:17:04Z</time>
    <extensions>
     <power>202</power>
     <gpxtpx:TrackPointExtension>
      <gpxtpx:atemp>18</gpxtpx:atemp>
      <gpxtpx:hr>148</gpxtpx:hr>
      <gpxtpx:cad>88</gpxtpx:cad>
     </gpxtpx:TrackPointExtension>
    </extensions>
   </trkpt>
   <trkpt lat="38.5819310" lon="-121.4762450">
    <ele>10.4</ele>
    <time>2025-11-21T15:17:05Z</time>
    <extensions>
     <power>203</power>
     <gpxtpx:TrackPointExtension>
      <gpxtpx:atemp>18</gpxtpx:atemp>
      <gpxtpx:hr>147</gpxtpx:hr>
      <gpxtpx:cad>88</gpxtpx:cad>
     </gpxtpx:TrackPointExtension>
    </extensions>
   </trkpt>
   <trkpt lat="38.5819300" lon="-121.4762200">
    <ele>10.4</ele>
    <time>2025-11-21T15:17:06Z</time>
    <extensions>
     <power>204</power>
     <gpxtpx:TrackPointExtension>
      <gpxtpx:atemp>17</gpxtpx:atemp>
      <gpxtpx:hr>147</gpxtpx:hr>
      <gpxtpx:cad>88</gpxtpx:cad>
     </gpxtpx:TrackPointExtension>
    </extensions>
   </trkpt>
   <trkpt lat="38.5819240" lon="-121.4761880">
    <ele>10.6</ele>
    <time>2025-11-21T15:17:07Z</time>
    <extensions>
     <power>204</power>
     <gpxtpx:TrackPointExtension>
      <gpxtpx:atemp>18</gpxtpx:atemp>
      <gpxtpx:hr>147</gpxtpx:hr>
      <gpxtpx:cad>89</gpxtpx:cad>
     </gpxtpx:TrackPointExtension>
    </extensions>
   </trkpt>
   <trkpt lat="38.5819170" lon="-121.4761570">
    <ele>10.6</ele>
    <time>2025-11-21T15:17:08Z</time>
    <extensions>
     <power>203</power>
     <gpxtpx:TrackPointExtension>
      <gpxtpx:atemp>18</gpxtpx:atemp>
      <gpxtpx:hr>147</gpxtpx:hr>
      <gpxtpx:cad>89</gpxtpx:cad>
     </gpxtpx:TrackPointExtension>
    </extensions>
   </trkpt>
   <trkpt lat="38.5819140" lon="-121.4761320">
    <ele>10.6</ele>
    <time>2025-11-21T15:17:09Z</time>
    <extensions>
     <power>203</power>
     <gpxtpx:TrackPointExtension>
      <gpxtpx:atemp>18</gpxtpx:atemp>
      <gpxtpx:hr>147</gpxtpx:hr>
      <gpxtpx:cad>89</gpxtpx:cad>
     </gpxtpx:TrackPointExtension>
    </extensions>
   </trkpt>
   <trkpt lat="38.5819090" lon="-121.4760970">
    <ele>10.6</ele>
    <time>2025-11-21T15:17:10Z</time>
    <extensions>
     <power>204</power>
     <gpxtpx:TrackPointExtension>
      <gpxtpx:atemp>18</gpxtpx:atemp>
      <gpxtpx:hr>147</gpxtpx:hr>
      <gpxtpx:cad>89</gpxtpx:cad>
     </gpxtpx:TrackPointExtension>
    </extensions>
   </trkpt>
   <trkpt lat="38.5819050" lon="-121.4760690">
    <ele>10.6</ele>
    <time>2025-11-21T15:17:11Z</time>
    <extensions>
     <power>206</power>
     <gpxtpx:TrackPointExtension>
      <gpxtpx:atemp>18</gpxtpx:atemp>
      <gpxtpx:hr>147</gpxtpx:hr>
      <gpxtpx:cad>88</gpxtpx:cad>
     </gpxtpx:TrackPointExtension>
    </extensions>
   </trkpt>
   <trkpt lat="38.5818970" lon="-121.4760410">
    <ele>10.6</ele>
    <time>2025-11-21T15:17:12Z</time>
    <extensions>
     <power>208</power>
     <gpxtpx:TrackPointExtension>
      <gpxtpx:atemp>18</gpxtpx:atemp>
      <gpxtpx:hr>147</gpxtpx:hr>
      <gpxtpx:cad>88</gpxtpx:cad>
     </gpxtpx:TrackPointExtension>
    </extensions>
   </trkpt>
   <trkpt lat="38.5818920" lon="-121.4760150">
    <ele>10.6</ele>
    <time>2025-11-21T15:17:13Z</time>
    <extensions>
     <power>208</power>
     <gpxtpx:TrackPointExtension>
      <gpxtpx:atemp>17</gpxtpx:atemp>
      <gpxtpx:hr>147</gpxtpx:hr>
      <gpxtpx:cad>88</gpxtpx:cad>
     </gpxtpx:TrackPointExtension>
    </extensions>
   </trkpt>
   <trkpt lat="38.5818840" lon="-121.4759930">
    <ele>10.6</ele>
    <time>2025-11-21T15:17:14Z</time>
    <extensions>
     <power>209</power>
     <gpxtpx:TrackPointExtension>
      <gpxtpx:atemp>18</gpxtpx:atemp>
      <gpxtpx:hr>147</gpxtpx:hr>
      <gpxtpx:cad>88</gpxtpx:cad>
     </gpxtpx:TrackPointExtension>
    </extensions>
   </trkpt>
   <trkpt lat="38.5818810" lon="-121.4759730">
    <ele>10.6</ele>
    <time>2025-11-21T15:17:15Z</time>
    <extensions>
     <power>208</power>
     <gpxtpx:TrackPointExtension>
      <gpxtpx:atemp>17</gpxtpx:atemp>
      <gpxtpx:hr>146</gpxtpx:hr>
      <gpxtpx:cad>88</gpxtpx:cad>
     </gpxtpx:TrackPointExtension>
    </extensions>
   </trkpt>
   <trkpt lat="38.5818740" lon="-121.4759500">
    <ele>10.6</ele>
    <time>2025-11-21T15:17:16Z</time>
    <extensions>
     <power>207</power>
     <gpxtpx:TrackPointExtension>
      <gpxtpx:atemp>18</gpxtpx:atemp>
      <gpxtpx:hr>147</gpxtpx:hr>
      <gpxtpx:cad>88</gpxtpx:cad>
     </gpxtpx:TrackPointExtension>
    </extensions>
   </trkpt>
   <trkpt lat="38.5818650" lon="-121.4759270">
    <ele>10.6</ele>
    <time>2025-11-21T15:17:17Z</time>
    <extensions>
     <power>205</power>
     <gpxtpx:TrackPointExtension>
      <gpxtpx:atemp>18</gpxtpx:atemp>
      <gpxtpx:hr>147</gpxtpx:hr>
      <gpxtpx:cad>88</gpxtpx:cad>
     </gpxtpx:TrackPointExtension>
    </extensions>
   </trkpt>
   <trkpt lat="38.5818550" lon="-121.4758920">
    <ele>10.6</ele>
    <time>2025-11-21T15:17:18Z</time>
    <extensions>
     <power>204</power>
     <gpxtpx:TrackPointExtension>
      <gpxtpx:atemp>18</gpxtpx:atemp>
      <gpxtpx:hr>147</gpxtpx:hr>
      <gpxtpx:cad>88</gpxtpx:cad>
     </gpxtpx:TrackPointExtension>
    </extensions>
   </trkpt>
   <trkpt lat="38.5818470" lon="-121.4758690">
    <ele>10.6</ele>
    <time>2025-11-21T15:17:19Z</time>
    <extensions>
     <power>204</power>
     <gpxtpx:TrackPointExtension>
      <gpxtpx:atemp>17</gpxtpx:atemp>
      <gpxtpx:hr>146</gpxtpx:hr>
      <gpxtpx:cad>88</gpxtpx:cad>
     </gpxtpx:TrackPointExtension>
    </extensions>
   </trkpt>
   <trkpt lat="38.5818400" lon="-121.4758360">
    <ele>10.6</ele>
    <time>2025-11-21T15:17:20Z</time>
    <extensions>
     <power>204</power>
     <gpxtpx:TrackPointExtension>
      <gpxtpx:atemp>17</gpxtpx:atemp>
      <gpxtpx:hr>147</gpxtpx:hr>
      <gpxtpx:cad>88</gpxtpx:cad>
     </gpxtpx:TrackPointExtension>
    </extensions>
   </trkpt>
   <trkpt lat="38.5818360" lon="-121.4758110">
    <ele>10.6</ele>
    <time>2025-11-21T15:17:21Z</time>
    <extensions>
     <power>204</power>
     <gpxtpx:TrackPointExtension>
      <gpxtpx:atemp>18</gpxtpx:atemp>
      <gpxtpx:hr>147</gpxtpx:hr>
      <gpxtpx:cad>88</gpxtpx:cad>
     </gpxtpx:TrackPointExtension>
    </extensions>
   </trkpt>
   <trkpt lat="38.5818300" lon="-121.4757760">
    <ele>10.4</ele>
    <time>2025-11-21T15:17:22Z</time>
    <extensions>
     <power>204</power>
     <gpxtpx:TrackPointExtension>
      <gpxtpx:atemp>17</gpxtpx:atemp>
      <gpxtpx:hr>146</gpxtpx:hr>
      <gpxtpx:cad>88</gpxtpx:cad>
     </gpxtpx:TrackPointExtension>
    </extensions>
   </trkpt>
   <trkpt lat="38.5818240" lon="-121.4757500">
    <ele>10.4</ele>
    <time>2025-11-21T15:17:23Z</time>
    <extensions>
     <power>205</power>
     <gpxtpx:TrackPointExtension>
      <gpxtpx:atemp>17</gpxtpx:atemp>
      <gpxtpx:hr>147</gpxtpx:hr>
      <gpxtpx:cad>89</gpxtpx:cad>
     </gpxtpx:TrackPointExtension>
    </extensions>
   </trkpt>
   <trkpt lat="38.5818130" lon="-121.4757210">
    <ele>10.4</ele>
    <time>2025-11-21T15:17:24Z</time>
    <extensions>
     <power>205</power>
     <gpxtpx:TrackPointExtension>
      <gpxtpx:atemp>18</gpxtpx:atemp>
      <gpxtpx:hr>147</gpxtpx:hr>
      <gpxtpx:cad>89</gpxtpx:cad>
     </gpxtpx:TrackPointExtension>
    </extensions>
   </trkpt>
   <trkpt lat="38.5818080" lon="-121.4756990">
    <ele>10.4</ele>
    <time>2025-11-21T15:17:25Z</time>
    <extensions>
     <power>205</power>
     <gpxtpx:TrackPointExtension>
      <gpxtpx:atemp>17</gpxtpx:atemp>
      <gpxtpx:hr>146</gpxtpx:hr>
      <gpxtpx:cad>89</gpxtpx:cad>
     </gpxtpx:TrackPointExtension>
    </extensions>
   </trkpt>
   <trkpt lat="38.5817970" lon="-121.4756670">
    <ele>10.6</ele>
    <time>2025-11-21T15:17:26Z</time>
    <extensions>
     <power>205</power>
     <gpxtpx:TrackPointExtension>
      <gpxtpx:atemp>17</gpxtpx:atemp>
      <gpxtpx:hr>147</gpxtpx:hr>
      <gpxtpx:cad>89</gpxtpx:cad>
     </gpxtpx:TrackPointExtension>
    </extensions>
   </trkpt>
   <trkpt lat="38.5817940" lon="-121.4756430">
    <ele>10.6</ele>
    <time>2025-11-21T15:17:27Z</time>
    <extensions>
     <power>205</power>
     <gpxtpx:TrackPointExtension>
      <gpxtpx:atemp>18</gpxtpx:atemp>
      <gpxtpx:hr>146</gpxtpx:hr>
      <gpxtpx:cad>89</gpxtpx:cad>
     </gpxtpx:TrackPointExtension>
    </extensions>
   </trkpt>
   <trkpt lat="38.5817880" lon="-121.4756120">
    <ele>10.6</ele>
    <time>2025-11-21T15:17:28Z</time>
    <extensions>
     <power>204</power>
     <gpxtpx:TrackPointExtension>
      <gpxtpx:atemp>17</gpxtpx:atemp>
      <gpxtpx:hr>146</gpxtpx:hr>
      <gpxtpx:cad>89</gpxtpx:cad>
     </gpxtpx:TrackPointExtension>
    </extensions>
   </trkpt>
   <trkpt lat="38.5817850" lon="-121.4755870">
    <ele>10.6</ele>
    <time>2025-11-21T15:17:29Z</time>
    <extensions>
     <power>205</power>
     <gpxtpx:TrackPointExtension>
      <gpxtpx:atemp>17</gpxtpx:atemp>
      <gpxtpx:hr>146</gpxtpx:hr>
      <gpxtpx:cad>89</gpxtpx:cad>
     </gpxtpx:TrackPointExtension>
    </extensions>
   </trkpt>
   <trkpt lat="38.5817780" lon="-121.4755580">
    <ele>10.6</ele>
    <time>2025-11-21T15:17:30Z</time>
    <extensions>
     <power>205</power>
     <gpxtpx:TrackPointExtension>
      <gpxtpx:atemp>17</gpxtpx:atemp>
      <gpxtpx:hr>147</gpxtpx:hr>
      <gpxtpx:cad>89</gpxtpx:cad>
     </gpxtpx:TrackPointExtension>
    </extensions>
   </trkpt>
   <trkpt lat="38.5817680" lon="-121.4755330">
    <ele>10.6</ele>
    <time>2025-11-21T15:17:31Z</time>
    <extensions>
     <power>205</power>
     <gpxtpx:TrackPointExtension>
      <gpxtpx:atemp>17</gpxtpx:atemp>
      <gpxtpx:hr>146</gpxtpx:hr>
      <gpxtpx:cad>88</gpxtpx:cad>
     </gpxtpx:TrackPointExtension>
    </extensions>
   </trkpt>
   <trkpt lat="38.5817560" lon="-121.4755070">
    <ele>10.6</ele>
    <time>2025-11-21T15:17:32Z</time>
    <extensions>
     <power>206</power>
     <gpxtpx:TrackPointExtension>
      <gpxtpx:atemp>17</gpxtpx:atemp>
      <gpxtpx:hr>146</gpxtpx:hr>
      <gpxtpx:cad>88</gpxtpx:cad>
     </gpxtpx:TrackPointExtension>
    </extensions>
   </trkpt>
   <trkpt lat="38.5817490" lon="-121.4754820">
    <ele>10.6</ele>
    <time>2025-11-21T15:17:33Z</time>
    <extensions>
     <power>205</power>
     <gpxtpx:TrackPointExtension>
      <gpxtpx:atemp>17</gpxtpx:atemp>
      <gpxtpx:hr>146</gpxtpx:hr>
      <gpxtpx:cad>88</gpxtpx:cad>
     </gpxtpx:TrackPointExtension>
    </extensions>
   </trkpt>
   <trkpt lat="38.5817440" lon="-121.4754600">
    <ele>10.4</ele>
    <time>2025-11-21T15:17:34Z</time>
    <extensions>
     <power>205</power>
     <gpxtpx:TrackPointExtension>
      <gpxtpx:atemp>17</gpxtpx:atemp>
      <gpxtpx:hr>146</gpxtpx:hr>
      <gpxtpx:cad>88</gpxtpx:cad>
     </gpxtpx:TrackPointExtension>
    </extensions>
   </trkpt>
   <trkpt lat="38.5817370" lon="-121.4754370">
    <ele>10.4</ele>
    <time>2025-11-21T15:17:35Z</time>
    <extensions>
     <power>205</power>
     <gpxtpx:TrackPointExtension>
      <gpxtpx:atemp>17</gpxtpx:atemp>
      <gpxtpx:hr>145</gpxtpx:hr>
      <gpxtpx:cad>88</gpxtpx:cad>
     </gpxtpx:TrackPointExtension>
    </extensions>
   </trkpt>
   <trkpt lat="38.5817300" lon="-121.4754040">
    <ele>10.4</ele>
    <time>2025-11-21T15:17:36Z</time>
    <extensions>
     <power>205</power>
     <gpxtpx:TrackPointExtension>
      <gpxtpx:atemp>17</gpxtpx:atemp>
      <gpxtpx:hr>145</gpxtpx:hr>
      <gpxtpx:cad>88</gpxtpx:cad>
     </gpxtpx:TrackPointExtension>
    </extensions>
   </trkpt>
   <trkpt lat="38.5817220" lon="-121.4753810">
    <ele>10.6</ele>
    <time>2025-11-21T15:17:37Z</time>
    <extensions>
     <power>205</power>
     <gpxtpx:TrackPointExtension>
      <gpxtpx:atemp>17</gpxtpx:atemp>
      <gpxtpx:hr>145</gpxtpx:hr>
      <gpxtpx:cad>89</gpxtpx:cad>
     </gpxtpx:TrackPointExtension>
    </extensions>
   </trkpt>
   <trkpt lat="38.5817120" lon="-121.4753540">
    <ele>10.6</ele>
    <time>2025-11-21T15:17:38Z</time>
    <extensions>
     <power>204</power>
     <gpxtpx:TrackPointExtension>
      <gpxtpx:atemp>17</gpxtpx:atemp>
      <gpxtpx:hr>145</gpxtpx:hr>
      <gpxtpx:cad>90</gpxtpx:cad>
     </gpxtpx:TrackPointExtension>
    </extensions>
   </trkpt>
   <trkpt lat="38.5817060" lon="-121.4753330">
    <ele>10.6</ele>
    <time>2025-11-21T15:17:39Z</time>
    <extensions>
     <power>203</power>
     <gpxtpx:TrackPointExtension>
      <gpxtpx:atemp>17</gpxtpx:atemp>
      <gpxtpx:hr>145</gpxtpx:hr>
      <gpxtpx:cad>90</gpxtpx:cad>
     </gpxtpx:TrackPointExtension>
    </extensions>
   </trkpt>
   <trkpt lat="38.5817010" lon="-121.4753080">
    <ele>10.6</ele>
    <time>2025-11-21T15:17:40Z</time>
    <extensions>
     <power>203</power>
     <gpxtpx:TrackPointExtension>
      <gpxtpx:atemp>17</gpxtpx:atemp>
      <gpxtpx:hr>145</gpxtpx:hr>
      <gpxtpx:cad>90</gpxtpx:cad>
     </gpxtpx:TrackPointExtension>
    </extensions>
   </trkpt>
   <trkpt lat="38.5816990" lon="-121.4752910">
    <ele>10.6</ele>
    <time>2025-11-21T15:17:41Z</time>
    <extensions>
     <power>204</power>
     <gpxtpx:TrackPointExtension>
      <gpxtpx:atemp>17</gpxtpx:atemp>
      <gpxtpx:hr>145</gpxtpx:hr>
      <gpxtpx:cad>90</gpxtpx:cad>
     </gpxtpx:TrackPointExtension>
    </extensions>
   </trkpt>
   <trkpt lat="38.5816910" lon="-121.4752640">
    <ele>10.6</ele>
    <time>2025-11-21T15:17:42Z</time>
    <extensions>
     <power>203</power>
     <gpxtpx:TrackPointExtension>
      <gpxtpx:atemp>17</gpxtpx:atemp>
      <gpxtpx:hr>145</gpxtpx:hr>
      <gpxtpx:cad>90</gpxtpx:cad>
     </gpxtpx:TrackPointExtension>
    </extensions>
   </trkpt>
   <trkpt lat="38.5816850" lon="-121.4752420">
    <ele>10.6</ele>
    <time>2025-11-21T15:17:43Z</time>
    <extensions>
     <power>203</power>
     <gpxtpx:TrackPointExtension>
      <gpxtpx:atemp>17</gpxtpx:atemp>
      <gpxtpx:hr>145</gpxtpx:hr>
      <gpxtpx:cad>90</gpxtpx:cad>
     </gpxtpx:TrackPointExtension>
    </extensions>
   </trkpt>
   <trkpt lat="38.5816740" lon="-121.4752200">
    <ele>10.6</ele>
    <time>2025-11-21T15:17:44Z</time>
    <extensions>
     <power>203</power>
     <gpxtpx:TrackPointExtension>
      <gpxtpx:atemp>17</gpxtpx:atemp>
      <gpxtpx:hr>145</gpxtpx:hr>
      <gpxtpx:cad>90</gpxtpx:cad>
     </gpxtpx:TrackPointExtension>
    </extensions>
   </trkpt>
   <trkpt lat="38.5816640" lon="-121.4751970">
    <ele>10.6</ele>
    <time>2025-11-21T15:17:45Z</time>
    <extensions>
     <power>202</power>
     <gpxtpx:TrackPointExtension>
      <gpxtpx:atemp>17</gpxtpx:atemp>
      <gpxtpx:hr>146</gpxtpx:hr>
      <gpxtpx:cad>90</gpxtpx:cad>
     </gpxtpx:TrackPointExtension>
    </extensions>
   </trkpt>
   <trkpt lat="38.5816510" lon="-121.4751720">
    <ele>10.6</ele>
    <time>2025-11-21T15:17:46Z</time>
    <extensions>
     <power>202</power>
     <gpxtpx:TrackPointExtension>
      <gpxtpx:atemp>17</gpxtpx:atemp>
      <gpxtpx:hr>146</gpxtpx:hr>
      <gpxtpx:cad>90</gpxtpx:cad>
     </gpxtpx:TrackPointExtension>
    </extensions>
   </trkpt>
   <trkpt lat="38.5816430" lon="-121.4751490">
    <ele>10.6</ele>
    <time>2025-11-21T15:17:47Z</time>
    <extensions>
     <power>202</power>
     <gpxtpx:TrackPointExtension>
      <gpxtpx:atemp>17</gpxtpx:atemp>
      <gpxtpx:hr>146</gpxtpx:hr>
      <gpxtpx:cad>90</gpxtpx:cad>
     </gpxtpx:TrackPointExtension>
    </extensions>
   </trkpt>
   <trkpt lat="38.5816350" lon="-121.4751250">
    <ele>10.6</ele>
    <time>2025-11-21T15:17:48Z</time>
    <extensions>
     <power>201</power>
     <gpxtpx:TrackPointExtension>
      <gpxtpx:atemp>17</gpxtpx:atemp>
      <gpxtpx:hr>146</gpxtpx:hr>
      <gpxtpx:cad>89</gpxtpx:cad>
     </gpxtpx:TrackPointExtension>
    </extensions>
   </trkpt>
   <trkpt lat="38.5816310" lon="-121.4751000">
    <ele>10.6</ele>
    <time>2025-11-21T15:17:49Z</time>
    <extensions>
     <power>202</power>
     <gpxtpx:TrackPointExtension>
      <gpxtpx:atemp>17</gpxtpx:atemp>
      <gpxtpx:hr>146</gpxtpx:hr>
      <gpxtpx:cad>89</gpxtpx:cad>
     </gpxtpx:TrackPointExtension>
    </extensions>
   </trkpt>
   <trkpt lat="38.5816220" lon="-121.4750730">
    <ele>10.6</ele>
    <time>2025-11-21T15:17:50Z</time>
    <extensions>
     <power>200</power>
     <gpxtpx:TrackPointExtension>
      <gpxtpx:atemp>17</gpxtpx:atemp>
      <gpxtpx:hr>146</gpxtpx:hr>
      <gpxtpx:cad>89</gpxtpx:cad>
     </gpxtpx:TrackPointExtension>
    </extensions>
   </trkpt>
   <trkpt lat="38.5816110" lon="-121.4750470">
    <ele>10.4</ele>
    <time>2025-11-21T15:17:51Z</time>
    <extensions>
     <power>200</power>
     <gpxtpx:TrackPointExtension>
      <gpxtpx:atemp>17</gpxtpx:atemp>
      <gpxtpx:hr>146</gpxtpx:hr>
      <gpxtpx:cad>89</gpxtpx:cad>
     </gpxtpx:TrackPointExtension>
    </extensions>
   </trkpt>
   <trkpt lat="38.5816040" lon="-121.4750180">
    <ele>10.4</ele>
    <time>2025-11-21T15:17:52Z</time>
    <extensions>
     <power>200</power>
     <gpxtpx:TrackPointExtension>
      <gpxtpx:atemp>17</gpxtpx:atemp>
      <gpxtpx:hr>147</gpxtpx:hr>
      <gpxtpx:cad>89</gpxtpx:cad>
     </gpxtpx:TrackPointExtension>
    </extensions>
   </trkpt>
   <trkpt lat="38.5815950" lon="-121.4749890">
    <ele>10.4</ele>
    <time>2025-11-21T15:17:53Z</time>
    <extensions>
     <power>200</power>
     <gpxtpx:TrackPointExtension>
      <gpxtpx:atemp>17</gpxtpx:atemp>
      <gpxtpx:hr>146</gpxtpx:hr>
      <gpxtpx:cad>88</gpxtpx:cad>
     </gpxtpx:TrackPointExtension>
    </extensions>
   </trkpt>
   <trkpt lat="38.5815890" lon="-121.4749590">
    <ele>10.2</ele>
    <time>2025-11-21T15:17:54Z</time>
    <extensions>
     <power>202</power>
     <gpxtpx:TrackPointExtension>
      <gpxtpx:atemp>17</gpxtpx:atemp>
      <gpxtpx:hr>146</gpxtpx:hr>
      <gpxtpx:cad>88</gpxtpx:cad>
     </gpxtpx:TrackPointExtension>
    </extensions>
   </trkpt>
   <trkpt lat="38.5815810" lon="-121.4749300">
    <ele>10.2</ele>
    <time>2025-11-21T15:17:55Z</time>
    <extensions>
     <power>202</power>
     <gpxtpx:TrackPointExtension>
      <gpxtpx:atemp>17</gpxtpx:atemp>
      <gpxtpx:hr>146</gpxtpx:hr>
      <gpxtpx:cad>88</gpxtpx:cad>
     </gpxtpx:TrackPointExtension>
    </extensions>
   </trkpt>
   <trkpt lat="38.5815750" lon="-121.4749000">
    <ele>10.2</ele>
    <time>2025-11-21T15:17:56Z</time>
    <extensions>
     <power>202</power>
     <gpxtpx:TrackPointExtension>
      <gpxtpx:atemp>17</gpxtpx:atemp>
      <gpxtpx:hr>146</gpxtpx:hr>
      <gpxtpx:cad>88</gpxtpx:cad>
     </gpxtpx:TrackPointExtension>
    </extensions>
   </trkpt>
   <trkpt lat="38.5815670" lon="-121.4748740">
    <ele>10.2</ele>
    <time>2025-11-21T15:17:57Z</time>
    <extensions>
     <power>203</power>
     <gpxtpx:TrackPointExtension>
      <gpxtpx:atemp>17</gpxtpx:atemp>
      <gpxtpx:hr>146</gpxtpx:hr>
      <gpxtpx:cad>88</gpxtpx:cad>
     </gpxtpx:TrackPointExtension>
    </extensions>
   </trkpt>
   <trkpt lat="38.5815620" lon="-121.4748450">
    <ele>10.4</ele>
    <time>2025-11-21T15:17:58Z</time>
    <extensions>
     <power>203</power>
     <gpxtpx:TrackPointExtension>
      <gpxtpx:atemp>17</gpxtpx:atemp>
      <gpxtpx:hr>145</gpxtpx:hr>
      <gpxtpx:cad>89</gpxtpx:cad>
     </gpxtpx:TrackPointExtension>
    </extensions>
   </trkpt>
   <trkpt lat="38.5815570" lon="-121.4748160">
    <ele>10.4</ele>
    <time>2025-11-21T15:17:59Z</time>
    <extensions>
     <power>202</power>
     <gpxtpx:TrackPointExtension>
      <gpxtpx:atemp>17</gpxtpx:atemp>
      <gpxtpx:hr>145</gpxtpx:hr>
      <gpxtpx:cad>89</gpxtpx:cad>
     </gpxtpx:TrackPointExtension>
    </extensions>
   </trkpt>
   <trkpt lat="38.5815540" lon="-121.4747940">
    <ele>10.4</ele>
    <time>2025-11-21T15:18:00Z</time>
    <extensions>
     <power>204</power>
     <gpxtpx:TrackPointExtension>
      <gpxtpx:atemp>17</gpxtpx:atemp>
      <gpxtpx:hr>145</gpxtpx:hr>
      <gpxtpx:cad>88</gpxtpx:cad>
     </gpxtpx:TrackPointExtension>
    </extensions>
   </trkpt>
   <trkpt lat="38.5815440" lon="-121.4747630">
    <ele>10.2</ele>
    <time>2025-11-21T15:18:01Z</time>
    <extensions>
     <power>204</power>
     <gpxtpx:TrackPointExtension>
      <gpxtpx:atemp>17</gpxtpx:atemp>
      <gpxtpx:hr>145</gpxtpx:hr>
      <gpxtpx:cad>88</gpxtpx:cad>
     </gpxtpx:TrackPointExtension>
    </extensions>
   </trkpt>
   <trkpt lat="38.5815450" lon="-121.4747400">
    <ele>10.2</ele>
    <time>2025-11-21T15:18:02Z</time>
    <extensions>
     <power>204</power>
     <gpxtpx:TrackPointExtension>
      <gpxtpx:atemp>17</gpxtpx:atemp>
      <gpxtpx:hr>145</gpxtpx:hr>
      <gpxtpx:cad>87</gpxtpx:cad>
     </gpxtpx:TrackPointExtension>
    </extensions>
   </trkpt>
   <trkpt lat="38.5815410" lon="-121.4747030">
    <ele>10.2</ele>
    <time>2025-11-21T15:18:03Z</time>
    <extensions>
     <power>203</power>
     <gpxtpx:TrackPointExtension>
      <gpxtpx:atemp>17</gpxtpx:atemp>
      <gpxtpx:hr>145</gpxtpx:hr>
      <gpxtpx:cad>88</gpxtpx:cad>
     </gpxtpx:TrackPointExtension>
    </extensions>
   </trkpt>
   <trkpt lat="38.5815360" lon="-121.4746780">
    <ele>10.2</ele>
    <time>2025-11-21T15:18:04Z</time>
    <extensions>
     <power>203</power>
     <gpxtpx:TrackPointExtension>
      <gpxtpx:atemp>17</gpxtpx:atemp>
      <gpxtpx:hr>145</gpxtpx:hr>
      <gpxtpx:cad>88</gpxtpx:cad>
     </gpxtpx:TrackPointExtension>
    </extensions>
   </trkpt>
   <trkpt lat="38.5815250" lon="-121.4746480">
    <ele>10.4</ele>
    <time>2025-11-21T15:18:05Z</time>
    <extensions>
     <power>204</power>
     <gpxtpx:TrackPointExtension>
      <gpxtpx:atemp>17</gpxtpx:atemp>
      <gpxtpx:hr>145</gpxtpx:hr>
      <gpxtpx:cad>88</gpxtpx:cad>
     </gpxtpx:TrackPointExtension>
    </extensions>
   </trkpt>
   <trkpt lat="38.5815200" lon="-121.4746260">
    <ele>10.4</ele>
    <time>2025-11-21T15:18:06Z</time>
    <extensions>
     <power>205</power>
     <gpxtpx:TrackPointExtension>
      <gpxtpx:atemp>17</gpxtpx:atemp>
      <gpxtpx:hr>145</gpxtpx:hr>
      <gpxtpx:cad>89</gpxtpx:cad>
     </gpxtpx:TrackPointExtension>
    </extensions>
   </trkpt>
   <trkpt lat="38.5815090" lon="-121.4746010">
    <ele>10.6</ele>
    <time>2025-11-21T15:18:07Z</time>
    <extensions>
     <power>205</power>
     <gpxtpx:TrackPointExtension>
      <gpxtpx:atemp>17</gpxtpx:atemp>
      <gpxtpx:hr>144</gpxtpx:hr>
      <gpxtpx:cad>89</gpxtpx:cad>
     </gpxtpx:TrackPointExtension>
    </extensions>
   </trkpt>
   <trkpt lat="38.5815040" lon="-121.4745770">
    <ele>10.6</ele>
    <time>2025-11-21T15:18:08Z</time>
    <extensions>
     <power>204</power>
     <gpxtpx:TrackPointExtension>
      <gpxtpx:atemp>17</gpxtpx:atemp>
      <gpxtpx:hr>145</gpxtpx:hr>
      <gpxtpx:cad>89</gpxtpx:cad>
     </gpxtpx:TrackPointExtension>
    </extensions>
   </trkpt>
   <trkpt lat="38.5815010" lon="-121.4745480">
    <ele>10.6</ele>
    <time>2025-11-21T15:18:09Z</time>
    <extensions>
     <power>204</power>
     <gpxtpx:TrackPointExtension>
      <gpxtpx:atemp>17</gpxtpx:atemp>
      <gpxtpx:hr>145</gpxtpx:hr>
      <gpxtpx:cad>89</gpxtpx:cad>
     </gpxtpx:TrackPointExtension>
    </extensions>
   </trkpt>
   <trkpt lat="38.5814960" lon="-121.4745280">
    <ele>10.6</ele>
    <time>2025-11-21T15:18:10Z</time>
    <extensions>
     <power>204</power>
     <gpxtpx:TrackPointExtension>
      <gpxtpx:atemp>17</gpxtpx:atemp>
      <gpxtpx:hr>145</gpxtpx:hr>
      <gpxtpx:cad>89</gpxtpx:cad>
     </gpxtpx:TrackPointExtension>
    </extensions>
   </trkpt>
   <trkpt lat="38.5814880" lon="-121.4745020">
    <ele>10.6</ele>
    <time>2025-11-21T15:18:11Z</time>
    <extensions>
     <power>204</power>
     <gpxtpx:TrackPointExtension>
      <gpxtpx:atemp>17</gpxtpx:atemp>
      <gpxtpx:hr>145</gpxtpx:hr>
      <gpxtpx:cad>89</gpxtpx:cad>
     </gpxtpx:TrackPointExtension>
    </extensions>
   </trkpt>
   <trkpt lat="38.5814790" lon="-121.4744820">
    <ele>10.6</ele>
    <time>2025-11-21T15:18:12Z</time>
    <extensions>
     <power>204</power>
     <gpxtpx:TrackPointExtension>
      <gpxtpx:atemp>17</gpxtpx:atemp>
      <gpxtpx:hr>145</gpxtpx:hr>
      <gpxtpx:cad>89</gpxtpx:cad>
     </gpxtpx:TrackPointExtension>
    </extensions>
   </trkpt>
   <trkpt lat="38.5814700" lon="-121.4744560">
    <ele>10.6</ele>
    <time>2025-11-21T15:18:13Z</time>
    <extensions>
     <power>203</power>
     <gpxtpx:TrackPointExtension>
      <gpxtpx:atemp>17</gpxtpx:atemp>
      <gpxtpx:hr>145</gpxtpx:hr>
      <gpxtpx:cad>89</gpxtpx:cad>
     </gpxtpx:TrackPointExtension>
    </extensions>
   </trkpt>
   <trkpt lat="38.5814650" lon="-121.4744390">
    <ele>10.6</ele>
    <time>2025-11-21T15:18:14Z</time>
    <extensions>
     <power>204</power>
     <gpxtpx:TrackPointExtension>
      <gpxtpx:atemp>17</gpxtpx:atemp>
      <gpxtpx:hr>145</gpxtpx:hr>
      <gpxtpx:cad>88</gpxtpx:cad>
     </gpxtpx:TrackPointExtension>
    </extensions>
   </trkpt>
   <trkpt lat="38.5814560" lon="-121.4744070">
    <ele>10.6</ele>
    <time>2025-11-21T15:18:15Z</time>
    <extensions>
     <power>203</power>
     <gpxtpx:TrackPointExtension>
      <gpxtpx:atemp>17</gpxtpx:atemp>
      <gpxtpx:hr>145</gpxtpx:hr>
      <gpxtpx:cad>88</gpxtpx:cad>
     </gpxtpx:TrackPointExtension>
    </extensions>
   </trkpt>
   <trkpt lat="38.5814510" lon="-121.4743810">
    <ele>10.6</ele>
    <time>2025-11-21T15:18:16Z</time>
    <extensions>
     <power>204</power>
     <gpxtpx:TrackPointExtension>
      <gpxtpx:atemp>17</gpxtpx:atemp>
      <gpxtpx:hr>146</gpxtpx:hr>
      <gpxtpx:cad>88</gpxtpx:cad>
     </gpxtpx:TrackPointExtension>
    </extensions>
   </trkpt>
   <trkpt lat="38.5814440" lon="-121.4743540">
    <ele>10.6</ele>
    <time>2025-11-21T15:18:17Z</time>
    <extensions>
     <power>204</power>
     <gpxtpx:TrackPointExtension>
      <gpxtpx:atemp>17</gpxtpx:atemp>
      <gpxtpx:hr>145</gpxtpx:hr>
      <gpxtpx:cad>88</gpxtpx:cad>
     </gpxtpx:TrackPointExtension>
    </extensions>
   </trkpt>
   <trkpt lat="38.5814410" lon="-121.4743300">
    <ele>10.6</ele>
    <time>2025-11-21T15:18:18Z</time>
    <extensions>
     <power>205</power>
     <gpxtpx:TrackPointExtension>
      <gpxtpx:atemp>17</gpxtpx:atemp>
      <gpxtpx:hr>145</gpxtpx:hr>
      <gpxtpx:cad>89</gpxtpx:cad>
     </gpxtpx:TrackPointExtension>
    </extensions>
   </trkpt>
   <trkpt lat="38.5814370" lon="-121.4742930">
    <ele>10.6</ele>
    <time>2025-11-21T15:18:19Z</time>
    <extensions>
     <power>203</power>
     <gpxtpx:TrackPointExtension>
      <gpxtpx:atemp>17</gpxtpx:atemp>
      <gpxtpx:hr>146</gpxtpx:hr>
      <gpxtpx:cad>89</gpxtpx:cad>
     </gpxtpx:TrackPointExtension>
    </extensions>
   </trkpt>
   <trkpt lat="38.5814320" lon="-121.4742630">
    <ele>10.6</ele>
    <time>2025-11-21T15:18:20Z</time>
    <extensions>
     <power>203</power>
     <gpxtpx:TrackPointExtension>
      <gpxtpx:atemp>17</gpxtpx:atemp>
      <gpxtpx:hr>145</gpxtpx:hr>
      <gpxtpx:cad>88</gpxtpx:cad>
     </gpxtpx:TrackPointExtension>
    </extensions>
   </trkpt>
   <trkpt lat="38.5814210" lon="-121.4742320">
    <ele>10.6</ele>
    <time>2025-11-21T15:18:21Z</time>
    <extensions>
     <power>204</power>
     <gpxtpx:TrackPointExtension>
      <gpxtpx:atemp>17</gpxtpx:atemp>
      <gpxtpx:hr>145</gpxtpx:hr>
      <gpxtpx:cad>88</gpxtpx:cad>
     </gpxtpx:TrackPointExtension>
    </extensions>
   </trkpt>
   <trkpt lat="38.5814160" lon="-121.4742090">
    <ele>10.6</ele>
    <time>2025-11-21T15:18:22Z</time>
    <extensions>
     <power>206</power>
     <gpxtpx:TrackPointExtension>
      <gpxtpx:atemp>17</gpxtpx:atemp>
      <gpxtpx:hr>145</gpxtpx:hr>
      <gpxtpx:cad>88</gpxtpx:cad>
     </gpxtpx:TrackPointExtension>
    </extensions>
   </trkpt>
   <trkpt lat="38.5814080" lon="-121.4741850">
    <ele>10.6</ele>
    <time>2025-11-21T15:18:23Z</time>
    <extensions>
     <power>206</power>
     <gpxtpx:TrackPointExtension>
      <gpxtpx:atemp>17</gpxtpx:atemp>
      <gpxtpx:hr>145</gpxtpx:hr>
      <gpxtpx:cad>89</gpxtpx:cad>
     </gpxtpx:TrackPointExtension>
    </extensions>
   </trkpt>
   <trkpt lat="38.5814000" lon="-121.4741670">
    <ele>10.6</ele>
    <time>2025-11-21T15:18:24Z</time>
    <extensions>
     <power>205</power>
     <gpxtpx:TrackPointExtension>
      <gpxtpx:atemp>17</gpxtpx:atemp>
      <gpxtpx:hr>145</gpxtpx:hr>
      <gpxtpx:cad>89</gpxtpx:cad>
     </gpxtpx:TrackPointExtension>
    </extensions>
   </trkpt>
   <trkpt lat="38.5813870" lon="-121.4741300">
    <ele>10.6</ele>
    <time>2025-11-21T15:18:25Z</time>
    <extensions>
     <power>205</power>
     <gpxtpx:TrackPointExtension>
      <gpxtpx:atemp>17</gpxtpx:atemp>
      <gpxtpx:hr>145</gpxtpx:hr>
      <gpxtpx:cad>89</gpxtpx:cad>
     </gpxtpx:TrackPointExtension>
    </extensions>
   </trkpt>
   <trkpt lat="38.5813810" lon="-121.4741070">
    <ele>10.6</ele>
    <time>2025-11-21T15:18:26Z</time>
    <extensions>
     <power>205</power>
     <gpxtpx:TrackPointExtension>
      <gpxtpx:atemp>17</gpxtpx:atemp>
      <gpxtpx:hr>145</gpxtpx:hr>
      <gpxtpx:cad>89</gpxtpx:cad>
     </gpxtpx:TrackPointExtension>
    </extensions>
   </trkpt>
   <trkpt lat="38.5813730" lon="-121.4740730">
    <ele>10.6</ele>
    <time>2025-11-21T15:18:27Z</time>
    <extensions>
     <power>205</power>
     <gpxtpx:TrackPointExtension>
      <gpxtpx:atemp>17</gpxtpx:atemp>
      <gpxtpx:hr>145</gpxtpx:hr>
      <gpxtpx:cad>89</gpxtpx:cad>
     </gpxtpx:TrackPointExtension>
    </extensions>
   </trkpt>
   <trkpt lat="38.5813640" lon="-121.4740440">
    <ele>10.6</ele>
    <time>2025-11-21T15:18:28Z</time>
    <extensions>
     <power>205</power>
     <gpxtpx:TrackPointExtension>
      <gpxtpx:atemp>17</gpxtpx:atemp>
      <gpxtpx:hr>145</gpxtpx:hr>
      <gpxtpx:cad>89</gpxtpx:cad>
     </gpxtpx:TrackPointExtension>
    </extensions>
   </trkpt>
   <trkpt lat="38.5813550" lon="-121.4740170">
    <ele>10.6</ele>
    <time>2025-11-21T15:18:29Z</time>
    <extensions>
     <power>207</power>
     <gpxtpx:TrackPointExtension>
      <gpxtpx:atemp>17</gpxtpx:atemp>
      <gpxtpx:hr>145</gpxtpx:hr>
      <gpxtpx:cad>89</gpxtpx:cad>
     </gpxtpx:TrackPointExtension>
    </extensions>
   </trkpt>
   <trkpt lat="38.5813450" lon="-121.4739940">
    <ele>10.6</ele>
    <time>2025-11-21T15:18:30Z</time>
    <extensions>
     <power>209</power>
     <gpxtpx:TrackPointExtension>
      <gpxtpx:atemp>17</gpxtpx:atemp>
      <gpxtpx:hr>145</gpxtpx:hr>
      <gpxtpx:cad>89</gpxtpx:cad>
     </gpxtpx:TrackPointExtension>
    </extensions>
   </trkpt>
   <trkpt lat="38.5813350" lon="-121.4739650">
    <ele>10.8</ele>
    <time>2025-11-21T15:18:31Z</time>
    <extensions>
     <power>210</power>
     <gpxtpx:TrackPointExtension>
      <gpxtpx:atemp>17</gpxtpx:atemp>
      <gpxtpx:hr>145</gpxtpx:hr>
      <gpxtpx:cad>89</gpxtpx:cad>
     </gpxtpx:TrackPointExtension>
    </extensions>
   </trkpt>
   <trkpt lat="38.5813250" lon="-121.4739440">
    <ele>10.8</ele>
    <time>2025-11-21T15:18:32Z</time>
    <extensions>
     <power>210</power>
     <gpxtpx:TrackPointExtension>
      <gpxtpx:atemp>17</gpxtpx:atemp>
      <gpxtpx:hr>145</gpxtpx:hr>
      <gpxtpx:cad>89</gpxtpx:cad>
     </gpxtpx:TrackPointExtension>
    </extensions>
   </trkpt>
   <trkpt lat="38.5813180" lon="-121.4739240">
    <ele>10.8</ele>
    <time>2025-11-21T15:18:33Z</time>
    <extensions>
     <power>210</power>
     <gpxtpx:TrackPointExtension>
      <gpxtpx:atemp>17</gpxtpx:atemp>
      <gpxtpx:hr>145</gpxtpx:hr>
      <gpxtpx:cad>89</gpxtpx:cad>
     </gpxtpx:TrackPointExtension>
    </extensions>
   </trkpt>
   <trkpt lat="38.5813090" lon="-121.4739060">
    <ele>10.8</ele>
    <time>2025-11-21T15:18:34Z</time>
    <extensions>
     <power>210</power>
     <gpxtpx:TrackPointExtension>
      <gpxtpx:atemp>17</gpxtpx:atemp>
      <gpxtpx:hr>144</gpxtpx:hr>
      <gpxtpx:cad>88</gpxtpx:cad>
     </gpxtpx:TrackPointExtension>
    </extensions>
   </trkpt>
   <trkpt lat="38.5813000" lon="-121.4738850">
    <ele>10.8</ele>
    <time>2025-11-21T15:18:35Z</time>
    <extensions>
     <power>210</power>
     <gpxtpx:TrackPointExtension>
      <gpxtpx:atemp>17</gpxtpx:atemp>
      <gpxtpx:hr>145</gpxtpx:hr>
      <gpxtpx:cad>88</gpxtpx:cad>
     </gpxtpx:TrackPointExtension>
    </extensions>
   </trkpt>
   <trkpt lat="38.5812920" lon="-121.4738590">
    <ele>10.8</ele>
    <time>2025-11-21T15:18:36Z</time>
    <extensions>
     <power>210</power>
     <gpxtpx:TrackPointExtension>
      <gpxtpx:atemp>17</gpxtpx:atemp>
      <gpxtpx:hr>145</gpxtpx:hr>
      <gpxtpx:cad>88</gpxtpx:cad>
     </gpxtpx:TrackPointExtension>
    </extensions>
   </trkpt>
   <trkpt lat="38.5812860" lon="-121.4738320">
    <ele>10.8</ele>
    <time>2025-11-21T15:18:37Z</time>
    <extensions>
     <power>210</power>
     <gpxtpx:TrackPointExtension>
      <gpxtpx:atemp>17</gpxtpx:atemp>
      <gpxtpx:hr>145</gpxtpx:hr>
      <gpxtpx:cad>88</gpxtpx:cad>
     </gpxtpx:TrackPointExtension>
    </extensions>
   </trkpt>
   <trkpt lat="38.5812830" lon="-121.4738050">
    <ele>10.8</ele>
    <time>2025-11-21T15:18:38Z</time>
    <extensions>
     <power>209</power>
     <gpxtpx:TrackPointExtension>
      <gpxtpx:atemp>17</gpxtpx:atemp>
      <gpxtpx:hr>145</gpxtpx:hr>
      <gpxtpx:cad>88</gpxtpx:cad>
     </gpxtpx:TrackPointExtension>
    </extensions>
   </trkpt>
   <trkpt lat="38.5812740" lon="-121.4737730">
    <ele>10.8</ele>
    <time>2025-11-21T15:18:39Z</time>
    <extensions>
     <power>209</power>
     <gpxtpx:TrackPointExtension>
      <gpxtpx:atemp>17</gpxtpx:atemp>
      <gpxtpx:hr>145</gpxtpx:hr>
      <gpxtpx:cad>89</gpxtpx:cad>
     </gpxtpx:TrackPointExtension>
    </extensions>
   </trkpt>
   <trkpt lat="38.5812650" lon="-121.4737410">
    <ele>10.8</ele>
    <time>2025-11-21T15:18:40Z</time>
    <extensions>
     <power>209</power>
     <gpxtpx:TrackPointExtension>
      <gpxtpx:atemp>17</gpxtpx:atemp>
      <gpxtpx:hr>145</gpxtpx:hr>
      <gpxtpx:cad>89</gpxtpx:cad>
     </gpxtpx:TrackPointExtension>
    </extensions>
   </trkpt>
   <trkpt lat="38.5812600" lon="-121.4737140">
    <ele>10.8</ele>
    <time>2025-11-21T15:18:41Z</time>
    <extensions>
     <power>208</power>
     <gpxtpx:TrackPointExtension>
      <gpxtpx:atemp>17</gpxtpx:atemp>
      <gpxtpx:hr>145</gpxtpx:hr>
      <gpxtpx:cad>90</gpxtpx:cad>
     </gpxtpx:TrackPointExtension>
    </extensions>
   </trkpt>
   <trkpt lat="38.5812530" lon="-121.4736840">
    <ele>10.8</ele>
    <time>2025-11-21T15:18:42Z</time>
    <extensions>
     <power>210</power>
     <gpxtpx:TrackPointExtension>
      <gpxtpx:atemp>17</gpxtpx:atemp>
      <gpxtpx:hr>145</gpxtpx:hr>
      <gpxtpx:cad>90</gpxtpx:cad>
     </gpxtpx:TrackPointExtension>
    </extensions>
   </trkpt>
   <trkpt lat="38.5812470" lon="-121.4736580">
    <ele>10.6</ele>
    <time>2025-11-21T15:18:43Z</time>
    <extensions>
     <power>210</power>
     <gpxtpx:TrackPointExtension>
      <gpxtpx:atemp>17</gpxtpx:atemp>
      <gpxtpx:hr>145</gpxtpx:hr>
      <gpxtpx:cad>89</gpxtpx:cad>
     </gpxtpx:TrackPointExtension>
    </extensions>
   </trkpt>
   <trkpt lat="38.5812380" lon="-121.4736240">
    <ele>10.6</ele>
    <time>2025-11-21T15:18:44Z</time>
    <extensions>
     <power>212</power>
     <gpxtpx:TrackPointExtension>
      <gpxtpx:atemp>17</gpxtpx:atemp>
      <gpxtpx:hr>145</gpxtpx:hr>
      <gpxtpx:cad>89</gpxtpx:cad>
     </gpxtpx:TrackPointExtension>
    </extensions>
   </trkpt>
   <trkpt lat="38.5812310" lon="-121.4735940">
    <ele>10.6</ele>
    <time>2025-11-21T15:18:45Z</time>
    <extensions>
     <power>212</power>
     <gpxtpx:TrackPointExtension>
      <gpxtpx:atemp>17</gpxtpx:atemp>
      <gpxtpx:hr>145</gpxtpx:hr>
      <gpxtpx:cad>88</gpxtpx:cad>
     </gpxtpx:TrackPointExtension>
    </extensions>
   </trkpt>
   <trkpt lat="38.5812230" lon="-121.4735650">
    <ele>10.8</ele>
    <time>2025-11-21T15:18:46Z</time>
    <extensions>
     <power>212</power>
     <gpxtpx:TrackPointExtension>
      <gpxtpx:atemp>17</gpxtpx:atemp>
      <gpxtpx:hr>145</gpxtpx:hr>
      <gpxtpx:cad>88</gpxtpx:cad>
     </gpxtpx:TrackPointExtension>
    </extensions>
   </trkpt>
   <trkpt lat="38.5812170" lon="-121.4735390">
    <ele>10.8</ele>
    <time>2025-11-21T15:18:47Z</time>
    <extensions>
     <power>215</power>
     <gpxtpx:TrackPointExtension>
      <gpxtpx:atemp>17</gpxtpx:atemp>
      <gpxtpx:hr>145</gpxtpx:hr>
      <gpxtpx:cad>88</gpxtpx:cad>
     </gpxtpx:TrackPointExtension>
    </extensions>
   </trkpt>
   <trkpt lat="38.5812110" lon="-121.4735080">
    <ele>10.8</ele>
    <time>2025-11-21T15:18:48Z</time>
    <extensions>
     <power>214</power>
     <gpxtpx:TrackPointExtension>
      <gpxtpx:atemp>17</gpxtpx:atemp>
      <gpxtpx:hr>145</gpxtpx:hr>
      <gpxtpx:cad>89</gpxtpx:cad>
     </gpxtpx:TrackPointExtension>
    </extensions>
   </trkpt>
   <trkpt lat="38.5812070" lon="-121.4734780">
    <ele>10.8</ele>
    <time>2025-11-21T15:18:49Z</time>
    <extensions>
     <power>213</power>
     <gpxtpx:TrackPointExtension>
      <gpxtpx:atemp>17</gpxtpx:atemp>
      <gpxtpx:hr>145</gpxtpx:hr>
      <gpxtpx:cad>89</gpxtpx:cad>
     </gpxtpx:TrackPointExtension>
    </extensions>
   </trkpt>
   <trkpt lat="38.5812050" lon="-121.4734490">
    <ele>10.8</ele>
    <time>2025-11-21T15:18:50Z</time>
    <extensions>
     <power>213</power>
     <gpxtpx:TrackPointExtension>
      <gpxtpx:atemp>17</gpxtpx:atemp>
      <gpxtpx:hr>145</gpxtpx:hr>
      <gpxtpx:cad>89</gpxtpx:cad>
     </gpxtpx:TrackPointExtension>
    </extensions>
   </trkpt>
   <trkpt lat="38.5812000" lon="-121.4734180">
    <ele>10.8</ele>
    <time>2025-11-21T15:18:51Z</time>
    <extensions>
     <power>212</power>
     <gpxtpx:TrackPointExtension>
      <gpxtpx:atemp>17</gpxtpx:atemp>
      <gpxtpx:hr>145</gpxtpx:hr>
      <gpxtpx:cad>89</gpxtpx:cad>
     </gpxtpx:TrackPointExtension>
    </extensions>
   </trkpt>
   <trkpt lat="38.5811940" lon="-121.4733880">
    <ele>10.8</ele>
    <time>2025-11-21T15:18:52Z</time>
    <extensions>
     <power>214</power>
     <gpxtpx:TrackPointExtension>
      <gpxtpx:atemp>17</gpxtpx:atemp>
      <gpxtpx:hr>145</gpxtpx:hr>
      <gpxtpx:cad>89</gpxtpx:cad>
     </gpxtpx:TrackPointExtension>
    </extensions>
   </trkpt>
   <trkpt lat="38.5811890" lon="-121.4733580">
    <ele>10.8</ele>
    <time>2025-11-21T15:18:53Z</time>
    <extensions>
     <power>214</power>
     <gpxtpx:TrackPointExtension>
      <gpxtpx:atemp>17</gpxtpx:atemp>
      <gpxtpx:hr>145</gpxtpx:hr>
      <gpxtpx:cad>89</gpxtpx:cad>
     </gpxtpx:TrackPointExtension>
    </extensions>
   </trkpt>
   <trkpt lat="38.5811840" lon="-121.4733260">
    <ele>10.8</ele>
    <time>2025-11-21T15:18:54Z</time>
    <extensions>
     <power>215</power>
     <gpxtpx:TrackPointExtension>
      <gpxtpx:atemp>17</gpxtpx:atemp>
      <gpxtpx:hr>146</gpxtpx:hr>
      <gpxtpx:cad>89</gpxtpx:cad>
     </gpxtpx:TrackPointExtension>
    </extensions>
   </trkpt>
   <trkpt lat="38.5811760" lon="-121.4733000">
    <ele>10.8</ele>
    <time>2025-11-21T15:18:55Z</time>
    <extensions>
     <power>215</power>
     <gpxtpx:TrackPointExtension>
      <gpxtpx:atemp>17</gpxtpx:atemp>
      <gpxtpx:hr>145</gpxtpx:hr>
      <gpxtpx:cad>90</gpxtpx:cad>
     </gpxtpx:TrackPointExtension>
    </extensions>
   </trkpt>
   <trkpt lat="38.5811690" lon="-121.4732760">
    <ele>11.0</ele>
    <time>2025-11-21T15:18:56Z</time>
    <extensions>
     <power>213</power>
     <gpxtpx:TrackPointExtension>
      <gpxtpx:atemp>17</gpxtpx:atemp>
      <gpxtpx:hr>145</gpxtpx:hr>
      <gpxtpx:cad>90</gpxtpx:cad>
     </gpxtpx:TrackPointExtension>
    </extensions>
   </trkpt>
   <trkpt lat="38.5811630" lon="-121.4732480">
    <ele>11.0</ele>
    <time>2025-11-21T15:18:57Z</time>
    <extensions>
     <power>213</power>
     <gpxtpx:TrackPointExtension>
      <gpxtpx:atemp>17</gpxtpx:atemp>
      <gpxtpx:hr>145</gpxtpx:hr>
      <gpxtpx:cad>90</gpxtpx:cad>
     </gpxtpx:TrackPointExtension>
    </extensions>
   </trkpt>
   <trkpt lat="38.5811540" lon="-121.4732230">
    <ele>10.8</ele>
    <time>2025-11-21T15:18:58Z</time>
    <extensions>
     <power>214</power>
     <gpxtpx:TrackPointExtension>
      <gpxtpx:atemp>17</gpxtpx:atemp>
      <gpxtpx:hr>146</gpxtpx:hr>
      <gpxtpx:cad>90</gpxtpx:cad>
     </gpxtpx:TrackPointExtension>
    </extensions>
   </trkpt>
   <trkpt lat="38.5811500" lon="-121.4732040">
    <ele>11.0</ele>
    <time>2025-11-21T15:18:59Z</time>
    <extensions>
     <power>214</power>
     <gpxtpx:TrackPointExtension>
      <gpxtpx:atemp>17</gpxtpx:atemp>
      <gpxtpx:hr>146</gpxtpx:hr>
      <gpxtpx:cad>90</gpxtpx:cad>
     </gpxtpx:TrackPointExtension>
    </extensions>
   </trkpt>
   <trkpt lat="38.5811440" lon="-121.4731760">
    <ele>11.0</ele>
    <time>2025-11-21T15:19:00Z</time>
    <extensions>
     <power>214</power>
     <gpxtpx:TrackPointExtension>
      <gpxtpx:atemp>17</gpxtpx:atemp>
      <gpxtpx:hr>146</gpxtpx:hr>
      <gpxtpx:cad>90</gpxtpx:cad>
     </gpxtpx:TrackPointExtension>
    </extensions>
   </trkpt>
   <trkpt lat="38.5811400" lon="-121.4731550">
    <ele>10.8</ele>
    <time>2025-11-21T15:19:01Z</time>
    <extensions>
     <power>213</power>
     <gpxtpx:TrackPointExtension>
      <gpxtpx:atemp>17</gpxtpx:atemp>
      <gpxtpx:hr>146</gpxtpx:hr>
      <gpxtpx:cad>90</gpxtpx:cad>
     </gpxtpx:TrackPointExtension>
    </extensions>
   </trkpt>
   <trkpt lat="38.5811330" lon="-121.4731260">
    <ele>10.8</ele>
    <time>2025-11-21T15:19:02Z</time>
    <extensions>
     <power>212</power>
     <gpxtpx:TrackPointExtension>
      <gpxtpx:atemp>17</gpxtpx:atemp>
      <gpxtpx:hr>146</gpxtpx:hr>
      <gpxtpx:cad>89</gpxtpx:cad>
     </gpxtpx:TrackPointExtension>
    </extensions>
   </trkpt>
   <trkpt lat="38.5811290" lon="-121.4731050">
    <ele>10.8</ele>
    <time>2025-11-21T15:19:03Z</time>
    <extensions>
     <power>212</power>
     <gpxtpx:TrackPointExtension>
      <gpxtpx:atemp>17</gpxtpx:atemp>
      <gpxtpx:hr>146</gpxtpx:hr>
      <gpxtpx:cad>89</gpxtpx:cad>
     </gpxtpx:TrackPointExtension>
    </extensions>
   </trkpt>
   <trkpt lat="38.5811240" lon="-121.4730790">
    <ele>10.8</ele>
    <time>2025-11-21T15:19:04Z</time>
    <extensions>
     <power>211</power>
     <gpxtpx:TrackPointExtension>
      <gpxtpx:atemp>17</gpxtpx:atemp>
      <gpxtpx:hr>146</gpxtpx:hr>
      <gpxtpx:cad>89</gpxtpx:cad>
     </gpxtpx:TrackPointExtension>
    </extensions>
   </trkpt>
   <trkpt lat="38.5811170" lon="-121.4730540">
    <ele>10.8</ele>
    <time>2025-11-21T15:19:05Z</time>
    <extensions>
     <power>210</power>
     <gpxtpx:TrackPointExtension>
      <gpxtpx:atemp>17</gpxtpx:atemp>
      <gpxtpx:hr>146</gpxtpx:hr>
      <gpxtpx:cad>89</gpxtpx:cad>
     </gpxtpx:TrackPointExtension>
    </extensions>
   </trkpt>
   <trkpt lat="38.5811100" lon="-121.4730270">
    <ele>10.8</ele>
    <time>2025-11-21T15:19:06Z</time>
    <extensions>
     <power>210</power>
     <gpxtpx:TrackPointExtension>
      <gpxtpx:atemp>17</gpxtpx:atemp>
      <gpxtpx:hr>146</gpxtpx:hr>
      <gpxtpx:cad>88</gpxtpx:cad>
     </gpxtpx:TrackPointExtension>
    </extensions>
   </trkpt>
   <trkpt lat="38.5811020" lon="-121.4730040">
    <ele>10.8</ele>
    <time>2025-11-21T15:19:07Z</time>
    <extensions>
     <power>211</power>
     <gpxtpx:TrackPointExtension>
      <gpxtpx:atemp>17</gpxtpx:atemp>
      <gpxtpx:hr>146</gpxtpx:hr>
      <gpxtpx:cad>88</gpxtpx:cad>
     </gpxtpx:TrackPointExtension>
    </extensions>
   </trkpt>
   <trkpt lat="38.5810960" lon="-121.4729790">
    <ele>10.8</ele>
    <time>2025-11-21T15:19:08Z</time>
    <extensions>
     <power>211</power>
     <gpxtpx:TrackPointExtension>
      <gpxtpx:atemp>17</gpxtpx:atemp>
      <gpxtpx:hr>147</gpxtpx:hr>
      <gpxtpx:cad>88</gpxtpx:cad>
     </gpxtpx:TrackPointExtension>
    </extensions>
   </trkpt>
   <trkpt lat="38.5810880" lon="-121.4729530">
    <ele>11.0</ele>
    <time>2025-11-21T15:19:09Z</time>
    <extensions>
     <power>210</power>
     <gpxtpx:TrackPointExtension>
      <gpxtpx:atemp>17</gpxtpx:atemp>
      <gpxtpx:hr>146</gpxtpx:hr>
      <gpxtpx:cad>89</gpxtpx:cad>
     </gpxtpx:TrackPointExtension>
    </extensions>
   </trkpt>
   <trkpt lat="38.5810800" lon="-121.4729280">
    <ele>11.0</ele>
    <time>2025-11-21T15:19:10Z</time>
    <extensions>
     <power>209</power>
     <gpxtpx:TrackPointExtension>
      <gpxtpx:atemp>17</gpxtpx:atemp>
      <gpxtpx:hr>146</gpxtpx:hr>
      <gpxtpx:cad>89</gpxtpx:cad>
     </gpxtpx:TrackPointExtension>
    </extensions>
   </trkpt>
   <trkpt lat="38.5810730" lon="-121.4729040">
    <ele>11.0</ele>
    <time>2025-11-21T15:19:11Z</time>
    <extensions>
     <power>207</power>
     <gpxtpx:TrackPointExtension>
      <gpxtpx:atemp>17</gpxtpx:atemp>
      <gpxtpx:hr>147</gpxtpx:hr>
      <gpxtpx:cad>89</gpxtpx:cad>
     </gpxtpx:TrackPointExtension>
    </extensions>
   </trkpt>
   <trkpt lat="38.5810670" lon="-121.4728790">
    <ele>11.0</ele>
    <time>2025-11-21T15:19:12Z</time>
    <extensions>
     <power>208</power>
     <gpxtpx:TrackPointExtension>
      <gpxtpx:atemp>17</gpxtpx:atemp>
      <gpxtpx:hr>146</gpxtpx:hr>
      <gpxtpx:cad>88</gpxtpx:cad>
     </gpxtpx:TrackPointExtension>
    </extensions>
   </trkpt>
   <trkpt lat="38.5810580" lon="-121.4728550">
    <ele>11.0</ele>
    <time>2025-11-21T15:19:13Z</time>
    <extensions>
     <power>207</power>
     <gpxtpx:TrackPointExtension>
      <gpxtpx:atemp>17</gpxtpx:atemp>
      <gpxtpx:hr>146</gpxtpx:hr>
      <gpxtpx:cad>88</gpxtpx:cad>
     </gpxtpx:TrackPointExtension>
    </extensions>
   </trkpt>
   <trkpt lat="38.5810510" lon="-121.4728250">
    <ele>11.0</ele>
    <time>2025-11-21T15:19:14Z</time>
    <extensions>
     <power>208</power>
     <gpxtpx:TrackPointExtension>
      <gpxtpx:atemp>17</gpxtpx:atemp>
      <gpxtpx:hr>147</gpxtpx:hr>
      <gpxtpx:cad>88</gpxtpx:cad>
     </gpxtpx:TrackPointExtension>
    </extensions>
   </trkpt>
   <trkpt lat="38.5810430" lon="-121.4727990">
    <ele>11.0</ele>
    <time>2025-11-21T15:19:15Z</time>
    <extensions>
     <power>207</power>
     <gpxtpx:TrackPointExtension>
      <gpxtpx:atemp>17</gpxtpx:atemp>
      <gpxtpx:hr>146</gpxtpx:hr>
      <gpxtpx:cad>88</gpxtpx:cad>
     </gpxtpx:TrackPointExtension>
    </extensions>
   </trkpt>
   <trkpt lat="38.5810340" lon="-121.4727660">
    <ele>11.0</ele>
    <time>2025-11-21T15:19:16Z</time>
    <extensions>
     <power>208</power>
     <gpxtpx:TrackPointExtension>
      <gpxtpx:atemp>17</gpxtpx:atemp>
      <gpxtpx:hr>146</gpxtpx:hr>
      <gpxtpx:cad>87</gpxtpx:cad>
     </gpxtpx:TrackPointExtension>
    </extensions>
   </trkpt>
   <trkpt lat="38.5810270" lon="-121.4727420">
    <ele>11.0</ele>
    <time>2025-11-21T15:19:17Z</time>
    <extensions>
     <power>210</power>
     <gpxtpx:TrackPointExtension>
      <gpxtpx:atemp>17</gpxtpx:atemp>
      <gpxtpx:hr>147</gpxtpx:hr>
      <gpxtpx:cad>87</gpxtpx:cad>
     </gpxtpx:TrackPointExtension>
    </extensions>
   </trkpt>
   <trkpt lat="38.5810170" lon="-121.4727140">
    <ele>11.0</ele>
    <time>2025-11-21T15:19:18Z</time>
    <extensions>
     <power>211</power>
     <gpxtpx:TrackPointExtension>
      <gpxtpx:atemp>17</gpxtpx:atemp>
      <gpxtpx:hr>146</gpxtpx:hr>
      <gpxtpx:cad>87</gpxtpx:cad>
     </gpxtpx:TrackPointExtension>
    </extensions>
   </trkpt>
   <trkpt lat="38.5810120" lon="-121.4726890">
    <ele>11.0</ele>
    <time>2025-11-21T15:19:19Z</time>
    <extensions>
     <power>211</power>
     <gpxtpx:TrackPointExtension>
      <gpxtpx:atemp>17</gpxtpx:atemp>
      <gpxtpx:hr>146</gpxtpx:hr>
      <gpxtpx:cad>91</gpxtpx:cad>
     </gpxtpx:TrackPointExtension>
    </extensions>
   </trkpt>
   <trkpt lat="38.5810030" lon="-121.4726650">
    <ele>11.0</ele>
    <time>2025-11-21T15:19:20Z</time>
    <extensions>
     <power>206</power>
     <gpxtpx:TrackPointExtension>
      <gpxtpx:atemp>17</gpxtpx:atemp>
      <gpxtpx:hr>147</gpxtpx:hr>
      <gpxtpx:cad>91</gpxtpx:cad>
     </gpxtpx:TrackPointExtension>
    </extensions>
   </trkpt>
   <trkpt lat="38.5809960" lon="-121.4726420">
    <ele>11.0</ele>
    <time>2025-11-21T15:19:21Z</time>
    <extensions>
     <power>206</power>
     <gpxtpx:TrackPointExtension>
      <gpxtpx:atemp>17</gpxtpx:atemp>
      <gpxtpx:hr>146</gpxtpx:hr>
      <gpxtpx:cad>90</gpxtpx:cad>
     </gpxtpx:TrackPointExtension>
    </extensions>
   </trkpt>
   <trkpt lat="38.5809890" lon="-121.4726180">
    <ele>11.0</ele>
    <time>2025-11-21T15:19:22Z</time>
    <extensions>
     <power>205</power>
     <gpxtpx:TrackPointExtension>
      <gpxtpx:atemp>17</gpxtpx:atemp>
      <gpxtpx:hr>146</gpxtpx:hr>
      <gpxtpx:cad>90</gpxtpx:cad>
     </gpxtpx:TrackPointExtension>
    </extensions>
   </trkpt>
   <trkpt lat="38.5809790" lon="-121.4725980">
    <ele>11.0</ele>
    <time>2025-11-21T15:19:23Z</time>
    <extensions>
     <power>204</power>
     <gpxtpx:TrackPointExtension>
      <gpxtpx:atemp>17</gpxtpx:atemp>
      <gpxtpx:hr>147</gpxtpx:hr>
      <gpxtpx:cad>90</gpxtpx:cad>
     </gpxtpx:TrackPointExtension>
    </extensions>
   </trkpt>
   <trkpt lat="38.5809700" lon="-121.4725730">
    <ele>11.0</ele>
    <time>2025-11-21T15:19:24Z</time>
    <extensions>
     <power>202</power>
     <gpxtpx:TrackPointExtension>
      <gpxtpx:atemp>17</gpxtpx:atemp>
      <gpxtpx:hr>146</gpxtpx:hr>
      <gpxtpx:cad>90</gpxtpx:cad>
     </gpxtpx:TrackPointExtension>
    </extensions>
   </trkpt>
   <trkpt lat="38.5809650" lon="-121.4725480">
    <ele>11.0</ele>
    <time>2025-11-21T15:19:25Z</time>
    <extensions>
     <power>202</power>
     <gpxtpx:TrackPointExtension>
      <gpxtpx:atemp>17</gpxtpx:atemp>
      <gpxtpx:hr>146</gpxtpx:hr>
      <gpxtpx:cad>90</gpxtpx:cad>
     </gpxtpx:TrackPointExtension>
    </extensions>
   </trkpt>
   <trkpt lat="38.5809530" lon="-121.4725210">
    <ele>11.0</ele>
    <time>2025-11-21T15:19:26Z</time>
    <extensions>
     <power>200</power>
     <gpxtpx:TrackPointExtension>
      <gpxtpx:atemp>17</gpxtpx:atemp>
      <gpxtpx:hr>147</gpxtpx:hr>
      <gpxtpx:cad>90</gpxtpx:cad>
     </gpxtpx:TrackPointExtension>
    </extensions>
   </trkpt>
   <trkpt lat="38.5809460" lon="-121.4724970">
    <ele>11.0</ele>
    <time>2025-11-21T15:19:27Z</time>
    <extensions>
     <power>200</power>
     <gpxtpx:TrackPointExtension>
      <gpxtpx:atemp>17</gpxtpx:atemp>
      <gpxtpx:hr>146</gpxtpx:hr>
      <gpxtpx:cad>90</gpxtpx:cad>
     </gpxtpx:TrackPointExtension>
    </extensions>
   </trkpt>
   <trkpt lat="38.5809340" lon="-121.4724620">
    <ele>11.0</ele>
    <time>2025-11-21T15:19:28Z</time>
    <extensions>
     <power>200</power>
     <gpxtpx:TrackPointExtension>
      <gpxtpx:atemp>17</gpxtpx:atemp>
      <gpxtpx:hr>146</gpxtpx:hr>
      <gpxtpx:cad>90</gpxtpx:cad>
     </gpxtpx:TrackPointExtension>
    </extensions>
   </trkpt>
   <trkpt lat="38.5809250" lon="-121.4724360">
    <ele>11.0</ele>
    <time>2025-11-21T15:19:29Z</time>
    <extensions>
     <power>201</power>
     <gpxtpx:TrackPointExtension>
      <gpxtpx:atemp>17</gpxtpx:atemp>
      <gpxtpx:hr>147</gpxtpx:hr>
      <gpxtpx:cad>89</gpxtpx:cad>
     </gpxtpx:TrackPointExtension>
    </extensions>
   </trkpt>
   <trkpt lat="38.5809150" lon="-121.4724080">
    <ele>11.0</ele>
    <time>2025-11-21T15:19:30Z</time>
    <extensions>
     <power>204</power>
     <gpxtpx:TrackPointExtension>
      <gpxtpx:atemp>17</gpxtpx:atemp>
      <gpxtpx:hr>146</gpxtpx:hr>
      <gpxtpx:cad>89</gpxtpx:cad>
     </gpxtpx:TrackPointExtension>
    </extensions>
   </trkpt>
   <trkpt lat="38.5809080" lon="-121.4723870">
    <ele>11.2</ele>
    <time>2025-11-21T15:19:31Z</time>
    <extensions>
     <power>207</power>
     <gpxtpx:TrackPointExtension>
      <gpxtpx:atemp>17</gpxtpx:atemp>
      <gpxtpx:hr>146</gpxtpx:hr>
      <gpxtpx:cad>89</gpxtpx:cad>
     </gpxtpx:TrackPointExtension>
    </extensions>
   </trkpt>
   <trkpt lat="38.5809010" lon="-121.4723610">
    <ele>11.2</ele>
    <time>2025-11-21T15:19:32Z</time>
    <extensions>
     <power>208</power>
     <gpxtpx:TrackPointExtension>
      <gpxtpx:atemp>17</gpxtpx:atemp>
      <gpxtpx:hr>147</gpxtpx:hr>
      <gpxtpx:cad>89</gpxtpx:cad>
     </gpxtpx:TrackPointExtension>
    </extensions>
   </trkpt>
   <trkpt lat="38.5808970" lon="-121.4723380">
    <ele>11.2</ele>
    <time>2025-11-21T15:19:33Z</time>
    <extensions>
     <power>208</power>
     <gpxtpx:TrackPointExtension>
      <gpxtpx:atemp>17</gpxtpx:atemp>
      <gpxtpx:hr>146</gpxtpx:hr>
      <gpxtpx:cad>89</gpxtpx:cad>
     </gpxtpx:TrackPointExtension>
    </extensions>
   </trkpt>
   <trkpt lat="38.5808880" lon="-121.4723110">
    <ele>11.2</ele>
    <time>2025-11-21T15:19:34Z</time>
    <extensions>
     <power>205</power>
     <gpxtpx:TrackPointExtension>
      <gpxtpx:atemp>17</gpxtpx:atemp>
      <gpxtpx:hr>147</gpxtpx:hr>
      <gpxtpx:cad>89</gpxtpx:cad>
     </gpxtpx:TrackPointExtension>
    </extensions>
   </trkpt>
   <trkpt lat="38.5808800" lon="-121.4722860">
    <ele>11.2</ele>
    <time>2025-11-21T15:19:35Z</time>
    <extensions>
     <power>202</power>
     <gpxtpx:TrackPointExtension>
      <gpxtpx:atemp>17</gpxtpx:atemp>
      <gpxtpx:hr>146</gpxtpx:hr>
      <gpxtpx:cad>89</gpxtpx:cad>
     </gpxtpx:TrackPointExtension>
    </extensions>
   </trkpt>
   <trkpt lat="38.5808730" lon="-121.4722570">
    <ele>11.2</ele>
    <time>2025-11-21T15:19:36Z</time>
    <extensions>
     <power>202</power>
     <gpxtpx:TrackPointExtension>
      <gpxtpx:atemp>17</gpxtpx:atemp>
      <gpxtpx:hr>146</gpxtpx:hr>
      <gpxtpx:cad>89</gpxtpx:cad>
     </gpxtpx:TrackPointExtension>
    </extensions>
   </trkpt>
   <trkpt lat="38.5808670" lon="-121.4722310">
    <ele>11.2</ele>
    <time>2025-11-21T15:19:37Z</time>
    <extensions>
     <power>202</power>
     <gpxtpx:TrackPointExtension>
      <gpxtpx:atemp>17</gpxtpx:atemp>
      <gpxtpx:hr>146</gpxtpx:hr>
      <gpxtpx:cad>89</gpxtpx:cad>
     </gpxtpx:TrackPointExtension>
    </extensions>
   </trkpt>
   <trkpt lat="38.5808630" lon="-121.4722020">
    <ele>11.2</ele>
    <time>2025-11-21T15:19:38Z</time>
    <extensions>
     <power>202</power>
     <gpxtpx:TrackPointExtension>
      <gpxtpx:atemp>17</gpxtpx:atemp>
      <gpxtpx:hr>147</gpxtpx:hr>
      <gpxtpx:cad>89</gpxtpx:cad>
     </gpxtpx:TrackPointExtension>
    </extensions>
   </trkpt>
   <trkpt lat="38.5808580" lon="-121.4721760">
    <ele>11.2</ele>
    <time>2025-11-21T15:19:39Z</time>
    <extensions>
     <power>203</power>
     <gpxtpx:TrackPointExtension>
      <gpxtpx:atemp>17</gpxtpx:atemp>
      <gpxtpx:hr>146</gpxtpx:hr>
      <gpxtpx:cad>88</gpxtpx:cad>
     </gpxtpx:TrackPointExtension>
    </extensions>
   </trkpt>
   <trkpt lat="38.5808560" lon="-121.4721470">
    <ele>11.2</ele>
    <time>2025-11-21T15:19:40Z</time>
    <extensions>
     <power>204</power>
     <gpxtpx:TrackPointExtension>
      <gpxtpx:atemp>17</gpxtpx:atemp>
      <gpxtpx:hr>146</gpxtpx:hr>
      <gpxtpx:cad>89</gpxtpx:cad>
     </gpxtpx:TrackPointExtension>
    </extensions>
   </trkpt>
   <trkpt lat="38.5808490" lon="-121.4721240">
    <ele>11.2</ele>
    <time>2025-11-21T15:19:41Z</time>
    <extensions>
     <power>204</power>
     <gpxtpx:TrackPointExtension>
      <gpxtpx:atemp>17</gpxtpx:atemp>
      <gpxtpx:hr>147</gpxtpx:hr>
      <gpxtpx:cad>89</gpxtpx:cad>
     </gpxtpx:TrackPointExtension>
    </extensions>
   </trkpt>
   <trkpt lat="38.5808400" lon="-121.4720970">
    <ele>11.2</ele>
    <time>2025-11-21T15:19:42Z</time>
    <extensions>
     <power>205</power>
     <gpxtpx:TrackPointExtension>
      <gpxtpx:atemp>17</gpxtpx:atemp>
      <gpxtpx:hr>146</gpxtpx:hr>
      <gpxtpx:cad>89</gpxtpx:cad>
     </gpxtpx:TrackPointExtension>
    </extensions>
   </trkpt>
   <trkpt lat="38.5808340" lon="-121.4720750">
    <ele>11.2</ele>
    <time>2025-11-21T15:19:43Z</time>
    <extensions>
     <power>204</power>
     <gpxtpx:TrackPointExtension>
      <gpxtpx:atemp>17</gpxtpx:atemp>
      <gpxtpx:hr>146</gpxtpx:hr>
      <gpxtpx:cad>88</gpxtpx:cad>
     </gpxtpx:TrackPointExtension>
    </extensions>
   </trkpt>
   <trkpt lat="38.5808290" lon="-121.4720420">
    <ele>11.2</ele>
    <time>2025-11-21T15:19:44Z</time>
    <extensions>
     <power>205</power>
     <gpxtpx:TrackPointExtension>
      <gpxtpx:atemp>17</gpxtpx:atemp>
      <gpxtpx:hr>147</gpxtpx:hr>
      <gpxtpx:cad>88</gpxtpx:cad>
     </gpxtpx:TrackPointExtension>
    </extensions>
   </trkpt>
   <trkpt lat="38.5808190" lon="-121.4720220">
    <ele>11.2</ele>
    <time>2025-11-21T15:19:45Z</time>
    <extensions>
     <power>206</power>
     <gpxtpx:TrackPointExtension>
      <gpxtpx:atemp>17</gpxtpx:atemp>
      <gpxtpx:hr>146</gpxtpx:hr>
      <gpxtpx:cad>88</gpxtpx:cad>
     </gpxtpx:TrackPointExtension>
    </extensions>
   </trkpt>
   <trkpt lat="38.5808140" lon="-121.4719950">
    <ele>11.4</ele>
    <time>2025-11-21T15:19:46Z</time>
    <extensions>
     <power>206</power>
     <gpxtpx:TrackPointExtension>
      <gpxtpx:atemp>17</gpxtpx:atemp>
      <gpxtpx:hr>146</gpxtpx:hr>
      <gpxtpx:cad>89</gpxtpx:cad>
     </gpxtpx:TrackPointExtension>
    </extensions>
   </trkpt>
   <trkpt lat="38.5808110" lon="-121.4719750">
    <ele>11.4</ele>
    <time>2025-11-21T15:19:47Z</time>
    <extensions>
     <power>205</power>
     <gpxtpx:TrackPointExtension>
      <gpxtpx:atemp>17</gpxtpx:atemp>
      <gpxtpx:hr>147</gpxtpx:hr>
      <gpxtpx:cad>90</gpxtpx:cad>
     </gpxtpx:TrackPointExtension>
    </extensions>
   </trkpt>
   <trkpt lat="38.5808040" lon="-121.4719440">
    <ele>11.2</ele>
    <time>2025-11-21T15:19:48Z</time>
    <extensions>
     <power>204</power>
     <gpxtpx:TrackPointExtension>
      <gpxtpx:atemp>17</gpxtpx:atemp>
      <gpxtpx:hr>146</gpxtpx:hr>
      <gpxtpx:cad>90</gpxtpx:cad>
     </gpxtpx:TrackPointExtension>
    </extensions>
   </trkpt>
   <trkpt lat="38.5808010" lon="-121.4719200">
    <ele>11.2</ele>
    <time>2025-11-21T15:19:49Z</time>
    <extensions>
     <power>202</power>
     <gpxtpx:TrackPointExtension>
      <gpxtpx:atemp>17</gpxtpx:atemp>
      <gpxtpx:hr>146</gpxtpx:hr>
      <gpxtpx:cad>89</gpxtpx:cad>
     </gpxtpx:TrackPointExtension>
    </extensions>
   </trkpt>
   <trkpt lat="38.5807950" lon="-121.4718880">
    <ele>11.2</ele>
    <time>2025-11-21T15:19:50Z</time>
    <extensions>
     <power>202</power>
     <gpxtpx:TrackPointExtension>
      <gpxtpx:atemp>17</gpxtpx:atemp>
      <gpxtpx:hr>147</gpxtpx:hr>
      <gpxtpx:cad>89</gpxtpx:cad>
     </gpxtpx:TrackPointExtension>
    </extensions>
   </trkpt>
   <trkpt lat="38.5807880" lon="-121.4718650">
    <ele>11.2</ele>
    <time>2025-11-21T15:19:51Z</time>
    <extensions>
     <power>203</power>
     <gpxtpx:TrackPointExtension>
      <gpxtpx:atemp>17</gpxtpx:atemp>
      <gpxtpx:hr>146</gpxtpx:hr>
      <gpxtpx:cad>89</gpxtpx:cad>
     </gpxtpx:TrackPointExtension>
    </extensions>
   </trkpt>
   <trkpt lat="38.5807800" lon="-121.4718250">
    <ele>11.2</ele>
    <time>2025-11-21T15:19:52Z</time>
    <extensions>
     <power>202</power>
     <gpxtpx:TrackPointExtension>
      <gpxtpx:atemp>17</gpxtpx:atemp>
      <gpxtpx:hr>146</gpxtpx:hr>
      <gpxtpx:cad>89</gpxtpx:cad>
     </gpxtpx:TrackPointExtension>
    </extensions>
   </trkpt>
   <trkpt lat="38.5807750" lon="-121.4717990">
    <ele>11.2</ele>
    <time>2025-11-21T15:19:53Z</time>
    <extensions>
     <power>202</power>
     <gpxtpx:TrackPointExtension>
      <gpxtpx:atemp>17</gpxtpx:atemp>
      <gpxtpx:hr>147</gpxtpx:hr>
      <gpxtpx:cad>89</gpxtpx:cad>
     </gpxtpx:TrackPointExtension>
    </extensions>
   </trkpt>
   <trkpt lat="38.5807690" lon="-121.4717670">
    <ele>11.2</ele>
    <time>2025-11-21T15:19:54Z</time>
    <extensions>
     <power>204</power>
     <gpxtpx:TrackPointExtension>
      <gpxtpx:atemp>17</gpxtpx:atemp>
      <gpxtpx:hr>147</gpxtpx:hr>
      <gpxtpx:cad>88</gpxtpx:cad>
     </gpxtpx:TrackPointExtension>
    </extensions>
   </trkpt>
   <trkpt lat="38.5807640" lon="-121.4717370">
    <ele>11.2</ele>
    <time>2025-11-21T15:19:55Z</time>
    <extensions>
     <power>204</power>
     <gpxtpx:TrackPointExtension>
      <gpxtpx:atemp>17</gpxtpx:atemp>
      <gpxtpx:hr>147</gpxtpx:hr>
      <gpxtpx:cad>88</gpxtpx:cad>
     </gpxtpx:TrackPointExtension>
    </extensions>
   </trkpt>
   <trkpt lat="38.5807560" lon="-121.4717060">
    <ele>11.2</ele>
    <time>2025-11-21T15:19:56Z</time>
    <extensions>
     <power>205</power>
     <gpxtpx:TrackPointExtension>
      <gpxtpx:atemp>17</gpxtpx:atemp>
      <gpxtpx:hr>148</gpxtpx:hr>
      <gpxtpx:cad>88</gpxtpx:cad>
     </gpxtpx:TrackPointExtension>
    </extensions>
   </trkpt>
   <trkpt lat="38.5807470" lon="-121.4716790">
    <ele>11.2</ele>
    <time>2025-11-21T15:19:57Z</time>
    <extensions>
     <power>206</power>
     <gpxtpx:TrackPointExtension>
      <gpxtpx:atemp>17</gpxtpx:atemp>
      <gpxtpx:hr>148</gpxtpx:hr>
      <gpxtpx:cad>88</gpxtpx:cad>
     </gpxtpx:TrackPointExtension>
    </extensions>
   </trkpt>
   <trkpt lat="38.5807400" lon="-121.4716500">
    <ele>11.2</ele>
    <time>2025-11-21T15:19:58Z</time>
    <extensions>
     <power>206</power>
     <gpxtpx:TrackPointExtension>
      <gpxtpx:atemp>17</gpxtpx:atemp>
      <gpxtpx:hr>148</gpxtpx:hr>
      <gpxtpx:cad>89</gpxtpx:cad>
     </gpxtpx:TrackPointExtension>
    </extensions>
   </trkpt>
   <trkpt lat="38.5807340" lon="-121.4716230">
    <ele>11.2</ele>
    <time>2025-11-21T15:19:59Z</time>
    <extensions>
     <power>206</power>
     <gpxtpx:TrackPointExtension>
      <gpxtpx:atemp>17</gpxtpx:atemp>
      <gpxtpx:hr>148</gpxtpx:hr>
      <gpxtpx:cad>89</gpxtpx:cad>
     </gpxtpx:TrackPointExtension>
    </extensions>
   </trkpt>
   <trkpt lat="38.5807290" lon="-121.4715980">
    <ele>11.2</ele>
    <time>2025-11-21T15:20:00Z</time>
    <extensions>
     <power>207</power>
     <gpxtpx:TrackPointExtension>
      <gpxtpx:atemp>17</gpxtpx:atemp>
      <gpxtpx:hr>148</gpxtpx:hr>
      <gpxtpx:cad>89</gpxtpx:cad>
     </gpxtpx:TrackPointExtension>
    </extensions>
   </trkpt>
   <trkpt lat="38.5807200" lon="-121.4715710">
    <ele>11.2</ele>
    <time>2025-11-21T15:20:01Z</time>
    <extensions>
     <power>207</power>
     <gpxtpx:TrackPointExtension>
      <gpxtpx:atemp>17</gpxtpx:atemp>
      <gpxtpx:hr>148</gpxtpx:hr>
      <gpxtpx:cad>89</gpxtpx:cad>
     </gpxtpx:TrackPointExtension>
    </extensions>
   </trkpt>
   <trkpt lat="38.5807150" lon="-121.4715460">
    <ele>11.4</ele>
    <time>2025-11-21T15:20:02Z</time>
    <extensions>
     <power>208</power>
     <gpxtpx:TrackPointExtension>
      <gpxtpx:atemp>17</gpxtpx:atemp>
      <gpxtpx:hr>148</gpxtpx:hr>
      <gpxtpx:cad>89</gpxtpx:cad>
     </gpxtpx:TrackPointExtension>
    </extensions>
   </trkpt>
   <trkpt lat="38.5807030" lon="-121.4715250">
    <ele>11.4</ele>
    <time>2025-11-21T15:20:03Z</time>
    <extensions>
     <power>207</power>
     <gpxtpx:TrackPointExtension>
      <gpxtpx:atemp>17</gpxtpx:atemp>
      <gpxtpx:hr>148</gpxtpx:hr>
      <gpxtpx:cad>89</gpxtpx:cad>
     </gpxtpx:TrackPointExtension>
    </extensions>
   </trkpt>
   <trkpt lat="38.5806940" lon="-121.4714930">
    <ele>11.4</ele>
    <time>2025-11-21T15:20:04Z</time>
    <extensions>
     <power>207</power>
     <gpxtpx:TrackPointExtension>
      <gpxtpx:atemp>17</gpxtpx:atemp>
      <gpxtpx:hr>149</gpxtpx:hr>
      <gpxtpx:cad>90</gpxtpx:cad>
     </gpxtpx:TrackPointExtension>
    </extensions>
   </trkpt>
   <trkpt lat="38.5806860" lon="-121.4714680">
    <ele>11.2</ele>
    <time>2025-11-21T15:20:05Z</time>
    <extensions>
     <power>206</power>
     <gpxtpx:TrackPointExtension>
      <gpxtpx:atemp>17</gpxtpx:atemp>
      <gpxtpx:hr>149</gpxtpx:hr>
      <gpxtpx:cad>90</gpxtpx:cad>
     </gpxtpx:TrackPointExtension>
    </extensions>
   </trkpt>
   <trkpt lat="38.5806780" lon="-121.4714410">
    <ele>11.2</ele>
    <time>2025-11-21T15:20:06Z</time>
    <extensions>
     <power>206</power>
     <gpxtpx:TrackPointExtension>
      <gpxtpx:atemp>17</gpxtpx:atemp>
      <gpxtpx:hr>149</gpxtpx:hr>
      <gpxtpx:cad>89</gpxtpx:cad>
     </gpxtpx:TrackPointExtension>
    </extensions>
   </trkpt>
   <trkpt lat="38.5806700" lon="-121.4714200">
    <ele>11.2</ele>
    <time>2025-11-21T15:20:07Z</time>
    <extensions>
     <power>208</power>
     <gpxtpx:TrackPointExtension>
      <gpxtpx:atemp>17</gpxtpx:atemp>
      <gpxtpx:hr>149</gpxtpx:hr>
      <gpxtpx:cad>89</gpxtpx:cad>
     </gpxtpx:TrackPointExtension>
    </extensions>
   </trkpt>
   <trkpt lat="38.5806590" lon="-121.4713930">
    <ele>11.2</ele>
    <time>2025-11-21T15:20:08Z</time>
    <extensions>
     <power>207</power>
     <gpxtpx:TrackPointExtension>
      <gpxtpx:atemp>17</gpxtpx:atemp>
      <gpxtpx:hr>148</gpxtpx:hr>
      <gpxtpx:cad>89</gpxtpx:cad>
     </gpxtpx:TrackPointExtension>
    </extensions>
   </trkpt>
   <trkpt lat="38.5806490" lon="-121.4713680">
    <ele>11.2</ele>
    <time>2025-11-21T15:20:09Z</time>
    <extensions>
     <power>207</power>
     <gpxtpx:TrackPointExtension>
      <gpxtpx:atemp>17</gpxtpx:atemp>
      <gpxtpx:hr>149</gpxtpx:hr>
      <gpxtpx:cad>89</gpxtpx:cad>
     </gpxtpx:TrackPointExtension>
    </extensions>
   </trkpt>
   <trkpt lat="38.5806410" lon="-121.4713470">
    <ele>11.2</ele>
    <time>2025-11-21T15:20:10Z</time>
    <extensions>
     <power>208</power>
     <gpxtpx:TrackPointExtension>
      <gpxtpx:atemp>17</gpxtpx:atemp>
      <gpxtpx:hr>149</gpxtpx:hr>
      <gpxtpx:cad>89</gpxtpx:cad>
     </gpxtpx:TrackPointExtension>
    </extensions>
   </trkpt>
   <trkpt lat="38.5806320" lon="-121.4713150">
    <ele>11.2</ele>
    <time>2025-11-21T15:20:11Z</time>
    <extensions>
     <power>208</power>
     <gpxtpx:TrackPointExtension>
      <gpxtpx:atemp>17</gpxtpx:atemp>
      <gpxtpx:hr>148</gpxtpx:hr>
      <gpxtpx:cad>88</gpxtpx:cad>
     </gpxtpx:TrackPointExtension>
    </extensions>
   </trkpt>
   <trkpt lat="38.5806270" lon="-121.4712880">
    <ele>11.2</ele>
    <time>2025-11-21T15:20:12Z</time>
    <extensions>
     <power>209</power>
     <gpxtpx:TrackPointExtension>
      <gpxtpx:atemp>17</gpxtpx:atemp>
      <gpxtpx:hr>149</gpxtpx:hr>
      <gpxtpx:cad>89</gpxtpx:cad>
     </gpxtpx:TrackPointExtension>
    </extensions>
   </trkpt>
   <trkpt lat="38.5806190" lon="-121.4712570">
    <ele>11.2</ele>
    <time>2025-11-21T15:20:13Z</time>
    <extensions>
     <power>208</power>
     <gpxtpx:TrackPointExtension>
      <gpxtpx:atemp>17</gpxtpx:atemp>
      <gpxtpx:hr>149</gpxtpx:hr>
      <gpxtpx:cad>89</gpxtpx:cad>
     </gpxtpx:TrackPointExtension>
    </extensions>
   </trkpt>
   <trkpt lat="38.5806120" lon="-121.4712340">
    <ele>11.4</ele>
    <time>2025-11-21T15:20:14Z</time>
    <extensions>
     <power>210</power>
     <gpxtpx:TrackPointExtension>
      <gpxtpx:atemp>17</gpxtpx:atemp>
      <gpxtpx:hr>148</gpxtpx:hr>
      <gpxtpx:cad>89</gpxtpx:cad>
     </gpxtpx:TrackPointExtension>
    </extensions>
   </trkpt>
   <trkpt lat="38.5806030" lon="-121.4712040">
    <ele>11.4</ele>
    <time>2025-11-21T15:20:15Z</time>
    <extensions>
     <power>210</power>
     <gpxtpx:TrackPointExtension>
      <gpxtpx:atemp>17</gpxtpx:atemp>
      <gpxtpx:hr>149</gpxtpx:hr>
      <gpxtpx:cad>89</gpxtpx:cad>
     </gpxtpx:TrackPointExtension>
    </extensions>
   </trkpt>
   <trkpt lat="38.5805990" lon="-121.4711810">
    <ele>11.4</ele>
    <time>2025-11-21T15:20:16Z</time>
    <extensions>
     <power>211</power>
     <gpxtpx:TrackPointExtension>
      <gpxtpx:atemp>17</gpxtpx:atemp>
      <gpxtpx:hr>149</gpxtpx:hr>
      <gpxtpx:cad>89</gpxtpx:cad>
     </gpxtpx:TrackPointExtension>
    </extensions>
   </trkpt>
   <trkpt lat="38.5805890" lon="-121.4711460">
    <ele>11.4</ele>
    <time>2025-11-21T15:20:17Z</time>
    <extensions>
     <power>210</power>
     <gpxtpx:TrackPointExtension>
      <gpxtpx:atemp>17</gpxtpx:atemp>
      <gpxtpx:hr>148</gpxtpx:hr>
      <gpxtpx:cad>89</gpxtpx:cad>
     </gpxtpx:TrackPointExtension>
    </extensions>
   </trkpt>
   <trkpt lat="38.5805800" lon="-121.4711160">
    <ele>11.4</ele>
    <time>2025-11-21T15:20:18Z</time>
    <extensions>
     <power>210</power>
     <gpxtpx:TrackPointExtension>
      <gpxtpx:atemp>17</gpxtpx:atemp>
      <gpxtpx:hr>148</gpxtpx:hr>
      <gpxtpx:cad>89</gpxtpx:cad>
     </gpxtpx:TrackPointExtension>
    </extensions>
   </trkpt>
   <trkpt lat="38.5805680" lon="-121.4710840">
    <ele>11.4</ele>
    <time>2025-11-21T15:20:19Z</time>
    <extensions>
     <power>211</power>
     <gpxtpx:TrackPointExtension>
      <gpxtpx:atemp>17</gpxtpx:atemp>
      <gpxtpx:hr>148</gpxtpx:hr>
      <gpxtpx:cad>89</gpxtpx:cad>
     </gpxtpx:TrackPointExtension>
    </extensions>
   </trkpt>
   <trkpt lat="38.5805650" lon="-121.4710600">
    <ele>11.4</ele>
    <time>2025-11-21T15:20:20Z</time>
    <extensions>
     <power>212</power>
     <gpxtpx:TrackPointExtension>
      <gpxtpx:atemp>17</gpxtpx:atemp>
      <gpxtpx:hr>148</gpxtpx:hr>
      <gpxtpx:cad>89</gpxtpx:cad>
     </gpxtpx:TrackPointExtension>
    </extensions>
   </trkpt>
   <trkpt lat="38.5805530" lon="-121.4710320">
    <ele>11.4</ele>
    <time>2025-11-21T15:20:21Z</time>
    <extensions>
     <power>212</power>
     <gpxtpx:TrackPointExtension>
      <gpxtpx:atemp>17</gpxtpx:atemp>
      <gpxtpx:hr>148</gpxtpx:hr>
      <gpxtpx:cad>88</gpxtpx:cad>
     </gpxtpx:TrackPointExtension>
    </extensions>
   </trkpt>
   <trkpt lat="38.5805480" lon="-121.4710140">
    <ele>11.4</ele>
    <time>2025-11-21T15:20:22Z</time>
    <extensions>
     <power>214</power>
     <gpxtpx:TrackPointExtension>
      <gpxtpx:atemp>17</gpxtpx:atemp>
      <gpxtpx:hr>149</gpxtpx:hr>
      <gpxtpx:cad>88</gpxtpx:cad>
     </gpxtpx:TrackPointExtension>
    </extensions>
   </trkpt>
   <trkpt lat="38.5805400" lon="-121.4709860">
    <ele>11.4</ele>
    <time>2025-11-21T15:20:23Z</time>
    <extensions>
     <power>213</power>
     <gpxtpx:TrackPointExtension>
      <gpxtpx:atemp>17</gpxtpx:atemp>
      <gpxtpx:hr>148</gpxtpx:hr>
      <gpxtpx:cad>88</gpxtpx:cad>
     </gpxtpx:TrackPointExtension>
    </extensions>
   </trkpt>
   <trkpt lat="38.5805370" lon="-121.4709660">
    <ele>11.4</ele>
    <time>2025-11-21T15:20:24Z</time>
    <extensions>
     <power>213</power>
     <gpxtpx:TrackPointExtension>
      <gpxtpx:atemp>17</gpxtpx:atemp>
      <gpxtpx:hr>148</gpxtpx:hr>
      <gpxtpx:cad>88</gpxtpx:cad>
     </gpxtpx:TrackPointExtension>
    </extensions>
   </trkpt>
   <trkpt lat="38.5805320" lon="-121.4709330">
    <ele>11.4</ele>
    <time>2025-11-21T15:20:25Z</time>
    <extensions>
     <power>211</power>
     <gpxtpx:TrackPointExtension>
      <gpxtpx:atemp>17</gpxtpx:atemp>
      <gpxtpx:hr>148</gpxtpx:hr>
      <gpxtpx:cad>88</gpxtpx:cad>
     </gpxtpx:TrackPointExtension>
    </extensions>
   </trkpt>
   <trkpt lat="38.5805300" lon="-121.4709100">
    <ele>11.4</ele>
    <time>2025-11-21T15:20:26Z</time>
    <extensions>
     <power>210</power>
     <gpxtpx:TrackPointExtension>
      <gpxtpx:atemp>17</gpxtpx:atemp>
      <gpxtpx:hr>148</gpxtpx:hr>
      <gpxtpx:cad>88</gpxtpx:cad>
     </gpxtpx:TrackPointExtension>
    </extensions>
   </trkpt>
   <trkpt lat="38.5805250" lon="-121.4708810">
    <ele>11.4</ele>
    <time>2025-11-21T15:20:27Z</time>
    <extensions>
     <power>210</power>
     <gpxtpx:TrackPointExtension>
      <gpxtpx:atemp>17</gpxtpx:atemp>
      <gpxtpx:hr>148</gpxtpx:hr>
      <gpxtpx:cad>88</gpxtpx:cad>
     </gpxtpx:TrackPointExtension>
    </extensions>
   </trkpt>
   <trkpt lat="38.5805210" lon="-121.4708570">
    <ele>11.4</ele>
    <time>2025-11-21T15:20:28Z</time>
    <extensions>
     <power>211</power>
     <gpxtpx:TrackPointExtension>
      <gpxtpx:atemp>17</gpxtpx:atemp>
      <gpxtpx:hr>148</gpxtpx:hr>
      <gpxtpx:cad>88</gpxtpx:cad>
     </gpxtpx:TrackPointExtension>
    </extensions>
   </trkpt>
   <trkpt lat="38.5805150" lon="-121.4708280">
    <ele>11.4</ele>
    <time>2025-11-21T15:20:29Z</time>
    <extensions>
     <power>210</power>
     <gpxtpx:TrackPointExtension>
      <gpxtpx:atemp>17</gpxtpx:atemp>
      <gpxtpx:hr>149</gpxtpx:hr>
      <gpxtpx:cad>88</gpxtpx:cad>
     </gpxtpx:TrackPointExtension>
    </extensions>
   </trkpt>
   <trkpt lat="38.5805070" lon="-121.4708020">
    <ele>11.4</ele>
    <time>2025-11-21T15:20:30Z</time>
    <extensions>
     <power>210</power>
     <gpxtpx:TrackPointExtension>
      <gpxtpx:atemp>17</gpxtpx:atemp>
      <gpxtpx:hr>148</gpxtpx:hr>
      <gpxtpx:cad>88</gpxtpx:cad>
     </gpxtpx:TrackPointExtension>
    </extensions>
   </trkpt>
   <trkpt lat="38.5805020" lon="-121.4707770">
    <ele>11.4</ele>
    <time>2025-11-21T15:20:31Z</time>
    <extensions>
     <power>209</power>
     <gpxtpx:TrackPointExtension>
      <gpxtpx:atemp>17</gpxtpx:atemp>
      <gpxtpx:hr>148</gpxtpx:hr>
      <gpxtpx:cad>88</gpxtpx:cad>
     </gpxtpx:TrackPointExtension>
    </extensions>
   </trkpt>
   <trkpt lat="38.5804910" lon="-121.4707480">
    <ele>11.4</ele>
    <time>2025-11-21T15:20:32Z</time>
    <extensions>
     <power>209</power>
     <gpxtpx:TrackPointExtension>
      <gpxtpx:atemp>17</gpxtpx:atemp>
      <gpxtpx:hr>148</gpxtpx:hr>
      <gpxtpx:cad>88</gpxtpx:cad>
     </gpxtpx:TrackPointExtension>
    </extensions>
   </trkpt>
   <trkpt lat="38.5804850" lon="-121.4707200">
    <ele>11.4</ele>
    <time>2025-11-21T15:20:33Z</time>
    <extensions>
     <power>209</power>
     <gpxtpx:TrackPointExtension>
      <gpxtpx:atemp>17</gpxtpx:atemp>
      <gpxtpx:hr>148</gpxtpx:hr>
      <gpxtpx:cad>88</gpxtpx:cad>
     </gpxtpx:TrackPointExtension>
    </extensions>
   </trkpt>
   <trkpt lat="38.5804800" lon="-121.4706960">
    <ele>11.4</ele>
    <time>2025-11-21T15:20:34Z</time>
    <extensions>
     <power>209</power>
     <gpxtpx:TrackPointExtension>
      <gpxtpx:atemp>17</gpxtpx:atemp>
      <gpxtpx:hr>148</gpxtpx:hr>
      <gpxtpx:cad>88</gpxtpx:cad>
     </gpxtpx:TrackPointExtension>
    </extensions>
   </trkpt>
   <trkpt lat="38.5804760" lon="-121.4706740">
    <ele>11.6</ele>
    <time>2025-11-21T15:20:35Z</time>
    <extensions>
     <power>209</power>
     <gpxtpx:TrackPointExtension>
      <gpxtpx:atemp>17</gpxtpx:atemp>
      <gpxtpx:hr>148</gpxtpx:hr>
      <gpxtpx:cad>88</gpxtpx:cad>
     </gpxtpx:TrackPointExtension>
    </extensions>
   </trkpt>
   <trkpt lat="38.5804670" lon="-121.4706440">
    <ele>11.6</ele>
    <time>2025-11-21T15:20:36Z</time>
    <extensions>
     <power>210</power>
     <gpxtpx:TrackPointExtension>
      <gpxtpx:atemp>17</gpxtpx:atemp>
      <gpxtpx:hr>149</gpxtpx:hr>
      <gpxtpx:cad>88</gpxtpx:cad>
     </gpxtpx:TrackPointExtension>
    </extensions>
   </trkpt>
   <trkpt lat="38.5804630" lon="-121.4706210">
    <ele>11.6</ele>
    <time>2025-11-21T15:20:37Z</time>
    <extensions>
     <power>210</power>
     <gpxtpx:TrackPointExtension>
      <gpxtpx:atemp>17</gpxtpx:atemp>
      <gpxtpx:hr>148</gpxtpx:hr>
      <gpxtpx:cad>88</gpxtpx:cad>
     </gpxtpx:TrackPointExtension>
    </extensions>
   </trkpt>
   <trkpt lat="38.5804550" lon="-121.4705950">
    <ele>11.6</ele>
    <time>2025-11-21T15:20:38Z</time>
    <extensions>
     <power>209</power>
     <gpxtpx:TrackPointExtension>
      <gpxtpx:atemp>17</gpxtpx:atemp>
      <gpxtpx:hr>148</gpxtpx:hr>
      <gpxtpx:cad>88</gpxtpx:cad>
     </gpxtpx:TrackPointExtension>
    </extensions>
   </trkpt>
   <trkpt lat="38.5804480" lon="-121.4705650">
    <ele>11.6</ele>
    <time>2025-11-21T15:20:39Z</time>
    <extensions>
     <power>208</power>
     <gpxtpx:TrackPointExtension>
      <gpxtpx:atemp>17</gpxtpx:atemp>
      <gpxtpx:hr>148</gpxtpx:hr>
      <gpxtpx:cad>89</gpxtpx:cad>
     </gpxtpx:TrackPointExtension>
    </extensions>
   </trkpt>
   <trkpt lat="38.5804410" lon="-121.4705370">
    <ele>11.6</ele>
    <time>2025-11-21T15:20:40Z</time>
    <extensions>
     <power>207</power>
     <gpxtpx:TrackPointExtension>
      <gpxtpx:atemp>17</gpxtpx:atemp>
      <gpxtpx:hr>148</gpxtpx:hr>
      <gpxtpx:cad>89</gpxtpx:cad>
     </gpxtpx:TrackPointExtension>
    </extensions>
   </trkpt>
   <trkpt lat="38.5804320" lon="-121.4705080">
    <ele>11.6</ele>
    <time>2025-11-21T15:20:41Z</time>
    <extensions>
     <power>207</power>
     <gpxtpx:TrackPointExtension>
      <gpxtpx:atemp>17</gpxtpx:atemp>
      <gpxtpx:hr>149</gpxtpx:hr>
      <gpxtpx:cad>89</gpxtpx:cad>
     </gpxtpx:TrackPointExtension>
    </extensions>
   </trkpt>
   <trkpt lat="38.5804190" lon="-121.4704800">
    <ele>11.6</ele>
    <time>2025-11-21T15:20:42Z</time>
    <extensions>
     <power>207</power>
     <gpxtpx:TrackPointExtension>
      <gpxtpx:atemp>17</gpxtpx:atemp>
      <gpxtpx:hr>148</gpxtpx:hr>
      <gpxtpx:cad>90</gpxtpx:cad>
     </gpxtpx:TrackPointExtension>
    </extensions>
   </trkpt>
   <trkpt lat="38.5804090" lon="-121.4704580">
    <ele>11.6</ele>
    <time>2025-11-21T15:20:43Z</time>
    <extensions>
     <power>207</power>
     <gpxtpx:TrackPointExtension>
      <gpxtpx:atemp>17</gpxtpx:atemp>
      <gpxtpx:hr>148</gpxtpx:hr>
      <gpxtpx:cad>90</gpxtpx:cad>
     </gpxtpx:TrackPointExtension>
    </extensions>
   </trkpt>
   <trkpt lat="38.5804010" lon="-121.4704340">
    <ele>11.6</ele>
    <time>2025-11-21T15:20:44Z</time>
    <extensions>
     <power>207</power>
     <gpxtpx:TrackPointExtension>
      <gpxtpx:atemp>17</gpxtpx:atemp>
      <gpxtpx:hr>148</gpxtpx:hr>
      <gpxtpx:cad>89</gpxtpx:cad>
     </gpxtpx:TrackPointExtension>
    </extensions>
   </trkpt>
   <trkpt lat="38.5803930" lon="-121.4704140">
    <ele>11.8</ele>
    <time>2025-11-21T15:20:45Z</time>
    <extensions>
     <power>208</power>
     <gpxtpx:TrackPointExtension>
      <gpxtpx:atemp>17</gpxtpx:atemp>
      <gpxtpx:hr>148</gpxtpx:hr>
      <gpxtpx:cad>88</gpxtpx:cad>
     </gpxtpx:TrackPointExtension>
    </extensions>
   </trkpt>
   <trkpt lat="38.5803830" lon="-121.4703760">
    <ele>11.8</ele>
    <time>2025-11-21T15:20:46Z</time>
    <extensions>
     <power>209</power>
     <gpxtpx:TrackPointExtension>
      <gpxtpx:atemp>17</gpxtpx:atemp>
      <gpxtpx:hr>148</gpxtpx:hr>
      <gpxtpx:cad>88</gpxtpx:cad>
     </gpxtpx:TrackPointExtension>
    </extensions>
   </trkpt>
   <trkpt lat="38.5803720" lon="-121.4703500">
    <ele>11.8</ele>
    <time>2025-11-21T15:20:47Z</time>
    <extensions>
     <power>208</power>
     <gpxtpx:TrackPointExtension>
      <gpxtpx:atemp>17</gpxtpx:atemp>
      <gpxtpx:hr>148</gpxtpx:hr>
      <gpxtpx:cad>88</gpxtpx:cad>
     </gpxtpx:TrackPointExtension>
    </extensions>
   </trkpt>
   <trkpt lat="38.5803640" lon="-121.4703160">
    <ele>11.8</ele>
    <time>2025-11-21T15:20:48Z</time>
    <extensions>
     <power>209</power>
     <gpxtpx:TrackPointExtension>
      <gpxtpx:atemp>17</gpxtpx:atemp>
      <gpxtpx:hr>148</gpxtpx:hr>
      <gpxtpx:cad>88</gpxtpx:cad>
     </gpxtpx:TrackPointExtension>
    </extensions>
   </trkpt>
   <trkpt lat="38.5803550" lon="-121.4702880">
    <ele>11.8</ele>
    <time>2025-11-21T15:20:49Z</time>
    <extensions>
     <power>210</power>
     <gpxtpx:TrackPointExtension>
      <gpxtpx:atemp>17</gpxtpx:atemp>
      <gpxtpx:hr>148</gpxtpx:hr>
      <gpxtpx:cad>87</gpxtpx:cad>
     </gpxtpx:TrackPointExtension>
    </extensions>
   </trkpt>
   <trkpt lat="38.5803460" lon="-121.4702570">
    <ele>11.8</ele>
    <time>2025-11-21T15:20:50Z</time>
    <extensions>
     <power>213</power>
     <gpxtpx:TrackPointExtension>
      <gpxtpx:atemp>17</gpxtpx:atemp>
      <gpxtpx:hr>148</gpxtpx:hr>
      <gpxtpx:cad>87</gpxtpx:cad>
     </gpxtpx:TrackPointExtension>
    </extensions>
   </trkpt>
   <trkpt lat="38.5803420" lon="-121.4702300">
    <ele>11.8</ele>
    <time>2025-11-21T15:20:51Z</time>
    <extensions>
     <power>214</power>
     <gpxtpx:TrackPointExtension>
      <gpxtpx:atemp>17</gpxtpx:atemp>
      <gpxtpx:hr>148</gpxtpx:hr>
      <gpxtpx:cad>87</gpxtpx:cad>
     </gpxtpx:TrackPointExtension>
    </extensions>
   </trkpt>
   <trkpt lat="38.5803390" lon="-121.4702030">
    <ele>11.8</ele>
    <time>2025-11-21T15:20:52Z</time>
    <extensions>
     <power>214</power>
     <gpxtpx:TrackPointExtension>
      <gpxtpx:atemp>17</gpxtpx:atemp>
      <gpxtpx:hr>148</gpxtpx:hr>
      <gpxtpx:cad>88</gpxtpx:cad>
     </gpxtpx:TrackPointExtension>
    </extensions>
   </trkpt>
   <trkpt lat="38.5803340" lon="-121.4701740">
    <ele>11.8</ele>
    <time>2025-11-21T15:20:53Z</time>
    <extensions>
     <power>214</power>
     <gpxtpx:TrackPointExtension>
      <gpxtpx:atemp>17</gpxtpx:atemp>
      <gpxtpx:hr>148</gpxtpx:hr>
      <gpxtpx:cad>87</gpxtpx:cad>
     </gpxtpx:TrackPointExtension>
    </extensions>
   </trkpt>
   <trkpt lat="38.5803300" lon="-121.4701450">
    <ele>11.8</ele>
    <time>2025-11-21T15:20:54Z</time>
    <extensions>
     <power>215</power>
     <gpxtpx:TrackPointExtension>
      <gpxtpx:atemp>17</gpxtpx:atemp>
      <gpxtpx:hr>148</gpxtpx:hr>
      <gpxtpx:cad>87</gpxtpx:cad>
     </gpxtpx:TrackPointExtension>
    </extensions>
   </trkpt>
   <trkpt lat="38.5803190" lon="-121.4701150">
    <ele>11.8</ele>
    <time>2025-11-21T15:20:55Z</time>
    <extensions>
     <power>216</power>
     <gpxtpx:TrackPointExtension>
      <gpxtpx:atemp>17</gpxtpx:atemp>
      <gpxtpx:hr>148</gpxtpx:hr>
      <gpxtpx:cad>87</gpxtpx:cad>
     </gpxtpx:TrackPointExtension>
    </extensions>
   </trkpt>
   <trkpt lat="38.5803110" lon="-121.4700890">
    <ele>11.8</ele>
    <time>2025-11-21T15:20:56Z</time>
    <extensions>
     <power>217</power>
     <gpxtpx:TrackPointExtension>
      <gpxtpx:atemp>17</gpxtpx:atemp>
      <gpxtpx:hr>148</gpxtpx:hr>
      <gpxtpx:cad>88</gpxtpx:cad>
     </gpxtpx:TrackPointExtension>
    </extensions>
   </trkpt>
   <trkpt lat="38.5803050" lon="-121.4700610">
    <ele>11.8</ele>
    <time>2025-11-21T15:20:57Z</time>
    <extensions>
     <power>216</power>
     <gpxtpx:TrackPointExtension>
      <gpxtpx:atemp>17</gpxtpx:atemp>
      <gpxtpx:hr>148</gpxtpx:hr>
      <gpxtpx:cad>89</gpxtpx:cad>
     </gpxtpx:TrackPointExtension>
    </extensions>
   </trkpt>
   <trkpt lat="38.5803020" lon="-121.4700290">
    <ele>11.8</ele>
    <time>2025-11-21T15:20:58Z</time>
    <extensions>
     <power>217</power>
     <gpxtpx:TrackPointExtension>
      <gpxtpx:atemp>17</gpxtpx:atemp>
      <gpxtpx:hr>148</gpxtpx:hr>
      <gpxtpx:cad>90</gpxtpx:cad>
     </gpxtpx:TrackPointExtension>
    </extensions>
   </trkpt>
   <trkpt lat="38.5802940" lon="-121.4700020">
    <ele>11.8</ele>
    <time>2025-11-21T15:20:59Z</time>
    <extensions>
     <power>216</power>
     <gpxtpx:TrackPointExtension>
      <gpxtpx:atemp>17</gpxtpx:atemp>
      <gpxtpx:hr>148</gpxtpx:hr>
      <gpxtpx:cad>90</gpxtpx:cad>
     </gpxtpx:TrackPointExtension>
    </extensions>
   </trkpt>
   <trkpt lat="38.5802890" lon="-121.4699740">
    <ele>11.8</ele>
    <time>2025-11-21T15:21:00Z</time>
    <extensions>
     <power>219</power>
     <gpxtpx:TrackPointExtension>
      <gpxtpx:atemp>17</gpxtpx:atemp>
      <gpxtpx:hr>148</gpxtpx:hr>
      <gpxtpx:cad>90</gpxtpx:cad>
     </gpxtpx:TrackPointExtension>
    </extensions>
   </trkpt>
   <trkpt lat="38.5802820" lon="-121.4699490">
    <ele>11.8</ele>
    <time>2025-11-21T15:21:01Z</time>
    <extensions>
     <power>219</power>
     <gpxtpx:TrackPointExtension>
      <gpxtpx:atemp>17</gpxtpx:atemp>
      <gpxtpx:hr>148</gpxtpx:hr>
      <gpxtpx:cad>89</gpxtpx:cad>
     </gpxtpx:TrackPointExtension>
    </extensions>
   </trkpt>
   <trkpt lat="38.5802780" lon="-121.4699220">
    <ele>11.8</ele>
    <time>2025-11-21T15:21:02Z</time>
    <extensions>
     <power>220</power>
     <gpxtpx:TrackPointExtension>
      <gpxtpx:atemp>17</gpxtpx:atemp>
      <gpxtpx:hr>148</gpxtpx:hr>
      <gpxtpx:cad>89</gpxtpx:cad>
     </gpxtpx:TrackPointExtension>
    </extensions>
   </trkpt>
   <trkpt lat="38.5802730" lon="-121.4699000">
    <ele>12.0</ele>
    <time>2025-11-21T15:21:03Z</time>
    <extensions>
     <power>220</power>
     <gpxtpx:TrackPointExtension>
      <gpxtpx:atemp>17</gpxtpx:atemp>
      <gpxtpx:hr>148</gpxtpx:hr>
      <gpxtpx:cad>89</gpxtpx:cad>
     </gpxtpx:TrackPointExtension>
    </extensions>
   </trkpt>
   <trkpt lat="38.5802700" lon="-121.4698770">
    <ele>12.0</ele>
    <time>2025-11-21T15:21:04Z</time>
    <extensions>
     <power>219</power>
     <gpxtpx:TrackPointExtension>
      <gpxtpx:atemp>17</gpxtpx:atemp>
      <gpxtpx:hr>148</gpxtpx:hr>
      <gpxtpx:cad>89</gpxtpx:cad>
     </gpxtpx:TrackPointExtension>
    </extensions>
   </trkpt>
   <trkpt lat="38.5802660" lon="-121.4698540">
    <ele>12.0</ele>
    <time>2025-11-21T15:21:05Z</time>
    <extensions>
     <power>218</power>
     <gpxtpx:TrackPointExtension>
      <gpxtpx:atemp>17</gpxtpx:atemp>
      <gpxtpx:hr>148</gpxtpx:hr>
      <gpxtpx:cad>89</gpxtpx:cad>
     </gpxtpx:TrackPointExtension>
    </extensions>
   </trkpt>
   <trkpt lat="38.5802600" lon="-121.4698320">
    <ele>12.0</ele>
    <time>2025-11-21T15:21:06Z</time>
    <extensions>
     <power>216</power>
     <gpxtpx:TrackPointExtension>
      <gpxtpx:atemp>17</gpxtpx:atemp>
      <gpxtpx:hr>148</gpxtpx:hr>
      <gpxtpx:cad>89</gpxtpx:cad>
     </gpxtpx:TrackPointExtension>
    </extensions>
   </trkpt>
   <trkpt lat="38.5802460" lon="-121.4698030">
    <ele>12.0</ele>
    <time>2025-11-21T15:21:07Z</time>
    <extensions>
     <power>215</power>
     <gpxtpx:TrackPointExtension>
      <gpxtpx:atemp>17</gpxtpx:atemp>
      <gpxtpx:hr>148</gpxtpx:hr>
      <gpxtpx:cad>89</gpxtpx:cad>
     </gpxtpx:TrackPointExtension>
    </extensions>
   </trkpt>
   <trkpt lat="38.5802390" lon="-121.4697840">
    <ele>12.0</ele>
    <time>2025-11-21T15:21:08Z</time>
    <extensions>
     <power>215</power>
     <gpxtpx:TrackPointExtension>
      <gpxtpx:atemp>17</gpxtpx:atemp>
      <gpxtpx:hr>148</gpxtpx:hr>
      <gpxtpx:cad>89</gpxtpx:cad>
     </gpxtpx:TrackPointExtension>
    </extensions>
   </trkpt>
   <trkpt lat="38.5802290" lon="-121.4697530">
    <ele>12.0</ele>
    <time>2025-11-21T15:21:09Z</time>
    <extensions>
     <power>214</power>
     <gpxtpx:TrackPointExtension>
      <gpxtpx:atemp>17</gpxtpx:atemp>
      <gpxtpx:hr>148</gpxtpx:hr>
      <gpxtpx:cad>89</gpxtpx:cad>
     </gpxtpx:TrackPointExtension>
    </extensions>
   </trkpt>
   <trkpt lat="38.5802240" lon="-121.4697270">
    <ele>12.0</ele>
    <time>2025-11-21T15:21:10Z</time>
    <extensions>
     <power>214</power>
     <gpxtpx:TrackPointExtension>
      <gpxtpx:atemp>17</gpxtpx:atemp>
      <gpxtpx:hr>148</gpxtpx:hr>
      <gpxtpx:cad>89</gpxtpx:cad>
     </gpxtpx:TrackPointExtension>
    </extensions>
   </trkpt>
   <trkpt lat="38.5802160" lon="-121.4697060">
    <ele>12.0</ele>
    <time>2025-11-21T15:21:11Z</time>
    <extensions>
     <power>213</power>
     <gpxtpx:TrackPointExtension>
      <gpxtpx:atemp>17</gpxtpx:atemp>
      <gpxtpx:hr>148</gpxtpx:hr>
      <gpxtpx:cad>89</gpxtpx:cad>
     </gpxtpx:TrackPointExtension>
    </extensions>
   </trkpt>
   <trkpt lat="38.5802080" lon="-121.4696820">
    <ele>12.2</ele>
    <time>2025-11-21T15:21:12Z</time>
    <extensions>
     <power>212</power>
     <gpxtpx:TrackPointExtension>
      <gpxtpx:atemp>17</gpxtpx:atemp>
      <gpxtpx:hr>148</gpxtpx:hr>
      <gpxtpx:cad>88</gpxtpx:cad>
     </gpxtpx:TrackPointExtension>
    </extensions>
   </trkpt>
   <trkpt lat="38.5801950" lon="-121.4696540">
    <ele>12.2</ele>
    <time>2025-11-21T15:21:13Z</time>
    <extensions>
     <power>211</power>
     <gpxtpx:TrackPointExtension>
      <gpxtpx:atemp>17</gpxtpx:atemp>
      <gpxtpx:hr>148</gpxtpx:hr>
      <gpxtpx:cad>88</gpxtpx:cad>
     </gpxtpx:TrackPointExtension>
    </extensions>
   </trkpt>
   <trkpt lat="38.5801910" lon="-121.4696280">
    <ele>12.2</ele>
    <time>2025-11-21T15:21:14Z</time>
    <extensions>
     <power>210</power>
     <gpxtpx:TrackPointExtension>
      <gpxtpx:atemp>17</gpxtpx:atemp>
      <gpxtpx:hr>148</gpxtpx:hr>
      <gpxtpx:cad>88</gpxtpx:cad>
     </gpxtpx:TrackPointExtension>
    </extensions>
   </trkpt>
   <trkpt lat="38.5801840" lon="-121.4695910">
    <ele>12.0</ele>
    <time>2025-11-21T15:21:15Z</time>
    <extensions>
     <power>209</power>
     <gpxtpx:TrackPointExtension>
      <gpxtpx:atemp>17</gpxtpx:atemp>
      <gpxtpx:hr>148</gpxtpx:hr>
      <gpxtpx:cad>88</gpxtpx:cad>
     </gpxtpx:TrackPointExtension>
    </extensions>
   </trkpt>
   <trkpt lat="38.5801780" lon="-121.4695650">
    <ele>12.0</ele>
    <time>2025-11-21T15:21:16Z</time>
    <extensions>
     <power>208</power>
     <gpxtpx:TrackPointExtension>
      <gpxtpx:atemp>17</gpxtpx:atemp>
      <gpxtpx:hr>148</gpxtpx:hr>
      <gpxtpx:cad>88</gpxtpx:cad>
     </gpxtpx:TrackPointExtension>
    </extensions>
   </trkpt>
   <trkpt lat="38.5801710" lon="-121.4695350">
    <ele>12.0</ele>
    <time>2025-11-21T15:21:17Z</time>
    <extensions>
     <power>210</power>
     <gpxtpx:TrackPointExtension>
      <gpxtpx:atemp>17</gpxtpx:atemp>
      <gpxtpx:hr>148</gpxtpx:hr>
      <gpxtpx:cad>88</gpxtpx:cad>
     </gpxtpx:TrackPointExtension>
    </extensions>
   </trkpt>
   <trkpt lat="38.5801670" lon="-121.4695120">
    <ele>12.0</ele>
    <time>2025-11-21T15:21:18Z</time>
    <extensions>
     <power>211</power>
     <gpxtpx:TrackPointExtension>
      <gpxtpx:atemp>17</gpxtpx:atemp>
      <gpxtpx:hr>148</gpxtpx:hr>
      <gpxtpx:cad>88</gpxtpx:cad>
     </gpxtpx:TrackPointExtension>
    </extensions>
   </trkpt>
   <trkpt lat="38.5801640" lon="-121.4694840">
    <ele>12.0</ele>
    <time>2025-11-21T15:21:19Z</time>
    <extensions>
     <power>211</power>
     <gpxtpx:TrackPointExtension>
      <gpxtpx:atemp>17</gpxtpx:atemp>
      <gpxtpx:hr>148</gpxtpx:hr>
      <gpxtpx:cad>88</gpxtpx:cad>
     </gpxtpx:TrackPointExtension>
    </extensions>
   </trkpt>
   <trkpt lat="38.5801560" lon="-121.4694570">
    <ele>12.2</ele>
    <time>2025-11-21T15:21:20Z</time>
    <extensions>
     <power>211</power>
     <gpxtpx:TrackPointExtension>
      <gpxtpx:atemp>17</gpxtpx:atemp>
      <gpxtpx:hr>148</gpxtpx:hr>
      <gpxtpx:cad>88</gpxtpx:cad>
     </gpxtpx:TrackPointExtension>
    </extensions>
   </trkpt>
   <trkpt lat="38.5801500" lon="-121.4694270">
    <ele>12.2</ele>
    <time>2025-11-21T15:21:21Z</time>
    <extensions>
     <power>210</power>
     <gpxtpx:TrackPointExtension>
      <gpxtpx:atemp>17</gpxtpx:atemp>
      <gpxtpx:hr>148</gpxtpx:hr>
      <gpxtpx:cad>89</gpxtpx:cad>
     </gpxtpx:TrackPointExtension>
    </extensions>
   </trkpt>
   <trkpt lat="38.5801430" lon="-121.4694090">
    <ele>12.2</ele>
    <time>2025-11-21T15:21:22Z</time>
    <extensions>
     <power>209</power>
     <gpxtpx:TrackPointExtension>
      <gpxtpx:atemp>17</gpxtpx:atemp>
      <gpxtpx:hr>148</gpxtpx:hr>
      <gpxtpx:cad>89</gpxtpx:cad>
     </gpxtpx:TrackPointExtension>
    </extensions>
   </trkpt>
   <trkpt lat="38.5801340" lon="-121.4693870">
    <ele>12.2</ele>
    <time>2025-11-21T15:21:23Z</time>
    <extensions>
     <power>209</power>
     <gpxtpx:TrackPointExtension>
      <gpxtpx:atemp>17</gpxtpx:atemp>
      <gpxtpx:hr>148</gpxtpx:hr>
      <gpxtpx:cad>89</gpxtpx:cad>
     </gpxtpx:TrackPointExtension>
    </extensions>
   </trkpt>
   <trkpt lat="38.5801250" lon="-121.4693670">
    <ele>12.2</ele>
    <time>2025-11-21T15:21:24Z</time>
    <extensions>
     <power>210</power>
     <gpxtpx:TrackPointExtension>
      <gpxtpx:atemp>17</gpxtpx:atemp>
      <gpxtpx:hr>148</gpxtpx:hr>
      <gpxtpx:cad>89</gpxtpx:cad>
     </gpxtpx:TrackPointExtension>
    </extensions>
   </trkpt>
   <trkpt lat="38.5801170" lon="-121.4693380">
    <ele>12.2</ele>
    <time>2025-11-21T15:21:25Z</time>
    <extensions>
     <power>209</power>
     <gpxtpx:TrackPointExtension>
      <gpxtpx:atemp>16</gpxtpx:atemp>
      <gpxtpx:hr>148</gpxtpx:hr>
      <gpxtpx:cad>89</gpxtpx:cad>
     </gpxtpx:TrackPointExtension>
    </extensions>
   </trkpt>
   <trkpt lat="38.5801100" lon="-121.4693150">
    <ele>12.2</ele>
    <time>2025-11-21T15:21:26Z</time>
    <extensions>
     <power>209</power>
     <gpxtpx:TrackPointExtension>
      <gpxtpx:atemp>17</gpxtpx:atemp>
      <gpxtpx:hr>148</gpxtpx:hr>
      <gpxtpx:cad>90</gpxtpx:cad>
     </gpxtpx:TrackPointExtension>
    </extensions>
   </trkpt>
   <trkpt lat="38.5800980" lon="-121.4692900">
    <ele>12.4</ele>
    <time>2025-11-21T15:21:27Z</time>
    <extensions>
     <power>209</power>
     <gpxtpx:TrackPointExtension>
      <gpxtpx:atemp>17</gpxtpx:atemp>
      <gpxtpx:hr>148</gpxtpx:hr>
      <gpxtpx:cad>90</gpxtpx:cad>
     </gpxtpx:TrackPointExtension>
    </extensions>
   </trkpt>
   <trkpt lat="38.5800870" lon="-121.4692670">
    <ele>12.2</ele>
    <time>2025-11-21T15:21:28Z</time>
    <extensions>
     <power>209</power>
     <gpxtpx:TrackPointExtension>
      <gpxtpx:atemp>17</gpxtpx:atemp>
      <gpxtpx:hr>148</gpxtpx:hr>
      <gpxtpx:cad>90</gpxtpx:cad>
     </gpxtpx:TrackPointExtension>
    </extensions>
   </trkpt>
   <trkpt lat="38.5800750" lon="-121.4692380">
    <ele>12.2</ele>
    <time>2025-11-21T15:21:29Z</time>
    <extensions>
     <power>207</power>
     <gpxtpx:TrackPointExtension>
      <gpxtpx:atemp>17</gpxtpx:atemp>
      <gpxtpx:hr>148</gpxtpx:hr>
      <gpxtpx:cad>90</gpxtpx:cad>
     </gpxtpx:TrackPointExtension>
    </extensions>
   </trkpt>
   <trkpt lat="38.5800730" lon="-121.4692110">
    <ele>12.2</ele>
    <time>2025-11-21T15:21:30Z</time>
    <extensions>
     <power>207</power>
     <gpxtpx:TrackPointExtension>
      <gpxtpx:atemp>17</gpxtpx:atemp>
      <gpxtpx:hr>147</gpxtpx:hr>
      <gpxtpx:cad>90</gpxtpx:cad>
     </gpxtpx:TrackPointExtension>
    </extensions>
   </trkpt>
   <trkpt lat="38.5800680" lon="-121.4691770">
    <ele>12.2</ele>
    <time>2025-11-21T15:21:31Z</time>
    <extensions>
     <power>207</power>
     <gpxtpx:TrackPointExtension>
      <gpxtpx:atemp>17</gpxtpx:atemp>
      <gpxtpx:hr>148</gpxtpx:hr>
      <gpxtpx:cad>89</gpxtpx:cad>
     </gpxtpx:TrackPointExtension>
    </extensions>
   </trkpt>
   <trkpt lat="38.5800650" lon="-121.4691550">
    <ele>12.2</ele>
    <time>2025-11-21T15:21:32Z</time>
    <extensions>
     <power>208</power>
     <gpxtpx:TrackPointExtension>
      <gpxtpx:atemp>17</gpxtpx:atemp>
      <gpxtpx:hr>148</gpxtpx:hr>
      <gpxtpx:cad>89</gpxtpx:cad>
     </gpxtpx:TrackPointExtension>
    </extensions>
   </trkpt>
   <trkpt lat="38.5800570" lon="-121.4691270">
    <ele>12.2</ele>
    <time>2025-11-21T15:21:33Z</time>
    <extensions>
     <power>208</power>
     <gpxtpx:TrackPointExtension>
      <gpxtpx:atemp>17</gpxtpx:atemp>
      <gpxtpx:hr>147</gpxtpx:hr>
      <gpxtpx:cad>89</gpxtpx:cad>
     </gpxtpx:TrackPointExtension>
    </extensions>
   </trkpt>
   <trkpt lat="38.5800510" lon="-121.4691020">
    <ele>12.2</ele>
    <time>2025-11-21T15:21:34Z</time>
    <extensions>
     <power>209</power>
     <gpxtpx:TrackPointExtension>
      <gpxtpx:atemp>17</gpxtpx:atemp>
      <gpxtpx:hr>147</gpxtpx:hr>
      <gpxtpx:cad>90</gpxtpx:cad>
     </gpxtpx:TrackPointExtension>
    </extensions>
   </trkpt>
   <trkpt lat="38.5800430" lon="-121.4690740">
    <ele>12.2</ele>
    <time>2025-11-21T15:21:35Z</time>
    <extensions>
     <power>208</power>
     <gpxtpx:TrackPointExtension>
      <gpxtpx:atemp>17</gpxtpx:atemp>
      <gpxtpx:hr>148</gpxtpx:hr>
      <gpxtpx:cad>90</gpxtpx:cad>
     </gpxtpx:TrackPointExtension>
    </extensions>
   </trkpt>
   <trkpt lat="38.5800340" lon="-121.4690510">
    <ele>12.2</ele>
    <time>2025-11-21T15:21:36Z</time>
    <extensions>
     <power>207</power>
     <gpxtpx:TrackPointExtension>
      <gpxtpx:atemp>17</gpxtpx:atemp>
      <gpxtpx:hr>148</gpxtpx:hr>
      <gpxtpx:cad>91</gpxtpx:cad>
     </gpxtpx:TrackPointExtension>
    </extensions>
   </trkpt>
   <trkpt lat="38.5800230" lon="-121.4690200">
    <ele>12.2</ele>
    <time>2025-11-21T15:21:37Z</time>
    <extensions>
     <power>205</power>
     <gpxtpx:TrackPointExtension>
      <gpxtpx:atemp>17</gpxtpx:atemp>
      <gpxtpx:hr>148</gpxtpx:hr>
      <gpxtpx:cad>91</gpxtpx:cad>
     </gpxtpx:TrackPointExtension>
    </extensions>
   </trkpt>
   <trkpt lat="38.5800170" lon="-121.4689970">
    <ele>12.2</ele>
    <time>2025-11-21T15:21:38Z</time>
    <extensions>
     <power>205</power>
     <gpxtpx:TrackPointExtension>
      <gpxtpx:atemp>17</gpxtpx:atemp>
      <gpxtpx:hr>148</gpxtpx:hr>
      <gpxtpx:cad>91</gpxtpx:cad>
     </gpxtpx:TrackPointExtension>
    </extensions>
   </trkpt>
   <trkpt lat="38.5800080" lon="-121.4689690">
    <ele>12.2</ele>
    <time>2025-11-21T15:21:39Z</time>
    <extensions>
     <power>205</power>
     <gpxtpx:TrackPointExtension>
      <gpxtpx:atemp>16</gpxtpx:atemp>
      <gpxtpx:hr>148</gpxtpx:hr>
      <gpxtpx:cad>91</gpxtpx:cad>
     </gpxtpx:TrackPointExtension>
    </extensions>
   </trkpt>
   <trkpt lat="38.5799990" lon="-121.4689420">
    <ele>12.2</ele>
    <time>2025-11-21T15:21:40Z</time>
    <extensions>
     <power>205</power>
     <gpxtpx:TrackPointExtension>
      <gpxtpx:atemp>16</gpxtpx:atemp>
      <gpxtpx:hr>148</gpxtpx:hr>
      <gpxtpx:cad>90</gpxtpx:cad>
     </gpxtpx:TrackPointExtension>
    </extensions>
   </trkpt>
   <trkpt lat="38.5799920" lon="-121.4689110">
    <ele>12.2</ele>
    <time>2025-11-21T15:21:41Z</time>
    <extensions>
     <power>206</power>
     <gpxtpx:TrackPointExtension>
      <gpxtpx:atemp>17</gpxtpx:atemp>
      <gpxtpx:hr>148</gpxtpx:hr>
      <gpxtpx:cad>89</gpxtpx:cad>
     </gpxtpx:TrackPointExtension>
    </extensions>
   </trkpt>
   <trkpt lat="38.5799830" lon="-121.4688890">
    <ele>12.2</ele>
    <time>2025-11-21T15:21:42Z</time>
    <extensions>
     <power>208</power>
     <gpxtpx:TrackPointExtension>
      <gpxtpx:atemp>16</gpxtpx:atemp>
      <gpxtpx:hr>148</gpxtpx:hr>
      <gpxtpx:cad>88</gpxtpx:cad>
     </gpxtpx:TrackPointExtension>
    </extensions>
   </trkpt>
   <trkpt lat="38.5799760" lon="-121.4688660">
    <ele>12.4</ele>
    <time>2025-11-21T15:21:43Z</time>
    <extensions>
     <power>210</power>
     <gpxtpx:TrackPointExtension>
      <gpxtpx:atemp>17</gpxtpx:atemp>
      <gpxtpx:hr>148</gpxtpx:hr>
      <gpxtpx:cad>88</gpxtpx:cad>
     </gpxtpx:TrackPointExtension>
    </extensions>
   </trkpt>
   <trkpt lat="38.5799660" lon="-121.4688460">
    <ele>12.4</ele>
    <time>2025-11-21T15:21:44Z</time>
    <extensions>
     <power>210</power>
     <gpxtpx:TrackPointExtension>
      <gpxtpx:atemp>17</gpxtpx:atemp>
      <gpxtpx:hr>148</gpxtpx:hr>
      <gpxtpx:cad>89</gpxtpx:cad>
     </gpxtpx:TrackPointExtension>
    </extensions>
   </trkpt>
   <trkpt lat="38.5799600" lon="-121.4688130">
    <ele>12.4</ele>
    <time>2025-11-21T15:21:45Z</time>
    <extensions>
     <power>209</power>
     <gpxtpx:TrackPointExtension>
      <gpxtpx:atemp>17</gpxtpx:atemp>
      <gpxtpx:hr>148</gpxtpx:hr>
      <gpxtpx:cad>89</gpxtpx:cad>
     </gpxtpx:TrackPointExtension>
    </extensions>
   </trkpt>
   <trkpt lat="38.5799550" lon="-121.4687850">
    <ele>12.6</ele>
    <time>2025-11-21T15:21:46Z</time>
    <extensions>
     <power>211</power>
     <gpxtpx:TrackPointExtension>
      <gpxtpx:atemp>16</gpxtpx:atemp>
      <gpxtpx:hr>147</gpxtpx:hr>
      <gpxtpx:cad>89</gpxtpx:cad>
     </gpxtpx:TrackPointExtension>
    </extensions>
   </trkpt>
   <trkpt lat="38.5799510" lon="-121.4687490">
    <ele>12.6</ele>
    <time>2025-11-21T15:21:47Z</time>
    <extensions>
     <power>211</power>
     <gpxtpx:TrackPointExtension>
      <gpxtpx:atemp>16</gpxtpx:atemp>
      <gpxtpx:hr>148</gpxtpx:hr>
      <gpxtpx:cad>89</gpxtpx:cad>
     </gpxtpx:TrackPointExtension>
    </extensions>
   </trkpt>
   <trkpt lat="38.5799410" lon="-121.4687210">
    <ele>12.6</ele>
    <time>2025-11-21T15:21:48Z</time>
    <extensions>
     <power>211</power>
     <gpxtpx:TrackPointExtension>
      <gpxtpx:atemp>16</gpxtpx:atemp>
      <gpxtpx:hr>148</gpxtpx:hr>
      <gpxtpx:cad>88</gpxtpx:cad>
     </gpxtpx:TrackPointExtension>
    </extensions>
   </trkpt>
   <trkpt lat="38.5799320" lon="-121.4686920">
    <ele>12.6</ele>
    <time>2025-11-21T15:21:49Z</time>
    <extensions>
     <power>215</power>
     <gpxtpx:TrackPointExtension>
      <gpxtpx:atemp>16</gpxtpx:atemp>
      <gpxtpx:hr>147</gpxtpx:hr>
      <gpxtpx:cad>88</gpxtpx:cad>
     </gpxtpx:TrackPointExtension>
    </extensions>
   </trkpt>
   <trkpt lat="38.5799280" lon="-121.4686680">
    <ele>12.6</ele>
    <time>2025-11-21T15:21:50Z</time>
    <extensions>
     <power>217</power>
     <gpxtpx:TrackPointExtension>
      <gpxtpx:atemp>16</gpxtpx:atemp>
      <gpxtpx:hr>147</gpxtpx:hr>
      <gpxtpx:cad>88</gpxtpx:cad>
     </gpxtpx:TrackPointExtension>
    </extensions>
   </trkpt>
   <trkpt lat="38.5799220" lon="-121.4686420">
    <ele>12.6</ele>
    <time>2025-11-21T15:21:51Z</time>
    <extensions>
     <power>217</power>
     <gpxtpx:TrackPointExtension>
      <gpxtpx:atemp>16</gpxtpx:atemp>
      <gpxtpx:hr>147</gpxtpx:hr>
      <gpxtpx:cad>88</gpxtpx:cad>
     </gpxtpx:TrackPointExtension>
    </extensions>
   </trkpt>
   <trkpt lat="38.5799100" lon="-121.4686150">
    <ele>12.6</ele>
    <time>2025-11-21T15:21:52Z</time>
    <extensions>
     <power>217</power>
     <gpxtpx:TrackPointExtension>
      <gpxtpx:atemp>16</gpxtpx:atemp>
      <gpxtpx:hr>148</gpxtpx:hr>
      <gpxtpx:cad>88</gpxtpx:cad>
     </gpxtpx:TrackPointExtension>
    </extensions>
   </trkpt>
   <trkpt lat="38.5799040" lon="-121.4685900">
    <ele>12.6</ele>
    <time>2025-11-21T15:21:53Z</time>
    <extensions>
     <power>217</power>
     <gpxtpx:TrackPointExtension>
      <gpxtpx:atemp>16</gpxtpx:atemp>
      <gpxtpx:hr>147</gpxtpx:hr>
      <gpxtpx:cad>88</gpxtpx:cad>
     </gpxtpx:TrackPointExtension>
    </extensions>
   </trkpt>
   <trkpt lat="38.5798930" lon="-121.4685600">
    <ele>12.6</ele>
    <time>2025-11-21T15:21:54Z</time>
    <extensions>
     <power>216</power>
     <gpxtpx:TrackPointExtension>
      <gpxtpx:atemp>16</gpxtpx:atemp>
      <gpxtpx:hr>147</gpxtpx:hr>
      <gpxtpx:cad>88</gpxtpx:cad>
     </gpxtpx:TrackPointExtension>
    </extensions>
   </trkpt>
   <trkpt lat="38.5798870" lon="-121.4685330">
    <ele>12.6</ele>
    <time>2025-11-21T15:21:55Z</time>
    <extensions>
     <power>216</power>
     <gpxtpx:TrackPointExtension>
      <gpxtpx:atemp>17</gpxtpx:atemp>
      <gpxtpx:hr>147</gpxtpx:hr>
      <gpxtpx:cad>87</gpxtpx:cad>
     </gpxtpx:TrackPointExtension>
    </extensions>
   </trkpt>
   <trkpt lat="38.5798790" lon="-121.4685080">
    <ele>12.6</ele>
    <time>2025-11-21T15:21:56Z</time>
    <extensions>
     <power>217</power>
     <gpxtpx:TrackPointExtension>
      <gpxtpx:atemp>16</gpxtpx:atemp>
      <gpxtpx:hr>147</gpxtpx:hr>
      <gpxtpx:cad>87</gpxtpx:cad>
     </gpxtpx:TrackPointExtension>
    </extensions>
   </trkpt>
   <trkpt lat="38.5798750" lon="-121.4684840">
    <ele>12.6</ele>
    <time>2025-11-21T15:21:57Z</time>
    <extensions>
     <power>217</power>
     <gpxtpx:TrackPointExtension>
      <gpxtpx:atemp>17</gpxtpx:atemp>
      <gpxtpx:hr>147</gpxtpx:hr>
      <gpxtpx:cad>88</gpxtpx:cad>
     </gpxtpx:TrackPointExtension>
    </extensions>
   </trkpt>
   <trkpt lat="38.5798690" lon="-121.4684580">
    <ele>12.6</ele>
    <time>2025-11-21T15:21:58Z</time>
    <extensions>
     <power>216</power>
     <gpxtpx:TrackPointExtension>
      <gpxtpx:atemp>16</gpxtpx:atemp>
      <gpxtpx:hr>147</gpxtpx:hr>
      <gpxtpx:cad>88</gpxtpx:cad>
     </gpxtpx:TrackPointExtension>
    </extensions>
   </trkpt>
   <trkpt lat="38.5798640" lon="-121.4684350">
    <ele>12.6</ele>
    <time>2025-11-21T15:21:59Z</time>
    <extensions>
     <power>214</power>
     <gpxtpx:TrackPointExtension>
      <gpxtpx:atemp>16</gpxtpx:atemp>
      <gpxtpx:hr>147</gpxtpx:hr>
      <gpxtpx:cad>88</gpxtpx:cad>
     </gpxtpx:TrackPointExtension>
    </extensions>
   </trkpt>
   <trkpt lat="38.5798560" lon="-121.4684060">
    <ele>12.6</ele>
    <time>2025-11-21T15:22:00Z</time>
    <extensions>
     <power>214</power>
     <gpxtpx:TrackPointExtension>
      <gpxtpx:atemp>16</gpxtpx:atemp>
      <gpxtpx:hr>147</gpxtpx:hr>
      <gpxtpx:cad>88</gpxtpx:cad>
     </gpxtpx:TrackPointExtension>
    </extensions>
   </trkpt>
   <trkpt lat="38.5798460" lon="-121.4683880">
    <ele>12.6</ele>
    <time>2025-11-21T15:22:01Z</time>
    <extensions>
     <power>212</power>
     <gpxtpx:TrackPointExtension>
      <gpxtpx:atemp>16</gpxtpx:atemp>
      <gpxtpx:hr>147</gpxtpx:hr>
      <gpxtpx:cad>88</gpxtpx:cad>
     </gpxtpx:TrackPointExtension>
    </extensions>
   </trkpt>
   <trkpt lat="38.5798310" lon="-121.4683590">
    <ele>12.6</ele>
    <time>2025-11-21T15:22:02Z</time>
    <extensions>
     <power>212</power>
     <gpxtpx:TrackPointExtension>
      <gpxtpx:atemp>16</gpxtpx:atemp>
      <gpxtpx:hr>147</gpxtpx:hr>
      <gpxtpx:cad>89</gpxtpx:cad>
     </gpxtpx:TrackPointExtension>
    </extensions>
   </trkpt>
   <trkpt lat="38.5798240" lon="-121.4683350">
    <ele>12.6</ele>
    <time>2025-11-21T15:22:03Z</time>
    <extensions>
     <power>210</power>
     <gpxtpx:TrackPointExtension>
      <gpxtpx:atemp>16</gpxtpx:atemp>
      <gpxtpx:hr>147</gpxtpx:hr>
      <gpxtpx:cad>89</gpxtpx:cad>
     </gpxtpx:TrackPointExtension>
    </extensions>
   </trkpt>
   <trkpt lat="38.5798170" lon="-121.4683070">
    <ele>12.6</ele>
    <time>2025-11-21T15:22:04Z</time>
    <extensions>
     <power>210</power>
     <gpxtpx:TrackPointExtension>
      <gpxtpx:atemp>16</gpxtpx:atemp>
      <gpxtpx:hr>147</gpxtpx:hr>
      <gpxtpx:cad>89</gpxtpx:cad>
     </gpxtpx:TrackPointExtension>
    </extensions>
   </trkpt>
   <trkpt lat="38.5798130" lon="-121.4682870">
    <ele>12.6</ele>
    <time>2025-11-21T15:22:05Z</time>
    <extensions>
     <power>210</power>
     <gpxtpx:TrackPointExtension>
      <gpxtpx:atemp>16</gpxtpx:atemp>
      <gpxtpx:hr>147</gpxtpx:hr>
      <gpxtpx:cad>89</gpxtpx:cad>
     </gpxtpx:TrackPointExtension>
    </extensions>
   </trkpt>
   <trkpt lat="38.5798050" lon="-121.4682550">
    <ele>12.8</ele>
    <time>2025-11-21T15:22:06Z</time>
    <extensions>
     <power>210</power>
     <gpxtpx:TrackPointExtension>
      <gpxtpx:atemp>16</gpxtpx:atemp>
      <gpxtpx:hr>147</gpxtpx:hr>
      <gpxtpx:cad>88</gpxtpx:cad>
     </gpxtpx:TrackPointExtension>
    </extensions>
   </trkpt>
   <trkpt lat="38.5798030" lon="-121.4682280">
    <ele>12.8</ele>
    <time>2025-11-21T15:22:07Z</time>
    <extensions>
     <power>211</power>
     <gpxtpx:TrackPointExtension>
      <gpxtpx:atemp>16</gpxtpx:atemp>
      <gpxtpx:hr>147</gpxtpx:hr>
      <gpxtpx:cad>87</gpxtpx:cad>
     </gpxtpx:TrackPointExtension>
    </extensions>
   </trkpt>
   <trkpt lat="38.5797960" lon="-121.4681980">
    <ele>12.8</ele>
    <time>2025-11-21T15:22:08Z</time>
    <extensions>
     <power>212</power>
     <gpxtpx:TrackPointExtension>
      <gpxtpx:atemp>16</gpxtpx:atemp>
      <gpxtpx:hr>147</gpxtpx:hr>
      <gpxtpx:cad>87</gpxtpx:cad>
     </gpxtpx:TrackPointExtension>
    </extensions>
   </trkpt>
   <trkpt lat="38.5797950" lon="-121.4681620">
    <ele>13.0</ele>
    <time>2025-11-21T15:22:09Z</time>
    <extensions>
     <power>214</power>
     <gpxtpx:TrackPointExtension>
      <gpxtpx:atemp>16</gpxtpx:atemp>
      <gpxtpx:hr>147</gpxtpx:hr>
      <gpxtpx:cad>86</gpxtpx:cad>
     </gpxtpx:TrackPointExtension>
    </extensions>
   </trkpt>
   <trkpt lat="38.5797890" lon="-121.4681390">
    <ele>13.0</ele>
    <time>2025-11-21T15:22:10Z</time>
    <extensions>
     <power>216</power>
     <gpxtpx:TrackPointExtension>
      <gpxtpx:atemp>16</gpxtpx:atemp>
      <gpxtpx:hr>147</gpxtpx:hr>
      <gpxtpx:cad>86</gpxtpx:cad>
     </gpxtpx:TrackPointExtension>
    </extensions>
   </trkpt>
   <trkpt lat="38.5797820" lon="-121.4681030">
    <ele>12.8</ele>
    <time>2025-11-21T15:22:11Z</time>
    <extensions>
     <power>219</power>
     <gpxtpx:TrackPointExtension>
      <gpxtpx:atemp>16</gpxtpx:atemp>
      <gpxtpx:hr>146</gpxtpx:hr>
      <gpxtpx:cad>86</gpxtpx:cad>
     </gpxtpx:TrackPointExtension>
    </extensions>
   </trkpt>
   <trkpt lat="38.5797740" lon="-121.4680760">
    <ele>12.8</ele>
    <time>2025-11-21T15:22:12Z</time>
    <extensions>
     <power>219</power>
     <gpxtpx:TrackPointExtension>
      <gpxtpx:atemp>16</gpxtpx:atemp>
      <gpxtpx:hr>147</gpxtpx:hr>
      <gpxtpx:cad>88</gpxtpx:cad>
     </gpxtpx:TrackPointExtension>
    </extensions>
   </trkpt>
   <trkpt lat="38.5797660" lon="-121.4680470">
    <ele>12.6</ele>
    <time>2025-11-21T15:22:13Z</time>
    <extensions>
     <power>217</power>
     <gpxtpx:TrackPointExtension>
      <gpxtpx:atemp>16</gpxtpx:atemp>
      <gpxtpx:hr>147</gpxtpx:hr>
      <gpxtpx:cad>88</gpxtpx:cad>
     </gpxtpx:TrackPointExtension>
    </extensions>
   </trkpt>
   <trkpt lat="38.5797580" lon="-121.4680170">
    <ele>12.4</ele>
    <time>2025-11-21T15:22:14Z</time>
    <extensions>
     <power>217</power>
     <gpxtpx:TrackPointExtension>
      <gpxtpx:atemp>16</gpxtpx:atemp>
      <gpxtpx:hr>147</gpxtpx:hr>
      <gpxtpx:cad>89</gpxtpx:cad>
     </gpxtpx:TrackPointExtension>
    </extensions>
   </trkpt>
   <trkpt lat="38.5797470" lon="-121.4679890">
    <ele>12.4</ele>
    <time>2025-11-21T15:22:15Z</time>
    <extensions>
     <power>215</power>
     <gpxtpx:TrackPointExtension>
      <gpxtpx:atemp>16</gpxtpx:atemp>
      <gpxtpx:hr>147</gpxtpx:hr>
      <gpxtpx:cad>89</gpxtpx:cad>
     </gpxtpx:TrackPointExtension>
    </extensions>
   </trkpt>
   <trkpt lat="38.5797380" lon="-121.4679650">
    <ele>12.4</ele>
    <time>2025-11-21T15:22:16Z</time>
    <extensions>
     <power>216</power>
     <gpxtpx:TrackPointExtension>
      <gpxtpx:atemp>16</gpxtpx:atemp>
      <gpxtpx:hr>146</gpxtpx:hr>
      <gpxtpx:cad>89</gpxtpx:cad>
     </gpxtpx:TrackPointExtension>
    </extensions>
   </trkpt>
   <trkpt lat="38.5797290" lon="-121.4679380">
    <ele>12.4</ele>
    <time>2025-11-21T15:22:17Z</time>
    <extensions>
     <power>215</power>
     <gpxtpx:TrackPointExtension>
      <gpxtpx:atemp>16</gpxtpx:atemp>
      <gpxtpx:hr>147</gpxtpx:hr>
      <gpxtpx:cad>90</gpxtpx:cad>
     </gpxtpx:TrackPointExtension>
    </extensions>
   </trkpt>
   <trkpt lat="38.5797190" lon="-121.4679160">
    <ele>12.4</ele>
    <time>2025-11-21T15:22:18Z</time>
    <extensions>
     <power>214</power>
     <gpxtpx:TrackPointExtension>
      <gpxtpx:atemp>16</gpxtpx:atemp>
      <gpxtpx:hr>147</gpxtpx:hr>
      <gpxtpx:cad>90</gpxtpx:cad>
     </gpxtpx:TrackPointExtension>
    </extensions>
   </trkpt>
   <trkpt lat="38.5797140" lon="-121.4678890">
    <ele>12.4</ele>
    <time>2025-11-21T15:22:19Z</time>
    <extensions>
     <power>212</power>
     <gpxtpx:TrackPointExtension>
      <gpxtpx:atemp>16</gpxtpx:atemp>
      <gpxtpx:hr>147</gpxtpx:hr>
      <gpxtpx:cad>89</gpxtpx:cad>
     </gpxtpx:TrackPointExtension>
    </extensions>
   </trkpt>
   <trkpt lat="38.5797070" lon="-121.4678670">
    <ele>12.4</ele>
    <time>2025-11-21T15:22:20Z</time>
    <extensions>
     <power>211</power>
     <gpxtpx:TrackPointExtension>
      <gpxtpx:atemp>16</gpxtpx:atemp>
      <gpxtpx:hr>146</gpxtpx:hr>
      <gpxtpx:cad>89</gpxtpx:cad>
     </gpxtpx:TrackPointExtension>
    </extensions>
   </trkpt>
   <trkpt lat="38.5797010" lon="-121.4678390">
    <ele>12.4</ele>
    <time>2025-11-21T15:22:21Z</time>
    <extensions>
     <power>210</power>
     <gpxtpx:TrackPointExtension>
      <gpxtpx:atemp>16</gpxtpx:atemp>
      <gpxtpx:hr>147</gpxtpx:hr>
      <gpxtpx:cad>89</gpxtpx:cad>
     </gpxtpx:TrackPointExtension>
    </extensions>
   </trkpt>
   <trkpt lat="38.5796990" lon="-121.4678160">
    <ele>12.6</ele>
    <time>2025-11-21T15:22:22Z</time>
    <extensions>
     <power>210</power>
     <gpxtpx:TrackPointExtension>
      <gpxtpx:atemp>16</gpxtpx:atemp>
      <gpxtpx:hr>147</gpxtpx:hr>
      <gpxtpx:cad>89</gpxtpx:cad>
     </gpxtpx:TrackPointExtension>
    </extensions>
   </trkpt>
   <trkpt lat="38.5796910" lon="-121.4677920">
    <ele>12.6</ele>
    <time>2025-11-21T15:22:23Z</time>
    <extensions>
     <power>209</power>
     <gpxtpx:TrackPointExtension>
      <gpxtpx:atemp>16</gpxtpx:atemp>
      <gpxtpx:hr>146</gpxtpx:hr>
      <gpxtpx:cad>89</gpxtpx:cad>
     </gpxtpx:TrackPointExtension>
    </extensions>
   </trkpt>
   <trkpt lat="38.5796870" lon="-121.4677710">
    <ele>12.6</ele>
    <time>2025-11-21T15:22:24Z</time>
    <extensions>
     <power>209</power>
     <gpxtpx:TrackPointExtension>
      <gpxtpx:atemp>16</gpxtpx:atemp>
      <gpxtpx:hr>146</gpxtpx:hr>
      <gpxtpx:cad>88</gpxtpx:cad>
     </gpxtpx:TrackPointExtension>
    </extensions>
   </trkpt>
   <trkpt lat="38.5796780" lon="-121.4677450">
    <ele>12.4</ele>
    <time>2025-11-21T15:22:25Z</time>
    <extensions>
     <power>208</power>
     <gpxtpx:TrackPointExtension>
      <gpxtpx:atemp>16</gpxtpx:atemp>
      <gpxtpx:hr>146</gpxtpx:hr>
      <gpxtpx:cad>88</gpxtpx:cad>
     </gpxtpx:TrackPointExtension>
    </extensions>
   </trkpt>
   <trkpt lat="38.5796710" lon="-121.4677240">
    <ele>12.4</ele>
    <time>2025-11-21T15:22:26Z</time>
    <extensions>
     <power>207</power>
     <gpxtpx:TrackPointExtension>
      <gpxtpx:atemp>16</gpxtpx:atemp>
      <gpxtpx:hr>146</gpxtpx:hr>
      <gpxtpx:cad>88</gpxtpx:cad>
     </gpxtpx:TrackPointExtension>
    </extensions>
   </trkpt>
   <trkpt lat="38.5796630" lon="-121.4677040">
    <ele>12.4</ele>
    <time>2025-11-21T15:22:27Z</time>
    <extensions>
     <power>206</power>
     <gpxtpx:TrackPointExtension>
      <gpxtpx:atemp>16</gpxtpx:atemp>
      <gpxtpx:hr>145</gpxtpx:hr>
      <gpxtpx:cad>89</gpxtpx:cad>
     </gpxtpx:TrackPointExtension>
    </extensions>
   </trkpt>
   <trkpt lat="38.5796570" lon="-121.4676860">
    <ele>12.4</ele>
    <time>2025-11-21T15:22:28Z</time>
    <extensions>
     <power>204</power>
     <gpxtpx:TrackPointExtension>
      <gpxtpx:atemp>16</gpxtpx:atemp>
      <gpxtpx:hr>145</gpxtpx:hr>
      <gpxtpx:cad>89</gpxtpx:cad>
     </gpxtpx:TrackPointExtension>
    </extensions>
   </trkpt>
   <trkpt lat="38.5796510" lon="-121.4676610">
    <ele>12.4</ele>
    <time>2025-11-21T15:22:29Z</time>
    <extensions>
     <power>202</power>
     <gpxtpx:TrackPointExtension>
      <gpxtpx:atemp>16</gpxtpx:atemp>
      <gpxtpx:hr>145</gpxtpx:hr>
      <gpxtpx:cad>89</gpxtpx:cad>
     </gpxtpx:TrackPointExtension>
    </extensions>
   </trkpt>
   <trkpt lat="38.5796470" lon="-121.4676410">
    <ele>12.4</ele>
    <time>2025-11-21T15:22:30Z</time>
    <extensions>
     <power>200</power>
     <gpxtpx:TrackPointExtension>
      <gpxtpx:atemp>16</gpxtpx:atemp>
      <gpxtpx:hr>145</gpxtpx:hr>
      <gpxtpx:cad>90</gpxtpx:cad>
     </gpxtpx:TrackPointExtension>
    </extensions>
   </trkpt>
   <trkpt lat="38.5796440" lon="-121.4676130">
    <ele>12.4</ele>
    <time>2025-11-21T15:22:31Z</time>
    <extensions>
     <power>198</power>
     <gpxtpx:TrackPointExtension>
      <gpxtpx:atemp>16</gpxtpx:atemp>
      <gpxtpx:hr>145</gpxtpx:hr>
      <gpxtpx:cad>90</gpxtpx:cad>
     </gpxtpx:TrackPointExtension>
    </extensions>
   </trkpt>
   <trkpt lat="38.5796370" lon="-121.4675840">
    <ele>12.4</ele>
    <time>2025-11-21T15:22:32Z</time>
    <extensions>
     <power>197</power>
     <gpxtpx:TrackPointExtension>
      <gpxtpx:atemp>16</gpxtpx:atemp>
      <gpxtpx:hr>145</gpxtpx:hr>
      <gpxtpx:cad>88</gpxtpx:cad>
     </gpxtpx:TrackPointExtension>
    </extensions>
   </trkpt>
   <trkpt lat="38.5796260" lon="-121.4675480">
    <ele>12.4</ele>
    <time>2025-11-21T15:22:33Z</time>
    <extensions>
     <power>198</power>
     <gpxtpx:TrackPointExtension>
      <gpxtpx:atemp>16</gpxtpx:atemp>
      <gpxtpx:hr>145</gpxtpx:hr>
      <gpxtpx:cad>88</gpxtpx:cad>
     </gpxtpx:TrackPointExtension>
    </extensions>
   </trkpt>
   <trkpt lat="38.5796190" lon="-121.4675230">
    <ele>12.4</ele>
    <time>2025-11-21T15:22:34Z</time>
    <extensions>
     <power>198</power>
     <gpxtpx:TrackPointExtension>
      <gpxtpx:atemp>16</gpxtpx:atemp>
      <gpxtpx:hr>145</gpxtpx:hr>
      <gpxtpx:cad>88</gpxtpx:cad>
     </gpxtpx:TrackPointExtension>
    </extensions>
   </trkpt>
   <trkpt lat="38.5796080" lon="-121.4674910">
    <ele>12.6</ele>
    <time>2025-11-21T15:22:35Z</time>
    <extensions>
     <power>201</power>
     <gpxtpx:TrackPointExtension>
      <gpxtpx:atemp>16</gpxtpx:atemp>
      <gpxtpx:hr>146</gpxtpx:hr>
      <gpxtpx:cad>88</gpxtpx:cad>
     </gpxtpx:TrackPointExtension>
    </extensions>
   </trkpt>
   <trkpt lat="38.5796020" lon="-121.4674640">
    <ele>12.4</ele>
    <time>2025-11-21T15:22:36Z</time>
    <extensions>
     <power>201</power>
     <gpxtpx:TrackPointExtension>
      <gpxtpx:atemp>17</gpxtpx:atemp>
      <gpxtpx:hr>145</gpxtpx:hr>
      <gpxtpx:cad>89</gpxtpx:cad>
     </gpxtpx:TrackPointExtension>
    </extensions>
   </trkpt>
   <trkpt lat="38.5795900" lon="-121.4674320">
    <ele>12.4</ele>
    <time>2025-11-21T15:22:37Z</time>
    <extensions>
     <power>200</power>
     <gpxtpx:TrackPointExtension>
      <gpxtpx:atemp>16</gpxtpx:atemp>
      <gpxtpx:hr>145</gpxtpx:hr>
      <gpxtpx:cad>89</gpxtpx:cad>
     </gpxtpx:TrackPointExtension>
    </extensions>
   </trkpt>
   <trkpt lat="38.5795830" lon="-121.4674010">
    <ele>12.6</ele>
    <time>2025-11-21T15:22:38Z</time>
    <extensions>
     <power>200</power>
     <gpxtpx:TrackPointExtension>
      <gpxtpx:atemp>16</gpxtpx:atemp>
      <gpxtpx:hr>145</gpxtpx:hr>
      <gpxtpx:cad>89</gpxtpx:cad>
     </gpxtpx:TrackPointExtension>
    </extensions>
   </trkpt>
   <trkpt lat="38.5795740" lon="-121.4673700">
    <ele>12.6</ele>
    <time>2025-11-21T15:22:39Z</time>
    <extensions>
     <power>200</power>
     <gpxtpx:TrackPointExtension>
      <gpxtpx:atemp>16</gpxtpx:atemp>
      <gpxtpx:hr>145</gpxtpx:hr>
      <gpxtpx:cad>90</gpxtpx:cad>
     </gpxtpx:TrackPointExtension>
    </extensions>
   </trkpt>
   <trkpt lat="38.5795670" lon="-121.4673430">
    <ele>12.4</ele>
    <time>2025-11-21T15:22:40Z</time>
    <extensions>
     <power>200</power>
     <gpxtpx:TrackPointExtension>
      <gpxtpx:atemp>16</gpxtpx:atemp>
      <gpxtpx:hr>145</gpxtpx:hr>
      <gpxtpx:cad>90</gpxtpx:cad>
     </gpxtpx:TrackPointExtension>
    </extensions>
   </trkpt>
   <trkpt lat="38.5795570" lon="-121.4673100">
    <ele>12.4</ele>
    <time>2025-11-21T15:22:41Z</time>
    <extensions>
     <power>201</power>
     <gpxtpx:TrackPointExtension>
      <gpxtpx:atemp>16</gpxtpx:atemp>
      <gpxtpx:hr>144</gpxtpx:hr>
      <gpxtpx:cad>90</gpxtpx:cad>
     </gpxtpx:TrackPointExtension>
    </extensions>
   </trkpt>
   <trkpt lat="38.5795490" lon="-121.4672740">
    <ele>12.4</ele>
    <time>2025-11-21T15:22:42Z</time>
    <extensions>
     <power>202</power>
     <gpxtpx:TrackPointExtension>
      <gpxtpx:atemp>16</gpxtpx:atemp>
      <gpxtpx:hr>145</gpxtpx:hr>
      <gpxtpx:cad>90</gpxtpx:cad>
     </gpxtpx:TrackPointExtension>
    </extensions>
   </trkpt>
   <trkpt lat="38.5795440" lon="-121.4672470">
    <ele>12.4</ele>
    <time>2025-11-21T15:22:43Z</time>
    <extensions>
     <power>203</power>
     <gpxtpx:TrackPointExtension>
      <gpxtpx:atemp>16</gpxtpx:atemp>
      <gpxtpx:hr>145</gpxtpx:hr>
      <gpxtpx:cad>90</gpxtpx:cad>
     </gpxtpx:TrackPointExtension>
    </extensions>
   </trkpt>
   <trkpt lat="38.5795400" lon="-121.4672210">
    <ele>12.4</ele>
    <time>2025-11-21T15:22:44Z</time>
    <extensions>
     <power>206</power>
     <gpxtpx:TrackPointExtension>
      <gpxtpx:atemp>16</gpxtpx:atemp>
      <gpxtpx:hr>144</gpxtpx:hr>
      <gpxtpx:cad>90</gpxtpx:cad>
     </gpxtpx:TrackPointExtension>
    </extensions>
   </trkpt>
   <trkpt lat="38.5795330" lon="-121.4671920">
    <ele>12.4</ele>
    <time>2025-11-21T15:22:45Z</time>
    <extensions>
     <power>206</power>
     <gpxtpx:TrackPointExtension>
      <gpxtpx:atemp>16</gpxtpx:atemp>
      <gpxtpx:hr>145</gpxtpx:hr>
      <gpxtpx:cad>90</gpxtpx:cad>
     </gpxtpx:TrackPointExtension>
    </extensions>
   </trkpt>
   <trkpt lat="38.5795300" lon="-121.4671660">
    <ele>12.4</ele>
    <time>2025-11-21T15:22:46Z</time>
    <extensions>
     <power>205</power>
     <gpxtpx:TrackPointExtension>
      <gpxtpx:atemp>16</gpxtpx:atemp>
      <gpxtpx:hr>145</gpxtpx:hr>
      <gpxtpx:cad>90</gpxtpx:cad>
     </gpxtpx:TrackPointExtension>
    </extensions>
   </trkpt>
   <trkpt lat="38.5795240" lon="-121.4671310">
    <ele>12.4</ele>
    <time>2025-11-21T15:22:47Z</time>
    <extensions>
     <power>206</power>
     <gpxtpx:TrackPointExtension>
      <gpxtpx:atemp>16</gpxtpx:atemp>
      <gpxtpx:hr>144</gpxtpx:hr>
      <gpxtpx:cad>89</gpxtpx:cad>
     </gpxtpx:TrackPointExtension>
    </extensions>
   </trkpt>
   <trkpt lat="38.5795210" lon="-121.4671070">
    <ele>12.4</ele>
    <time>2025-11-21T15:22:48Z</time>
    <extensions>
     <power>206</power>
     <gpxtpx:TrackPointExtension>
      <gpxtpx:atemp>16</gpxtpx:atemp>
      <gpxtpx:hr>145</gpxtpx:hr>
      <gpxtpx:cad>89</gpxtpx:cad>
     </gpxtpx:TrackPointExtension>
    </extensions>
   </trkpt>
   <trkpt lat="38.5795090" lon="-121.4670760">
    <ele>12.4</ele>
    <time>2025-11-21T15:22:49Z</time>
    <extensions>
     <power>207</power>
     <gpxtpx:TrackPointExtension>
      <gpxtpx:atemp>16</gpxtpx:atemp>
      <gpxtpx:hr>145</gpxtpx:hr>
      <gpxtpx:cad>89</gpxtpx:cad>
     </gpxtpx:TrackPointExtension>
    </extensions>
   </trkpt>
   <trkpt lat="38.5795070" lon="-121.4670530">
    <ele>12.4</ele>
    <time>2025-11-21T15:22:50Z</time>
    <extensions>
     <power>208</power>
     <gpxtpx:TrackPointExtension>
      <gpxtpx:atemp>16</gpxtpx:atemp>
      <gpxtpx:hr>144</gpxtpx:hr>
      <gpxtpx:cad>89</gpxtpx:cad>
     </gpxtpx:TrackPointExtension>
    </extensions>
   </trkpt>
   <trkpt lat="38.5795020" lon="-121.4670260">
    <ele>12.4</ele>
    <time>2025-11-21T15:22:51Z</time>
    <extensions>
     <power>208</power>
     <gpxtpx:TrackPointExtension>
      <gpxtpx:atemp>16</gpxtpx:atemp>
      <gpxtpx:hr>145</gpxtpx:hr>
      <gpxtpx:cad>89</gpxtpx:cad>
     </gpxtpx:TrackPointExtension>
    </extensions>
   </trkpt>
   <trkpt lat="38.5794940" lon="-121.4670040">
    <ele>12.4</ele>
    <time>2025-11-21T15:22:52Z</time>
    <extensions>
     <power>207</power>
     <gpxtpx:TrackPointExtension>
      <gpxtpx:atemp>16</gpxtpx:atemp>
      <gpxtpx:hr>145</gpxtpx:hr>
      <gpxtpx:cad>89</gpxtpx:cad>
     </gpxtpx:TrackPointExtension>
    </extensions>
   </trkpt>
   <trkpt lat="38.5794870" lon="-121.4669750">
    <ele>12.4</ele>
    <time>2025-11-21T15:22:53Z</time>
    <extensions>
     <power>206</power>
     <gpxtpx:TrackPointExtension>
      <gpxtpx:atemp>16</gpxtpx:atemp>
      <gpxtpx:hr>144</gpxtpx:hr>
      <gpxtpx:cad>88</gpxtpx:cad>
     </gpxtpx:TrackPointExtension>
    </extensions>
   </trkpt>
   <trkpt lat="38.5794840" lon="-121.4669480">
    <ele>12.4</ele>
    <time>2025-11-21T15:22:54Z</time>
    <extensions>
     <power>208</power>
     <gpxtpx:TrackPointExtension>
      <gpxtpx:atemp>16</gpxtpx:atemp>
      <gpxtpx:hr>145</gpxtpx:hr>
      <gpxtpx:cad>87</gpxtpx:cad>
     </gpxtpx:TrackPointExtension>
    </extensions>
   </trkpt>
   <trkpt lat="38.5794770" lon="-121.4669200">
    <ele>12.4</ele>
    <time>2025-11-21T15:22:55Z</time>
    <extensions>
     <power>209</power>
     <gpxtpx:TrackPointExtension>
      <gpxtpx:atemp>16</gpxtpx:atemp>
      <gpxtpx:hr>144</gpxtpx:hr>
      <gpxtpx:cad>87</gpxtpx:cad>
     </gpxtpx:TrackPointExtension>
    </extensions>
   </trkpt>
   <trkpt lat="38.5794660" lon="-121.4668900">
    <ele>12.4</ele>
    <time>2025-11-21T15:22:56Z</time>
    <extensions>
     <power>208</power>
     <gpxtpx:TrackPointExtension>
      <gpxtpx:atemp>16</gpxtpx:atemp>
      <gpxtpx:hr>144</gpxtpx:hr>
      <gpxtpx:cad>87</gpxtpx:cad>
     </gpxtpx:TrackPointExtension>
    </extensions>
   </trkpt>
   <trkpt lat="38.5794570" lon="-121.4668660">
    <ele>12.4</ele>
    <time>2025-11-21T15:22:57Z</time>
    <extensions>
     <power>208</power>
     <gpxtpx:TrackPointExtension>
      <gpxtpx:atemp>16</gpxtpx:atemp>
      <gpxtpx:hr>144</gpxtpx:hr>
      <gpxtpx:cad>87</gpxtpx:cad>
     </gpxtpx:TrackPointExtension>
    </extensions>
   </trkpt>
   <trkpt lat="38.5794480" lon="-121.4668450">
    <ele>12.4</ele>
    <time>2025-11-21T15:22:58Z</time>
    <extensions>
     <power>209</power>
     <gpxtpx:TrackPointExtension>
      <gpxtpx:atemp>16</gpxtpx:atemp>
      <gpxtpx:hr>145</gpxtpx:hr>
      <gpxtpx:cad>88</gpxtpx:cad>
     </gpxtpx:TrackPointExtension>
    </extensions>
   </trkpt>
   <trkpt lat="38.5794440" lon="-121.4668220">
    <ele>12.4</ele>
    <time>2025-11-21T15:22:59Z</time>
    <extensions>
     <power>209</power>
     <gpxtpx:TrackPointExtension>
      <gpxtpx:atemp>16</gpxtpx:atemp>
      <gpxtpx:hr>144</gpxtpx:hr>
      <gpxtpx:cad>88</gpxtpx:cad>
     </gpxtpx:TrackPointExtension>
    </extensions>
   </trkpt>
   <trkpt lat="38.5794400" lon="-121.4667910">
    <ele>12.4</ele>
    <time>2025-11-21T15:23:00Z</time>
    <extensions>
     <power>207</power>
     <gpxtpx:TrackPointExtension>
      <gpxtpx:atemp>16</gpxtpx:atemp>
      <gpxtpx:hr>144</gpxtpx:hr>
      <gpxtpx:cad>88</gpxtpx:cad>
     </gpxtpx:TrackPointExtension>
    </extensions>
   </trkpt>
   <trkpt lat="38.5794340" lon="-121.4667700">
    <ele>12.4</ele>
    <time>2025-11-21T15:23:01Z</time>
    <extensions>
     <power>206</power>
     <gpxtpx:TrackPointExtension>
      <gpxtpx:atemp>16</gpxtpx:atemp>
      <gpxtpx:hr>145</gpxtpx:hr>
      <gpxtpx:cad>87</gpxtpx:cad>
     </gpxtpx:TrackPointExtension>
    </extensions>
   </trkpt>
   <trkpt lat="38.5794230" lon="-121.4667520">
    <ele>12.2</ele>
    <time>2025-11-21T15:23:02Z</time>
    <extensions>
     <power>207</power>
     <gpxtpx:TrackPointExtension>
      <gpxtpx:atemp>16</gpxtpx:atemp>
      <gpxtpx:hr>144</gpxtpx:hr>
      <gpxtpx:cad>87</gpxtpx:cad>
     </gpxtpx:TrackPointExtension>
    </extensions>
   </trkpt>
   <trkpt lat="38.5794130" lon="-121.4667320">
    <ele>12.2</ele>
    <time>2025-11-21T15:23:03Z</time>
    <extensions>
     <power>206</power>
     <gpxtpx:TrackPointExtension>
      <gpxtpx:atemp>16</gpxtpx:atemp>
      <gpxtpx:hr>144</gpxtpx:hr>
      <gpxtpx:cad>88</gpxtpx:cad>
     </gpxtpx:TrackPointExtension>
    </extensions>
   </trkpt>
   <trkpt lat="38.5794040" lon="-121.4667060">
    <ele>12.2</ele>
    <time>2025-11-21T15:23:04Z</time>
    <extensions>
     <power>204</power>
     <gpxtpx:TrackPointExtension>
      <gpxtpx:atemp>16</gpxtpx:atemp>
      <gpxtpx:hr>144</gpxtpx:hr>
      <gpxtpx:cad>88</gpxtpx:cad>
     </gpxtpx:TrackPointExtension>
    </extensions>
   </trkpt>
   <trkpt lat="38.5793950" lon="-121.4666890">
    <ele>12.2</ele>
    <time>2025-11-21T15:23:05Z</time>
    <extensions>
     <power>203</power>
     <gpxtpx:TrackPointExtension>
      <gpxtpx:atemp>16</gpxtpx:atemp>
      <gpxtpx:hr>145</gpxtpx:hr>
      <gpxtpx:cad>88</gpxtpx:cad>
     </gpxtpx:TrackPointExtension>
    </extensions>
   </trkpt>
   <trkpt lat="38.5793890" lon="-121.4666650">
    <ele>12.2</ele>
    <time>2025-11-21T15:23:06Z</time>
    <extensions>
     <power>201</power>
     <gpxtpx:TrackPointExtension>
      <gpxtpx:atemp>16</gpxtpx:atemp>
      <gpxtpx:hr>144</gpxtpx:hr>
      <gpxtpx:cad>89</gpxtpx:cad>
     </gpxtpx:TrackPointExtension>
    </extensions>
   </trkpt>
   <trkpt lat="38.5793830" lon="-121.4666440">
    <ele>12.4</ele>
    <time>2025-11-21T15:23:07Z</time>
    <extensions>
     <power>199</power>
     <gpxtpx:TrackPointExtension>
      <gpxtpx:atemp>16</gpxtpx:atemp>
      <gpxtpx:hr>144</gpxtpx:hr>
      <gpxtpx:cad>89</gpxtpx:cad>
     </gpxtpx:TrackPointExtension>
    </extensions>
   </trkpt>
   <trkpt lat="38.5793720" lon="-121.4666140">
    <ele>12.2</ele>
    <time>2025-11-21T15:23:08Z</time>
    <extensions>
     <power>198</power>
     <gpxtpx:TrackPointExtension>
      <gpxtpx:atemp>16</gpxtpx:atemp>
      <gpxtpx:hr>144</gpxtpx:hr>
      <gpxtpx:cad>89</gpxtpx:cad>
     </gpxtpx:TrackPointExtension>
    </extensions>
   </trkpt>
   <trkpt lat="38.5793670" lon="-121.4665900">
    <ele>12.2</ele>
    <time>2025-11-21T15:23:09Z</time>
    <extensions>
     <power>198</power>
     <gpxtpx:TrackPointExtension>
      <gpxtpx:atemp>16</gpxtpx:atemp>
      <gpxtpx:hr>144</gpxtpx:hr>
      <gpxtpx:cad>89</gpxtpx:cad>
     </gpxtpx:TrackPointExtension>
    </extensions>
   </trkpt>
   <trkpt lat="38.5793590" lon="-121.4665670">
    <ele>12.4</ele>
    <time>2025-11-21T15:23:10Z</time>
    <extensions>
     <power>198</power>
     <gpxtpx:TrackPointExtension>
      <gpxtpx:atemp>16</gpxtpx:atemp>
      <gpxtpx:hr>144</gpxtpx:hr>
      <gpxtpx:cad>89</gpxtpx:cad>
     </gpxtpx:TrackPointExtension>
    </extensions>
   </trkpt>
   <trkpt lat="38.5793520" lon="-121.4665500">
    <ele>12.4</ele>
    <time>2025-11-21T15:23:11Z</time>
    <extensions>
     <power>199</power>
     <gpxtpx:TrackPointExtension>
      <gpxtpx:atemp>16</gpxtpx:atemp>
      <gpxtpx:hr>144</gpxtpx:hr>
      <gpxtpx:cad>89</gpxtpx:cad>
     </gpxtpx:TrackPointExtension>
    </extensions>
   </trkpt>
   <trkpt lat="38.5793440" lon="-121.4665210">
    <ele>12.4</ele>
    <time>2025-11-21T15:23:12Z</time>
    <extensions>
     <power>199</power>
     <gpxtpx:TrackPointExtension>
      <gpxtpx:atemp>16</gpxtpx:atemp>
      <gpxtpx:hr>144</gpxtpx:hr>
      <gpxtpx:cad>89</gpxtpx:cad>
     </gpxtpx:TrackPointExtension>
    </extensions>
   </trkpt>
   <trkpt lat="38.5793370" lon="-121.4665030">
    <ele>12.4</ele>
    <time>2025-11-21T15:23:13Z</time>
    <extensions>
     <power>197</power>
     <gpxtpx:TrackPointExtension>
      <gpxtpx:atemp>16</gpxtpx:atemp>
      <gpxtpx:hr>144</gpxtpx:hr>
      <gpxtpx:cad>90</gpxtpx:cad>
     </gpxtpx:TrackPointExtension>
    </extensions>
   </trkpt>
   <trkpt lat="38.5793250" lon="-121.4664780">
    <ele>12.4</ele>
    <time>2025-11-21T15:23:14Z</time>
    <extensions>
     <power>197</power>
     <gpxtpx:TrackPointExtension>
      <gpxtpx:atemp>16</gpxtpx:atemp>
      <gpxtpx:hr>144</gpxtpx:hr>
      <gpxtpx:cad>90</gpxtpx:cad>
     </gpxtpx:TrackPointExtension>
    </extensions>
   </trkpt>
   <trkpt lat="38.5793170" lon="-121.4664550">
    <ele>12.4</ele>
    <time>2025-11-21T15:23:15Z</time>
    <extensions>
     <power>196</power>
     <gpxtpx:TrackPointExtension>
      <gpxtpx:atemp>16</gpxtpx:atemp>
      <gpxtpx:hr>144</gpxtpx:hr>
      <gpxtpx:cad>90</gpxtpx:cad>
     </gpxtpx:TrackPointExtension>
    </extensions>
   </trkpt>
   <trkpt lat="38.5793080" lon="-121.4664290">
    <ele>12.4</ele>
    <time>2025-11-21T15:23:16Z</time>
    <extensions>
     <power>196</power>
     <gpxtpx:TrackPointExtension>
      <gpxtpx:atemp>16</gpxtpx:atemp>
      <gpxtpx:hr>144</gpxtpx:hr>
      <gpxtpx:cad>90</gpxtpx:cad>
     </gpxtpx:TrackPointExtension>
    </extensions>
   </trkpt>
   <trkpt lat="38.5793000" lon="-121.4664040">
    <ele>12.4</ele>
    <time>2025-11-21T15:23:17Z</time>
    <extensions>
     <power>196</power>
     <gpxtpx:TrackPointExtension>
      <gpxtpx:atemp>16</gpxtpx:atemp>
      <gpxtpx:hr>143</gpxtpx:hr>
      <gpxtpx:cad>89</gpxtpx:cad>
     </gpxtpx:TrackPointExtension>
    </extensions>
   </trkpt>
   <trkpt lat="38.5792870" lon="-121.4663710">
    <ele>12.4</ele>
    <time>2025-11-21T15:23:18Z</time>
    <extensions>
     <power>196</power>
     <gpxtpx:TrackPointExtension>
      <gpxtpx:atemp>16</gpxtpx:atemp>
      <gpxtpx:hr>143</gpxtpx:hr>
      <gpxtpx:cad>89</gpxtpx:cad>
     </gpxtpx:TrackPointExtension>
    </extensions>
   </trkpt>
   <trkpt lat="38.5792820" lon="-121.4663470">
    <ele>12.4</ele>
    <time>2025-11-21T15:23:19Z</time>
    <extensions>
     <power>195</power>
     <gpxtpx:TrackPointExtension>
      <gpxtpx:atemp>16</gpxtpx:atemp>
      <gpxtpx:hr>143</gpxtpx:hr>
      <gpxtpx:cad>89</gpxtpx:cad>
     </gpxtpx:TrackPointExtension>
    </extensions>
   </trkpt>
   <trkpt lat="38.5792730" lon="-121.4663160">
    <ele>12.4</ele>
    <time>2025-11-21T15:23:20Z</time>
    <extensions>
     <power>197</power>
     <gpxtpx:TrackPointExtension>
      <gpxtpx:atemp>16</gpxtpx:atemp>
      <gpxtpx:hr>144</gpxtpx:hr>
      <gpxtpx:cad>90</gpxtpx:cad>
     </gpxtpx:TrackPointExtension>
    </extensions>
   </trkpt>
   <trkpt lat="38.5792670" lon="-121.4662870">
    <ele>12.4</ele>
    <time>2025-11-21T15:23:21Z</time>
    <extensions>
     <power>196</power>
     <gpxtpx:TrackPointExtension>
      <gpxtpx:atemp>16</gpxtpx:atemp>
      <gpxtpx:hr>143</gpxtpx:hr>
      <gpxtpx:cad>90</gpxtpx:cad>
     </gpxtpx:TrackPointExtension>
    </extensions>
   </trkpt>
   <trkpt lat="38.5792560" lon="-121.4662560">
    <ele>12.4</ele>
    <time>2025-11-21T15:23:22Z</time>
    <extensions>
     <power>197</power>
     <gpxtpx:TrackPointExtension>
      <gpxtpx:atemp>16</gpxtpx:atemp>
      <gpxtpx:hr>143</gpxtpx:hr>
      <gpxtpx:cad>90</gpxtpx:cad>
     </gpxtpx:TrackPointExtension>
    </extensions>
   </trkpt>
   <trkpt lat="38.5792510" lon="-121.4662320">
    <ele>12.4</ele>
    <time>2025-11-21T15:23:23Z</time>
    <extensions>
     <power>198</power>
     <gpxtpx:TrackPointExtension>
      <gpxtpx:atemp>16</gpxtpx:atemp>
      <gpxtpx:hr>144</gpxtpx:hr>
      <gpxtpx:cad>90</gpxtpx:cad>
     </gpxtpx:TrackPointExtension>
    </extensions>
   </trkpt>
   <trkpt lat="38.5792420" lon="-121.4661940">
    <ele>12.4</ele>
    <time>2025-11-21T15:23:24Z</time>
    <extensions>
     <power>197</power>
     <gpxtpx:TrackPointExtension>
      <gpxtpx:atemp>16</gpxtpx:atemp>
      <gpxtpx:hr>143</gpxtpx:hr>
      <gpxtpx:cad>90</gpxtpx:cad>
     </gpxtpx:TrackPointExtension>
    </extensions>
   </trkpt>
   <trkpt lat="38.5792410" lon="-121.4661650">
    <ele>12.4</ele>
    <time>2025-11-21T15:23:25Z</time>
    <extensions>
     <power>198</power>
     <gpxtpx:TrackPointExtension>
      <gpxtpx:atemp>16</gpxtpx:atemp>
      <gpxtpx:hr>143</gpxtpx:hr>
      <gpxtpx:cad>89</gpxtpx:cad>
     </gpxtpx:TrackPointExtension>
    </extensions>
   </trkpt>
   <trkpt lat="38.5792370" lon="-121.4661310">
    <ele>12.4</ele>
    <time>2025-11-21T15:23:26Z</time>
    <extensions>
     <power>200</power>
     <gpxtpx:TrackPointExtension>
      <gpxtpx:atemp>16</gpxtpx:atemp>
      <gpxtpx:hr>143</gpxtpx:hr>
      <gpxtpx:cad>89</gpxtpx:cad>
     </gpxtpx:TrackPointExtension>
    </extensions>
   </trkpt>
   <trkpt lat="38.5792300" lon="-121.4661010">
    <ele>12.4</ele>
    <time>2025-11-21T15:23:27Z</time>
    <extensions>
     <power>202</power>
     <gpxtpx:TrackPointExtension>
      <gpxtpx:atemp>16</gpxtpx:atemp>
      <gpxtpx:hr>144</gpxtpx:hr>
      <gpxtpx:cad>89</gpxtpx:cad>
     </gpxtpx:TrackPointExtension>
    </extensions>
   </trkpt>
   <trkpt lat="38.5792210" lon="-121.4660680">
    <ele>12.4</ele>
    <time>2025-11-21T15:23:28Z</time>
    <extensions>
     <power>203</power>
     <gpxtpx:TrackPointExtension>
      <gpxtpx:atemp>16</gpxtpx:atemp>
      <gpxtpx:hr>143</gpxtpx:hr>
      <gpxtpx:cad>90</gpxtpx:cad>
     </gpxtpx:TrackPointExtension>
    </extensions>
   </trkpt>
   <trkpt lat="38.5792160" lon="-121.4660430">
    <ele>12.4</ele>
    <time>2025-11-21T15:23:29Z</time>
    <extensions>
     <power>203</power>
     <gpxtpx:TrackPointExtension>
      <gpxtpx:atemp>16</gpxtpx:atemp>
      <gpxtpx:hr>143</gpxtpx:hr>
      <gpxtpx:cad>90</gpxtpx:cad>
     </gpxtpx:TrackPointExtension>
    </extensions>
   </trkpt>
   <trkpt lat="38.5792080" lon="-121.4660050">
    <ele>12.6</ele>
    <time>2025-11-21T15:23:30Z</time>
    <extensions>
     <power>206</power>
     <gpxtpx:TrackPointExtension>
      <gpxtpx:atemp>16</gpxtpx:atemp>
      <gpxtpx:hr>143</gpxtpx:hr>
      <gpxtpx:cad>90</gpxtpx:cad>
     </gpxtpx:TrackPointExtension>
    </extensions>
   </trkpt>
   <trkpt lat="38.5792030" lon="-121.4659810">
    <ele>12.6</ele>
    <time>2025-11-21T15:23:31Z</time>
    <extensions>
     <power>207</power>
     <gpxtpx:TrackPointExtension>
      <gpxtpx:atemp>16</gpxtpx:atemp>
      <gpxtpx:hr>144</gpxtpx:hr>
      <gpxtpx:cad>90</gpxtpx:cad>
     </gpxtpx:TrackPointExtension>
    </extensions>
   </trkpt>
   <trkpt lat="38.5791970" lon="-121.4659520">
    <ele>12.6</ele>
    <time>2025-11-21T15:23:32Z</time>
    <extensions>
     <power>210</power>
     <gpxtpx:TrackPointExtension>
      <gpxtpx:atemp>16</gpxtpx:atemp>
      <gpxtpx:hr>143</gpxtpx:hr>
      <gpxtpx:cad>90</gpxtpx:cad>
     </gpxtpx:TrackPointExtension>
    </extensions>
   </trkpt>
   <trkpt lat="38.5791860" lon="-121.4659340">
    <ele>12.8</ele>
    <time>2025-11-21T15:23:33Z</time>
    <extensions>
     <power>210</power>
     <gpxtpx:TrackPointExtension>
      <gpxtpx:atemp>16</gpxtpx:atemp>
      <gpxtpx:hr>143</gpxtpx:hr>
      <gpxtpx:cad>90</gpxtpx:cad>
     </gpxtpx:TrackPointExtension>
    </extensions>
   </trkpt>
   <trkpt lat="38.5791780" lon="-121.4659100">
    <ele>12.8</ele>
    <time>2025-11-21T15:23:34Z</time>
    <extensions>
     <power>210</power>
     <gpxtpx:TrackPointExtension>
      <gpxtpx:atemp>16</gpxtpx:atemp>
      <gpxtpx:hr>143</gpxtpx:hr>
      <gpxtpx:cad>86</gpxtpx:cad>
     </gpxtpx:TrackPointExtension>
    </extensions>
   </trkpt>
   <trkpt lat="38.5791730" lon="-121.4658790">
    <ele>12.6</ele>
    <time>2025-11-21T15:23:35Z</time>
    <extensions>
     <power>213</power>
     <gpxtpx:TrackPointExtension>
      <gpxtpx:atemp>16</gpxtpx:atemp>
      <gpxtpx:hr>143</gpxtpx:hr>
      <gpxtpx:cad>85</gpxtpx:cad>
     </gpxtpx:TrackPointExtension>
    </extensions>
   </trkpt>
   <trkpt lat="38.5791700" lon="-121.4658510">
    <ele>12.6</ele>
    <time>2025-11-21T15:23:36Z</time>
    <extensions>
     <power>214</power>
     <gpxtpx:TrackPointExtension>
      <gpxtpx:atemp>16</gpxtpx:atemp>
      <gpxtpx:hr>143</gpxtpx:hr>
      <gpxtpx:cad>85</gpxtpx:cad>
     </gpxtpx:TrackPointExtension>
    </extensions>
   </trkpt>
   <trkpt lat="38.5791630" lon="-121.4658150">
    <ele>12.4</ele>
    <time>2025-11-21T15:23:37Z</time>
    <extensions>
     <power>214</power>
     <gpxtpx:TrackPointExtension>
      <gpxtpx:atemp>16</gpxtpx:atemp>
      <gpxtpx:hr>144</gpxtpx:hr>
      <gpxtpx:cad>86</gpxtpx:cad>
     </gpxtpx:TrackPointExtension>
    </extensions>
   </trkpt>
   <trkpt lat="38.5791570" lon="-121.4657870">
    <ele>12.4</ele>
    <time>2025-11-21T15:23:38Z</time>
    <extensions>
     <power>216</power>
     <gpxtpx:TrackPointExtension>
      <gpxtpx:atemp>16</gpxtpx:atemp>
      <gpxtpx:hr>143</gpxtpx:hr>
      <gpxtpx:cad>86</gpxtpx:cad>
     </gpxtpx:TrackPointExtension>
    </extensions>
   </trkpt>
   <trkpt lat="38.5791470" lon="-121.4657570">
    <ele>12.4</ele>
    <time>2025-11-21T15:23:39Z</time>
    <extensions>
     <power>221</power>
     <gpxtpx:TrackPointExtension>
      <gpxtpx:atemp>16</gpxtpx:atemp>
      <gpxtpx:hr>143</gpxtpx:hr>
      <gpxtpx:cad>88</gpxtpx:cad>
     </gpxtpx:TrackPointExtension>
    </extensions>
   </trkpt>
   <trkpt lat="38.5791370" lon="-121.4657320">
    <ele>12.4</ele>
    <time>2025-11-21T15:23:40Z</time>
    <extensions>
     <power>218</power>
     <gpxtpx:TrackPointExtension>
      <gpxtpx:atemp>16</gpxtpx:atemp>
      <gpxtpx:hr>143</gpxtpx:hr>
      <gpxtpx:cad>89</gpxtpx:cad>
     </gpxtpx:TrackPointExtension>
    </extensions>
   </trkpt>
   <trkpt lat="38.5791290" lon="-121.4657050">
    <ele>12.6</ele>
    <time>2025-11-21T15:23:41Z</time>
    <extensions>
     <power>217</power>
     <gpxtpx:TrackPointExtension>
      <gpxtpx:atemp>16</gpxtpx:atemp>
      <gpxtpx:hr>143</gpxtpx:hr>
      <gpxtpx:cad>89</gpxtpx:cad>
     </gpxtpx:TrackPointExtension>
    </extensions>
   </trkpt>
   <trkpt lat="38.5791240" lon="-121.4656790">
    <ele>12.6</ele>
    <time>2025-11-21T15:23:42Z</time>
    <extensions>
     <power>216</power>
     <gpxtpx:TrackPointExtension>
      <gpxtpx:atemp>16</gpxtpx:atemp>
      <gpxtpx:hr>143</gpxtpx:hr>
      <gpxtpx:cad>89</gpxtpx:cad>
     </gpxtpx:TrackPointExtension>
    </extensions>
   </trkpt>
   <trkpt lat="38.5791130" lon="-121.4656490">
    <ele>12.6</ele>
    <time>2025-11-21T15:23:43Z</time>
    <extensions>
     <power>214</power>
     <gpxtpx:TrackPointExtension>
      <gpxtpx:atemp>16</gpxtpx:atemp>
      <gpxtpx:hr>143</gpxtpx:hr>
      <gpxtpx:cad>89</gpxtpx:cad>
     </gpxtpx:TrackPointExtension>
    </extensions>
   </trkpt>
   <trkpt lat="38.5791030" lon="-121.4656210">
    <ele>12.4</ele>
    <time>2025-11-21T15:23:44Z</time>
    <extensions>
     <power>212</power>
     <gpxtpx:TrackPointExtension>
      <gpxtpx:atemp>16</gpxtpx:atemp>
      <gpxtpx:hr>143</gpxtpx:hr>
      <gpxtpx:cad>88</gpxtpx:cad>
     </gpxtpx:TrackPointExtension>
    </extensions>
   </trkpt>
   <trkpt lat="38.5790930" lon="-121.4655880">
    <ele>12.4</ele>
    <time>2025-11-21T15:23:45Z</time>
    <extensions>
     <power>212</power>
     <gpxtpx:TrackPointExtension>
      <gpxtpx:atemp>16</gpxtpx:atemp>
      <gpxtpx:hr>143</gpxtpx:hr>
      <gpxtpx:cad>87</gpxtpx:cad>
     </gpxtpx:TrackPointExtension>
    </extensions>
   </trkpt>
   <trkpt lat="38.5790850" lon="-121.4655590">
    <ele>12.4</ele>
    <time>2025-11-21T15:23:46Z</time>
    <extensions>
     <power>217</power>
     <gpxtpx:TrackPointExtension>
      <gpxtpx:atemp>16</gpxtpx:atemp>
      <gpxtpx:hr>143</gpxtpx:hr>
      <gpxtpx:cad>87</gpxtpx:cad>
     </gpxtpx:TrackPointExtension>
    </extensions>
   </trkpt>
   <trkpt lat="38.5790790" lon="-121.4655350">
    <ele>12.4</ele>
    <time>2025-11-21T15:23:47Z</time>
    <extensions>
     <power>224</power>
     <gpxtpx:TrackPointExtension>
      <gpxtpx:atemp>16</gpxtpx:atemp>
      <gpxtpx:hr>143</gpxtpx:hr>
      <gpxtpx:cad>87</gpxtpx:cad>
     </gpxtpx:TrackPointExtension>
    </extensions>
   </trkpt>
   <trkpt lat="38.5790690" lon="-121.4655080">
    <ele>12.4</ele>
    <time>2025-11-21T15:23:48Z</time>
    <extensions>
     <power>224</power>
     <gpxtpx:TrackPointExtension>
      <gpxtpx:atemp>16</gpxtpx:atemp>
      <gpxtpx:hr>143</gpxtpx:hr>
      <gpxtpx:cad>87</gpxtpx:cad>
     </gpxtpx:TrackPointExtension>
    </extensions>
   </trkpt>
   <trkpt lat="38.5790620" lon="-121.4654820">
    <ele>12.4</ele>
    <time>2025-11-21T15:23:49Z</time>
    <extensions>
     <power>222</power>
     <gpxtpx:TrackPointExtension>
      <gpxtpx:atemp>16</gpxtpx:atemp>
      <gpxtpx:hr>143</gpxtpx:hr>
      <gpxtpx:cad>88</gpxtpx:cad>
     </gpxtpx:TrackPointExtension>
    </extensions>
   </trkpt>
   <trkpt lat="38.5790500" lon="-121.4654550">
    <ele>12.4</ele>
    <time>2025-11-21T15:23:50Z</time>
    <extensions>
     <power>219</power>
     <gpxtpx:TrackPointExtension>
      <gpxtpx:atemp>16</gpxtpx:atemp>
      <gpxtpx:hr>143</gpxtpx:hr>
      <gpxtpx:cad>88</gpxtpx:cad>
     </gpxtpx:TrackPointExtension>
    </extensions>
   </trkpt>
   <trkpt lat="38.5790410" lon="-121.4654270">
    <ele>12.4</ele>
    <time>2025-11-21T15:23:51Z</time>
    <extensions>
     <power>215</power>
     <gpxtpx:TrackPointExtension>
      <gpxtpx:atemp>16</gpxtpx:atemp>
      <gpxtpx:hr>143</gpxtpx:hr>
      <gpxtpx:cad>88</gpxtpx:cad>
     </gpxtpx:TrackPointExtension>
    </extensions>
   </trkpt>
   <trkpt lat="38.5790320" lon="-121.4654010">
    <ele>12.2</ele>
    <time>2025-11-21T15:23:52Z</time>
    <extensions>
     <power>215</power>
     <gpxtpx:TrackPointExtension>
      <gpxtpx:atemp>16</gpxtpx:atemp>
      <gpxtpx:hr>143</gpxtpx:hr>
      <gpxtpx:cad>88</gpxtpx:cad>
     </gpxtpx:TrackPointExtension>
    </extensions>
   </trkpt>
   <trkpt lat="38.5790230" lon="-121.4653720">
    <ele>12.2</ele>
    <time>2025-11-21T15:23:53Z</time>
    <extensions>
     <power>214</power>
     <gpxtpx:TrackPointExtension>
      <gpxtpx:atemp>16</gpxtpx:atemp>
      <gpxtpx:hr>143</gpxtpx:hr>
      <gpxtpx:cad>88</gpxtpx:cad>
     </gpxtpx:TrackPointExtension>
    </extensions>
   </trkpt>
   <trkpt lat="38.5790130" lon="-121.4653490">
    <ele>12.0</ele>
    <time>2025-11-21T15:23:54Z</time>
    <extensions>
     <power>216</power>
     <gpxtpx:TrackPointExtension>
      <gpxtpx:atemp>16</gpxtpx:atemp>
      <gpxtpx:hr>143</gpxtpx:hr>
      <gpxtpx:cad>88</gpxtpx:cad>
     </gpxtpx:TrackPointExtension>
    </extensions>
   </trkpt>
   <trkpt lat="38.5790050" lon="-121.4653230">
    <ele>12.0</ele>
    <time>2025-11-21T15:23:55Z</time>
    <extensions>
     <power>215</power>
     <gpxtpx:TrackPointExtension>
      <gpxtpx:atemp>16</gpxtpx:atemp>
      <gpxtpx:hr>143</gpxtpx:hr>
      <gpxtpx:cad>88</gpxtpx:cad>
     </gpxtpx:TrackPointExtension>
    </extensions>
   </trkpt>
   <trkpt lat="38.5789990" lon="-121.4652970">
    <ele>12.0</ele>
    <time>2025-11-21T15:23:56Z</time>
    <extensions>
     <power>213</power>
     <gpxtpx:TrackPointExtension>
      <gpxtpx:atemp>16</gpxtpx:atemp>
      <gpxtpx:hr>143</gpxtpx:hr>
      <gpxtpx:cad>88</gpxtpx:cad>
     </gpxtpx:TrackPointExtension>
    </extensions>
   </trkpt>
   <trkpt lat="38.5789920" lon="-121.4652710">
    <ele>12.0</ele>
    <time>2025-11-21T15:23:57Z</time>
    <extensions>
     <power>213</power>
     <gpxtpx:TrackPointExtension>
      <gpxtpx:atemp>16</gpxtpx:atemp>
      <gpxtpx:hr>143</gpxtpx:hr>
      <gpxtpx:cad>89</gpxtpx:cad>
     </gpxtpx:TrackPointExtension>
    </extensions>
   </trkpt>
   <trkpt lat="38.5789820" lon="-121.4652400">
    <ele>12.0</ele>
    <time>2025-11-21T15:23:58Z</time>
    <extensions>
     <power>210</power>
     <gpxtpx:TrackPointExtension>
      <gpxtpx:atemp>16</gpxtpx:atemp>
      <gpxtpx:hr>144</gpxtpx:hr>
      <gpxtpx:cad>89</gpxtpx:cad>
     </gpxtpx:TrackPointExtension>
    </extensions>
   </trkpt>
   <trkpt lat="38.5789770" lon="-121.4652150">
    <ele>12.0</ele>
    <time>2025-11-21T15:23:59Z</time>
    <extensions>
     <power>210</power>
     <gpxtpx:TrackPointExtension>
      <gpxtpx:atemp>16</gpxtpx:atemp>
      <gpxtpx:hr>143</gpxtpx:hr>
      <gpxtpx:cad>89</gpxtpx:cad>
     </gpxtpx:TrackPointExtension>
    </extensions>
   </trkpt>
   <trkpt lat="38.5789680" lon="-121.4651860">
    <ele>12.0</ele>
    <time>2025-11-21T15:24:00Z</time>
    <extensions>
     <power>210</power>
     <gpxtpx:TrackPointExtension>
      <gpxtpx:atemp>16</gpxtpx:atemp>
      <gpxtpx:hr>143</gpxtpx:hr>
      <gpxtpx:cad>89</gpxtpx:cad>
     </gpxtpx:TrackPointExtension>
    </extensions>
   </trkpt>
   <trkpt lat="38.5789640" lon="-121.4651620">
    <ele>11.8</ele>
    <time>2025-11-21T15:24:01Z</time>
    <extensions>
     <power>210</power>
     <gpxtpx:TrackPointExtension>
      <gpxtpx:atemp>16</gpxtpx:atemp>
      <gpxtpx:hr>143</gpxtpx:hr>
      <gpxtpx:cad>88</gpxtpx:cad>
     </gpxtpx:TrackPointExtension>
    </extensions>
   </trkpt>
   <trkpt lat="38.5789560" lon="-121.4651330">
    <ele>11.8</ele>
    <time>2025-11-21T15:24:02Z</time>
    <extensions>
     <power>210</power>
     <gpxtpx:TrackPointExtension>
      <gpxtpx:atemp>16</gpxtpx:atemp>
      <gpxtpx:hr>143</gpxtpx:hr>
      <gpxtpx:cad>88</gpxtpx:cad>
     </gpxtpx:TrackPointExtension>
    </extensions>
   </trkpt>
   <trkpt lat="38.5789510" lon="-121.4651130">
    <ele>11.8</ele>
    <time>2025-11-21T15:24:03Z</time>
    <extensions>
     <power>209</power>
     <gpxtpx:TrackPointExtension>
      <gpxtpx:atemp>16</gpxtpx:atemp>
      <gpxtpx:hr>144</gpxtpx:hr>
      <gpxtpx:cad>88</gpxtpx:cad>
     </gpxtpx:TrackPointExtension>
    </extensions>
   </trkpt>
   <trkpt lat="38.5789420" lon="-121.4650870">
    <ele>11.8</ele>
    <time>2025-11-21T15:24:04Z</time>
    <extensions>
     <power>209</power>
     <gpxtpx:TrackPointExtension>
      <gpxtpx:atemp>16</gpxtpx:atemp>
      <gpxtpx:hr>143</gpxtpx:hr>
      <gpxtpx:cad>89</gpxtpx:cad>
     </gpxtpx:TrackPointExtension>
    </extensions>
   </trkpt>
   <trkpt lat="38.5789340" lon="-121.4650650">
    <ele>11.8</ele>
    <time>2025-11-21T15:24:05Z</time>
    <extensions>
     <power>207</power>
     <gpxtpx:TrackPointExtension>
      <gpxtpx:atemp>16</gpxtpx:atemp>
      <gpxtpx:hr>143</gpxtpx:hr>
      <gpxtpx:cad>89</gpxtpx:cad>
     </gpxtpx:TrackPointExtension>
    </extensions>
   </trkpt>
   <trkpt lat="38.5789260" lon="-121.4650390">
    <ele>11.8</ele>
    <time>2025-11-21T15:24:06Z</time>
    <extensions>
     <power>206</power>
     <gpxtpx:TrackPointExtension>
      <gpxtpx:atemp>16</gpxtpx:atemp>
      <gpxtpx:hr>143</gpxtpx:hr>
      <gpxtpx:cad>89</gpxtpx:cad>
     </gpxtpx:TrackPointExtension>
    </extensions>
   </trkpt>
   <trkpt lat="38.5789160" lon="-121.4650180">
    <ele>11.8</ele>
    <time>2025-11-21T15:24:07Z</time>
    <extensions>
     <power>205</power>
     <gpxtpx:TrackPointExtension>
      <gpxtpx:atemp>16</gpxtpx:atemp>
      <gpxtpx:hr>144</gpxtpx:hr>
      <gpxtpx:cad>90</gpxtpx:cad>
     </gpxtpx:TrackPointExtension>
    </extensions>
   </trkpt>
   <trkpt lat="38.5789130" lon="-121.4649990">
    <ele>11.8</ele>
    <time>2025-11-21T15:24:08Z</time>
    <extensions>
     <power>204</power>
     <gpxtpx:TrackPointExtension>
      <gpxtpx:atemp>16</gpxtpx:atemp>
      <gpxtpx:hr>143</gpxtpx:hr>
      <gpxtpx:cad>90</gpxtpx:cad>
     </gpxtpx:TrackPointExtension>
    </extensions>
   </trkpt>
   <trkpt lat="38.5789150" lon="-121.4649690">
    <ele>11.8</ele>
    <time>2025-11-21T15:24:09Z</time>
    <extensions>
     <power>204</power>
     <gpxtpx:TrackPointExtension>
      <gpxtpx:atemp>16</gpxtpx:atemp>
      <gpxtpx:hr>143</gpxtpx:hr>
      <gpxtpx:cad>90</gpxtpx:cad>
     </gpxtpx:TrackPointExtension>
    </extensions>
   </trkpt>
   <trkpt lat="38.5789110" lon="-121.4649420">
    <ele>11.8</ele>
    <time>2025-11-21T15:24:10Z</time>
    <extensions>
     <power>203</power>
     <gpxtpx:TrackPointExtension>
      <gpxtpx:atemp>16</gpxtpx:atemp>
      <gpxtpx:hr>143</gpxtpx:hr>
      <gpxtpx:cad>90</gpxtpx:cad>
     </gpxtpx:TrackPointExtension>
    </extensions>
   </trkpt>
   <trkpt lat="38.5789070" lon="-121.4649180">
    <ele>11.8</ele>
    <time>2025-11-21T15:24:11Z</time>
    <extensions>
     <power>203</power>
     <gpxtpx:TrackPointExtension>
      <gpxtpx:atemp>16</gpxtpx:atemp>
      <gpxtpx:hr>144</gpxtpx:hr>
      <gpxtpx:cad>90</gpxtpx:cad>
     </gpxtpx:TrackPointExtension>
    </extensions>
   </trkpt>
   <trkpt lat="38.5788990" lon="-121.4648900">
    <ele>11.8</ele>
    <time>2025-11-21T15:24:12Z</time>
    <extensions>
     <power>202</power>
     <gpxtpx:TrackPointExtension>
      <gpxtpx:atemp>16</gpxtpx:atemp>
      <gpxtpx:hr>143</gpxtpx:hr>
      <gpxtpx:cad>90</gpxtpx:cad>
     </gpxtpx:TrackPointExtension>
    </extensions>
   </trkpt>
   <trkpt lat="38.5788920" lon="-121.4648660">
    <ele>11.8</ele>
    <time>2025-11-21T15:24:13Z</time>
    <extensions>
     <power>202</power>
     <gpxtpx:TrackPointExtension>
      <gpxtpx:atemp>16</gpxtpx:atemp>
      <gpxtpx:hr>143</gpxtpx:hr>
      <gpxtpx:cad>89</gpxtpx:cad>
     </gpxtpx:TrackPointExtension>
    </extensions>
   </trkpt>
   <trkpt lat="38.5788790" lon="-121.4648260">
    <ele>11.8</ele>
    <time>2025-11-21T15:24:14Z</time>
    <extensions>
     <power>203</power>
     <gpxtpx:TrackPointExtension>
      <gpxtpx:atemp>16</gpxtpx:atemp>
      <gpxtpx:hr>143</gpxtpx:hr>
      <gpxtpx:cad>89</gpxtpx:cad>
     </gpxtpx:TrackPointExtension>
    </extensions>
   </trkpt>
   <trkpt lat="38.5788760" lon="-121.4647910">
    <ele>11.8</ele>
    <time>2025-11-21T15:24:15Z</time>
    <extensions>
     <power>203</power>
     <gpxtpx:TrackPointExtension>
      <gpxtpx:atemp>16</gpxtpx:atemp>
      <gpxtpx:hr>144</gpxtpx:hr>
      <gpxtpx:cad>89</gpxtpx:cad>
     </gpxtpx:TrackPointExtension>
    </extensions>
   </trkpt>
   <trkpt lat="38.5788630" lon="-121.4647580">
    <ele>12.0</ele>
    <time>2025-11-21T15:24:16Z</time>
    <extensions>
     <power>203</power>
     <gpxtpx:TrackPointExtension>
      <gpxtpx:atemp>16</gpxtpx:atemp>
      <gpxtpx:hr>143</gpxtpx:hr>
      <gpxtpx:cad>89</gpxtpx:cad>
     </gpxtpx:TrackPointExtension>
    </extensions>
   </trkpt>
   <trkpt lat="38.5788580" lon="-121.4647290">
    <ele>12.0</ele>
    <time>2025-11-21T15:24:17Z</time>
    <extensions>
     <power>205</power>
     <gpxtpx:TrackPointExtension>
      <gpxtpx:atemp>16</gpxtpx:atemp>
      <gpxtpx:hr>143</gpxtpx:hr>
      <gpxtpx:cad>90</gpxtpx:cad>
     </gpxtpx:TrackPointExtension>
    </extensions>
   </trkpt>
   <trkpt lat="38.5788490" lon="-121.4647000">
    <ele>12.0</ele>
    <time>2025-11-21T15:24:18Z</time>
    <extensions>
     <power>204</power>
     <gpxtpx:TrackPointExtension>
      <gpxtpx:atemp>16</gpxtpx:atemp>
      <gpxtpx:hr>144</gpxtpx:hr>
      <gpxtpx:cad>90</gpxtpx:cad>
     </gpxtpx:TrackPointExtension>
    </extensions>
   </trkpt>
   <trkpt lat="38.5788450" lon="-121.4646790">
    <ele>12.0</ele>
    <time>2025-11-21T15:24:19Z</time>
    <extensions>
     <power>205</power>
     <gpxtpx:TrackPointExtension>
      <gpxtpx:atemp>16</gpxtpx:atemp>
      <gpxtpx:hr>143</gpxtpx:hr>
      <gpxtpx:cad>88</gpxtpx:cad>
     </gpxtpx:TrackPointExtension>
    </extensions>
   </trkpt>
   <trkpt lat="38.5788340" lon="-121.4646460">
    <ele>12.0</ele>
    <time>2025-11-21T15:24:20Z</time>
    <extensions>
     <power>207</power>
     <gpxtpx:TrackPointExtension>
      <gpxtpx:atemp>16</gpxtpx:atemp>
      <gpxtpx:hr>144</gpxtpx:hr>
      <gpxtpx:cad>88</gpxtpx:cad>
     </gpxtpx:TrackPointExtension>
    </extensions>
   </trkpt>
   <trkpt lat="38.5788310" lon="-121.4646220">
    <ele>12.0</ele>
    <time>2025-11-21T15:24:21Z</time>
    <extensions>
     <power>207</power>
     <gpxtpx:TrackPointExtension>
      <gpxtpx:atemp>16</gpxtpx:atemp>
      <gpxtpx:hr>144</gpxtpx:hr>
      <gpxtpx:cad>88</gpxtpx:cad>
     </gpxtpx:TrackPointExtension>
    </extensions>
   </trkpt>
   <trkpt lat="38.5788200" lon="-121.4645920">
    <ele>12.0</ele>
    <time>2025-11-21T15:24:22Z</time>
    <extensions>
     <power>208</power>
     <gpxtpx:TrackPointExtension>
      <gpxtpx:atemp>16</gpxtpx:atemp>
      <gpxtpx:hr>144</gpxtpx:hr>
      <gpxtpx:cad>89</gpxtpx:cad>
     </gpxtpx:TrackPointExtension>
    </extensions>
   </trkpt>
   <trkpt lat="38.5788100" lon="-121.4645620">
    <ele>11.8</ele>
    <time>2025-11-21T15:24:23Z</time>
    <extensions>
     <power>207</power>
     <gpxtpx:TrackPointExtension>
      <gpxtpx:atemp>16</gpxtpx:atemp>
      <gpxtpx:hr>144</gpxtpx:hr>
      <gpxtpx:cad>90</gpxtpx:cad>
     </gpxtpx:TrackPointExtension>
    </extensions>
   </trkpt>
   <trkpt lat="38.5787990" lon="-121.4645250">
    <ele>11.8</ele>
    <time>2025-11-21T15:24:24Z</time>
    <extensions>
     <power>208</power>
     <gpxtpx:TrackPointExtension>
      <gpxtpx:atemp>16</gpxtpx:atemp>
      <gpxtpx:hr>144</gpxtpx:hr>
      <gpxtpx:cad>90</gpxtpx:cad>
     </gpxtpx:TrackPointExtension>
    </extensions>
   </trkpt>
   <trkpt lat="38.5787900" lon="-121.4644980">
    <ele>12.0</ele>
    <time>2025-11-21T15:24:25Z</time>
    <extensions>
     <power>209</power>
     <gpxtpx:TrackPointExtension>
      <gpxtpx:atemp>16</gpxtpx:atemp>
      <gpxtpx:hr>144</gpxtpx:hr>
      <gpxtpx:cad>90</gpxtpx:cad>
     </gpxtpx:TrackPointExtension>
    </extensions>
   </trkpt>
   <trkpt lat="38.5787870" lon="-121.4644750">
    <ele>12.0</ele>
    <time>2025-11-21T15:24:26Z</time>
    <extensions>
     <power>212</power>
     <gpxtpx:TrackPointExtension>
      <gpxtpx:atemp>16</gpxtpx:atemp>
      <gpxtpx:hr>144</gpxtpx:hr>
      <gpxtpx:cad>90</gpxtpx:cad>
     </gpxtpx:TrackPointExtension>
    </extensions>
   </trkpt>
   <trkpt lat="38.5787860" lon="-121.4644580">
    <ele>12.2</ele>
    <time>2025-11-21T15:24:27Z</time>
    <extensions>
     <power>215</power>
     <gpxtpx:TrackPointExtension>
      <gpxtpx:atemp>16</gpxtpx:atemp>
      <gpxtpx:hr>144</gpxtpx:hr>
      <gpxtpx:cad>90</gpxtpx:cad>
     </gpxtpx:TrackPointExtension>
    </extensions>
   </trkpt>
   <trkpt lat="38.5787860" lon="-121.4644420">
    <ele>12.6</ele>
    <time>2025-11-21T15:24:28Z</time>
    <extensions>
     <power>218</power>
     <gpxtpx:TrackPointExtension>
      <gpxtpx:atemp>16</gpxtpx:atemp>
      <gpxtpx:hr>144</gpxtpx:hr>
      <gpxtpx:cad>90</gpxtpx:cad>
     </gpxtpx:TrackPointExtension>
    </extensions>
   </trkpt>
   <trkpt lat="38.5785950" lon="-121.4643470">
    <ele>12.2</ele>
    <time>2025-11-21T15:24:52Z</time>
    <extensions>
     <gpxtpx:TrackPointExtension>
      <gpxtpx:atemp>16</gpxtpx:atemp>
      <gpxtpx:hr>138</gpxtpx:hr>
      <gpxtpx:cad>0</gpxtpx:cad>
     </gpxtpx:TrackPointExtension>
    </extensions>
   </trkpt>
   <trkpt lat="38.5785840" lon="-121.4643120">
    <ele>12.2</ele>
    <time>2025-11-21T15:24:53Z</time>
    <extensions>
     <power>0</power>
     <gpxtpx:TrackPointExtension>
      <gpxtpx:atemp>16</gpxtpx:atemp>
      <gpxtpx:hr>138</gpxtpx:hr>
      <gpxtpx:cad>0</gpxtpx:cad>
     </gpxtpx:TrackPointExtension>
    </extensions>
   </trkpt>
   <trkpt lat="38.5785800" lon="-121.4642810">
    <ele>12.2</ele>
    <time>2025-11-21T15:24:54Z</time>
    <extensions>
     <power>0</power>
     <gpxtpx:TrackPointExtension>
      <gpxtpx:atemp>16</gpxtpx:atemp>
      <gpxtpx:hr>137</gpxtpx:hr>
      <gpxtpx:cad>0</gpxtpx:cad>
     </gpxtpx:TrackPointExtension>
    </extensions>
   </trkpt>
   <trkpt lat="38.5785710" lon="-121.4642530">
    <ele>12.2</ele>
    <time>2025-11-21T15:24:55Z</time>
    <extensions>
     <power>0</power>
     <gpxtpx:TrackPointExtension>
      <gpxtpx:atemp>16</gpxtpx:atemp>
      <gpxtpx:hr>138</gpxtpx:hr>
      <gpxtpx:cad>0</gpxtpx:cad>
     </gpxtpx:TrackPointExtension>
    </extensions>
   </trkpt>
   <trkpt lat="38.5785670" lon="-121.4642250">
    <ele>12.2</ele>
    <time>2025-11-21T15:24:56Z</time>
    <extensions>
     <power>0</power>
     <gpxtpx:TrackPointExtension>
      <gpxtpx:atemp>16</gpxtpx:atemp>
      <gpxtpx:hr>138</gpxtpx:hr>
      <gpxtpx:cad>0</gpxtpx:cad>
     </gpxtpx:TrackPointExtension>
    </extensions>
   </trkpt>
   <trkpt lat="38.5785620" lon="-121.4641980">
    <ele>12.2</ele>
    <time>2025-11-21T15:24:57Z</time>
    <extensions>
     <power>0</power>
     <gpxtpx:TrackPointExtension>
      <gpxtpx:atemp>16</gpxtpx:atemp>
      <gpxtpx:hr>138</gpxtpx:hr>
      <gpxtpx:cad>44</gpxtpx:cad>
     </gpxtpx:TrackPointExtension>
    </extensions>
   </trkpt>
   <trkpt lat="38.5785570" lon="-121.4641800">
    <ele>12.2</ele>
    <time>2025-11-21T15:24:58Z</time>
    <extensions>
     <power>150</power>
     <gpxtpx:TrackPointExtension>
      <gpxtpx:atemp>16</gpxtpx:atemp>
      <gpxtpx:hr>138</gpxtpx:hr>
      <gpxtpx:cad>44</gpxtpx:cad>
     </gpxtpx:TrackPointExtension>
    </extensions>
   </trkpt>
   <trkpt lat="38.5785500" lon="-121.4641590">
    <ele>12.0</ele>
    <time>2025-11-21T15:24:59Z</time>
    <extensions>
     <power>96</power>
     <gpxtpx:TrackPointExtension>
      <gpxtpx:atemp>16</gpxtpx:atemp>
      <gpxtpx:hr>138</gpxtpx:hr>
      <gpxtpx:cad>44</gpxtpx:cad>
     </gpxtpx:TrackPointExtension>
    </extensions>
   </trkpt>
   <trkpt lat="38.5785450" lon="-121.4641440">
    <ele>12.0</ele>
    <time>2025-11-21T15:25:00Z</time>
    <extensions>
     <power>92</power>
     <gpxtpx:TrackPointExtension>
      <gpxtpx:atemp>16</gpxtpx:atemp>
      <gpxtpx:hr>138</gpxtpx:hr>
      <gpxtpx:cad>44</gpxtpx:cad>
     </gpxtpx:TrackPointExtension>
    </extensions>
   </trkpt>
   <trkpt lat="38.5785410" lon="-121.4641280">
    <ele>11.8</ele>
    <time>2025-11-21T15:25:01Z</time>
    <extensions>
     <power>157</power>
     <gpxtpx:TrackPointExtension>
      <gpxtpx:atemp>16</gpxtpx:atemp>
      <gpxtpx:hr>138</gpxtpx:hr>
      <gpxtpx:cad>87</gpxtpx:cad>
     </gpxtpx:TrackPointExtension>
    </extensions>
   </trkpt>
   <trkpt lat="38.5785330" lon="-121.4641020">
    <ele>11.8</ele>
    <time>2025-11-21T15:25:02Z</time>
    <extensions>
     <power>144</power>
     <gpxtpx:TrackPointExtension>
      <gpxtpx:atemp>16</gpxtpx:atemp>
      <gpxtpx:hr>138</gpxtpx:hr>
      <gpxtpx:cad>87</gpxtpx:cad>
     </gpxtpx:TrackPointExtension>
    </extensions>
   </trkpt>
   <trkpt lat="38.5785200" lon="-121.4640780">
    <ele>11.8</ele>
    <time>2025-11-21T15:25:03Z</time>
    <extensions>
     <power>144</power>
     <gpxtpx:TrackPointExtension>
      <gpxtpx:atemp>16</gpxtpx:atemp>
      <gpxtpx:hr>138</gpxtpx:hr>
      <gpxtpx:cad>87</gpxtpx:cad>
     </gpxtpx:TrackPointExtension>
    </extensions>
   </trkpt>
   <trkpt lat="38.5785130" lon="-121.4640550">
    <ele>11.8</ele>
    <time>2025-11-21T15:25:04Z</time>
    <extensions>
     <power>163</power>
     <gpxtpx:TrackPointExtension>
      <gpxtpx:atemp>16</gpxtpx:atemp>
      <gpxtpx:hr>138</gpxtpx:hr>
      <gpxtpx:cad>87</gpxtpx:cad>
     </gpxtpx:TrackPointExtension>
    </extensions>
   </trkpt>
   <trkpt lat="38.5785030" lon="-121.4640330">
    <ele>11.8</ele>
    <time>2025-11-21T15:25:05Z</time>
    <extensions>
     <power>201</power>
     <gpxtpx:TrackPointExtension>
      <gpxtpx:atemp>16</gpxtpx:atemp>
      <gpxtpx:hr>138</gpxtpx:hr>
      <gpxtpx:cad>87</gpxtpx:cad>
     </gpxtpx:TrackPointExtension>
    </extensions>
   </trkpt>
   <trkpt lat="38.5784960" lon="-121.4640100">
    <ele>12.0</ele>
    <time>2025-11-21T15:25:06Z</time>
    <extensions>
     <power>207</power>
     <gpxtpx:TrackPointExtension>
      <gpxtpx:atemp>16</gpxtpx:atemp>
      <gpxtpx:hr>138</gpxtpx:hr>
      <gpxtpx:cad>87</gpxtpx:cad>
     </gpxtpx:TrackPointExtension>
    </extensions>
   </trkpt>
   <trkpt lat="38.5784910" lon="-121.4639890">
    <ele>12.0</ele>
    <time>2025-11-21T15:25:07Z</time>
    <extensions>
     <power>208</power>
     <gpxtpx:TrackPointExtension>
      <gpxtpx:atemp>16</gpxtpx:atemp>
      <gpxtpx:hr>138</gpxtpx:hr>
      <gpxtpx:cad>87</gpxtpx:cad>
     </gpxtpx:TrackPointExtension>
    </extensions>
   </trkpt>
   <trkpt lat="38.5784880" lon="-121.4639620">
    <ele>12.0</ele>
    <time>2025-11-21T15:25:08Z</time>
    <extensions>
     <power>205</power>
     <gpxtpx:TrackPointExtension>
      <gpxtpx:atemp>16</gpxtpx:atemp>
      <gpxtpx:hr>138</gpxtpx:hr>
      <gpxtpx:cad>87</gpxtpx:cad>
     </gpxtpx:TrackPointExtension>
    </extensions>
   </trkpt>
   <trkpt lat="38.5784790" lon="-121.4639350">
    <ele>12.0</ele>
    <time>2025-11-21T15:25:09Z</time>
    <extensions>
     <power>187</power>
     <gpxtpx:TrackPointExtension>
      <gpxtpx:atemp>16</gpxtpx:atemp>
      <gpxtpx:hr>138</gpxtpx:hr>
      <gpxtpx:cad>46</gpxtpx:cad>
     </gpxtpx:TrackPointExtension>
    </extensions>
   </trkpt>
   <trkpt lat="38.5784700" lon="-121.4639150">
    <ele>12.2</ele>
    <time>2025-11-21T15:25:10Z</time>
    <extensions>
     <power>102</power>
     <gpxtpx:TrackPointExtension>
      <gpxtpx:atemp>16</gpxtpx:atemp>
      <gpxtpx:hr>138</gpxtpx:hr>
      <gpxtpx:cad>46</gpxtpx:cad>
     </gpxtpx:TrackPointExtension>
    </extensions>
   </trkpt>
   <trkpt lat="38.5784620" lon="-121.4638930">
    <ele>12.2</ele>
    <time>2025-11-21T15:25:11Z</time>
    <extensions>
     <power>102</power>
     <gpxtpx:TrackPointExtension>
      <gpxtpx:atemp>16</gpxtpx:atemp>
      <gpxtpx:hr>138</gpxtpx:hr>
      <gpxtpx:cad>46</gpxtpx:cad>
     </gpxtpx:TrackPointExtension>
    </extensions>
   </trkpt>
   <trkpt lat="38.5784510" lon="-121.4638670">
    <ele>12.0</ele>
    <time>2025-11-21T15:25:12Z</time>
    <extensions>
     <power>99</power>
     <gpxtpx:TrackPointExtension>
      <gpxtpx:atemp>16</gpxtpx:atemp>
      <gpxtpx:hr>138</gpxtpx:hr>
      <gpxtpx:cad>46</gpxtpx:cad>
     </gpxtpx:TrackPointExtension>
    </extensions>
   </trkpt>
   <trkpt lat="38.5784440" lon="-121.4638370">
    <ele>12.0</ele>
    <time>2025-11-21T15:25:13Z</time>
    <extensions>
     <power>97</power>
     <gpxtpx:TrackPointExtension>
      <gpxtpx:atemp>16</gpxtpx:atemp>
      <gpxtpx:hr>138</gpxtpx:hr>
      <gpxtpx:cad>46</gpxtpx:cad>
     </gpxtpx:TrackPointExtension>
    </extensions>
   </trkpt>
   <trkpt lat="38.5784380" lon="-121.4638090">
    <ele>12.0</ele>
    <time>2025-11-21T15:25:14Z</time>
    <extensions>
     <power>97</power>
     <gpxtpx:TrackPointExtension>
      <gpxtpx:atemp>16</gpxtpx:atemp>
      <gpxtpx:hr>137</gpxtpx:hr>
      <gpxtpx:cad>46</gpxtpx:cad>
     </gpxtpx:TrackPointExtension>
    </extensions>
   </trkpt>
   <trkpt lat="38.5784300" lon="-121.4637780">
    <ele>11.8</ele>
    <time>2025-11-21T15:25:15Z</time>
    <extensions>
     <power>99</power>
     <gpxtpx:TrackPointExtension>
      <gpxtpx:atemp>16</gpxtpx:atemp>
      <gpxtpx:hr>138</gpxtpx:hr>
      <gpxtpx:cad>46</gpxtpx:cad>
     </gpxtpx:TrackPointExtension>
    </extensions>
   </trkpt>
   <trkpt lat="38.5784190" lon="-121.4637500">
    <ele>11.8</ele>
    <time>2025-11-21T15:25:16Z</time>
    <extensions>
     <power>100</power>
     <gpxtpx:TrackPointExtension>
      <gpxtpx:atemp>16</gpxtpx:atemp>
      <gpxtpx:hr>138</gpxtpx:hr>
      <gpxtpx:cad>46</gpxtpx:cad>
     </gpxtpx:TrackPointExtension>
    </extensions>
   </trkpt>
   <trkpt lat="38.5784150" lon="-121.4637200">
    <ele>12.0</ele>
    <time>2025-11-21T15:25:17Z</time>
    <extensions>
     <power>105</power>
     <gpxtpx:TrackPointExtension>
      <gpxtpx:atemp>16</gpxtpx:atemp>
      <gpxtpx:hr>137</gpxtpx:hr>
      <gpxtpx:cad>88</gpxtpx:cad>
     </gpxtpx:TrackPointExtension>
    </extensions>
   </trkpt>
   <trkpt lat="38.5784110" lon="-121.4636940">
    <ele>12.0</ele>
    <time>2025-11-21T15:25:18Z</time>
    <extensions>
     <power>191</power>
     <gpxtpx:TrackPointExtension>
      <gpxtpx:atemp>16</gpxtpx:atemp>
      <gpxtpx:hr>138</gpxtpx:hr>
      <gpxtpx:cad>88</gpxtpx:cad>
     </gpxtpx:TrackPointExtension>
    </extensions>
   </trkpt>
   <trkpt lat="38.5784030" lon="-121.4636660">
    <ele>12.0</ele>
    <time>2025-11-21T15:25:19Z</time>
    <extensions>
     <power>195</power>
     <gpxtpx:TrackPointExtension>
      <gpxtpx:atemp>16</gpxtpx:atemp>
      <gpxtpx:hr>138</gpxtpx:hr>
      <gpxtpx:cad>88</gpxtpx:cad>
     </gpxtpx:TrackPointExtension>
    </extensions>
   </trkpt>
   <trkpt lat="38.5783920" lon="-121.4636350">
    <ele>12.0</ele>
    <time>2025-11-21T15:25:20Z</time>
    <extensions>
     <power>198</power>
     <gpxtpx:TrackPointExtension>
      <gpxtpx:atemp>16</gpxtpx:atemp>
      <gpxtpx:hr>137</gpxtpx:hr>
      <gpxtpx:cad>88</gpxtpx:cad>
     </gpxtpx:TrackPointExtension>
    </extensions>
   </trkpt>
   <trkpt lat="38.5783830" lon="-121.4636110">
    <ele>12.0</ele>
    <time>2025-11-21T15:25:21Z</time>
    <extensions>
     <power>203</power>
     <gpxtpx:TrackPointExtension>
      <gpxtpx:atemp>16</gpxtpx:atemp>
      <gpxtpx:hr>137</gpxtpx:hr>
      <gpxtpx:cad>87</gpxtpx:cad>
     </gpxtpx:TrackPointExtension>
    </extensions>
   </trkpt>
   <trkpt lat="38.5783690" lon="-121.4635790">
    <ele>11.8</ele>
    <time>2025-11-21T15:25:22Z</time>
    <extensions>
     <power>204</power>
     <gpxtpx:TrackPointExtension>
      <gpxtpx:atemp>16</gpxtpx:atemp>
      <gpxtpx:hr>137</gpxtpx:hr>
      <gpxtpx:cad>88</gpxtpx:cad>
     </gpxtpx:TrackPointExtension>
    </extensions>
   </trkpt>
   <trkpt lat="38.5783650" lon="-121.4635500">
    <ele>11.8</ele>
    <time>2025-11-21T15:25:23Z</time>
    <extensions>
     <power>204</power>
     <gpxtpx:TrackPointExtension>
      <gpxtpx:atemp>16</gpxtpx:atemp>
      <gpxtpx:hr>138</gpxtpx:hr>
      <gpxtpx:cad>87</gpxtpx:cad>
     </gpxtpx:TrackPointExtension>
    </extensions>
   </trkpt>
   <trkpt lat="38.5783570" lon="-121.4635180">
    <ele>11.8</ele>
    <time>2025-11-21T15:25:24Z</time>
    <extensions>
     <power>218</power>
     <gpxtpx:TrackPointExtension>
      <gpxtpx:atemp>16</gpxtpx:atemp>
      <gpxtpx:hr>137</gpxtpx:hr>
      <gpxtpx:cad>88</gpxtpx:cad>
     </gpxtpx:TrackPointExtension>
    </extensions>
   </trkpt>
   <trkpt lat="38.5783510" lon="-121.4634910">
    <ele>11.8</ele>
    <time>2025-11-21T15:25:25Z</time>
    <extensions>
     <power>226</power>
     <gpxtpx:TrackPointExtension>
      <gpxtpx:atemp>16</gpxtpx:atemp>
      <gpxtpx:hr>137</gpxtpx:hr>
      <gpxtpx:cad>88</gpxtpx:cad>
     </gpxtpx:TrackPointExtension>
    </extensions>
   </trkpt>
   <trkpt lat="38.5783370" lon="-121.4634620">
    <ele>11.8</ele>
    <time>2025-11-21T15:25:26Z</time>
    <extensions>
     <power>229</power>
     <gpxtpx:TrackPointExtension>
      <gpxtpx:atemp>16</gpxtpx:atemp>
      <gpxtpx:hr>137</gpxtpx:hr>
      <gpxtpx:cad>89</gpxtpx:cad>
     </gpxtpx:TrackPointExtension>
    </extensions>
   </trkpt>
   <trkpt lat="38.5783320" lon="-121.4634430">
    <ele>11.8</ele>
    <time>2025-11-21T15:25:27Z</time>
    <extensions>
     <power>235</power>
     <gpxtpx:TrackPointExtension>
      <gpxtpx:atemp>16</gpxtpx:atemp>
      <gpxtpx:hr>137</gpxtpx:hr>
      <gpxtpx:cad>89</gpxtpx:cad>
     </gpxtpx:TrackPointExtension>
    </extensions>
   </trkpt>
   <trkpt lat="38.5783190" lon="-121.4634070">
    <ele>11.8</ele>
    <time>2025-11-21T15:25:28Z</time>
    <extensions>
     <power>230</power>
     <gpxtpx:TrackPointExtension>
      <gpxtpx:atemp>16</gpxtpx:atemp>
      <gpxtpx:hr>137</gpxtpx:hr>
      <gpxtpx:cad>89</gpxtpx:cad>
     </gpxtpx:TrackPointExtension>
    </extensions>
   </trkpt>
   <trkpt lat="38.5783150" lon="-121.4633810">
    <ele>11.8</ele>
    <time>2025-11-21T15:25:29Z</time>
    <extensions>
     <power>231</power>
     <gpxtpx:TrackPointExtension>
      <gpxtpx:atemp>16</gpxtpx:atemp>
      <gpxtpx:hr>138</gpxtpx:hr>
      <gpxtpx:cad>89</gpxtpx:cad>
     </gpxtpx:TrackPointExtension>
    </extensions>
   </trkpt>
   <trkpt lat="38.5783070" lon="-121.4633530">
    <ele>11.8</ele>
    <time>2025-11-21T15:25:30Z</time>
    <extensions>
     <power>230</power>
     <gpxtpx:TrackPointExtension>
      <gpxtpx:atemp>16</gpxtpx:atemp>
      <gpxtpx:hr>137</gpxtpx:hr>
      <gpxtpx:cad>89</gpxtpx:cad>
     </gpxtpx:TrackPointExtension>
    </extensions>
   </trkpt>
   <trkpt lat="38.5783020" lon="-121.4633290">
    <ele>11.8</ele>
    <time>2025-11-21T15:25:31Z</time>
    <extensions>
     <power>228</power>
     <gpxtpx:TrackPointExtension>
      <gpxtpx:atemp>16</gpxtpx:atemp>
      <gpxtpx:hr>137</gpxtpx:hr>
      <gpxtpx:cad>89</gpxtpx:cad>
     </gpxtpx:TrackPointExtension>
    </extensions>
   </trkpt>
   <trkpt lat="38.5782950" lon="-121.4632970">
    <ele>11.8</ele>
    <time>2025-11-21T15:25:32Z</time>
    <extensions>
     <power>218</power>
     <gpxtpx:TrackPointExtension>
      <gpxtpx:atemp>16</gpxtpx:atemp>
      <gpxtpx:hr>138</gpxtpx:hr>
      <gpxtpx:cad>89</gpxtpx:cad>
     </gpxtpx:TrackPointExtension>
    </extensions>
   </trkpt>
   <trkpt lat="38.5782900" lon="-121.4632720">
    <ele>11.8</ele>
    <time>2025-11-21T15:25:33Z</time>
    <extensions>
     <power>217</power>
     <gpxtpx:TrackPointExtension>
      <gpxtpx:atemp>16</gpxtpx:atemp>
      <gpxtpx:hr>137</gpxtpx:hr>
      <gpxtpx:cad>89</gpxtpx:cad>
     </gpxtpx:TrackPointExtension>
    </extensions>
   </trkpt>
   <trkpt lat="38.5782820" lon="-121.4632400">
    <ele>11.8</ele>
    <time>2025-11-21T15:25:34Z</time>
    <extensions>
     <power>217</power>
     <gpxtpx:TrackPointExtension>
      <gpxtpx:atemp>16</gpxtpx:atemp>
      <gpxtpx:hr>137</gpxtpx:hr>
      <gpxtpx:cad>89</gpxtpx:cad>
     </gpxtpx:TrackPointExtension>
    </extensions>
   </trkpt>
   <trkpt lat="38.5782790" lon="-121.4632140">
    <ele>11.6</ele>
    <time>2025-11-21T15:25:35Z</time>
    <extensions>
     <power>217</power>
     <gpxtpx:TrackPointExtension>
      <gpxtpx:atemp>16</gpxtpx:atemp>
      <gpxtpx:hr>137</gpxtpx:hr>
      <gpxtpx:cad>89</gpxtpx:cad>
     </gpxtpx:TrackPointExtension>
    </extensions>
   </trkpt>
   <trkpt lat="38.5782710" lon="-121.4631890">
    <ele>11.6</ele>
    <time>2025-11-21T15:25:36Z</time>
    <extensions>
     <power>220</power>
     <gpxtpx:TrackPointExtension>
      <gpxtpx:atemp>16</gpxtpx:atemp>
      <gpxtpx:hr>137</gpxtpx:hr>
      <gpxtpx:cad>89</gpxtpx:cad>
     </gpxtpx:TrackPointExtension>
    </extensions>
   </trkpt>
   <trkpt lat="38.5782630" lon="-121.4631640">
    <ele>11.6</ele>
    <time>2025-11-21T15:25:37Z</time>
    <extensions>
     <power>220</power>
     <gpxtpx:TrackPointExtension>
      <gpxtpx:atemp>16</gpxtpx:atemp>
      <gpxtpx:hr>138</gpxtpx:hr>
      <gpxtpx:cad>90</gpxtpx:cad>
     </gpxtpx:TrackPointExtension>
    </extensions>
   </trkpt>
   <trkpt lat="38.5782520" lon="-121.4631330">
    <ele>11.6</ele>
    <time>2025-11-21T15:25:38Z</time>
    <extensions>
     <power>213</power>
     <gpxtpx:TrackPointExtension>
      <gpxtpx:atemp>16</gpxtpx:atemp>
      <gpxtpx:hr>137</gpxtpx:hr>
      <gpxtpx:cad>90</gpxtpx:cad>
     </gpxtpx:TrackPointExtension>
    </extensions>
   </trkpt>
   <trkpt lat="38.5782470" lon="-121.4631100">
    <ele>11.6</ele>
    <time>2025-11-21T15:25:39Z</time>
    <extensions>
     <power>213</power>
     <gpxtpx:TrackPointExtension>
      <gpxtpx:atemp>16</gpxtpx:atemp>
      <gpxtpx:hr>138</gpxtpx:hr>
      <gpxtpx:cad>90</gpxtpx:cad>
     </gpxtpx:TrackPointExtension>
    </extensions>
   </trkpt>
   <trkpt lat="38.5782410" lon="-121.4630840">
    <ele>11.6</ele>
    <time>2025-11-21T15:25:40Z</time>
    <extensions>
     <power>217</power>
     <gpxtpx:TrackPointExtension>
      <gpxtpx:atemp>16</gpxtpx:atemp>
      <gpxtpx:hr>138</gpxtpx:hr>
      <gpxtpx:cad>90</gpxtpx:cad>
     </gpxtpx:TrackPointExtension>
    </extensions>
   </trkpt>
   <trkpt lat="38.5782350" lon="-121.4630620">
    <ele>11.6</ele>
    <time>2025-11-21T15:25:41Z</time>
    <extensions>
     <power>216</power>
     <gpxtpx:TrackPointExtension>
      <gpxtpx:atemp>16</gpxtpx:atemp>
      <gpxtpx:hr>138</gpxtpx:hr>
      <gpxtpx:cad>90</gpxtpx:cad>
     </gpxtpx:TrackPointExtension>
    </extensions>
   </trkpt>
   <trkpt lat="38.5782290" lon="-121.4630360">
    <ele>11.6</ele>
    <time>2025-11-21T15:25:42Z</time>
    <extensions>
     <power>213</power>
     <gpxtpx:TrackPointExtension>
      <gpxtpx:atemp>16</gpxtpx:atemp>
      <gpxtpx:hr>138</gpxtpx:hr>
      <gpxtpx:cad>90</gpxtpx:cad>
     </gpxtpx:TrackPointExtension>
    </extensions>
   </trkpt>
   <trkpt lat="38.5782220" lon="-121.4630090">
    <ele>11.6</ele>
    <time>2025-11-21T15:25:43Z</time>
    <extensions>
     <power>210</power>
     <gpxtpx:TrackPointExtension>
      <gpxtpx:atemp>16</gpxtpx:atemp>
      <gpxtpx:hr>137</gpxtpx:hr>
      <gpxtpx:cad>89</gpxtpx:cad>
     </gpxtpx:TrackPointExtension>
    </extensions>
   </trkpt>
   <trkpt lat="38.5782170" lon="-121.4629780">
    <ele>11.6</ele>
    <time>2025-11-21T15:25:44Z</time>
    <extensions>
     <power>206</power>
     <gpxtpx:TrackPointExtension>
      <gpxtpx:atemp>16</gpxtpx:atemp>
      <gpxtpx:hr>138</gpxtpx:hr>
      <gpxtpx:cad>88</gpxtpx:cad>
     </gpxtpx:TrackPointExtension>
    </extensions>
   </trkpt>
   <trkpt lat="38.5782120" lon="-121.4629480">
    <ele>11.6</ele>
    <time>2025-11-21T15:25:45Z</time>
    <extensions>
     <power>208</power>
     <gpxtpx:TrackPointExtension>
      <gpxtpx:atemp>16</gpxtpx:atemp>
      <gpxtpx:hr>138</gpxtpx:hr>
      <gpxtpx:cad>87</gpxtpx:cad>
     </gpxtpx:TrackPointExtension>
    </extensions>
   </trkpt>
   <trkpt lat="38.5782070" lon="-121.4629220">
    <ele>11.6</ele>
    <time>2025-11-21T15:25:46Z</time>
    <extensions>
     <power>216</power>
     <gpxtpx:TrackPointExtension>
      <gpxtpx:atemp>16</gpxtpx:atemp>
      <gpxtpx:hr>138</gpxtpx:hr>
      <gpxtpx:cad>87</gpxtpx:cad>
     </gpxtpx:TrackPointExtension>
    </extensions>
   </trkpt>
   <trkpt lat="38.5781960" lon="-121.4628890">
    <ele>11.6</ele>
    <time>2025-11-21T15:25:47Z</time>
    <extensions>
     <power>216</power>
     <gpxtpx:TrackPointExtension>
      <gpxtpx:atemp>16</gpxtpx:atemp>
      <gpxtpx:hr>138</gpxtpx:hr>
      <gpxtpx:cad>87</gpxtpx:cad>
     </gpxtpx:TrackPointExtension>
    </extensions>
   </trkpt>
   <trkpt lat="38.5781890" lon="-121.4628580">
    <ele>11.4</ele>
    <time>2025-11-21T15:25:48Z</time>
    <extensions>
     <power>225</power>
     <gpxtpx:TrackPointExtension>
      <gpxtpx:atemp>16</gpxtpx:atemp>
      <gpxtpx:hr>138</gpxtpx:hr>
      <gpxtpx:cad>87</gpxtpx:cad>
     </gpxtpx:TrackPointExtension>
    </extensions>
   </trkpt>
   <trkpt lat="38.5781790" lon="-121.4628230">
    <ele>11.4</ele>
    <time>2025-11-21T15:25:49Z</time>
    <extensions>
     <power>227</power>
     <gpxtpx:TrackPointExtension>
      <gpxtpx:atemp>16</gpxtpx:atemp>
      <gpxtpx:hr>138</gpxtpx:hr>
      <gpxtpx:cad>88</gpxtpx:cad>
     </gpxtpx:TrackPointExtension>
    </extensions>
   </trkpt>
   <trkpt lat="38.5781780" lon="-121.4627980">
    <ele>11.4</ele>
    <time>2025-11-21T15:25:50Z</time>
    <extensions>
     <power>226</power>
     <gpxtpx:TrackPointExtension>
      <gpxtpx:atemp>16</gpxtpx:atemp>
      <gpxtpx:hr>138</gpxtpx:hr>
      <gpxtpx:cad>88</gpxtpx:cad>
     </gpxtpx:TrackPointExtension>
    </extensions>
   </trkpt>
   <trkpt lat="38.5781690" lon="-121.4627640">
    <ele>11.4</ele>
    <time>2025-11-21T15:25:51Z</time>
    <extensions>
     <power>227</power>
     <gpxtpx:TrackPointExtension>
      <gpxtpx:atemp>16</gpxtpx:atemp>
      <gpxtpx:hr>138</gpxtpx:hr>
      <gpxtpx:cad>88</gpxtpx:cad>
     </gpxtpx:TrackPointExtension>
    </extensions>
   </trkpt>
   <trkpt lat="38.5781650" lon="-121.4627390">
    <ele>11.4</ele>
    <time>2025-11-21T15:25:52Z</time>
    <extensions>
     <power>227</power>
     <gpxtpx:TrackPointExtension>
      <gpxtpx:atemp>16</gpxtpx:atemp>
      <gpxtpx:hr>138</gpxtpx:hr>
      <gpxtpx:cad>88</gpxtpx:cad>
     </gpxtpx:TrackPointExtension>
    </extensions>
   </trkpt>
   <trkpt lat="38.5781560" lon="-121.4627070">
    <ele>11.6</ele>
    <time>2025-11-21T15:25:53Z</time>
    <extensions>
     <power>223</power>
     <gpxtpx:TrackPointExtension>
      <gpxtpx:atemp>16</gpxtpx:atemp>
      <gpxtpx:hr>138</gpxtpx:hr>
      <gpxtpx:cad>89</gpxtpx:cad>
     </gpxtpx:TrackPointExtension>
    </extensions>
   </trkpt>
   <trkpt lat="38.5781530" lon="-121.4626820">
    <ele>11.6</ele>
    <time>2025-11-21T15:25:54Z</time>
    <extensions>
     <power>222</power>
     <gpxtpx:TrackPointExtension>
      <gpxtpx:atemp>16</gpxtpx:atemp>
      <gpxtpx:hr>138</gpxtpx:hr>
      <gpxtpx:cad>89</gpxtpx:cad>
     </gpxtpx:TrackPointExtension>
    </extensions>
   </trkpt>
   <trkpt lat="38.5781440" lon="-121.4626480">
    <ele>11.6</ele>
    <time>2025-11-21T15:25:55Z</time>
    <extensions>
     <power>222</power>
     <gpxtpx:TrackPointExtension>
      <gpxtpx:atemp>16</gpxtpx:atemp>
      <gpxtpx:hr>139</gpxtpx:hr>
      <gpxtpx:cad>88</gpxtpx:cad>
     </gpxtpx:TrackPointExtension>
    </extensions>
   </trkpt>
   <trkpt lat="38.5781430" lon="-121.4626250">
    <ele>11.6</ele>
    <time>2025-11-21T15:25:56Z</time>
    <extensions>
     <power>223</power>
     <gpxtpx:TrackPointExtension>
      <gpxtpx:atemp>16</gpxtpx:atemp>
      <gpxtpx:hr>139</gpxtpx:hr>
      <gpxtpx:cad>88</gpxtpx:cad>
     </gpxtpx:TrackPointExtension>
    </extensions>
   </trkpt>
   <trkpt lat="38.5781350" lon="-121.4625940">
    <ele>11.6</ele>
    <time>2025-11-21T15:25:57Z</time>
    <extensions>
     <power>222</power>
     <gpxtpx:TrackPointExtension>
      <gpxtpx:atemp>16</gpxtpx:atemp>
      <gpxtpx:hr>139</gpxtpx:hr>
      <gpxtpx:cad>88</gpxtpx:cad>
     </gpxtpx:TrackPointExtension>
    </extensions>
   </trkpt>
   <trkpt lat="38.5781310" lon="-121.4625730">
    <ele>11.6</ele>
    <time>2025-11-21T15:25:58Z</time>
    <extensions>
     <power>222</power>
     <gpxtpx:TrackPointExtension>
      <gpxtpx:atemp>16</gpxtpx:atemp>
      <gpxtpx:hr>139</gpxtpx:hr>
      <gpxtpx:cad>89</gpxtpx:cad>
     </gpxtpx:TrackPointExtension>
    </extensions>
   </trkpt>
   <trkpt lat="38.5781280" lon="-121.4625450">
    <ele>11.6</ele>
    <time>2025-11-21T15:25:59Z</time>
    <extensions>
     <power>221</power>
     <gpxtpx:TrackPointExtension>
      <gpxtpx:atemp>16</gpxtpx:atemp>
      <gpxtpx:hr>139</gpxtpx:hr>
      <gpxtpx:cad>89</gpxtpx:cad>
     </gpxtpx:TrackPointExtension>
    </extensions>
   </trkpt>
   <trkpt lat="38.5781220" lon="-121.4625210">
    <ele>11.6</ele>
    <time>2025-11-21T15:26:00Z</time>
    <extensions>
     <power>220</power>
     <gpxtpx:TrackPointExtension>
      <gpxtpx:atemp>16</gpxtpx:atemp>
      <gpxtpx:hr>139</gpxtpx:hr>
      <gpxtpx:cad>89</gpxtpx:cad>
     </gpxtpx:TrackPointExtension>
    </extensions>
   </trkpt>
   <trkpt lat="38.5781150" lon="-121.4624930">
    <ele>11.6</ele>
    <time>2025-11-21T15:26:01Z</time>
    <extensions>
     <power>219</power>
     <gpxtpx:TrackPointExtension>
      <gpxtpx:atemp>16</gpxtpx:atemp>
      <gpxtpx:hr>139</gpxtpx:hr>
      <gpxtpx:cad>89</gpxtpx:cad>
     </gpxtpx:TrackPointExtension>
    </extensions>
   </trkpt>
   <trkpt lat="38.5781080" lon="-121.4624740">
    <ele>11.6</ele>
    <time>2025-11-21T15:26:02Z</time>
    <extensions>
     <power>219</power>
     <gpxtpx:TrackPointExtension>
      <gpxtpx:atemp>16</gpxtpx:atemp>
      <gpxtpx:hr>139</gpxtpx:hr>
      <gpxtpx:cad>88</gpxtpx:cad>
     </gpxtpx:TrackPointExtension>
    </extensions>
   </trkpt>
   <trkpt lat="38.5781000" lon="-121.4624470">
    <ele>11.6</ele>
    <time>2025-11-21T15:26:03Z</time>
    <extensions>
     <power>220</power>
     <gpxtpx:TrackPointExtension>
      <gpxtpx:atemp>16</gpxtpx:atemp>
      <gpxtpx:hr>139</gpxtpx:hr>
      <gpxtpx:cad>88</gpxtpx:cad>
     </gpxtpx:TrackPointExtension>
    </extensions>
   </trkpt>
   <trkpt lat="38.5780890" lon="-121.4624190">
    <ele>11.8</ele>
    <time>2025-11-21T15:26:04Z</time>
    <extensions>
     <power>218</power>
     <gpxtpx:TrackPointExtension>
      <gpxtpx:atemp>16</gpxtpx:atemp>
      <gpxtpx:hr>139</gpxtpx:hr>
      <gpxtpx:cad>89</gpxtpx:cad>
     </gpxtpx:TrackPointExtension>
    </extensions>
   </trkpt>
   <trkpt lat="38.5780830" lon="-121.4623910">
    <ele>11.8</ele>
    <time>2025-11-21T15:26:05Z</time>
    <extensions>
     <power>218</power>
     <gpxtpx:TrackPointExtension>
      <gpxtpx:atemp>16</gpxtpx:atemp>
      <gpxtpx:hr>139</gpxtpx:hr>
      <gpxtpx:cad>89</gpxtpx:cad>
     </gpxtpx:TrackPointExtension>
    </extensions>
   </trkpt>
   <trkpt lat="38.5780770" lon="-121.4623690">
    <ele>11.8</ele>
    <time>2025-11-21T15:26:06Z</time>
    <extensions>
     <power>219</power>
     <gpxtpx:TrackPointExtension>
      <gpxtpx:atemp>16</gpxtpx:atemp>
      <gpxtpx:hr>139</gpxtpx:hr>
      <gpxtpx:cad>89</gpxtpx:cad>
     </gpxtpx:TrackPointExtension>
    </extensions>
   </trkpt>
   <trkpt lat="38.5780670" lon="-121.4623390">
    <ele>12.0</ele>
    <time>2025-11-21T15:26:07Z</time>
    <extensions>
     <power>219</power>
     <gpxtpx:TrackPointExtension>
      <gpxtpx:atemp>16</gpxtpx:atemp>
      <gpxtpx:hr>139</gpxtpx:hr>
      <gpxtpx:cad>89</gpxtpx:cad>
     </gpxtpx:TrackPointExtension>
    </extensions>
   </trkpt>
   <trkpt lat="38.5780610" lon="-121.4623150">
    <ele>11.8</ele>
    <time>2025-11-21T15:26:08Z</time>
    <extensions>
     <power>218</power>
     <gpxtpx:TrackPointExtension>
      <gpxtpx:atemp>16</gpxtpx:atemp>
      <gpxtpx:hr>139</gpxtpx:hr>
      <gpxtpx:cad>89</gpxtpx:cad>
     </gpxtpx:TrackPointExtension>
    </extensions>
   </trkpt>
   <trkpt lat="38.5780520" lon="-121.4622840">
    <ele>11.8</ele>
    <time>2025-11-21T15:26:09Z</time>
    <extensions>
     <power>217</power>
     <gpxtpx:TrackPointExtension>
      <gpxtpx:atemp>16</gpxtpx:atemp>
      <gpxtpx:hr>139</gpxtpx:hr>
      <gpxtpx:cad>89</gpxtpx:cad>
     </gpxtpx:TrackPointExtension>
    </extensions>
   </trkpt>
   <trkpt lat="38.5780430" lon="-121.4622550">
    <ele>11.8</ele>
    <time>2025-11-21T15:26:10Z</time>
    <extensions>
     <power>216</power>
     <gpxtpx:TrackPointExtension>
      <gpxtpx:atemp>16</gpxtpx:atemp>
      <gpxtpx:hr>140</gpxtpx:hr>
      <gpxtpx:cad>89</gpxtpx:cad>
     </gpxtpx:TrackPointExtension>
    </extensions>
   </trkpt>
   <trkpt lat="38.5780350" lon="-121.4622220">
    <ele>11.6</ele>
    <time>2025-11-21T15:26:11Z</time>
    <extensions>
     <power>214</power>
     <gpxtpx:TrackPointExtension>
      <gpxtpx:atemp>16</gpxtpx:atemp>
      <gpxtpx:hr>140</gpxtpx:hr>
      <gpxtpx:cad>89</gpxtpx:cad>
     </gpxtpx:TrackPointExtension>
    </extensions>
   </trkpt>
   <trkpt lat="38.5780280" lon="-121.4621920">
    <ele>11.6</ele>
    <time>2025-11-21T15:26:12Z</time>
    <extensions>
     <power>215</power>
     <gpxtpx:TrackPointExtension>
      <gpxtpx:atemp>16</gpxtpx:atemp>
      <gpxtpx:hr>140</gpxtpx:hr>
      <gpxtpx:cad>89</gpxtpx:cad>
     </gpxtpx:TrackPointExtension>
    </extensions>
   </trkpt>
   <trkpt lat="38.5780190" lon="-121.4621570">
    <ele>11.6</ele>
    <time>2025-11-21T15:26:13Z</time>
    <extensions>
     <power>216</power>
     <gpxtpx:TrackPointExtension>
      <gpxtpx:atemp>16</gpxtpx:atemp>
      <gpxtpx:hr>140</gpxtpx:hr>
      <gpxtpx:cad>89</gpxtpx:cad>
     </gpxtpx:TrackPointExtension>
    </extensions>
   </trkpt>
   <trkpt lat="38.5780110" lon="-121.4621300">
    <ele>11.6</ele>
    <time>2025-11-21T15:26:14Z</time>
    <extensions>
     <power>216</power>
     <gpxtpx:TrackPointExtension>
      <gpxtpx:atemp>16</gpxtpx:atemp>
      <gpxtpx:hr>140</gpxtpx:hr>
      <gpxtpx:cad>89</gpxtpx:cad>
     </gpxtpx:TrackPointExtension>
    </extensions>
   </trkpt>
   <trkpt lat="38.5780030" lon="-121.4620990">
    <ele>11.6</ele>
    <time>2025-11-21T15:26:15Z</time>
    <extensions>
     <power>218</power>
     <gpxtpx:TrackPointExtension>
      <gpxtpx:atemp>16</gpxtpx:atemp>
      <gpxtpx:hr>141</gpxtpx:hr>
      <gpxtpx:cad>89</gpxtpx:cad>
     </gpxtpx:TrackPointExtension>
    </extensions>
   </trkpt>
   <trkpt lat="38.5779930" lon="-121.4620710">
    <ele>11.6</ele>
    <time>2025-11-21T15:26:16Z</time>
    <extensions>
     <power>217</power>
     <gpxtpx:TrackPointExtension>
      <gpxtpx:atemp>16</gpxtpx:atemp>
      <gpxtpx:hr>141</gpxtpx:hr>
      <gpxtpx:cad>89</gpxtpx:cad>
     </gpxtpx:TrackPointExtension>
    </extensions>
   </trkpt>
   <trkpt lat="38.5779850" lon="-121.4620420">
    <ele>11.6</ele>
    <time>2025-11-21T15:26:17Z</time>
    <extensions>
     <power>218</power>
     <gpxtpx:TrackPointExtension>
      <gpxtpx:atemp>16</gpxtpx:atemp>
      <gpxtpx:hr>141</gpxtpx:hr>
      <gpxtpx:cad>89</gpxtpx:cad>
     </gpxtpx:TrackPointExtension>
    </extensions>
   </trkpt>
   <trkpt lat="38.5779740" lon="-121.4620160">
    <ele>11.6</ele>
    <time>2025-11-21T15:26:18Z</time>
    <extensions>
     <power>218</power>
     <gpxtpx:TrackPointExtension>
      <gpxtpx:atemp>16</gpxtpx:atemp>
      <gpxtpx:hr>141</gpxtpx:hr>
      <gpxtpx:cad>89</gpxtpx:cad>
     </gpxtpx:TrackPointExtension>
    </extensions>
   </trkpt>
   <trkpt lat="38.5779660" lon="-121.4619850">
    <ele>11.6</ele>
    <time>2025-11-21T15:26:19Z</time>
    <extensions>
     <power>218</power>
     <gpxtpx:TrackPointExtension>
      <gpxtpx:atemp>16</gpxtpx:atemp>
      <gpxtpx:hr>141</gpxtpx:hr>
      <gpxtpx:cad>89</gpxtpx:cad>
     </gpxtpx:TrackPointExtension>
    </extensions>
   </trkpt>
   <trkpt lat="38.5779590" lon="-121.4619590">
    <ele>11.6</ele>
    <time>2025-11-21T15:26:20Z</time>
    <extensions>
     <power>219</power>
     <gpxtpx:TrackPointExtension>
      <gpxtpx:atemp>16</gpxtpx:atemp>
      <gpxtpx:hr>141</gpxtpx:hr>
      <gpxtpx:cad>89</gpxtpx:cad>
     </gpxtpx:TrackPointExtension>
    </extensions>
   </trkpt>
   <trkpt lat="38.5779530" lon="-121.4619320">
    <ele>11.6</ele>
    <time>2025-11-21T15:26:21Z</time>
    <extensions>
     <power>219</power>
     <gpxtpx:TrackPointExtension>
      <gpxtpx:atemp>16</gpxtpx:atemp>
      <gpxtpx:hr>141</gpxtpx:hr>
      <gpxtpx:cad>89</gpxtpx:cad>
     </gpxtpx:TrackPointExtension>
    </extensions>
   </trkpt>
   <trkpt lat="38.5779430" lon="-121.4619020">
    <ele>11.6</ele>
    <time>2025-11-21T15:26:22Z</time>
    <extensions>
     <power>218</power>
     <gpxtpx:TrackPointExtension>
      <gpxtpx:atemp>16</gpxtpx:atemp>
      <gpxtpx:hr>142</gpxtpx:hr>
      <gpxtpx:cad>89</gpxtpx:cad>
     </gpxtpx:TrackPointExtension>
    </extensions>
   </trkpt>
   <trkpt lat="38.5779370" lon="-121.4618740">
    <ele>11.6</ele>
    <time>2025-11-21T15:26:23Z</time>
    <extensions>
     <power>219</power>
     <gpxtpx:TrackPointExtension>
      <gpxtpx:atemp>16</gpxtpx:atemp>
      <gpxtpx:hr>141</gpxtpx:hr>
      <gpxtpx:cad>89</gpxtpx:cad>
     </gpxtpx:TrackPointExtension>
    </extensions>
   </trkpt>
   <trkpt lat="38.5779290" lon="-121.4618450">
    <ele>11.6</ele>
    <time>2025-11-21T15:26:24Z</time>
    <extensions>
     <power>219</power>
     <gpxtpx:TrackPointExtension>
      <gpxtpx:atemp>16</gpxtpx:atemp>
      <gpxtpx:hr>142</gpxtpx:hr>
      <gpxtpx:cad>88</gpxtpx:cad>
     </gpxtpx:TrackPointExtension>
    </extensions>
   </trkpt>
   <trkpt lat="38.5779210" lon="-121.4618200">
    <ele>11.6</ele>
    <time>2025-11-21T15:26:25Z</time>
    <extensions>
     <power>220</power>
     <gpxtpx:TrackPointExtension>
      <gpxtpx:atemp>16</gpxtpx:atemp>
      <gpxtpx:hr>142</gpxtpx:hr>
      <gpxtpx:cad>88</gpxtpx:cad>
     </gpxtpx:TrackPointExtension>
    </extensions>
   </trkpt>
   <trkpt lat="38.5779140" lon="-121.4617930">
    <ele>11.6</ele>
    <time>2025-11-21T15:26:26Z</time>
    <extensions>
     <power>220</power>
     <gpxtpx:TrackPointExtension>
      <gpxtpx:atemp>16</gpxtpx:atemp>
      <gpxtpx:hr>143</gpxtpx:hr>
      <gpxtpx:cad>88</gpxtpx:cad>
     </gpxtpx:TrackPointExtension>
    </extensions>
   </trkpt>
   <trkpt lat="38.5779100" lon="-121.4617640">
    <ele>11.6</ele>
    <time>2025-11-21T15:26:27Z</time>
    <extensions>
     <power>220</power>
     <gpxtpx:TrackPointExtension>
      <gpxtpx:atemp>16</gpxtpx:atemp>
      <gpxtpx:hr>145</gpxtpx:hr>
      <gpxtpx:cad>89</gpxtpx:cad>
     </gpxtpx:TrackPointExtension>
    </extensions>
   </trkpt>
   <trkpt lat="38.5779010" lon="-121.4617330">
    <ele>11.6</ele>
    <time>2025-11-21T15:26:28Z</time>
    <extensions>
     <power>218</power>
     <gpxtpx:TrackPointExtension>
      <gpxtpx:atemp>16</gpxtpx:atemp>
      <gpxtpx:hr>150</gpxtpx:hr>
      <gpxtpx:cad>89</gpxtpx:cad>
     </gpxtpx:TrackPointExtension>
    </extensions>
   </trkpt>
   <trkpt lat="38.5778940" lon="-121.4617030">
    <ele>11.6</ele>
    <time>2025-11-21T15:26:29Z</time>
    <extensions>
     <power>218</power>
     <gpxtpx:TrackPointExtension>
      <gpxtpx:atemp>16</gpxtpx:atemp>
      <gpxtpx:hr>151</gpxtpx:hr>
      <gpxtpx:cad>89</gpxtpx:cad>
     </gpxtpx:TrackPointExtension>
    </extensions>
   </trkpt>
   <trkpt lat="38.5778810" lon="-121.4616750">
    <ele>11.6</ele>
    <time>2025-11-21T15:26:30Z</time>
    <extensions>
     <power>218</power>
     <gpxtpx:TrackPointExtension>
      <gpxtpx:atemp>16</gpxtpx:atemp>
      <gpxtpx:hr>152</gpxtpx:hr>
      <gpxtpx:cad>89</gpxtpx:cad>
     </gpxtpx:TrackPointExtension>
    </extensions>
   </trkpt>
   <trkpt lat="38.5778740" lon="-121.4616500">
    <ele>11.4</ele>
    <time>2025-11-21T15:26:31Z</time>
    <extensions>
     <power>218</power>
     <gpxtpx:TrackPointExtension>
      <gpxtpx:atemp>16</gpxtpx:atemp>
      <gpxtpx:hr>152</gpxtpx:hr>
      <gpxtpx:cad>89</gpxtpx:cad>
     </gpxtpx:TrackPointExtension>
    </extensions>
   </trkpt>
   <trkpt lat="38.5778650" lon="-121.4616200">
    <ele>11.4</ele>
    <time>2025-11-21T15:26:32Z</time>
    <extensions>
     <power>217</power>
     <gpxtpx:TrackPointExtension>
      <gpxtpx:atemp>16</gpxtpx:atemp>
      <gpxtpx:hr>152</gpxtpx:hr>
      <gpxtpx:cad>89</gpxtpx:cad>
     </gpxtpx:TrackPointExtension>
    </extensions>
   </trkpt>
   <trkpt lat="38.5778560" lon="-121.4615950">
    <ele>11.4</ele>
    <time>2025-11-21T15:26:33Z</time>
    <extensions>
     <power>218</power>
     <gpxtpx:TrackPointExtension>
      <gpxtpx:atemp>16</gpxtpx:atemp>
      <gpxtpx:hr>152</gpxtpx:hr>
      <gpxtpx:cad>89</gpxtpx:cad>
     </gpxtpx:TrackPointExtension>
    </extensions>
   </trkpt>
   <trkpt lat="38.5778440" lon="-121.4615660">
    <ele>11.4</ele>
    <time>2025-11-21T15:26:34Z</time>
    <extensions>
     <power>216</power>
     <gpxtpx:TrackPointExtension>
      <gpxtpx:atemp>16</gpxtpx:atemp>
      <gpxtpx:hr>152</gpxtpx:hr>
      <gpxtpx:cad>89</gpxtpx:cad>
     </gpxtpx:TrackPointExtension>
    </extensions>
   </trkpt>
   <trkpt lat="38.5778340" lon="-121.4615360">
    <ele>11.4</ele>
    <time>2025-11-21T15:26:35Z</time>
    <extensions>
     <power>217</power>
     <gpxtpx:TrackPointExtension>
      <gpxtpx:atemp>16</gpxtpx:atemp>
      <gpxtpx:hr>152</gpxtpx:hr>
      <gpxtpx:cad>89</gpxtpx:cad>
     </gpxtpx:TrackPointExtension>
    </extensions>
   </trkpt>
   <trkpt lat="38.5778220" lon="-121.4615020">
    <ele>11.6</ele>
    <time>2025-11-21T15:26:36Z</time>
    <extensions>
     <power>218</power>
     <gpxtpx:TrackPointExtension>
      <gpxtpx:atemp>16</gpxtpx:atemp>
      <gpxtpx:hr>152</gpxtpx:hr>
      <gpxtpx:cad>89</gpxtpx:cad>
     </gpxtpx:TrackPointExtension>
    </extensions>
   </trkpt>
   <trkpt lat="38.5778130" lon="-121.4614710">
    <ele>11.6</ele>
    <time>2025-11-21T15:26:37Z</time>
    <extensions>
     <power>218</power>
     <gpxtpx:TrackPointExtension>
      <gpxtpx:atemp>16</gpxtpx:atemp>
      <gpxtpx:hr>152</gpxtpx:hr>
      <gpxtpx:cad>89</gpxtpx:cad>
     </gpxtpx:TrackPointExtension>
    </extensions>
   </trkpt>
   <trkpt lat="38.5778010" lon="-121.4614380">
    <ele>11.6</ele>
    <time>2025-11-21T15:26:38Z</time>
    <extensions>
     <power>219</power>
     <gpxtpx:TrackPointExtension>
      <gpxtpx:atemp>16</gpxtpx:atemp>
      <gpxtpx:hr>152</gpxtpx:hr>
      <gpxtpx:cad>89</gpxtpx:cad>
     </gpxtpx:TrackPointExtension>
    </extensions>
   </trkpt>
   <trkpt lat="38.5777910" lon="-121.4614100">
    <ele>11.6</ele>
    <time>2025-11-21T15:26:39Z</time>
    <extensions>
     <power>219</power>
     <gpxtpx:TrackPointExtension>
      <gpxtpx:atemp>16</gpxtpx:atemp>
      <gpxtpx:hr>152</gpxtpx:hr>
      <gpxtpx:cad>89</gpxtpx:cad>
     </gpxtpx:TrackPointExtension>
    </extensions>
   </trkpt>
   <trkpt lat="38.5777830" lon="-121.4613790">
    <ele>11.4</ele>
    <time>2025-11-21T15:26:40Z</time>
    <extensions>
     <power>221</power>
     <gpxtpx:TrackPointExtension>
      <gpxtpx:atemp>16</gpxtpx:atemp>
      <gpxtpx:hr>152</gpxtpx:hr>
      <gpxtpx:cad>90</gpxtpx:cad>
     </gpxtpx:TrackPointExtension>
    </extensions>
   </trkpt>
   <trkpt lat="38.5777770" lon="-121.4613520">
    <ele>11.6</ele>
    <time>2025-11-21T15:26:41Z</time>
    <extensions>
     <power>222</power>
     <gpxtpx:TrackPointExtension>
      <gpxtpx:atemp>16</gpxtpx:atemp>
      <gpxtpx:hr>152</gpxtpx:hr>
      <gpxtpx:cad>90</gpxtpx:cad>
     </gpxtpx:TrackPointExtension>
    </extensions>
   </trkpt>
   <trkpt lat="38.5777680" lon="-121.4613230">
    <ele>11.6</ele>
    <time>2025-11-21T15:26:42Z</time>
    <extensions>
     <power>221</power>
     <gpxtpx:TrackPointExtension>
      <gpxtpx:atemp>16</gpxtpx:atemp>
      <gpxtpx:hr>152</gpxtpx:hr>
      <gpxtpx:cad>89</gpxtpx:cad>
     </gpxtpx:TrackPointExtension>
    </extensions>
   </trkpt>
   <trkpt lat="38.5777600" lon="-121.4612960">
    <ele>11.6</ele>
    <time>2025-11-21T15:26:43Z</time>
    <extensions>
     <power>222</power>
     <gpxtpx:TrackPointExtension>
      <gpxtpx:atemp>16</gpxtpx:atemp>
      <gpxtpx:hr>152</gpxtpx:hr>
      <gpxtpx:cad>89</gpxtpx:cad>
     </gpxtpx:TrackPointExtension>
    </extensions>
   </trkpt>
   <trkpt lat="38.5777510" lon="-121.4612700">
    <ele>11.6</ele>
    <time>2025-11-21T15:26:44Z</time>
    <extensions>
     <power>222</power>
     <gpxtpx:TrackPointExtension>
      <gpxtpx:atemp>16</gpxtpx:atemp>
      <gpxtpx:hr>153</gpxtpx:hr>
      <gpxtpx:cad>89</gpxtpx:cad>
     </gpxtpx:TrackPointExtension>
    </extensions>
   </trkpt>
   <trkpt lat="38.5777410" lon="-121.4612440">
    <ele>11.6</ele>
    <time>2025-11-21T15:26:45Z</time>
    <extensions>
     <power>220</power>
     <gpxtpx:TrackPointExtension>
      <gpxtpx:atemp>16</gpxtpx:atemp>
      <gpxtpx:hr>152</gpxtpx:hr>
      <gpxtpx:cad>89</gpxtpx:cad>
     </gpxtpx:TrackPointExtension>
    </extensions>
   </trkpt>
   <trkpt lat="38.5777320" lon="-121.4612200">
    <ele>11.6</ele>
    <time>2025-11-21T15:26:46Z</time>
    <extensions>
     <power>221</power>
     <gpxtpx:TrackPointExtension>
      <gpxtpx:atemp>16</gpxtpx:atemp>
      <gpxtpx:hr>152</gpxtpx:hr>
      <gpxtpx:cad>90</gpxtpx:cad>
     </gpxtpx:TrackPointExtension>
    </extensions>
   </trkpt>
   <trkpt lat="38.5777230" lon="-121.4611880">
    <ele>11.6</ele>
    <time>2025-11-21T15:26:47Z</time>
    <extensions>
     <power>220</power>
     <gpxtpx:TrackPointExtension>
      <gpxtpx:atemp>16</gpxtpx:atemp>
      <gpxtpx:hr>153</gpxtpx:hr>
      <gpxtpx:cad>91</gpxtpx:cad>
     </gpxtpx:TrackPointExtension>
    </extensions>
   </trkpt>
   <trkpt lat="38.5777150" lon="-121.4611610">
    <ele>11.6</ele>
    <time>2025-11-21T15:26:48Z</time>
    <extensions>
     <power>216</power>
     <gpxtpx:TrackPointExtension>
      <gpxtpx:atemp>16</gpxtpx:atemp>
      <gpxtpx:hr>152</gpxtpx:hr>
      <gpxtpx:cad>93</gpxtpx:cad>
     </gpxtpx:TrackPointExtension>
    </extensions>
   </trkpt>
   <trkpt lat="38.5777010" lon="-121.4611280">
    <ele>11.6</ele>
    <time>2025-11-21T15:26:49Z</time>
    <extensions>
     <power>216</power>
     <gpxtpx:TrackPointExtension>
      <gpxtpx:atemp>16</gpxtpx:atemp>
      <gpxtpx:hr>153</gpxtpx:hr>
      <gpxtpx:cad>93</gpxtpx:cad>
     </gpxtpx:TrackPointExtension>
    </extensions>
   </trkpt>
   <trkpt lat="38.5776940" lon="-121.4611030">
    <ele>11.6</ele>
    <time>2025-11-21T15:26:50Z</time>
    <extensions>
     <power>215</power>
     <gpxtpx:TrackPointExtension>
      <gpxtpx:atemp>16</gpxtpx:atemp>
      <gpxtpx:hr>153</gpxtpx:hr>
      <gpxtpx:cad>93</gpxtpx:cad>
     </gpxtpx:TrackPointExtension>
    </extensions>
   </trkpt>
   <trkpt lat="38.5776790" lon="-121.4610690">
    <ele>11.6</ele>
    <time>2025-11-21T15:26:51Z</time>
    <extensions>
     <power>218</power>
     <gpxtpx:TrackPointExtension>
      <gpxtpx:atemp>16</gpxtpx:atemp>
      <gpxtpx:hr>153</gpxtpx:hr>
      <gpxtpx:cad>93</gpxtpx:cad>
     </gpxtpx:TrackPointExtension>
    </extensions>
   </trkpt>
   <trkpt lat="38.5776680" lon="-121.4610440">
    <ele>11.6</ele>
    <time>2025-11-21T15:26:52Z</time>
    <extensions>
     <power>220</power>
     <gpxtpx:TrackPointExtension>
      <gpxtpx:atemp>16</gpxtpx:atemp>
      <gpxtpx:hr>152</gpxtpx:hr>
      <gpxtpx:cad>92</gpxtpx:cad>
     </gpxtpx:TrackPointExtension>
    </extensions>
   </trkpt>
   <trkpt lat="38.5776550" lon="-121.4610140">
    <ele>11.4</ele>
    <time>2025-11-21T15:26:53Z</time>
    <extensions>
     <power>221</power>
     <gpxtpx:TrackPointExtension>
      <gpxtpx:atemp>16</gpxtpx:atemp>
      <gpxtpx:hr>153</gpxtpx:hr>
      <gpxtpx:cad>92</gpxtpx:cad>
     </gpxtpx:TrackPointExtension>
    </extensions>
   </trkpt>
   <trkpt lat="38.5776470" lon="-121.4609890">
    <ele>11.4</ele>
    <time>2025-11-21T15:26:54Z</time>
    <extensions>
     <power>222</power>
     <gpxtpx:TrackPointExtension>
      <gpxtpx:atemp>16</gpxtpx:atemp>
      <gpxtpx:hr>153</gpxtpx:hr>
      <gpxtpx:cad>91</gpxtpx:cad>
     </gpxtpx:TrackPointExtension>
    </extensions>
   </trkpt>
   <trkpt lat="38.5776370" lon="-121.4609620">
    <ele>11.4</ele>
    <time>2025-11-21T15:26:55Z</time>
    <extensions>
     <power>221</power>
     <gpxtpx:TrackPointExtension>
      <gpxtpx:atemp>16</gpxtpx:atemp>
      <gpxtpx:hr>153</gpxtpx:hr>
      <gpxtpx:cad>91</gpxtpx:cad>
     </gpxtpx:TrackPointExtension>
    </extensions>
   </trkpt>
   <trkpt lat="38.5776300" lon="-121.4609340">
    <ele>11.4</ele>
    <time>2025-11-21T15:26:56Z</time>
    <extensions>
     <power>220</power>
     <gpxtpx:TrackPointExtension>
      <gpxtpx:atemp>16</gpxtpx:atemp>
      <gpxtpx:hr>152</gpxtpx:hr>
      <gpxtpx:cad>93</gpxtpx:cad>
     </gpxtpx:TrackPointExtension>
    </extensions>
   </trkpt>
   <trkpt lat="38.5776210" lon="-121.4609100">
    <ele>11.4</ele>
    <time>2025-11-21T15:26:57Z</time>
    <extensions>
     <power>219</power>
     <gpxtpx:TrackPointExtension>
      <gpxtpx:atemp>16</gpxtpx:atemp>
      <gpxtpx:hr>153</gpxtpx:hr>
      <gpxtpx:cad>93</gpxtpx:cad>
     </gpxtpx:TrackPointExtension>
    </extensions>
   </trkpt>
   <trkpt lat="38.5776160" lon="-121.4608850">
    <ele>11.6</ele>
    <time>2025-11-21T15:26:58Z</time>
    <extensions>
     <power>220</power>
     <gpxtpx:TrackPointExtension>
      <gpxtpx:atemp>16</gpxtpx:atemp>
      <gpxtpx:hr>153</gpxtpx:hr>
      <gpxtpx:cad>93</gpxtpx:cad>
     </gpxtpx:TrackPointExtension>
    </extensions>
   </trkpt>
   <trkpt lat="38.5776090" lon="-121.4608550">
    <ele>11.6</ele>
    <time>2025-11-21T15:26:59Z</time>
    <extensions>
     <power>219</power>
     <gpxtpx:TrackPointExtension>
      <gpxtpx:atemp>16</gpxtpx:atemp>
      <gpxtpx:hr>153</gpxtpx:hr>
      <gpxtpx:cad>92</gpxtpx:cad>
     </gpxtpx:TrackPointExtension>
    </extensions>
   </trkpt>
   <trkpt lat="38.5776030" lon="-121.4608270">
    <ele>11.6</ele>
    <time>2025-11-21T15:27:00Z</time>
    <extensions>
     <power>219</power>
     <gpxtpx:TrackPointExtension>
      <gpxtpx:atemp>16</gpxtpx:atemp>
      <gpxtpx:hr>153</gpxtpx:hr>
      <gpxtpx:cad>91</gpxtpx:cad>
     </gpxtpx:TrackPointExtension>
    </extensions>
   </trkpt>
   <trkpt lat="38.5775940" lon="-121.4608010">
    <ele>11.6</ele>
    <time>2025-11-21T15:27:01Z</time>
    <extensions>
     <power>219</power>
     <gpxtpx:TrackPointExtension>
      <gpxtpx:atemp>16</gpxtpx:atemp>
      <gpxtpx:hr>153</gpxtpx:hr>
      <gpxtpx:cad>90</gpxtpx:cad>
     </gpxtpx:TrackPointExtension>
    </extensions>
   </trkpt>
   <trkpt lat="38.5775880" lon="-121.4607680">
    <ele>11.6</ele>
    <time>2025-11-21T15:27:02Z</time>
    <extensions>
     <power>221</power>
     <gpxtpx:TrackPointExtension>
      <gpxtpx:atemp>16</gpxtpx:atemp>
      <gpxtpx:hr>152</gpxtpx:hr>
      <gpxtpx:cad>90</gpxtpx:cad>
     </gpxtpx:TrackPointExtension>
    </extensions>
   </trkpt>
   <trkpt lat="38.5775800" lon="-121.4607390">
    <ele>11.6</ele>
    <time>2025-11-21T15:27:03Z</time>
    <extensions>
     <power>220</power>
     <gpxtpx:TrackPointExtension>
      <gpxtpx:atemp>16</gpxtpx:atemp>
      <gpxtpx:hr>153</gpxtpx:hr>
      <gpxtpx:cad>90</gpxtpx:cad>
     </gpxtpx:TrackPointExtension>
    </extensions>
   </trkpt>
   <trkpt lat="38.5775760" lon="-121.4607080">
    <ele>11.6</ele>
    <time>2025-11-21T15:27:04Z</time>
    <extensions>
     <power>220</power>
     <gpxtpx:TrackPointExtension>
      <gpxtpx:atemp>16</gpxtpx:atemp>
      <gpxtpx:hr>153</gpxtpx:hr>
      <gpxtpx:cad>90</gpxtpx:cad>
     </gpxtpx:TrackPointExtension>
    </extensions>
   </trkpt>
   <trkpt lat="38.5775700" lon="-121.4606790">
    <ele>11.6</ele>
    <time>2025-11-21T15:27:05Z</time>
    <extensions>
     <power>220</power>
     <gpxtpx:TrackPointExtension>
      <gpxtpx:atemp>16</gpxtpx:atemp>
      <gpxtpx:hr>153</gpxtpx:hr>
      <gpxtpx:cad>90</gpxtpx:cad>
     </gpxtpx:TrackPointExtension>
    </extensions>
   </trkpt>
   <trkpt lat="38.5775640" lon="-121.4606490">
    <ele>11.6</ele>
    <time>2025-11-21T15:27:06Z</time>
    <extensions>
     <power>221</power>
     <gpxtpx:TrackPointExtension>
      <gpxtpx:atemp>16</gpxtpx:atemp>
      <gpxtpx:hr>153</gpxtpx:hr>
      <gpxtpx:cad>90</gpxtpx:cad>
     </gpxtpx:TrackPointExtension>
    </extensions>
   </trkpt>
   <trkpt lat="38.5775570" lon="-121.4606180">
    <ele>11.6</ele>
    <time>2025-11-21T15:27:07Z</time>
    <extensions>
     <power>222</power>
     <gpxtpx:TrackPointExtension>
      <gpxtpx:atemp>15</gpxtpx:atemp>
      <gpxtpx:hr>153</gpxtpx:hr>
      <gpxtpx:cad>90</gpxtpx:cad>
     </gpxtpx:TrackPointExtension>
    </extensions>
   </trkpt>
   <trkpt lat="38.5775540" lon="-121.4605870">
    <ele>11.6</ele>
    <time>2025-11-21T15:27:08Z</time>
    <extensions>
     <power>223</power>
     <gpxtpx:TrackPointExtension>
      <gpxtpx:atemp>16</gpxtpx:atemp>
      <gpxtpx:hr>153</gpxtpx:hr>
      <gpxtpx:cad>90</gpxtpx:cad>
     </gpxtpx:TrackPointExtension>
    </extensions>
   </trkpt>
   <trkpt lat="38.5775530" lon="-121.4605650">
    <ele>11.6</ele>
    <time>2025-11-21T15:27:09Z</time>
    <extensions>
     <power>224</power>
     <gpxtpx:TrackPointExtension>
      <gpxtpx:atemp>16</gpxtpx:atemp>
      <gpxtpx:hr>153</gpxtpx:hr>
      <gpxtpx:cad>90</gpxtpx:cad>
     </gpxtpx:TrackPointExtension>
    </extensions>
   </trkpt>
   <trkpt lat="38.5775480" lon="-121.4605300">
    <ele>11.6</ele>
    <time>2025-11-21T15:27:10Z</time>
    <extensions>
     <power>224</power>
     <gpxtpx:TrackPointExtension>
      <gpxtpx:atemp>16</gpxtpx:atemp>
      <gpxtpx:hr>153</gpxtpx:hr>
      <gpxtpx:cad>90</gpxtpx:cad>
     </gpxtpx:TrackPointExtension>
    </extensions>
   </trkpt>
   <trkpt lat="38.5775450" lon="-121.4605100">
    <ele>11.6</ele>
    <time>2025-11-21T15:27:11Z</time>
    <extensions>
     <power>222</power>
     <gpxtpx:TrackPointExtension>
      <gpxtpx:atemp>16</gpxtpx:atemp>
      <gpxtpx:hr>153</gpxtpx:hr>
      <gpxtpx:cad>90</gpxtpx:cad>
     </gpxtpx:TrackPointExtension>
    </extensions>
   </trkpt>
   <trkpt lat="38.5775400" lon="-121.4604720">
    <ele>11.6</ele>
    <time>2025-11-21T15:27:12Z</time>
    <extensions>
     <power>221</power>
     <gpxtpx:TrackPointExtension>
      <gpxtpx:atemp>16</gpxtpx:atemp>
      <gpxtpx:hr>153</gpxtpx:hr>
      <gpxtpx:cad>92</gpxtpx:cad>
     </gpxtpx:TrackPointExtension>
    </extensions>
   </trkpt>
   <trkpt lat="38.5775300" lon="-121.4604410">
    <ele>11.6</ele>
    <time>2025-11-21T15:27:13Z</time>
    <extensions>
     <power>220</power>
     <gpxtpx:TrackPointExtension>
      <gpxtpx:atemp>16</gpxtpx:atemp>
      <gpxtpx:hr>153</gpxtpx:hr>
      <gpxtpx:cad>93</gpxtpx:cad>
     </gpxtpx:TrackPointExtension>
    </extensions>
   </trkpt>
   <trkpt lat="38.5775200" lon="-121.4604090">
    <ele>11.6</ele>
    <time>2025-11-21T15:27:14Z</time>
    <extensions>
     <power>218</power>
     <gpxtpx:TrackPointExtension>
      <gpxtpx:atemp>16</gpxtpx:atemp>
      <gpxtpx:hr>153</gpxtpx:hr>
      <gpxtpx:cad>93</gpxtpx:cad>
     </gpxtpx:TrackPointExtension>
    </extensions>
   </trkpt>
   <trkpt lat="38.5775120" lon="-121.4603860">
    <ele>11.6</ele>
    <time>2025-11-21T15:27:15Z</time>
    <extensions>
     <power>221</power>
     <gpxtpx:TrackPointExtension>
      <gpxtpx:atemp>15</gpxtpx:atemp>
      <gpxtpx:hr>153</gpxtpx:hr>
      <gpxtpx:cad>93</gpxtpx:cad>
     </gpxtpx:TrackPointExtension>
    </extensions>
   </trkpt>
   <trkpt lat="38.5775010" lon="-121.4603510">
    <ele>11.6</ele>
    <time>2025-11-21T15:27:16Z</time>
    <extensions>
     <power>222</power>
     <gpxtpx:TrackPointExtension>
      <gpxtpx:atemp>16</gpxtpx:atemp>
      <gpxtpx:hr>153</gpxtpx:hr>
      <gpxtpx:cad>93</gpxtpx:cad>
     </gpxtpx:TrackPointExtension>
    </extensions>
   </trkpt>
   <trkpt lat="38.5774920" lon="-121.4603270">
    <ele>11.6</ele>
    <time>2025-11-21T15:27:17Z</time>
    <extensions>
     <power>223</power>
     <gpxtpx:TrackPointExtension>
      <gpxtpx:atemp>15</gpxtpx:atemp>
      <gpxtpx:hr>153</gpxtpx:hr>
      <gpxtpx:cad>92</gpxtpx:cad>
     </gpxtpx:TrackPointExtension>
    </extensions>
   </trkpt>
   <trkpt lat="38.5774800" lon="-121.4602940">
    <ele>11.8</ele>
    <time>2025-11-21T15:27:18Z</time>
    <extensions>
     <power>225</power>
     <gpxtpx:TrackPointExtension>
      <gpxtpx:atemp>16</gpxtpx:atemp>
      <gpxtpx:hr>153</gpxtpx:hr>
      <gpxtpx:cad>92</gpxtpx:cad>
     </gpxtpx:TrackPointExtension>
    </extensions>
   </trkpt>
   <trkpt lat="38.5774800" lon="-121.4602710">
    <ele>11.8</ele>
    <time>2025-11-21T15:27:19Z</time>
    <extensions>
     <power>225</power>
     <gpxtpx:TrackPointExtension>
      <gpxtpx:atemp>16</gpxtpx:atemp>
      <gpxtpx:hr>153</gpxtpx:hr>
      <gpxtpx:cad>90</gpxtpx:cad>
     </gpxtpx:TrackPointExtension>
    </extensions>
   </trkpt>
   <trkpt lat="38.5774660" lon="-121.4602320">
    <ele>11.8</ele>
    <time>2025-11-21T15:27:20Z</time>
    <extensions>
     <power>226</power>
     <gpxtpx:TrackPointExtension>
      <gpxtpx:atemp>16</gpxtpx:atemp>
      <gpxtpx:hr>153</gpxtpx:hr>
      <gpxtpx:cad>90</gpxtpx:cad>
     </gpxtpx:TrackPointExtension>
    </extensions>
   </trkpt>
   <trkpt lat="38.5774650" lon="-121.4602030">
    <ele>11.8</ele>
    <time>2025-11-21T15:27:21Z</time>
    <extensions>
     <power>226</power>
     <gpxtpx:TrackPointExtension>
      <gpxtpx:atemp>15</gpxtpx:atemp>
      <gpxtpx:hr>153</gpxtpx:hr>
      <gpxtpx:cad>90</gpxtpx:cad>
     </gpxtpx:TrackPointExtension>
    </extensions>
   </trkpt>
   <trkpt lat="38.5774560" lon="-121.4601680">
    <ele>11.8</ele>
    <time>2025-11-21T15:27:22Z</time>
    <extensions>
     <power>225</power>
     <gpxtpx:TrackPointExtension>
      <gpxtpx:atemp>15</gpxtpx:atemp>
      <gpxtpx:hr>154</gpxtpx:hr>
      <gpxtpx:cad>90</gpxtpx:cad>
     </gpxtpx:TrackPointExtension>
    </extensions>
   </trkpt>
   <trkpt lat="38.5774540" lon="-121.4601480">
    <ele>11.8</ele>
    <time>2025-11-21T15:27:23Z</time>
    <extensions>
     <power>227</power>
     <gpxtpx:TrackPointExtension>
      <gpxtpx:atemp>15</gpxtpx:atemp>
      <gpxtpx:hr>153</gpxtpx:hr>
      <gpxtpx:cad>90</gpxtpx:cad>
     </gpxtpx:TrackPointExtension>
    </extensions>
   </trkpt>
   <trkpt lat="38.5774360" lon="-121.4601180">
    <ele>11.8</ele>
    <time>2025-11-21T15:27:24Z</time>
    <extensions>
     <power>226</power>
     <gpxtpx:TrackPointExtension>
      <gpxtpx:atemp>16</gpxtpx:atemp>
      <gpxtpx:hr>154</gpxtpx:hr>
      <gpxtpx:cad>90</gpxtpx:cad>
     </gpxtpx:TrackPointExtension>
    </extensions>
   </trkpt>
   <trkpt lat="38.5774300" lon="-121.4600950">
    <ele>11.8</ele>
    <time>2025-11-21T15:27:25Z</time>
    <extensions>
     <power>225</power>
     <gpxtpx:TrackPointExtension>
      <gpxtpx:atemp>16</gpxtpx:atemp>
      <gpxtpx:hr>154</gpxtpx:hr>
      <gpxtpx:cad>90</gpxtpx:cad>
     </gpxtpx:TrackPointExtension>
    </extensions>
   </trkpt>
   <trkpt lat="38.5774180" lon="-121.4600670">
    <ele>11.8</ele>
    <time>2025-11-21T15:27:26Z</time>
    <extensions>
     <power>225</power>
     <gpxtpx:TrackPointExtension>
      <gpxtpx:atemp>15</gpxtpx:atemp>
      <gpxtpx:hr>154</gpxtpx:hr>
      <gpxtpx:cad>92</gpxtpx:cad>
     </gpxtpx:TrackPointExtension>
    </extensions>
   </trkpt>
   <trkpt lat="38.5774140" lon="-121.4600480">
    <ele>11.8</ele>
    <time>2025-11-21T15:27:27Z</time>
    <extensions>
     <power>224</power>
     <gpxtpx:TrackPointExtension>
      <gpxtpx:atemp>16</gpxtpx:atemp>
      <gpxtpx:hr>153</gpxtpx:hr>
      <gpxtpx:cad>92</gpxtpx:cad>
     </gpxtpx:TrackPointExtension>
    </extensions>
   </trkpt>
   <trkpt lat="38.5774030" lon="-121.4600150">
    <ele>11.8</ele>
    <time>2025-11-21T15:27:28Z</time>
    <extensions>
     <power>224</power>
     <gpxtpx:TrackPointExtension>
      <gpxtpx:atemp>16</gpxtpx:atemp>
      <gpxtpx:hr>154</gpxtpx:hr>
      <gpxtpx:cad>92</gpxtpx:cad>
     </gpxtpx:TrackPointExtension>
    </extensions>
   </trkpt>
   <trkpt lat="38.5774010" lon="-121.4599930">
    <ele>11.8</ele>
    <time>2025-11-21T15:27:29Z</time>
    <extensions>
     <power>224</power>
     <gpxtpx:TrackPointExtension>
      <gpxtpx:atemp>15</gpxtpx:atemp>
      <gpxtpx:hr>154</gpxtpx:hr>
      <gpxtpx:cad>91</gpxtpx:cad>
     </gpxtpx:TrackPointExtension>
    </extensions>
   </trkpt>
   <trkpt lat="38.5773920" lon="-121.4599570">
    <ele>11.8</ele>
    <time>2025-11-21T15:27:30Z</time>
    <extensions>
     <power>225</power>
     <gpxtpx:TrackPointExtension>
      <gpxtpx:atemp>15</gpxtpx:atemp>
      <gpxtpx:hr>153</gpxtpx:hr>
      <gpxtpx:cad>90</gpxtpx:cad>
     </gpxtpx:TrackPointExtension>
    </extensions>
   </trkpt>
   <trkpt lat="38.5773910" lon="-121.4599290">
    <ele>11.8</ele>
    <time>2025-11-21T15:27:31Z</time>
    <extensions>
     <power>226</power>
     <gpxtpx:TrackPointExtension>
      <gpxtpx:atemp>15</gpxtpx:atemp>
      <gpxtpx:hr>154</gpxtpx:hr>
      <gpxtpx:cad>90</gpxtpx:cad>
     </gpxtpx:TrackPointExtension>
    </extensions>
   </trkpt>
   <trkpt lat="38.5773790" lon="-121.4598910">
    <ele>11.8</ele>
    <time>2025-11-21T15:27:32Z</time>
    <extensions>
     <power>227</power>
     <gpxtpx:TrackPointExtension>
      <gpxtpx:atemp>15</gpxtpx:atemp>
      <gpxtpx:hr>154</gpxtpx:hr>
      <gpxtpx:cad>89</gpxtpx:cad>
     </gpxtpx:TrackPointExtension>
    </extensions>
   </trkpt>
   <trkpt lat="38.5773700" lon="-121.4598640">
    <ele>11.8</ele>
    <time>2025-11-21T15:27:33Z</time>
    <extensions>
     <power>227</power>
     <gpxtpx:TrackPointExtension>
      <gpxtpx:atemp>15</gpxtpx:atemp>
      <gpxtpx:hr>153</gpxtpx:hr>
      <gpxtpx:cad>89</gpxtpx:cad>
     </gpxtpx:TrackPointExtension>
    </extensions>
   </trkpt>
   <trkpt lat="38.5773530" lon="-121.4598290">
    <ele>11.8</ele>
    <time>2025-11-21T15:27:34Z</time>
    <extensions>
     <power>228</power>
     <gpxtpx:TrackPointExtension>
      <gpxtpx:atemp>16</gpxtpx:atemp>
      <gpxtpx:hr>154</gpxtpx:hr>
      <gpxtpx:cad>89</gpxtpx:cad>
     </gpxtpx:TrackPointExtension>
    </extensions>
   </trkpt>
   <trkpt lat="38.5773460" lon="-121.4598040">
    <ele>11.8</ele>
    <time>2025-11-21T15:27:35Z</time>
    <extensions>
     <power>228</power>
     <gpxtpx:TrackPointExtension>
      <gpxtpx:atemp>15</gpxtpx:atemp>
      <gpxtpx:hr>154</gpxtpx:hr>
      <gpxtpx:cad>89</gpxtpx:cad>
     </gpxtpx:TrackPointExtension>
    </extensions>
   </trkpt>
   <trkpt lat="38.5773340" lon="-121.4597730">
    <ele>11.8</ele>
    <time>2025-11-21T15:27:36Z</time>
    <extensions>
     <power>230</power>
     <gpxtpx:TrackPointExtension>
      <gpxtpx:atemp>15</gpxtpx:atemp>
      <gpxtpx:hr>153</gpxtpx:hr>
      <gpxtpx:cad>89</gpxtpx:cad>
     </gpxtpx:TrackPointExtension>
    </extensions>
   </trkpt>
   <trkpt lat="38.5773260" lon="-121.4597510">
    <ele>11.8</ele>
    <time>2025-11-21T15:27:37Z</time>
    <extensions>
     <power>230</power>
     <gpxtpx:TrackPointExtension>
      <gpxtpx:atemp>15</gpxtpx:atemp>
      <gpxtpx:hr>154</gpxtpx:hr>
      <gpxtpx:cad>89</gpxtpx:cad>
     </gpxtpx:TrackPointExtension>
    </extensions>
   </trkpt>
   <trkpt lat="38.5773170" lon="-121.4597190">
    <ele>11.8</ele>
    <time>2025-11-21T15:27:38Z</time>
    <extensions>
     <power>230</power>
     <gpxtpx:TrackPointExtension>
      <gpxtpx:atemp>15</gpxtpx:atemp>
      <gpxtpx:hr>154</gpxtpx:hr>
      <gpxtpx:cad>89</gpxtpx:cad>
     </gpxtpx:TrackPointExtension>
    </extensions>
   </trkpt>
   <trkpt lat="38.5773060" lon="-121.4597000">
    <ele>11.8</ele>
    <time>2025-11-21T15:27:39Z</time>
    <extensions>
     <power>229</power>
     <gpxtpx:TrackPointExtension>
      <gpxtpx:atemp>16</gpxtpx:atemp>
      <gpxtpx:hr>153</gpxtpx:hr>
      <gpxtpx:cad>89</gpxtpx:cad>
     </gpxtpx:TrackPointExtension>
    </extensions>
   </trkpt>
   <trkpt lat="38.5772920" lon="-121.4596720">
    <ele>11.8</ele>
    <time>2025-11-21T15:27:40Z</time>
    <extensions>
     <power>227</power>
     <gpxtpx:TrackPointExtension>
      <gpxtpx:atemp>16</gpxtpx:atemp>
      <gpxtpx:hr>154</gpxtpx:hr>
      <gpxtpx:cad>90</gpxtpx:cad>
     </gpxtpx:TrackPointExtension>
    </extensions>
   </trkpt>
   <trkpt lat="38.5772860" lon="-121.4596470">
    <ele>11.8</ele>
    <time>2025-11-21T15:27:41Z</time>
    <extensions>
     <power>225</power>
     <gpxtpx:TrackPointExtension>
      <gpxtpx:atemp>15</gpxtpx:atemp>
      <gpxtpx:hr>154</gpxtpx:hr>
      <gpxtpx:cad>90</gpxtpx:cad>
     </gpxtpx:TrackPointExtension>
    </extensions>
   </trkpt>
   <trkpt lat="38.5772750" lon="-121.4596140">
    <ele>11.8</ele>
    <time>2025-11-21T15:27:42Z</time>
    <extensions>
     <power>224</power>
     <gpxtpx:TrackPointExtension>
      <gpxtpx:atemp>16</gpxtpx:atemp>
      <gpxtpx:hr>153</gpxtpx:hr>
      <gpxtpx:cad>90</gpxtpx:cad>
     </gpxtpx:TrackPointExtension>
    </extensions>
   </trkpt>
   <trkpt lat="38.5772720" lon="-121.4595860">
    <ele>11.8</ele>
    <time>2025-11-21T15:27:43Z</time>
    <extensions>
     <power>225</power>
     <gpxtpx:TrackPointExtension>
      <gpxtpx:atemp>15</gpxtpx:atemp>
      <gpxtpx:hr>154</gpxtpx:hr>
      <gpxtpx:cad>90</gpxtpx:cad>
     </gpxtpx:TrackPointExtension>
    </extensions>
   </trkpt>
   <trkpt lat="38.5772630" lon="-121.4595600">
    <ele>11.8</ele>
    <time>2025-11-21T15:27:44Z</time>
    <extensions>
     <power>225</power>
     <gpxtpx:TrackPointExtension>
      <gpxtpx:atemp>15</gpxtpx:atemp>
      <gpxtpx:hr>154</gpxtpx:hr>
      <gpxtpx:cad>90</gpxtpx:cad>
     </gpxtpx:TrackPointExtension>
    </extensions>
   </trkpt>
   <trkpt lat="38.5772570" lon="-121.4595330">
    <ele>11.8</ele>
    <time>2025-11-21T15:27:45Z</time>
    <extensions>
     <power>226</power>
     <gpxtpx:TrackPointExtension>
      <gpxtpx:atemp>15</gpxtpx:atemp>
      <gpxtpx:hr>153</gpxtpx:hr>
      <gpxtpx:cad>89</gpxtpx:cad>
     </gpxtpx:TrackPointExtension>
    </extensions>
   </trkpt>
   <trkpt lat="38.5772490" lon="-121.4595050">
    <ele>12.0</ele>
    <time>2025-11-21T15:27:46Z</time>
    <extensions>
     <power>226</power>
     <gpxtpx:TrackPointExtension>
      <gpxtpx:atemp>15</gpxtpx:atemp>
      <gpxtpx:hr>154</gpxtpx:hr>
      <gpxtpx:cad>89</gpxtpx:cad>
     </gpxtpx:TrackPointExtension>
    </extensions>
   </trkpt>
   <trkpt lat="38.5772440" lon="-121.4594770">
    <ele>12.0</ele>
    <time>2025-11-21T15:27:47Z</time>
    <extensions>
     <power>227</power>
     <gpxtpx:TrackPointExtension>
      <gpxtpx:atemp>15</gpxtpx:atemp>
      <gpxtpx:hr>154</gpxtpx:hr>
      <gpxtpx:cad>89</gpxtpx:cad>
     </gpxtpx:TrackPointExtension>
    </extensions>
   </trkpt>
   <trkpt lat="38.5772340" lon="-121.4594430">
    <ele>11.8</ele>
    <time>2025-11-21T15:27:48Z</time>
    <extensions>
     <power>226</power>
     <gpxtpx:TrackPointExtension>
      <gpxtpx:atemp>15</gpxtpx:atemp>
      <gpxtpx:hr>153</gpxtpx:hr>
      <gpxtpx:cad>90</gpxtpx:cad>
     </gpxtpx:TrackPointExtension>
    </extensions>
   </trkpt>
   <trkpt lat="38.5772250" lon="-121.4594160">
    <ele>11.8</ele>
    <time>2025-11-21T15:27:49Z</time>
    <extensions>
     <power>225</power>
     <gpxtpx:TrackPointExtension>
      <gpxtpx:atemp>15</gpxtpx:atemp>
      <gpxtpx:hr>153</gpxtpx:hr>
      <gpxtpx:cad>90</gpxtpx:cad>
     </gpxtpx:TrackPointExtension>
    </extensions>
   </trkpt>
   <trkpt lat="38.5772150" lon="-121.4593840">
    <ele>11.8</ele>
    <time>2025-11-21T15:27:50Z</time>
    <extensions>
     <power>225</power>
     <gpxtpx:TrackPointExtension>
      <gpxtpx:atemp>15</gpxtpx:atemp>
      <gpxtpx:hr>153</gpxtpx:hr>
      <gpxtpx:cad>89</gpxtpx:cad>
     </gpxtpx:TrackPointExtension>
    </extensions>
   </trkpt>
   <trkpt lat="38.5772130" lon="-121.4593600">
    <ele>11.6</ele>
    <time>2025-11-21T15:27:51Z</time>
    <extensions>
     <power>225</power>
     <gpxtpx:TrackPointExtension>
      <gpxtpx:atemp>15</gpxtpx:atemp>
      <gpxtpx:hr>153</gpxtpx:hr>
      <gpxtpx:cad>89</gpxtpx:cad>
     </gpxtpx:TrackPointExtension>
    </extensions>
   </trkpt>
   <trkpt lat="38.5772040" lon="-121.4593280">
    <ele>11.6</ele>
    <time>2025-11-21T15:27:52Z</time>
    <extensions>
     <power>224</power>
     <gpxtpx:TrackPointExtension>
      <gpxtpx:atemp>15</gpxtpx:atemp>
      <gpxtpx:hr>152</gpxtpx:hr>
      <gpxtpx:cad>89</gpxtpx:cad>
     </gpxtpx:TrackPointExtension>
    </extensions>
   </trkpt>
   <trkpt lat="38.5771970" lon="-121.4593050">
    <ele>11.6</ele>
    <time>2025-11-21T15:27:53Z</time>
    <extensions>
     <power>224</power>
     <gpxtpx:TrackPointExtension>
      <gpxtpx:atemp>16</gpxtpx:atemp>
      <gpxtpx:hr>152</gpxtpx:hr>
      <gpxtpx:cad>89</gpxtpx:cad>
     </gpxtpx:TrackPointExtension>
    </extensions>
   </trkpt>
   <trkpt lat="38.5771840" lon="-121.4592690">
    <ele>11.6</ele>
    <time>2025-11-21T15:27:54Z</time>
    <extensions>
     <power>223</power>
     <gpxtpx:TrackPointExtension>
      <gpxtpx:atemp>15</gpxtpx:atemp>
      <gpxtpx:hr>152</gpxtpx:hr>
      <gpxtpx:cad>89</gpxtpx:cad>
     </gpxtpx:TrackPointExtension>
    </extensions>
   </trkpt>
   <trkpt lat="38.5771800" lon="-121.4592450">
    <ele>11.6</ele>
    <time>2025-11-21T15:27:55Z</time>
    <extensions>
     <power>223</power>
     <gpxtpx:TrackPointExtension>
      <gpxtpx:atemp>15</gpxtpx:atemp>
      <gpxtpx:hr>152</gpxtpx:hr>
      <gpxtpx:cad>89</gpxtpx:cad>
     </gpxtpx:TrackPointExtension>
    </extensions>
   </trkpt>
   <trkpt lat="38.5771710" lon="-121.4592220">
    <ele>11.8</ele>
    <time>2025-11-21T15:27:56Z</time>
    <extensions>
     <power>223</power>
     <gpxtpx:TrackPointExtension>
      <gpxtpx:atemp>15</gpxtpx:atemp>
      <gpxtpx:hr>152</gpxtpx:hr>
      <gpxtpx:cad>89</gpxtpx:cad>
     </gpxtpx:TrackPointExtension>
    </extensions>
   </trkpt>
   <trkpt lat="38.5771630" lon="-121.4592020">
    <ele>11.8</ele>
    <time>2025-11-21T15:27:57Z</time>
    <extensions>
     <power>223</power>
     <gpxtpx:TrackPointExtension>
      <gpxtpx:atemp>15</gpxtpx:atemp>
      <gpxtpx:hr>152</gpxtpx:hr>
      <gpxtpx:cad>90</gpxtpx:cad>
     </gpxtpx:TrackPointExtension>
    </extensions>
   </trkpt>
   <trkpt lat="38.5771580" lon="-121.4591760">
    <ele>11.8</ele>
    <time>2025-11-21T15:27:58Z</time>
    <extensions>
     <power>223</power>
     <gpxtpx:TrackPointExtension>
      <gpxtpx:atemp>15</gpxtpx:atemp>
      <gpxtpx:hr>151</gpxtpx:hr>
      <gpxtpx:cad>90</gpxtpx:cad>
     </gpxtpx:TrackPointExtension>
    </extensions>
   </trkpt>
   <trkpt lat="38.5771550" lon="-121.4591490">
    <ele>11.8</ele>
    <time>2025-11-21T15:27:59Z</time>
    <extensions>
     <power>223</power>
     <gpxtpx:TrackPointExtension>
      <gpxtpx:atemp>15</gpxtpx:atemp>
      <gpxtpx:hr>152</gpxtpx:hr>
      <gpxtpx:cad>90</gpxtpx:cad>
     </gpxtpx:TrackPointExtension>
    </extensions>
   </trkpt>
   <trkpt lat="38.5771520" lon="-121.4591220">
    <ele>12.0</ele>
    <time>2025-11-21T15:28:00Z</time>
    <extensions>
     <power>223</power>
     <gpxtpx:TrackPointExtension>
      <gpxtpx:atemp>15</gpxtpx:atemp>
      <gpxtpx:hr>152</gpxtpx:hr>
      <gpxtpx:cad>90</gpxtpx:cad>
     </gpxtpx:TrackPointExtension>
    </extensions>
   </trkpt>
   <trkpt lat="38.5771470" lon="-121.4590950">
    <ele>12.0</ele>
    <time>2025-11-21T15:28:01Z</time>
    <extensions>
     <power>222</power>
     <gpxtpx:TrackPointExtension>
      <gpxtpx:atemp>15</gpxtpx:atemp>
      <gpxtpx:hr>151</gpxtpx:hr>
      <gpxtpx:cad>90</gpxtpx:cad>
     </gpxtpx:TrackPointExtension>
    </extensions>
   </trkpt>
   <trkpt lat="38.5771400" lon="-121.4590660">
    <ele>11.8</ele>
    <time>2025-11-21T15:28:02Z</time>
    <extensions>
     <power>220</power>
     <gpxtpx:TrackPointExtension>
      <gpxtpx:atemp>15</gpxtpx:atemp>
      <gpxtpx:hr>152</gpxtpx:hr>
      <gpxtpx:cad>90</gpxtpx:cad>
     </gpxtpx:TrackPointExtension>
    </extensions>
   </trkpt>
   <trkpt lat="38.5771380" lon="-121.4590380">
    <ele>11.8</ele>
    <time>2025-11-21T15:28:03Z</time>
    <extensions>
     <power>219</power>
     <gpxtpx:TrackPointExtension>
      <gpxtpx:atemp>15</gpxtpx:atemp>
      <gpxtpx:hr>151</gpxtpx:hr>
      <gpxtpx:cad>90</gpxtpx:cad>
     </gpxtpx:TrackPointExtension>
    </extensions>
   </trkpt>
   <trkpt lat="38.5771320" lon="-121.4590090">
    <ele>11.6</ele>
    <time>2025-11-21T15:28:04Z</time>
    <extensions>
     <power>218</power>
     <gpxtpx:TrackPointExtension>
      <gpxtpx:atemp>15</gpxtpx:atemp>
      <gpxtpx:hr>151</gpxtpx:hr>
      <gpxtpx:cad>90</gpxtpx:cad>
     </gpxtpx:TrackPointExtension>
    </extensions>
   </trkpt>
   <trkpt lat="38.5771290" lon="-121.4589820">
    <ele>11.6</ele>
    <time>2025-11-21T15:28:05Z</time>
    <extensions>
     <power>218</power>
     <gpxtpx:TrackPointExtension>
      <gpxtpx:atemp>15</gpxtpx:atemp>
      <gpxtpx:hr>151</gpxtpx:hr>
      <gpxtpx:cad>90</gpxtpx:cad>
     </gpxtpx:TrackPointExtension>
    </extensions>
   </trkpt>
   <trkpt lat="38.5771230" lon="-121.4589540">
    <ele>11.6</ele>
    <time>2025-11-21T15:28:06Z</time>
    <extensions>
     <power>216</power>
     <gpxtpx:TrackPointExtension>
      <gpxtpx:atemp>15</gpxtpx:atemp>
      <gpxtpx:hr>152</gpxtpx:hr>
      <gpxtpx:cad>90</gpxtpx:cad>
     </gpxtpx:TrackPointExtension>
    </extensions>
   </trkpt>
   <trkpt lat="38.5771210" lon="-121.4589350">
    <ele>11.6</ele>
    <time>2025-11-21T15:28:07Z</time>
    <extensions>
     <power>216</power>
     <gpxtpx:TrackPointExtension>
      <gpxtpx:atemp>15</gpxtpx:atemp>
      <gpxtpx:hr>151</gpxtpx:hr>
      <gpxtpx:cad>90</gpxtpx:cad>
     </gpxtpx:TrackPointExtension>
    </extensions>
   </trkpt>
   <trkpt lat="38.5771160" lon="-121.4589060">
    <ele>11.6</ele>
    <time>2025-11-21T15:28:08Z</time>
    <extensions>
     <power>216</power>
     <gpxtpx:TrackPointExtension>
      <gpxtpx:atemp>15</gpxtpx:atemp>
      <gpxtpx:hr>151</gpxtpx:hr>
      <gpxtpx:cad>89</gpxtpx:cad>
     </gpxtpx:TrackPointExtension>
    </extensions>
   </trkpt>
   <trkpt lat="38.5771120" lon="-121.4588800">
    <ele>11.6</ele>
    <time>2025-11-21T15:28:09Z</time>
    <extensions>
     <power>215</power>
     <gpxtpx:TrackPointExtension>
      <gpxtpx:atemp>15</gpxtpx:atemp>
      <gpxtpx:hr>152</gpxtpx:hr>
      <gpxtpx:cad>89</gpxtpx:cad>
     </gpxtpx:TrackPointExtension>
    </extensions>
   </trkpt>
   <trkpt lat="38.5771050" lon="-121.4588540">
    <ele>11.6</ele>
    <time>2025-11-21T15:28:10Z</time>
    <extensions>
     <power>214</power>
     <gpxtpx:TrackPointExtension>
      <gpxtpx:atemp>15</gpxtpx:atemp>
      <gpxtpx:hr>151</gpxtpx:hr>
      <gpxtpx:cad>89</gpxtpx:cad>
     </gpxtpx:TrackPointExtension>
    </extensions>
   </trkpt>
   <trkpt lat="38.5771030" lon="-121.4588350">
    <ele>11.6</ele>
    <time>2025-11-21T15:28:11Z</time>
    <extensions>
     <power>213</power>
     <gpxtpx:TrackPointExtension>
      <gpxtpx:atemp>15</gpxtpx:atemp>
      <gpxtpx:hr>151</gpxtpx:hr>
      <gpxtpx:cad>89</gpxtpx:cad>
     </gpxtpx:TrackPointExtension>
    </extensions>
   </trkpt>
   <trkpt lat="38.5770980" lon="-121.4588100">
    <ele>11.6</ele>
    <time>2025-11-21T15:28:12Z</time>
    <extensions>
     <power>213</power>
     <gpxtpx:TrackPointExtension>
      <gpxtpx:atemp>15</gpxtpx:atemp>
      <gpxtpx:hr>151</gpxtpx:hr>
      <gpxtpx:cad>89</gpxtpx:cad>
     </gpxtpx:TrackPointExtension>
    </extensions>
   </trkpt>
   <trkpt lat="38.5770910" lon="-121.4587860">
    <ele>11.6</ele>
    <time>2025-11-21T15:28:13Z</time>
    <extensions>
     <power>212</power>
     <gpxtpx:TrackPointExtension>
      <gpxtpx:atemp>15</gpxtpx:atemp>
      <gpxtpx:hr>152</gpxtpx:hr>
      <gpxtpx:cad>87</gpxtpx:cad>
     </gpxtpx:TrackPointExtension>
    </extensions>
   </trkpt>
   <trkpt lat="38.5770870" lon="-121.4587600">
    <ele>11.6</ele>
    <time>2025-11-21T15:28:14Z</time>
    <extensions>
     <power>213</power>
     <gpxtpx:TrackPointExtension>
      <gpxtpx:atemp>15</gpxtpx:atemp>
      <gpxtpx:hr>151</gpxtpx:hr>
      <gpxtpx:cad>87</gpxtpx:cad>
     </gpxtpx:TrackPointExtension>
    </extensions>
   </trkpt>
   <trkpt lat="38.5770770" lon="-121.4587340">
    <ele>11.6</ele>
    <time>2025-11-21T15:28:15Z</time>
    <extensions>
     <power>212</power>
     <gpxtpx:TrackPointExtension>
      <gpxtpx:atemp>15</gpxtpx:atemp>
      <gpxtpx:hr>151</gpxtpx:hr>
      <gpxtpx:cad>87</gpxtpx:cad>
     </gpxtpx:TrackPointExtension>
    </extensions>
   </trkpt>
   <trkpt lat="38.5770710" lon="-121.4587110">
    <ele>11.6</ele>
    <time>2025-11-21T15:28:16Z</time>
    <extensions>
     <power>212</power>
     <gpxtpx:TrackPointExtension>
      <gpxtpx:atemp>15</gpxtpx:atemp>
      <gpxtpx:hr>151</gpxtpx:hr>
      <gpxtpx:cad>87</gpxtpx:cad>
     </gpxtpx:TrackPointExtension>
    </extensions>
   </trkpt>
   <trkpt lat="38.5770610" lon="-121.4586850">
    <ele>11.6</ele>
    <time>2025-11-21T15:28:17Z</time>
    <extensions>
     <power>211</power>
     <gpxtpx:TrackPointExtension>
      <gpxtpx:atemp>15</gpxtpx:atemp>
      <gpxtpx:hr>151</gpxtpx:hr>
      <gpxtpx:cad>87</gpxtpx:cad>
     </gpxtpx:TrackPointExtension>
    </extensions>
   </trkpt>
   <trkpt lat="38.5770540" lon="-121.4586570">
    <ele>11.6</ele>
    <time>2025-11-21T15:28:18Z</time>
    <extensions>
     <power>209</power>
     <gpxtpx:TrackPointExtension>
      <gpxtpx:atemp>15</gpxtpx:atemp>
      <gpxtpx:hr>151</gpxtpx:hr>
      <gpxtpx:cad>87</gpxtpx:cad>
     </gpxtpx:TrackPointExtension>
    </extensions>
   </trkpt>
   <trkpt lat="38.5770420" lon="-121.4586270">
    <ele>11.6</ele>
    <time>2025-11-21T15:28:19Z</time>
    <extensions>
     <power>207</power>
     <gpxtpx:TrackPointExtension>
      <gpxtpx:atemp>15</gpxtpx:atemp>
      <gpxtpx:hr>151</gpxtpx:hr>
      <gpxtpx:cad>88</gpxtpx:cad>
     </gpxtpx:TrackPointExtension>
    </extensions>
   </trkpt>
   <trkpt lat="38.5770390" lon="-121.4585970">
    <ele>11.6</ele>
    <time>2025-11-21T15:28:20Z</time>
    <extensions>
     <power>207</power>
     <gpxtpx:TrackPointExtension>
      <gpxtpx:atemp>15</gpxtpx:atemp>
      <gpxtpx:hr>151</gpxtpx:hr>
      <gpxtpx:cad>88</gpxtpx:cad>
     </gpxtpx:TrackPointExtension>
    </extensions>
   </trkpt>
   <trkpt lat="38.5770280" lon="-121.4585670">
    <ele>11.6</ele>
    <time>2025-11-21T15:28:21Z</time>
    <extensions>
     <power>207</power>
     <gpxtpx:TrackPointExtension>
      <gpxtpx:atemp>15</gpxtpx:atemp>
      <gpxtpx:hr>151</gpxtpx:hr>
      <gpxtpx:cad>89</gpxtpx:cad>
     </gpxtpx:TrackPointExtension>
    </extensions>
   </trkpt>
   <trkpt lat="38.5770130" lon="-121.4585350">
    <ele>11.6</ele>
    <time>2025-11-21T15:28:22Z</time>
    <extensions>
     <power>206</power>
     <gpxtpx:TrackPointExtension>
      <gpxtpx:atemp>15</gpxtpx:atemp>
      <gpxtpx:hr>150</gpxtpx:hr>
      <gpxtpx:cad>90</gpxtpx:cad>
     </gpxtpx:TrackPointExtension>
    </extensions>
   </trkpt>
   <trkpt lat="38.5770020" lon="-121.4585100">
    <ele>11.6</ele>
    <time>2025-11-21T15:28:23Z</time>
    <extensions>
     <power>205</power>
     <gpxtpx:TrackPointExtension>
      <gpxtpx:atemp>15</gpxtpx:atemp>
      <gpxtpx:hr>151</gpxtpx:hr>
      <gpxtpx:cad>90</gpxtpx:cad>
     </gpxtpx:TrackPointExtension>
    </extensions>
   </trkpt>
   <trkpt lat="38.5769920" lon="-121.4584870">
    <ele>11.6</ele>
    <time>2025-11-21T15:28:24Z</time>
    <extensions>
     <power>208</power>
     <gpxtpx:TrackPointExtension>
      <gpxtpx:atemp>15</gpxtpx:atemp>
      <gpxtpx:hr>151</gpxtpx:hr>
      <gpxtpx:cad>90</gpxtpx:cad>
     </gpxtpx:TrackPointExtension>
    </extensions>
   </trkpt>
   <trkpt lat="38.5769780" lon="-121.4584610">
    <ele>11.6</ele>
    <time>2025-11-21T15:28:25Z</time>
    <extensions>
     <power>208</power>
     <gpxtpx:TrackPointExtension>
      <gpxtpx:atemp>15</gpxtpx:atemp>
      <gpxtpx:hr>151</gpxtpx:hr>
      <gpxtpx:cad>90</gpxtpx:cad>
     </gpxtpx:TrackPointExtension>
    </extensions>
   </trkpt>
   <trkpt lat="38.5769710" lon="-121.4584310">
    <ele>11.6</ele>
    <time>2025-11-21T15:28:26Z</time>
    <extensions>
     <power>208</power>
     <gpxtpx:TrackPointExtension>
      <gpxtpx:atemp>15</gpxtpx:atemp>
      <gpxtpx:hr>150</gpxtpx:hr>
      <gpxtpx:cad>90</gpxtpx:cad>
     </gpxtpx:TrackPointExtension>
    </extensions>
   </trkpt>
   <trkpt lat="38.5769600" lon="-121.4584030">
    <ele>11.6</ele>
    <time>2025-11-21T15:28:27Z</time>
    <extensions>
     <power>208</power>
     <gpxtpx:TrackPointExtension>
      <gpxtpx:atemp>15</gpxtpx:atemp>
      <gpxtpx:hr>151</gpxtpx:hr>
      <gpxtpx:cad>90</gpxtpx:cad>
     </gpxtpx:TrackPointExtension>
    </extensions>
   </trkpt>
   <trkpt lat="38.5769510" lon="-121.4583740">
    <ele>11.4</ele>
    <time>2025-11-21T15:28:28Z</time>
    <extensions>
     <power>207</power>
     <gpxtpx:TrackPointExtension>
      <gpxtpx:atemp>15</gpxtpx:atemp>
      <gpxtpx:hr>151</gpxtpx:hr>
      <gpxtpx:cad>89</gpxtpx:cad>
     </gpxtpx:TrackPointExtension>
    </extensions>
   </trkpt>
   <trkpt lat="38.5769430" lon="-121.4583440">
    <ele>11.4</ele>
    <time>2025-11-21T15:28:29Z</time>
    <extensions>
     <power>209</power>
     <gpxtpx:TrackPointExtension>
      <gpxtpx:atemp>15</gpxtpx:atemp>
      <gpxtpx:hr>151</gpxtpx:hr>
      <gpxtpx:cad>88</gpxtpx:cad>
     </gpxtpx:TrackPointExtension>
    </extensions>
   </trkpt>
   <trkpt lat="38.5769380" lon="-121.4583140">
    <ele>11.4</ele>
    <time>2025-11-21T15:28:30Z</time>
    <extensions>
     <power>210</power>
     <gpxtpx:TrackPointExtension>
      <gpxtpx:atemp>15</gpxtpx:atemp>
      <gpxtpx:hr>150</gpxtpx:hr>
      <gpxtpx:cad>88</gpxtpx:cad>
     </gpxtpx:TrackPointExtension>
    </extensions>
   </trkpt>
   <trkpt lat="38.5769320" lon="-121.4582840">
    <ele>11.4</ele>
    <time>2025-11-21T15:28:31Z</time>
    <extensions>
     <power>211</power>
     <gpxtpx:TrackPointExtension>
      <gpxtpx:atemp>16</gpxtpx:atemp>
      <gpxtpx:hr>151</gpxtpx:hr>
      <gpxtpx:cad>88</gpxtpx:cad>
     </gpxtpx:TrackPointExtension>
    </extensions>
   </trkpt>
   <trkpt lat="38.5769270" lon="-121.4582600">
    <ele>11.4</ele>
    <time>2025-11-21T15:28:32Z</time>
    <extensions>
     <power>211</power>
     <gpxtpx:TrackPointExtension>
      <gpxtpx:atemp>15</gpxtpx:atemp>
      <gpxtpx:hr>151</gpxtpx:hr>
      <gpxtpx:cad>89</gpxtpx:cad>
     </gpxtpx:TrackPointExtension>
    </extensions>
   </trkpt>
   <trkpt lat="38.5769170" lon="-121.4582350">
    <ele>11.4</ele>
    <time>2025-11-21T15:28:33Z</time>
    <extensions>
     <power>211</power>
     <gpxtpx:TrackPointExtension>
      <gpxtpx:atemp>15</gpxtpx:atemp>
      <gpxtpx:hr>150</gpxtpx:hr>
      <gpxtpx:cad>89</gpxtpx:cad>
     </gpxtpx:TrackPointExtension>
    </extensions>
   </trkpt>
   <trkpt lat="38.5769080" lon="-121.4582070">
    <ele>11.4</ele>
    <time>2025-11-21T15:28:34Z</time>
    <extensions>
     <power>211</power>
     <gpxtpx:TrackPointExtension>
      <gpxtpx:atemp>15</gpxtpx:atemp>
      <gpxtpx:hr>151</gpxtpx:hr>
      <gpxtpx:cad>89</gpxtpx:cad>
     </gpxtpx:TrackPointExtension>
    </extensions>
   </trkpt>
   <trkpt lat="38.5768990" lon="-121.4581790">
    <ele>11.4</ele>
    <time>2025-11-21T15:28:35Z</time>
    <extensions>
     <power>209</power>
     <gpxtpx:TrackPointExtension>
      <gpxtpx:atemp>15</gpxtpx:atemp>
      <gpxtpx:hr>151</gpxtpx:hr>
      <gpxtpx:cad>88</gpxtpx:cad>
     </gpxtpx:TrackPointExtension>
    </extensions>
   </trkpt>
   <trkpt lat="38.5768920" lon="-121.4581530">
    <ele>11.4</ele>
    <time>2025-11-21T15:28:36Z</time>
    <extensions>
     <power>211</power>
     <gpxtpx:TrackPointExtension>
      <gpxtpx:atemp>16</gpxtpx:atemp>
      <gpxtpx:hr>150</gpxtpx:hr>
      <gpxtpx:cad>88</gpxtpx:cad>
     </gpxtpx:TrackPointExtension>
    </extensions>
   </trkpt>
   <trkpt lat="38.5768860" lon="-121.4581180">
    <ele>11.4</ele>
    <time>2025-11-21T15:28:37Z</time>
    <extensions>
     <power>211</power>
     <gpxtpx:TrackPointExtension>
      <gpxtpx:atemp>15</gpxtpx:atemp>
      <gpxtpx:hr>150</gpxtpx:hr>
      <gpxtpx:cad>88</gpxtpx:cad>
     </gpxtpx:TrackPointExtension>
    </extensions>
   </trkpt>
   <trkpt lat="38.5768780" lon="-121.4580900">
    <ele>11.4</ele>
    <time>2025-11-21T15:28:38Z</time>
    <extensions>
     <power>211</power>
     <gpxtpx:TrackPointExtension>
      <gpxtpx:atemp>15</gpxtpx:atemp>
      <gpxtpx:hr>150</gpxtpx:hr>
      <gpxtpx:cad>88</gpxtpx:cad>
     </gpxtpx:TrackPointExtension>
    </extensions>
   </trkpt>
   <trkpt lat="38.5768710" lon="-121.4580590">
    <ele>11.4</ele>
    <time>2025-11-21T15:28:39Z</time>
    <extensions>
     <power>212</power>
     <gpxtpx:TrackPointExtension>
      <gpxtpx:atemp>15</gpxtpx:atemp>
      <gpxtpx:hr>150</gpxtpx:hr>
      <gpxtpx:cad>88</gpxtpx:cad>
     </gpxtpx:TrackPointExtension>
    </extensions>
   </trkpt>
   <trkpt lat="38.5768660" lon="-121.4580270">
    <ele>11.4</ele>
    <time>2025-11-21T15:28:40Z</time>
    <extensions>
     <power>212</power>
     <gpxtpx:TrackPointExtension>
      <gpxtpx:atemp>15</gpxtpx:atemp>
      <gpxtpx:hr>150</gpxtpx:hr>
      <gpxtpx:cad>88</gpxtpx:cad>
     </gpxtpx:TrackPointExtension>
    </extensions>
   </trkpt>
   <trkpt lat="38.5768590" lon="-121.4579990">
    <ele>11.6</ele>
    <time>2025-11-21T15:28:41Z</time>
    <extensions>
     <power>213</power>
     <gpxtpx:TrackPointExtension>
      <gpxtpx:atemp>15</gpxtpx:atemp>
      <gpxtpx:hr>150</gpxtpx:hr>
      <gpxtpx:cad>88</gpxtpx:cad>
     </gpxtpx:TrackPointExtension>
    </extensions>
   </trkpt>
   <trkpt lat="38.5768520" lon="-121.4579690">
    <ele>11.6</ele>
    <time>2025-11-21T15:28:42Z</time>
    <extensions>
     <power>214</power>
     <gpxtpx:TrackPointExtension>
      <gpxtpx:atemp>15</gpxtpx:atemp>
      <gpxtpx:hr>150</gpxtpx:hr>
      <gpxtpx:cad>88</gpxtpx:cad>
     </gpxtpx:TrackPointExtension>
    </extensions>
   </trkpt>
   <trkpt lat="38.5768460" lon="-121.4579380">
    <ele>11.6</ele>
    <time>2025-11-21T15:28:43Z</time>
    <extensions>
     <power>214</power>
     <gpxtpx:TrackPointExtension>
      <gpxtpx:atemp>15</gpxtpx:atemp>
      <gpxtpx:hr>150</gpxtpx:hr>
      <gpxtpx:cad>88</gpxtpx:cad>
     </gpxtpx:TrackPointExtension>
    </extensions>
   </trkpt>
   <trkpt lat="38.5768390" lon="-121.4579090">
    <ele>11.6</ele>
    <time>2025-11-21T15:28:44Z</time>
    <extensions>
     <power>213</power>
     <gpxtpx:TrackPointExtension>
      <gpxtpx:atemp>15</gpxtpx:atemp>
      <gpxtpx:hr>149</gpxtpx:hr>
      <gpxtpx:cad>89</gpxtpx:cad>
     </gpxtpx:TrackPointExtension>
    </extensions>
   </trkpt>
   <trkpt lat="38.5768330" lon="-121.4578800">
    <ele>11.4</ele>
    <time>2025-11-21T15:28:45Z</time>
    <extensions>
     <power>214</power>
     <gpxtpx:TrackPointExtension>
      <gpxtpx:atemp>15</gpxtpx:atemp>
      <gpxtpx:hr>149</gpxtpx:hr>
      <gpxtpx:cad>89</gpxtpx:cad>
     </gpxtpx:TrackPointExtension>
    </extensions>
   </trkpt>
   <trkpt lat="38.5768260" lon="-121.4578540">
    <ele>11.4</ele>
    <time>2025-11-21T15:28:46Z</time>
    <extensions>
     <power>213</power>
     <gpxtpx:TrackPointExtension>
      <gpxtpx:atemp>15</gpxtpx:atemp>
      <gpxtpx:hr>149</gpxtpx:hr>
      <gpxtpx:cad>89</gpxtpx:cad>
     </gpxtpx:TrackPointExtension>
    </extensions>
   </trkpt>
   <trkpt lat="38.5768190" lon="-121.4578210">
    <ele>11.4</ele>
    <time>2025-11-21T15:28:47Z</time>
    <extensions>
     <power>213</power>
     <gpxtpx:TrackPointExtension>
      <gpxtpx:atemp>15</gpxtpx:atemp>
      <gpxtpx:hr>150</gpxtpx:hr>
      <gpxtpx:cad>89</gpxtpx:cad>
     </gpxtpx:TrackPointExtension>
    </extensions>
   </trkpt>
   <trkpt lat="38.5768140" lon="-121.4577950">
    <ele>11.4</ele>
    <time>2025-11-21T15:28:48Z</time>
    <extensions>
     <power>213</power>
     <gpxtpx:TrackPointExtension>
      <gpxtpx:atemp>15</gpxtpx:atemp>
      <gpxtpx:hr>149</gpxtpx:hr>
      <gpxtpx:cad>89</gpxtpx:cad>
     </gpxtpx:TrackPointExtension>
    </extensions>
   </trkpt>
   <trkpt lat="38.5768090" lon="-121.4577650">
    <ele>11.4</ele>
    <time>2025-11-21T15:28:49Z</time>
    <extensions>
     <power>214</power>
     <gpxtpx:TrackPointExtension>
      <gpxtpx:atemp>15</gpxtpx:atemp>
      <gpxtpx:hr>149</gpxtpx:hr>
      <gpxtpx:cad>89</gpxtpx:cad>
     </gpxtpx:TrackPointExtension>
    </extensions>
   </trkpt>
   <trkpt lat="38.5768020" lon="-121.4577410">
    <ele>11.6</ele>
    <time>2025-11-21T15:28:50Z</time>
    <extensions>
     <power>215</power>
     <gpxtpx:TrackPointExtension>
      <gpxtpx:atemp>15</gpxtpx:atemp>
      <gpxtpx:hr>150</gpxtpx:hr>
      <gpxtpx:cad>89</gpxtpx:cad>
     </gpxtpx:TrackPointExtension>
    </extensions>
   </trkpt>
   <trkpt lat="38.5768010" lon="-121.4577140">
    <ele>11.6</ele>
    <time>2025-11-21T15:28:51Z</time>
    <extensions>
     <power>216</power>
     <gpxtpx:TrackPointExtension>
      <gpxtpx:atemp>15</gpxtpx:atemp>
      <gpxtpx:hr>149</gpxtpx:hr>
      <gpxtpx:cad>88</gpxtpx:cad>
     </gpxtpx:TrackPointExtension>
    </extensions>
   </trkpt>
   <trkpt lat="38.5767910" lon="-121.4576820">
    <ele>11.6</ele>
    <time>2025-11-21T15:28:52Z</time>
    <extensions>
     <power>215</power>
     <gpxtpx:TrackPointExtension>
      <gpxtpx:atemp>15</gpxtpx:atemp>
      <gpxtpx:hr>149</gpxtpx:hr>
      <gpxtpx:cad>88</gpxtpx:cad>
     </gpxtpx:TrackPointExtension>
    </extensions>
   </trkpt>
   <trkpt lat="38.5767870" lon="-121.4576550">
    <ele>11.6</ele>
    <time>2025-11-21T15:28:53Z</time>
    <extensions>
     <power>214</power>
     <gpxtpx:TrackPointExtension>
      <gpxtpx:atemp>15</gpxtpx:atemp>
      <gpxtpx:hr>149</gpxtpx:hr>
      <gpxtpx:cad>88</gpxtpx:cad>
     </gpxtpx:TrackPointExtension>
    </extensions>
   </trkpt>
   <trkpt lat="38.5767780" lon="-121.4576200">
    <ele>11.6</ele>
    <time>2025-11-21T15:28:54Z</time>
    <extensions>
     <power>214</power>
     <gpxtpx:TrackPointExtension>
      <gpxtpx:atemp>15</gpxtpx:atemp>
      <gpxtpx:hr>149</gpxtpx:hr>
      <gpxtpx:cad>88</gpxtpx:cad>
     </gpxtpx:TrackPointExtension>
    </extensions>
   </trkpt>
   <trkpt lat="38.5767770" lon="-121.4575930">
    <ele>11.6</ele>
    <time>2025-11-21T15:28:55Z</time>
    <extensions>
     <power>215</power>
     <gpxtpx:TrackPointExtension>
      <gpxtpx:atemp>15</gpxtpx:atemp>
      <gpxtpx:hr>149</gpxtpx:hr>
      <gpxtpx:cad>87</gpxtpx:cad>
     </gpxtpx:TrackPointExtension>
    </extensions>
   </trkpt>
   <trkpt lat="38.5767710" lon="-121.4575640">
    <ele>11.6</ele>
    <time>2025-11-21T15:28:56Z</time>
    <extensions>
     <power>216</power>
     <gpxtpx:TrackPointExtension>
      <gpxtpx:atemp>15</gpxtpx:atemp>
      <gpxtpx:hr>150</gpxtpx:hr>
      <gpxtpx:cad>87</gpxtpx:cad>
     </gpxtpx:TrackPointExtension>
    </extensions>
   </trkpt>
   <trkpt lat="38.5767640" lon="-121.4575390">
    <ele>11.6</ele>
    <time>2025-11-21T15:28:57Z</time>
    <extensions>
     <power>218</power>
     <gpxtpx:TrackPointExtension>
      <gpxtpx:atemp>15</gpxtpx:atemp>
      <gpxtpx:hr>149</gpxtpx:hr>
      <gpxtpx:cad>87</gpxtpx:cad>
     </gpxtpx:TrackPointExtension>
    </extensions>
   </trkpt>
   <trkpt lat="38.5767500" lon="-121.4575140">
    <ele>11.6</ele>
    <time>2025-11-21T15:28:58Z</time>
    <extensions>
     <power>219</power>
     <gpxtpx:TrackPointExtension>
      <gpxtpx:atemp>15</gpxtpx:atemp>
      <gpxtpx:hr>149</gpxtpx:hr>
      <gpxtpx:cad>87</gpxtpx:cad>
     </gpxtpx:TrackPointExtension>
    </extensions>
   </trkpt>
   <trkpt lat="38.5767360" lon="-121.4574920">
    <ele>11.6</ele>
    <time>2025-11-21T15:28:59Z</time>
    <extensions>
     <power>219</power>
     <gpxtpx:TrackPointExtension>
      <gpxtpx:atemp>15</gpxtpx:atemp>
      <gpxtpx:hr>150</gpxtpx:hr>
      <gpxtpx:cad>87</gpxtpx:cad>
     </gpxtpx:TrackPointExtension>
    </extensions>
   </trkpt>
   <trkpt lat="38.5767210" lon="-121.4574720">
    <ele>11.6</ele>
    <time>2025-11-21T15:29:00Z</time>
    <extensions>
     <power>218</power>
     <gpxtpx:TrackPointExtension>
      <gpxtpx:atemp>15</gpxtpx:atemp>
      <gpxtpx:hr>150</gpxtpx:hr>
      <gpxtpx:cad>88</gpxtpx:cad>
     </gpxtpx:TrackPointExtension>
    </extensions>
   </trkpt>
   <trkpt lat="38.5767010" lon="-121.4574510">
    <ele>11.6</ele>
    <time>2025-11-21T15:29:01Z</time>
    <extensions>
     <power>218</power>
     <gpxtpx:TrackPointExtension>
      <gpxtpx:atemp>15</gpxtpx:atemp>
      <gpxtpx:hr>150</gpxtpx:hr>
      <gpxtpx:cad>87</gpxtpx:cad>
     </gpxtpx:TrackPointExtension>
    </extensions>
   </trkpt>
   <trkpt lat="38.5766820" lon="-121.4574320">
    <ele>11.6</ele>
    <time>2025-11-21T15:29:02Z</time>
    <extensions>
     <power>217</power>
     <gpxtpx:TrackPointExtension>
      <gpxtpx:atemp>15</gpxtpx:atemp>
      <gpxtpx:hr>150</gpxtpx:hr>
      <gpxtpx:cad>88</gpxtpx:cad>
     </gpxtpx:TrackPointExtension>
    </extensions>
   </trkpt>
   <trkpt lat="38.5766590" lon="-121.4574150">
    <ele>11.6</ele>
    <time>2025-11-21T15:29:03Z</time>
    <extensions>
     <power>217</power>
     <gpxtpx:TrackPointExtension>
      <gpxtpx:atemp>15</gpxtpx:atemp>
      <gpxtpx:hr>150</gpxtpx:hr>
      <gpxtpx:cad>88</gpxtpx:cad>
     </gpxtpx:TrackPointExtension>
    </extensions>
   </trkpt>
   <trkpt lat="38.5766390" lon="-121.4573960">
    <ele>11.6</ele>
    <time>2025-11-21T15:29:04Z</time>
    <extensions>
     <power>218</power>
     <gpxtpx:TrackPointExtension>
      <gpxtpx:atemp>15</gpxtpx:atemp>
      <gpxtpx:hr>151</gpxtpx:hr>
      <gpxtpx:cad>88</gpxtpx:cad>
     </gpxtpx:TrackPointExtension>
    </extensions>
   </trkpt>
   <trkpt lat="38.5766130" lon="-121.4573780">
    <ele>11.6</ele>
    <time>2025-11-21T15:29:05Z</time>
    <extensions>
     <power>219</power>
     <gpxtpx:TrackPointExtension>
      <gpxtpx:atemp>15</gpxtpx:atemp>
      <gpxtpx:hr>151</gpxtpx:hr>
      <gpxtpx:cad>88</gpxtpx:cad>
     </gpxtpx:TrackPointExtension>
    </extensions>
   </trkpt>
   <trkpt lat="38.5765950" lon="-121.4573690">
    <ele>11.6</ele>
    <time>2025-11-21T15:29:06Z</time>
    <extensions>
     <power>220</power>
     <gpxtpx:TrackPointExtension>
      <gpxtpx:atemp>15</gpxtpx:atemp>
      <gpxtpx:hr>151</gpxtpx:hr>
      <gpxtpx:cad>88</gpxtpx:cad>
     </gpxtpx:TrackPointExtension>
    </extensions>
   </trkpt>
   <trkpt lat="38.5765670" lon="-121.4573640">
    <ele>11.6</ele>
    <time>2025-11-21T15:29:07Z</time>
    <extensions>
     <power>220</power>
     <gpxtpx:TrackPointExtension>
      <gpxtpx:atemp>15</gpxtpx:atemp>
      <gpxtpx:hr>151</gpxtpx:hr>
      <gpxtpx:cad>88</gpxtpx:cad>
     </gpxtpx:TrackPointExtension>
    </extensions>
   </trkpt>
   <trkpt lat="38.5765430" lon="-121.4573640">
    <ele>11.6</ele>
    <time>2025-11-21T15:29:08Z</time>
    <extensions>
     <power>220</power>
     <gpxtpx:TrackPointExtension>
      <gpxtpx:atemp>15</gpxtpx:atemp>
      <gpxtpx:hr>152</gpxtpx:hr>
      <gpxtpx:cad>88</gpxtpx:cad>
     </gpxtpx:TrackPointExtension>
    </extensions>
   </trkpt>
   <trkpt lat="38.5765190" lon="-121.4573770">
    <ele>11.6</ele>
    <time>2025-11-21T15:29:09Z</time>
    <extensions>
     <power>220</power>
     <gpxtpx:TrackPointExtension>
      <gpxtpx:atemp>15</gpxtpx:atemp>
      <gpxtpx:hr>153</gpxtpx:hr>
      <gpxtpx:cad>88</gpxtpx:cad>
     </gpxtpx:TrackPointExtension>
    </extensions>
   </trkpt>
   <trkpt lat="38.5765010" lon="-121.4573870">
    <ele>11.6</ele>
    <time>2025-11-21T15:29:10Z</time>
    <extensions>
     <power>220</power>
     <gpxtpx:TrackPointExtension>
      <gpxtpx:atemp>15</gpxtpx:atemp>
      <gpxtpx:hr>154</gpxtpx:hr>
      <gpxtpx:cad>88</gpxtpx:cad>
     </gpxtpx:TrackPointExtension>
    </extensions>
   </trkpt>
   <trkpt lat="38.5764770" lon="-121.4574020">
    <ele>11.6</ele>
    <time>2025-11-21T15:29:11Z</time>
    <extensions>
     <power>220</power>
     <gpxtpx:TrackPointExtension>
      <gpxtpx:atemp>15</gpxtpx:atemp>
      <gpxtpx:hr>154</gpxtpx:hr>
      <gpxtpx:cad>87</gpxtpx:cad>
     </gpxtpx:TrackPointExtension>
    </extensions>
   </trkpt>
   <trkpt lat="38.5764590" lon="-121.4574150">
    <ele>11.6</ele>
    <time>2025-11-21T15:29:12Z</time>
    <extensions>
     <power>221</power>
     <gpxtpx:TrackPointExtension>
      <gpxtpx:atemp>15</gpxtpx:atemp>
      <gpxtpx:hr>155</gpxtpx:hr>
      <gpxtpx:cad>87</gpxtpx:cad>
     </gpxtpx:TrackPointExtension>
    </extensions>
   </trkpt>
   <trkpt lat="38.5764310" lon="-121.4574350">
    <ele>11.6</ele>
    <time>2025-11-21T15:29:13Z</time>
    <extensions>
     <power>221</power>
     <gpxtpx:TrackPointExtension>
      <gpxtpx:atemp>15</gpxtpx:atemp>
      <gpxtpx:hr>155</gpxtpx:hr>
      <gpxtpx:cad>87</gpxtpx:cad>
     </gpxtpx:TrackPointExtension>
    </extensions>
   </trkpt>
   <trkpt lat="38.5764130" lon="-121.4574490">
    <ele>11.6</ele>
    <time>2025-11-21T15:29:14Z</time>
    <extensions>
     <power>220</power>
     <gpxtpx:TrackPointExtension>
      <gpxtpx:atemp>15</gpxtpx:atemp>
      <gpxtpx:hr>155</gpxtpx:hr>
      <gpxtpx:cad>87</gpxtpx:cad>
     </gpxtpx:TrackPointExtension>
    </extensions>
   </trkpt>
   <trkpt lat="38.5763920" lon="-121.4574610">
    <ele>11.6</ele>
    <time>2025-11-21T15:29:15Z</time>
    <extensions>
     <power>221</power>
     <gpxtpx:TrackPointExtension>
      <gpxtpx:atemp>15</gpxtpx:atemp>
      <gpxtpx:hr>154</gpxtpx:hr>
      <gpxtpx:cad>87</gpxtpx:cad>
     </gpxtpx:TrackPointExtension>
    </extensions>
   </trkpt>
   <trkpt lat="38.5763680" lon="-121.4574750">
    <ele>11.4</ele>
    <time>2025-11-21T15:29:16Z</time>
    <extensions>
     <power>222</power>
     <gpxtpx:TrackPointExtension>
      <gpxtpx:atemp>15</gpxtpx:atemp>
      <gpxtpx:hr>155</gpxtpx:hr>
      <gpxtpx:cad>87</gpxtpx:cad>
     </gpxtpx:TrackPointExtension>
    </extensions>
   </trkpt>
   <trkpt lat="38.5763490" lon="-121.4574840">
    <ele>11.4</ele>
    <time>2025-11-21T15:29:17Z</time>
    <extensions>
     <power>221</power>
     <gpxtpx:TrackPointExtension>
      <gpxtpx:atemp>15</gpxtpx:atemp>
      <gpxtpx:hr>154</gpxtpx:hr>
      <gpxtpx:cad>87</gpxtpx:cad>
     </gpxtpx:TrackPointExtension>
    </extensions>
   </trkpt>
   <trkpt lat="38.5763220" lon="-121.4574940">
    <ele>11.4</ele>
    <time>2025-11-21T15:29:18Z</time>
    <extensions>
     <power>220</power>
     <gpxtpx:TrackPointExtension>
      <gpxtpx:atemp>15</gpxtpx:atemp>
      <gpxtpx:hr>154</gpxtpx:hr>
      <gpxtpx:cad>88</gpxtpx:cad>
     </gpxtpx:TrackPointExtension>
    </extensions>
   </trkpt>
   <trkpt lat="38.5763030" lon="-121.4575030">
    <ele>11.4</ele>
    <time>2025-11-21T15:29:19Z</time>
    <extensions>
     <power>219</power>
     <gpxtpx:TrackPointExtension>
      <gpxtpx:atemp>15</gpxtpx:atemp>
      <gpxtpx:hr>154</gpxtpx:hr>
      <gpxtpx:cad>88</gpxtpx:cad>
     </gpxtpx:TrackPointExtension>
    </extensions>
   </trkpt>
   <trkpt lat="38.5762790" lon="-121.4575120">
    <ele>11.4</ele>
    <time>2025-11-21T15:29:20Z</time>
    <extensions>
     <power>218</power>
     <gpxtpx:TrackPointExtension>
      <gpxtpx:atemp>15</gpxtpx:atemp>
      <gpxtpx:hr>155</gpxtpx:hr>
      <gpxtpx:cad>88</gpxtpx:cad>
     </gpxtpx:TrackPointExtension>
    </extensions>
   </trkpt>
   <trkpt lat="38.5762590" lon="-121.4575180">
    <ele>11.4</ele>
    <time>2025-11-21T15:29:21Z</time>
    <extensions>
     <power>217</power>
     <gpxtpx:TrackPointExtension>
      <gpxtpx:atemp>15</gpxtpx:atemp>
      <gpxtpx:hr>154</gpxtpx:hr>
      <gpxtpx:cad>88</gpxtpx:cad>
     </gpxtpx:TrackPointExtension>
    </extensions>
   </trkpt>
   <trkpt lat="38.5762350" lon="-121.4575300">
    <ele>11.2</ele>
    <time>2025-11-21T15:29:22Z</time>
    <extensions>
     <power>217</power>
     <gpxtpx:TrackPointExtension>
      <gpxtpx:atemp>15</gpxtpx:atemp>
      <gpxtpx:hr>154</gpxtpx:hr>
      <gpxtpx:cad>88</gpxtpx:cad>
     </gpxtpx:TrackPointExtension>
    </extensions>
   </trkpt>
   <trkpt lat="38.5762160" lon="-121.4575390">
    <ele>11.2</ele>
    <time>2025-11-21T15:29:23Z</time>
    <extensions>
     <power>216</power>
     <gpxtpx:TrackPointExtension>
      <gpxtpx:atemp>15</gpxtpx:atemp>
      <gpxtpx:hr>155</gpxtpx:hr>
      <gpxtpx:cad>88</gpxtpx:cad>
     </gpxtpx:TrackPointExtension>
    </extensions>
   </trkpt>
   <trkpt lat="38.5761910" lon="-121.4575510">
    <ele>11.2</ele>
    <time>2025-11-21T15:29:24Z</time>
    <extensions>
     <power>216</power>
     <gpxtpx:TrackPointExtension>
      <gpxtpx:atemp>15</gpxtpx:atemp>
      <gpxtpx:hr>154</gpxtpx:hr>
      <gpxtpx:cad>88</gpxtpx:cad>
     </gpxtpx:TrackPointExtension>
    </extensions>
   </trkpt>
   <trkpt lat="38.5761670" lon="-121.4575580">
    <ele>11.2</ele>
    <time>2025-11-21T15:29:25Z</time>
    <extensions>
     <power>216</power>
     <gpxtpx:TrackPointExtension>
      <gpxtpx:atemp>15</gpxtpx:atemp>
      <gpxtpx:hr>154</gpxtpx:hr>
      <gpxtpx:cad>88</gpxtpx:cad>
     </gpxtpx:TrackPointExtension>
    </extensions>
   </trkpt>
   <trkpt lat="38.5761470" lon="-121.4575720">
    <ele>11.2</ele>
    <time>2025-11-21T15:29:26Z</time>
    <extensions>
     <power>216</power>
     <gpxtpx:TrackPointExtension>
      <gpxtpx:atemp>15</gpxtpx:atemp>
      <gpxtpx:hr>155</gpxtpx:hr>
      <gpxtpx:cad>88</gpxtpx:cad>
     </gpxtpx:TrackPointExtension>
    </extensions>
   </trkpt>
   <trkpt lat="38.5761260" lon="-121.4575770">
    <ele>11.2</ele>
    <time>2025-11-21T15:29:27Z</time>
    <extensions>
     <power>216</power>
     <gpxtpx:TrackPointExtension>
      <gpxtpx:atemp>15</gpxtpx:atemp>
      <gpxtpx:hr>154</gpxtpx:hr>
      <gpxtpx:cad>88</gpxtpx:cad>
     </gpxtpx:TrackPointExtension>
    </extensions>
   </trkpt>
   <trkpt lat="38.5761040" lon="-121.4575820">
    <ele>11.2</ele>
    <time>2025-11-21T15:29:28Z</time>
    <extensions>
     <power>216</power>
     <gpxtpx:TrackPointExtension>
      <gpxtpx:atemp>15</gpxtpx:atemp>
      <gpxtpx:hr>155</gpxtpx:hr>
      <gpxtpx:cad>88</gpxtpx:cad>
     </gpxtpx:TrackPointExtension>
    </extensions>
   </trkpt>
   <trkpt lat="38.5760810" lon="-121.4575880">
    <ele>11.2</ele>
    <time>2025-11-21T15:29:29Z</time>
    <extensions>
     <power>216</power>
     <gpxtpx:TrackPointExtension>
      <gpxtpx:atemp>15</gpxtpx:atemp>
      <gpxtpx:hr>155</gpxtpx:hr>
      <gpxtpx:cad>88</gpxtpx:cad>
     </gpxtpx:TrackPointExtension>
    </extensions>
   </trkpt>
   <trkpt lat="38.5760610" lon="-121.4575960">
    <ele>11.2</ele>
    <time>2025-11-21T15:29:30Z</time>
    <extensions>
     <power>215</power>
     <gpxtpx:TrackPointExtension>
      <gpxtpx:atemp>15</gpxtpx:atemp>
      <gpxtpx:hr>155</gpxtpx:hr>
      <gpxtpx:cad>88</gpxtpx:cad>
     </gpxtpx:TrackPointExtension>
    </extensions>
   </trkpt>
   <trkpt lat="38.5760460" lon="-121.4576120">
    <ele>11.2</ele>
    <time>2025-11-21T15:29:31Z</time>
    <extensions>
     <power>214</power>
     <gpxtpx:TrackPointExtension>
      <gpxtpx:atemp>15</gpxtpx:atemp>
      <gpxtpx:hr>154</gpxtpx:hr>
      <gpxtpx:cad>88</gpxtpx:cad>
     </gpxtpx:TrackPointExtension>
    </extensions>
   </trkpt>
   <trkpt lat="38.5760300" lon="-121.4576310">
    <ele>11.2</ele>
    <time>2025-11-21T15:29:32Z</time>
    <extensions>
     <power>214</power>
     <gpxtpx:TrackPointExtension>
      <gpxtpx:atemp>15</gpxtpx:atemp>
      <gpxtpx:hr>155</gpxtpx:hr>
      <gpxtpx:cad>87</gpxtpx:cad>
     </gpxtpx:TrackPointExtension>
    </extensions>
   </trkpt>
   <trkpt lat="38.5760260" lon="-121.4576620">
    <ele>11.0</ele>
    <time>2025-11-21T15:29:33Z</time>
    <extensions>
     <power>213</power>
     <gpxtpx:TrackPointExtension>
      <gpxtpx:atemp>15</gpxtpx:atemp>
      <gpxtpx:hr>155</gpxtpx:hr>
      <gpxtpx:cad>88</gpxtpx:cad>
     </gpxtpx:TrackPointExtension>
    </extensions>
   </trkpt>
   <trkpt lat="38.5760180" lon="-121.4576870">
    <ele>11.0</ele>
    <time>2025-11-21T15:29:34Z</time>
    <extensions>
     <power>213</power>
     <gpxtpx:TrackPointExtension>
      <gpxtpx:atemp>15</gpxtpx:atemp>
      <gpxtpx:hr>154</gpxtpx:hr>
      <gpxtpx:cad>87</gpxtpx:cad>
     </gpxtpx:TrackPointExtension>
    </extensions>
   </trkpt>
   <trkpt lat="38.5760180" lon="-121.4577210">
    <ele>11.2</ele>
    <time>2025-11-21T15:29:35Z</time>
    <extensions>
     <power>213</power>
     <gpxtpx:TrackPointExtension>
      <gpxtpx:atemp>15</gpxtpx:atemp>
      <gpxtpx:hr>155</gpxtpx:hr>
      <gpxtpx:cad>88</gpxtpx:cad>
     </gpxtpx:TrackPointExtension>
    </extensions>
   </trkpt>
   <trkpt lat="38.5760170" lon="-121.4577430">
    <ele>11.2</ele>
    <time>2025-11-21T15:29:36Z</time>
    <extensions>
     <power>214</power>
     <gpxtpx:TrackPointExtension>
      <gpxtpx:atemp>15</gpxtpx:atemp>
      <gpxtpx:hr>155</gpxtpx:hr>
      <gpxtpx:cad>87</gpxtpx:cad>
     </gpxtpx:TrackPointExtension>
    </extensions>
   </trkpt>
   <trkpt lat="38.5760230" lon="-121.4577710">
    <ele>11.2</ele>
    <time>2025-11-21T15:29:37Z</time>
    <extensions>
     <power>214</power>
     <gpxtpx:TrackPointExtension>
      <gpxtpx:atemp>15</gpxtpx:atemp>
      <gpxtpx:hr>154</gpxtpx:hr>
      <gpxtpx:cad>88</gpxtpx:cad>
     </gpxtpx:TrackPointExtension>
    </extensions>
   </trkpt>
   <trkpt lat="38.5760280" lon="-121.4577950">
    <ele>11.2</ele>
    <time>2025-11-21T15:29:38Z</time>
    <extensions>
     <power>215</power>
     <gpxtpx:TrackPointExtension>
      <gpxtpx:atemp>15</gpxtpx:atemp>
      <gpxtpx:hr>154</gpxtpx:hr>
      <gpxtpx:cad>87</gpxtpx:cad>
     </gpxtpx:TrackPointExtension>
    </extensions>
   </trkpt>
   <trkpt lat="38.5760340" lon="-121.4578260">
    <ele>11.4</ele>
    <time>2025-11-21T15:29:39Z</time>
    <extensions>
     <power>216</power>
     <gpxtpx:TrackPointExtension>
      <gpxtpx:atemp>15</gpxtpx:atemp>
      <gpxtpx:hr>154</gpxtpx:hr>
      <gpxtpx:cad>88</gpxtpx:cad>
     </gpxtpx:TrackPointExtension>
    </extensions>
   </trkpt>
   <trkpt lat="38.5760380" lon="-121.4578490">
    <ele>11.4</ele>
    <time>2025-11-21T15:29:40Z</time>
    <extensions>
     <power>216</power>
     <gpxtpx:TrackPointExtension>
      <gpxtpx:atemp>15</gpxtpx:atemp>
      <gpxtpx:hr>154</gpxtpx:hr>
      <gpxtpx:cad>87</gpxtpx:cad>
     </gpxtpx:TrackPointExtension>
    </extensions>
   </trkpt>
   <trkpt lat="38.5760400" lon="-121.4578840">
    <ele>11.2</ele>
    <time>2025-11-21T15:29:41Z</time>
    <extensions>
     <power>216</power>
     <gpxtpx:TrackPointExtension>
      <gpxtpx:atemp>15</gpxtpx:atemp>
      <gpxtpx:hr>155</gpxtpx:hr>
      <gpxtpx:cad>88</gpxtpx:cad>
     </gpxtpx:TrackPointExtension>
    </extensions>
   </trkpt>
   <trkpt lat="38.5760470" lon="-121.4579100">
    <ele>11.2</ele>
    <time>2025-11-21T15:29:42Z</time>
    <extensions>
     <power>216</power>
     <gpxtpx:TrackPointExtension>
      <gpxtpx:atemp>15</gpxtpx:atemp>
      <gpxtpx:hr>154</gpxtpx:hr>
      <gpxtpx:cad>87</gpxtpx:cad>
     </gpxtpx:TrackPointExtension>
    </extensions>
   </trkpt>
   <trkpt lat="38.5760550" lon="-121.4579330">
    <ele>11.2</ele>
    <time>2025-11-21T15:29:43Z</time>
    <extensions>
     <power>215</power>
     <gpxtpx:TrackPointExtension>
      <gpxtpx:atemp>15</gpxtpx:atemp>
      <gpxtpx:hr>154</gpxtpx:hr>
      <gpxtpx:cad>88</gpxtpx:cad>
     </gpxtpx:TrackPointExtension>
    </extensions>
   </trkpt>
   <trkpt lat="38.5760670" lon="-121.4579560">
    <ele>11.2</ele>
    <time>2025-11-21T15:29:44Z</time>
    <extensions>
     <power>216</power>
     <gpxtpx:TrackPointExtension>
      <gpxtpx:atemp>15</gpxtpx:atemp>
      <gpxtpx:hr>155</gpxtpx:hr>
      <gpxtpx:cad>88</gpxtpx:cad>
     </gpxtpx:TrackPointExtension>
    </extensions>
   </trkpt>
   <trkpt lat="38.5760740" lon="-121.4579790">
    <ele>11.4</ele>
    <time>2025-11-21T15:29:45Z</time>
    <extensions>
     <power>214</power>
     <gpxtpx:TrackPointExtension>
      <gpxtpx:atemp>15</gpxtpx:atemp>
      <gpxtpx:hr>154</gpxtpx:hr>
      <gpxtpx:cad>88</gpxtpx:cad>
     </gpxtpx:TrackPointExtension>
    </extensions>
   </trkpt>
   <trkpt lat="38.5760860" lon="-121.4580080">
    <ele>11.4</ele>
    <time>2025-11-21T15:29:46Z</time>
    <extensions>
     <power>214</power>
     <gpxtpx:TrackPointExtension>
      <gpxtpx:atemp>15</gpxtpx:atemp>
      <gpxtpx:hr>154</gpxtpx:hr>
      <gpxtpx:cad>88</gpxtpx:cad>
     </gpxtpx:TrackPointExtension>
    </extensions>
   </trkpt>
   <trkpt lat="38.5760930" lon="-121.4580330">
    <ele>11.2</ele>
    <time>2025-11-21T15:29:47Z</time>
    <extensions>
     <power>215</power>
     <gpxtpx:TrackPointExtension>
      <gpxtpx:atemp>15</gpxtpx:atemp>
      <gpxtpx:hr>155</gpxtpx:hr>
      <gpxtpx:cad>88</gpxtpx:cad>
     </gpxtpx:TrackPointExtension>
    </extensions>
   </trkpt>
   <trkpt lat="38.5761040" lon="-121.4580600">
    <ele>11.2</ele>
    <time>2025-11-21T15:29:48Z</time>
    <extensions>
     <power>214</power>
     <gpxtpx:TrackPointExtension>
      <gpxtpx:atemp>15</gpxtpx:atemp>
      <gpxtpx:hr>154</gpxtpx:hr>
      <gpxtpx:cad>87</gpxtpx:cad>
     </gpxtpx:TrackPointExtension>
    </extensions>
   </trkpt>
   <trkpt lat="38.5761140" lon="-121.4580800">
    <ele>11.2</ele>
    <time>2025-11-21T15:29:49Z</time>
    <extensions>
     <power>214</power>
     <gpxtpx:TrackPointExtension>
      <gpxtpx:atemp>15</gpxtpx:atemp>
      <gpxtpx:hr>154</gpxtpx:hr>
      <gpxtpx:cad>88</gpxtpx:cad>
     </gpxtpx:TrackPointExtension>
    </extensions>
   </trkpt>
   <trkpt lat="38.5761290" lon="-121.4581030">
    <ele>11.2</ele>
    <time>2025-11-21T15:29:50Z</time>
    <extensions>
     <power>215</power>
     <gpxtpx:TrackPointExtension>
      <gpxtpx:atemp>15</gpxtpx:atemp>
      <gpxtpx:hr>155</gpxtpx:hr>
      <gpxtpx:cad>88</gpxtpx:cad>
     </gpxtpx:TrackPointExtension>
    </extensions>
   </trkpt>
   <trkpt lat="38.5761390" lon="-121.4581220">
    <ele>11.2</ele>
    <time>2025-11-21T15:29:51Z</time>
    <extensions>
     <power>214</power>
     <gpxtpx:TrackPointExtension>
      <gpxtpx:atemp>15</gpxtpx:atemp>
      <gpxtpx:hr>154</gpxtpx:hr>
      <gpxtpx:cad>88</gpxtpx:cad>
     </gpxtpx:TrackPointExtension>
    </extensions>
   </trkpt>
   <trkpt lat="38.5761500" lon="-121.4581450">
    <ele>11.2</ele>
    <time>2025-11-21T15:29:52Z</time>
    <extensions>
     <power>214</power>
     <gpxtpx:TrackPointExtension>
      <gpxtpx:atemp>15</gpxtpx:atemp>
      <gpxtpx:hr>154</gpxtpx:hr>
      <gpxtpx:cad>88</gpxtpx:cad>
     </gpxtpx:TrackPointExtension>
    </extensions>
   </trkpt>
   <trkpt lat="38.5761550" lon="-121.4581630">
    <ele>11.2</ele>
    <time>2025-11-21T15:29:53Z</time>
    <extensions>
     <power>213</power>
     <gpxtpx:TrackPointExtension>
      <gpxtpx:atemp>15</gpxtpx:atemp>
      <gpxtpx:hr>155</gpxtpx:hr>
      <gpxtpx:cad>88</gpxtpx:cad>
     </gpxtpx:TrackPointExtension>
    </extensions>
   </trkpt>
   <trkpt lat="38.5761600" lon="-121.4581930">
    <ele>11.2</ele>
    <time>2025-11-21T15:29:54Z</time>
    <extensions>
     <power>212</power>
     <gpxtpx:TrackPointExtension>
      <gpxtpx:atemp>15</gpxtpx:atemp>
      <gpxtpx:hr>154</gpxtpx:hr>
      <gpxtpx:cad>88</gpxtpx:cad>
     </gpxtpx:TrackPointExtension>
    </extensions>
   </trkpt>
   <trkpt lat="38.5761650" lon="-121.4582190">
    <ele>11.2</ele>
    <time>2025-11-21T15:29:55Z</time>
    <extensions>
     <power>211</power>
     <gpxtpx:TrackPointExtension>
      <gpxtpx:atemp>15</gpxtpx:atemp>
      <gpxtpx:hr>154</gpxtpx:hr>
      <gpxtpx:cad>88</gpxtpx:cad>
     </gpxtpx:TrackPointExtension>
    </extensions>
   </trkpt>
   <trkpt lat="38.5761670" lon="-121.4582510">
    <ele>11.0</ele>
    <time>2025-11-21T15:29:56Z</time>
    <extensions>
     <power>210</power>
     <gpxtpx:TrackPointExtension>
      <gpxtpx:atemp>15</gpxtpx:atemp>
      <gpxtpx:hr>155</gpxtpx:hr>
      <gpxtpx:cad>89</gpxtpx:cad>
     </gpxtpx:TrackPointExtension>
    </extensions>
   </trkpt>
   <trkpt lat="38.5761730" lon="-121.4582770">
    <ele>11.0</ele>
    <time>2025-11-21T15:29:57Z</time>
    <extensions>
     <power>208</power>
     <gpxtpx:TrackPointExtension>
      <gpxtpx:atemp>15</gpxtpx:atemp>
      <gpxtpx:hr>154</gpxtpx:hr>
      <gpxtpx:cad>89</gpxtpx:cad>
     </gpxtpx:TrackPointExtension>
    </extensions>
   </trkpt>
   <trkpt lat="38.5761780" lon="-121.4583070">
    <ele>11.0</ele>
    <time>2025-11-21T15:29:58Z</time>
    <extensions>
     <power>208</power>
     <gpxtpx:TrackPointExtension>
      <gpxtpx:atemp>15</gpxtpx:atemp>
      <gpxtpx:hr>154</gpxtpx:hr>
      <gpxtpx:cad>89</gpxtpx:cad>
     </gpxtpx:TrackPointExtension>
    </extensions>
   </trkpt>
   <trkpt lat="38.5761840" lon="-121.4583270">
    <ele>11.0</ele>
    <time>2025-11-21T15:29:59Z</time>
    <extensions>
     <power>208</power>
     <gpxtpx:TrackPointExtension>
      <gpxtpx:atemp>15</gpxtpx:atemp>
      <gpxtpx:hr>155</gpxtpx:hr>
      <gpxtpx:cad>89</gpxtpx:cad>
     </gpxtpx:TrackPointExtension>
    </extensions>
   </trkpt>
   <trkpt lat="38.5761970" lon="-121.4583530">
    <ele>11.0</ele>
    <time>2025-11-21T15:30:00Z</time>
    <extensions>
     <power>207</power>
     <gpxtpx:TrackPointExtension>
      <gpxtpx:atemp>15</gpxtpx:atemp>
      <gpxtpx:hr>154</gpxtpx:hr>
      <gpxtpx:cad>89</gpxtpx:cad>
     </gpxtpx:TrackPointExtension>
    </extensions>
   </trkpt>
   <trkpt lat="38.5762070" lon="-121.4583730">
    <ele>11.0</ele>
    <time>2025-11-21T15:30:01Z</time>
    <extensions>
     <power>208</power>
     <gpxtpx:TrackPointExtension>
      <gpxtpx:atemp>15</gpxtpx:atemp>
      <gpxtpx:hr>154</gpxtpx:hr>
      <gpxtpx:cad>89</gpxtpx:cad>
     </gpxtpx:TrackPointExtension>
    </extensions>
   </trkpt>
   <trkpt lat="38.5762210" lon="-121.4583980">
    <ele>11.0</ele>
    <time>2025-11-21T15:30:02Z</time>
    <extensions>
     <power>207</power>
     <gpxtpx:TrackPointExtension>
      <gpxtpx:atemp>15</gpxtpx:atemp>
      <gpxtpx:hr>155</gpxtpx:hr>
      <gpxtpx:cad>89</gpxtpx:cad>
     </gpxtpx:TrackPointExtension>
    </extensions>
   </trkpt>
   <trkpt lat="38.5762270" lon="-121.4584230">
    <ele>11.0</ele>
    <time>2025-11-21T15:30:03Z</time>
    <extensions>
     <power>208</power>
     <gpxtpx:TrackPointExtension>
      <gpxtpx:atemp>15</gpxtpx:atemp>
      <gpxtpx:hr>154</gpxtpx:hr>
      <gpxtpx:cad>90</gpxtpx:cad>
     </gpxtpx:TrackPointExtension>
    </extensions>
   </trkpt>
   <trkpt lat="38.5762350" lon="-121.4584520">
    <ele>11.0</ele>
    <time>2025-11-21T15:30:04Z</time>
    <extensions>
     <power>207</power>
     <gpxtpx:TrackPointExtension>
      <gpxtpx:atemp>15</gpxtpx:atemp>
      <gpxtpx:hr>154</gpxtpx:hr>
      <gpxtpx:cad>90</gpxtpx:cad>
     </gpxtpx:TrackPointExtension>
    </extensions>
   </trkpt>
   <trkpt lat="38.5762390" lon="-121.4584730">
    <ele>11.2</ele>
    <time>2025-11-21T15:30:05Z</time>
    <extensions>
     <power>206</power>
     <gpxtpx:TrackPointExtension>
      <gpxtpx:atemp>15</gpxtpx:atemp>
      <gpxtpx:hr>155</gpxtpx:hr>
      <gpxtpx:cad>92</gpxtpx:cad>
     </gpxtpx:TrackPointExtension>
    </extensions>
   </trkpt>
   <trkpt lat="38.5762460" lon="-121.4584970">
    <ele>11.0</ele>
    <time>2025-11-21T15:30:06Z</time>
    <extensions>
     <power>205</power>
     <gpxtpx:TrackPointExtension>
      <gpxtpx:atemp>15</gpxtpx:atemp>
      <gpxtpx:hr>154</gpxtpx:hr>
      <gpxtpx:cad>92</gpxtpx:cad>
     </gpxtpx:TrackPointExtension>
    </extensions>
   </trkpt>
   <trkpt lat="38.5762510" lon="-121.4585240">
    <ele>11.0</ele>
    <time>2025-11-21T15:30:07Z</time>
    <extensions>
     <power>204</power>
     <gpxtpx:TrackPointExtension>
      <gpxtpx:atemp>15</gpxtpx:atemp>
      <gpxtpx:hr>154</gpxtpx:hr>
      <gpxtpx:cad>92</gpxtpx:cad>
     </gpxtpx:TrackPointExtension>
    </extensions>
   </trkpt>
   <trkpt lat="38.5762550" lon="-121.4585560">
    <ele>11.0</ele>
    <time>2025-11-21T15:30:08Z</time>
    <extensions>
     <power>203</power>
     <gpxtpx:TrackPointExtension>
      <gpxtpx:atemp>15</gpxtpx:atemp>
      <gpxtpx:hr>155</gpxtpx:hr>
      <gpxtpx:cad>92</gpxtpx:cad>
     </gpxtpx:TrackPointExtension>
    </extensions>
   </trkpt>
   <trkpt lat="38.5762520" lon="-121.4585880">
    <ele>11.0</ele>
    <time>2025-11-21T15:30:09Z</time>
    <extensions>
     <power>203</power>
     <gpxtpx:TrackPointExtension>
      <gpxtpx:atemp>15</gpxtpx:atemp>
      <gpxtpx:hr>154</gpxtpx:hr>
      <gpxtpx:cad>92</gpxtpx:cad>
     </gpxtpx:TrackPointExtension>
    </extensions>
   </trkpt>
   <trkpt lat="38.5762540" lon="-121.4586160">
    <ele>11.0</ele>
    <time>2025-11-21T15:30:10Z</time>
    <extensions>
     <power>203</power>
     <gpxtpx:TrackPointExtension>
      <gpxtpx:atemp>15</gpxtpx:atemp>
      <gpxtpx:hr>154</gpxtpx:hr>
      <gpxtpx:cad>92</gpxtpx:cad>
     </gpxtpx:TrackPointExtension>
    </extensions>
   </trkpt>
   <trkpt lat="38.5762530" lon="-121.4586440">
    <ele>11.0</ele>
    <time>2025-11-21T15:30:11Z</time>
    <extensions>
     <power>203</power>
     <gpxtpx:TrackPointExtension>
      <gpxtpx:atemp>15</gpxtpx:atemp>
      <gpxtpx:hr>155</gpxtpx:hr>
      <gpxtpx:cad>92</gpxtpx:cad>
     </gpxtpx:TrackPointExtension>
    </extensions>
   </trkpt>
   <trkpt lat="38.5762570" lon="-121.4586750">
    <ele>11.0</ele>
    <time>2025-11-21T15:30:12Z</time>
    <extensions>
     <power>203</power>
     <gpxtpx:TrackPointExtension>
      <gpxtpx:atemp>15</gpxtpx:atemp>
      <gpxtpx:hr>154</gpxtpx:hr>
      <gpxtpx:cad>92</gpxtpx:cad>
     </gpxtpx:TrackPointExtension>
    </extensions>
   </trkpt>
   <trkpt lat="38.5762590" lon="-121.4587080">
    <ele>10.8</ele>
    <time>2025-11-21T15:30:13Z</time>
    <extensions>
     <power>202</power>
     <gpxtpx:TrackPointExtension>
      <gpxtpx:atemp>15</gpxtpx:atemp>
      <gpxtpx:hr>154</gpxtpx:hr>
      <gpxtpx:cad>92</gpxtpx:cad>
     </gpxtpx:TrackPointExtension>
    </extensions>
   </trkpt>
   <trkpt lat="38.5762600" lon="-121.4587360">
    <ele>10.8</ele>
    <time>2025-11-21T15:30:14Z</time>
    <extensions>
     <power>202</power>
     <gpxtpx:TrackPointExtension>
      <gpxtpx:atemp>15</gpxtpx:atemp>
      <gpxtpx:hr>154</gpxtpx:hr>
      <gpxtpx:cad>92</gpxtpx:cad>
     </gpxtpx:TrackPointExtension>
    </extensions>
   </trkpt>
   <trkpt lat="38.5762650" lon="-121.4587690">
    <ele>10.8</ele>
    <time>2025-11-21T15:30:15Z</time>
    <extensions>
     <power>202</power>
     <gpxtpx:TrackPointExtension>
      <gpxtpx:atemp>15</gpxtpx:atemp>
      <gpxtpx:hr>154</gpxtpx:hr>
      <gpxtpx:cad>91</gpxtpx:cad>
     </gpxtpx:TrackPointExtension>
    </extensions>
   </trkpt>
   <trkpt lat="38.5762720" lon="-121.4588000">
    <ele>10.8</ele>
    <time>2025-11-21T15:30:16Z</time>
    <extensions>
     <power>202</power>
     <gpxtpx:TrackPointExtension>
      <gpxtpx:atemp>15</gpxtpx:atemp>
      <gpxtpx:hr>154</gpxtpx:hr>
      <gpxtpx:cad>91</gpxtpx:cad>
     </gpxtpx:TrackPointExtension>
    </extensions>
   </trkpt>
   <trkpt lat="38.5762780" lon="-121.4588300">
    <ele>10.8</ele>
    <time>2025-11-21T15:30:17Z</time>
    <extensions>
     <power>203</power>
     <gpxtpx:TrackPointExtension>
      <gpxtpx:atemp>15</gpxtpx:atemp>
      <gpxtpx:hr>154</gpxtpx:hr>
      <gpxtpx:cad>92</gpxtpx:cad>
     </gpxtpx:TrackPointExtension>
    </extensions>
   </trkpt>
   <trkpt lat="38.5762870" lon="-121.4588580">
    <ele>10.8</ele>
    <time>2025-11-21T15:30:18Z</time>
    <extensions>
     <power>204</power>
     <gpxtpx:TrackPointExtension>
      <gpxtpx:atemp>15</gpxtpx:atemp>
      <gpxtpx:hr>154</gpxtpx:hr>
      <gpxtpx:cad>92</gpxtpx:cad>
     </gpxtpx:TrackPointExtension>
    </extensions>
   </trkpt>
   <trkpt lat="38.5762950" lon="-121.4588850">
    <ele>10.8</ele>
    <time>2025-11-21T15:30:19Z</time>
    <extensions>
     <power>204</power>
     <gpxtpx:TrackPointExtension>
      <gpxtpx:atemp>15</gpxtpx:atemp>
      <gpxtpx:hr>154</gpxtpx:hr>
      <gpxtpx:cad>92</gpxtpx:cad>
     </gpxtpx:TrackPointExtension>
    </extensions>
   </trkpt>
   <trkpt lat="38.5763050" lon="-121.4589070">
    <ele>10.8</ele>
    <time>2025-11-21T15:30:20Z</time>
    <extensions>
     <power>206</power>
     <gpxtpx:TrackPointExtension>
      <gpxtpx:atemp>15</gpxtpx:atemp>
      <gpxtpx:hr>154</gpxtpx:hr>
      <gpxtpx:cad>92</gpxtpx:cad>
     </gpxtpx:TrackPointExtension>
    </extensions>
   </trkpt>
   <trkpt lat="38.5763140" lon="-121.4589360">
    <ele>10.8</ele>
    <time>2025-11-21T15:30:21Z</time>
    <extensions>
     <power>206</power>
     <gpxtpx:TrackPointExtension>
      <gpxtpx:atemp>15</gpxtpx:atemp>
      <gpxtpx:hr>154</gpxtpx:hr>
      <gpxtpx:cad>91</gpxtpx:cad>
     </gpxtpx:TrackPointExtension>
    </extensions>
   </trkpt>
   <trkpt lat="38.5763220" lon="-121.4589610">
    <ele>11.0</ele>
    <time>2025-11-21T15:30:22Z</time>
    <extensions>
     <power>205</power>
     <gpxtpx:TrackPointExtension>
      <gpxtpx:atemp>15</gpxtpx:atemp>
      <gpxtpx:hr>153</gpxtpx:hr>
      <gpxtpx:cad>90</gpxtpx:cad>
     </gpxtpx:TrackPointExtension>
    </extensions>
   </trkpt>
   <trkpt lat="38.5763340" lon="-121.4589890">
    <ele>11.0</ele>
    <time>2025-11-21T15:30:23Z</time>
    <extensions>
     <power>206</power>
     <gpxtpx:TrackPointExtension>
      <gpxtpx:atemp>15</gpxtpx:atemp>
      <gpxtpx:hr>154</gpxtpx:hr>
      <gpxtpx:cad>90</gpxtpx:cad>
     </gpxtpx:TrackPointExtension>
    </extensions>
   </trkpt>
   <trkpt lat="38.5763440" lon="-121.4590160">
    <ele>11.0</ele>
    <time>2025-11-21T15:30:24Z</time>
    <extensions>
     <power>206</power>
     <gpxtpx:TrackPointExtension>
      <gpxtpx:atemp>15</gpxtpx:atemp>
      <gpxtpx:hr>153</gpxtpx:hr>
      <gpxtpx:cad>90</gpxtpx:cad>
     </gpxtpx:TrackPointExtension>
    </extensions>
   </trkpt>
   <trkpt lat="38.5763560" lon="-121.4590440">
    <ele>11.0</ele>
    <time>2025-11-21T15:30:25Z</time>
    <extensions>
     <power>207</power>
     <gpxtpx:TrackPointExtension>
      <gpxtpx:atemp>15</gpxtpx:atemp>
      <gpxtpx:hr>153</gpxtpx:hr>
      <gpxtpx:cad>90</gpxtpx:cad>
     </gpxtpx:TrackPointExtension>
    </extensions>
   </trkpt>
   <trkpt lat="38.5763640" lon="-121.4590670">
    <ele>11.0</ele>
    <time>2025-11-21T15:30:26Z</time>
    <extensions>
     <power>208</power>
     <gpxtpx:TrackPointExtension>
      <gpxtpx:atemp>15</gpxtpx:atemp>
      <gpxtpx:hr>153</gpxtpx:hr>
      <gpxtpx:cad>90</gpxtpx:cad>
     </gpxtpx:TrackPointExtension>
    </extensions>
   </trkpt>
   <trkpt lat="38.5763690" lon="-121.4590980">
    <ele>11.0</ele>
    <time>2025-11-21T15:30:27Z</time>
    <extensions>
     <power>209</power>
     <gpxtpx:TrackPointExtension>
      <gpxtpx:atemp>15</gpxtpx:atemp>
      <gpxtpx:hr>154</gpxtpx:hr>
      <gpxtpx:cad>92</gpxtpx:cad>
     </gpxtpx:TrackPointExtension>
    </extensions>
   </trkpt>
   <trkpt lat="38.5763730" lon="-121.4591140">
    <ele>11.0</ele>
    <time>2025-11-21T15:30:28Z</time>
    <extensions>
     <power>208</power>
     <gpxtpx:TrackPointExtension>
      <gpxtpx:atemp>15</gpxtpx:atemp>
      <gpxtpx:hr>153</gpxtpx:hr>
      <gpxtpx:cad>92</gpxtpx:cad>
     </gpxtpx:TrackPointExtension>
    </extensions>
   </trkpt>
   <trkpt lat="38.5763720" lon="-121.4591450">
    <ele>11.2</ele>
    <time>2025-11-21T15:30:29Z</time>
    <extensions>
     <power>208</power>
     <gpxtpx:TrackPointExtension>
      <gpxtpx:atemp>15</gpxtpx:atemp>
      <gpxtpx:hr>153</gpxtpx:hr>
      <gpxtpx:cad>92</gpxtpx:cad>
     </gpxtpx:TrackPointExtension>
    </extensions>
   </trkpt>
   <trkpt lat="38.5763740" lon="-121.4591660">
    <ele>11.2</ele>
    <time>2025-11-21T15:30:30Z</time>
    <extensions>
     <power>207</power>
     <gpxtpx:TrackPointExtension>
      <gpxtpx:atemp>15</gpxtpx:atemp>
      <gpxtpx:hr>153</gpxtpx:hr>
      <gpxtpx:cad>90</gpxtpx:cad>
     </gpxtpx:TrackPointExtension>
    </extensions>
   </trkpt>
   <trkpt lat="38.5763800" lon="-121.4591930">
    <ele>11.2</ele>
    <time>2025-11-21T15:30:31Z</time>
    <extensions>
     <power>207</power>
     <gpxtpx:TrackPointExtension>
      <gpxtpx:atemp>15</gpxtpx:atemp>
      <gpxtpx:hr>154</gpxtpx:hr>
      <gpxtpx:cad>90</gpxtpx:cad>
     </gpxtpx:TrackPointExtension>
    </extensions>
   </trkpt>
   <trkpt lat="38.5763840" lon="-121.4592160">
    <ele>11.2</ele>
    <time>2025-11-21T15:30:32Z</time>
    <extensions>
     <power>206</power>
     <gpxtpx:TrackPointExtension>
      <gpxtpx:atemp>15</gpxtpx:atemp>
      <gpxtpx:hr>153</gpxtpx:hr>
      <gpxtpx:cad>90</gpxtpx:cad>
     </gpxtpx:TrackPointExtension>
    </extensions>
   </trkpt>
   <trkpt lat="38.5763880" lon="-121.4592440">
    <ele>11.2</ele>
    <time>2025-11-21T15:30:33Z</time>
    <extensions>
     <power>205</power>
     <gpxtpx:TrackPointExtension>
      <gpxtpx:atemp>15</gpxtpx:atemp>
      <gpxtpx:hr>153</gpxtpx:hr>
      <gpxtpx:cad>90</gpxtpx:cad>
     </gpxtpx:TrackPointExtension>
    </extensions>
   </trkpt>
   <trkpt lat="38.5763940" lon="-121.4592670">
    <ele>11.0</ele>
    <time>2025-11-21T15:30:34Z</time>
    <extensions>
     <power>205</power>
     <gpxtpx:TrackPointExtension>
      <gpxtpx:atemp>15</gpxtpx:atemp>
      <gpxtpx:hr>153</gpxtpx:hr>
      <gpxtpx:cad>90</gpxtpx:cad>
     </gpxtpx:TrackPointExtension>
    </extensions>
   </trkpt>
   <trkpt lat="38.5764050" lon="-121.4592950">
    <ele>11.0</ele>
    <time>2025-11-21T15:30:35Z</time>
    <extensions>
     <power>205</power>
     <gpxtpx:TrackPointExtension>
      <gpxtpx:atemp>15</gpxtpx:atemp>
      <gpxtpx:hr>153</gpxtpx:hr>
      <gpxtpx:cad>91</gpxtpx:cad>
     </gpxtpx:TrackPointExtension>
    </extensions>
   </trkpt>
   <trkpt lat="38.5764120" lon="-121.4593210">
    <ele>11.0</ele>
    <time>2025-11-21T15:30:36Z</time>
    <extensions>
     <power>205</power>
     <gpxtpx:TrackPointExtension>
      <gpxtpx:atemp>15</gpxtpx:atemp>
      <gpxtpx:hr>152</gpxtpx:hr>
      <gpxtpx:cad>91</gpxtpx:cad>
     </gpxtpx:TrackPointExtension>
    </extensions>
   </trkpt>
   <trkpt lat="38.5764210" lon="-121.4593540">
    <ele>11.0</ele>
    <time>2025-11-21T15:30:37Z</time>
    <extensions>
     <power>205</power>
     <gpxtpx:TrackPointExtension>
      <gpxtpx:atemp>15</gpxtpx:atemp>
      <gpxtpx:hr>152</gpxtpx:hr>
      <gpxtpx:cad>91</gpxtpx:cad>
     </gpxtpx:TrackPointExtension>
    </extensions>
   </trkpt>
   <trkpt lat="38.5764270" lon="-121.4593850">
    <ele>11.0</ele>
    <time>2025-11-21T15:30:38Z</time>
    <extensions>
     <power>206</power>
     <gpxtpx:TrackPointExtension>
      <gpxtpx:atemp>15</gpxtpx:atemp>
      <gpxtpx:hr>152</gpxtpx:hr>
      <gpxtpx:cad>90</gpxtpx:cad>
     </gpxtpx:TrackPointExtension>
    </extensions>
   </trkpt>
   <trkpt lat="38.5764360" lon="-121.4594170">
    <ele>11.0</ele>
    <time>2025-11-21T15:30:39Z</time>
    <extensions>
     <power>208</power>
     <gpxtpx:TrackPointExtension>
      <gpxtpx:atemp>15</gpxtpx:atemp>
      <gpxtpx:hr>152</gpxtpx:hr>
      <gpxtpx:cad>90</gpxtpx:cad>
     </gpxtpx:TrackPointExtension>
    </extensions>
   </trkpt>
   <trkpt lat="38.5764430" lon="-121.4594440">
    <ele>11.0</ele>
    <time>2025-11-21T15:30:40Z</time>
    <extensions>
     <power>209</power>
     <gpxtpx:TrackPointExtension>
      <gpxtpx:atemp>15</gpxtpx:atemp>
      <gpxtpx:hr>152</gpxtpx:hr>
      <gpxtpx:cad>90</gpxtpx:cad>
     </gpxtpx:TrackPointExtension>
    </extensions>
   </trkpt>
   <trkpt lat="38.5764530" lon="-121.4594730">
    <ele>11.2</ele>
    <time>2025-11-21T15:30:41Z</time>
    <extensions>
     <power>211</power>
     <gpxtpx:TrackPointExtension>
      <gpxtpx:atemp>15</gpxtpx:atemp>
      <gpxtpx:hr>152</gpxtpx:hr>
      <gpxtpx:cad>90</gpxtpx:cad>
     </gpxtpx:TrackPointExtension>
    </extensions>
   </trkpt>
   <trkpt lat="38.5764630" lon="-121.4594960">
    <ele>11.2</ele>
    <time>2025-11-21T15:30:42Z</time>
    <extensions>
     <power>211</power>
     <gpxtpx:TrackPointExtension>
      <gpxtpx:atemp>15</gpxtpx:atemp>
      <gpxtpx:hr>152</gpxtpx:hr>
      <gpxtpx:cad>90</gpxtpx:cad>
     </gpxtpx:TrackPointExtension>
    </extensions>
   </trkpt>
   <trkpt lat="38.5764780" lon="-121.4595250">
    <ele>11.2</ele>
    <time>2025-11-21T15:30:43Z</time>
    <extensions>
     <power>212</power>
     <gpxtpx:TrackPointExtension>
      <gpxtpx:atemp>15</gpxtpx:atemp>
      <gpxtpx:hr>152</gpxtpx:hr>
      <gpxtpx:cad>89</gpxtpx:cad>
     </gpxtpx:TrackPointExtension>
    </extensions>
   </trkpt>
   <trkpt lat="38.5764880" lon="-121.4595490">
    <ele>11.2</ele>
    <time>2025-11-21T15:30:44Z</time>
    <extensions>
     <power>212</power>
     <gpxtpx:TrackPointExtension>
      <gpxtpx:atemp>15</gpxtpx:atemp>
      <gpxtpx:hr>152</gpxtpx:hr>
      <gpxtpx:cad>89</gpxtpx:cad>
     </gpxtpx:TrackPointExtension>
    </extensions>
   </trkpt>
   <trkpt lat="38.5764970" lon="-121.4595780">
    <ele>11.2</ele>
    <time>2025-11-21T15:30:45Z</time>
    <extensions>
     <power>213</power>
     <gpxtpx:TrackPointExtension>
      <gpxtpx:atemp>15</gpxtpx:atemp>
      <gpxtpx:hr>152</gpxtpx:hr>
      <gpxtpx:cad>89</gpxtpx:cad>
     </gpxtpx:TrackPointExtension>
    </extensions>
   </trkpt>
   <trkpt lat="38.5765030" lon="-121.4596060">
    <ele>11.2</ele>
    <time>2025-11-21T15:30:46Z</time>
    <extensions>
     <power>213</power>
     <gpxtpx:TrackPointExtension>
      <gpxtpx:atemp>15</gpxtpx:atemp>
      <gpxtpx:hr>151</gpxtpx:hr>
      <gpxtpx:cad>90</gpxtpx:cad>
     </gpxtpx:TrackPointExtension>
    </extensions>
   </trkpt>
   <trkpt lat="38.5765040" lon="-121.4596450">
    <ele>11.2</ele>
    <time>2025-11-21T15:30:47Z</time>
    <extensions>
     <power>211</power>
     <gpxtpx:TrackPointExtension>
      <gpxtpx:atemp>15</gpxtpx:atemp>
      <gpxtpx:hr>152</gpxtpx:hr>
      <gpxtpx:cad>90</gpxtpx:cad>
     </gpxtpx:TrackPointExtension>
    </extensions>
   </trkpt>
   <trkpt lat="38.5765000" lon="-121.4596750">
    <ele>11.0</ele>
    <time>2025-11-21T15:30:48Z</time>
    <extensions>
     <power>211</power>
     <gpxtpx:TrackPointExtension>
      <gpxtpx:atemp>15</gpxtpx:atemp>
      <gpxtpx:hr>152</gpxtpx:hr>
      <gpxtpx:cad>91</gpxtpx:cad>
     </gpxtpx:TrackPointExtension>
    </extensions>
   </trkpt>
   <trkpt lat="38.5764850" lon="-121.4597020">
    <ele>11.0</ele>
    <time>2025-11-21T15:30:49Z</time>
    <extensions>
     <power>210</power>
     <gpxtpx:TrackPointExtension>
      <gpxtpx:atemp>15</gpxtpx:atemp>
      <gpxtpx:hr>152</gpxtpx:hr>
      <gpxtpx:cad>91</gpxtpx:cad>
     </gpxtpx:TrackPointExtension>
    </extensions>
   </trkpt>
   <trkpt lat="38.5764700" lon="-121.4597170">
    <ele>11.0</ele>
    <time>2025-11-21T15:30:50Z</time>
    <extensions>
     <power>210</power>
     <gpxtpx:TrackPointExtension>
      <gpxtpx:atemp>15</gpxtpx:atemp>
      <gpxtpx:hr>152</gpxtpx:hr>
      <gpxtpx:cad>91</gpxtpx:cad>
     </gpxtpx:TrackPointExtension>
    </extensions>
   </trkpt>
   <trkpt lat="38.5764470" lon="-121.4597330">
    <ele>11.0</ele>
    <time>2025-11-21T15:30:51Z</time>
    <extensions>
     <power>211</power>
     <gpxtpx:TrackPointExtension>
      <gpxtpx:atemp>15</gpxtpx:atemp>
      <gpxtpx:hr>151</gpxtpx:hr>
      <gpxtpx:cad>91</gpxtpx:cad>
     </gpxtpx:TrackPointExtension>
    </extensions>
   </trkpt>
   <trkpt lat="38.5764280" lon="-121.4597380">
    <ele>11.0</ele>
    <time>2025-11-21T15:30:52Z</time>
    <extensions>
     <power>210</power>
     <gpxtpx:TrackPointExtension>
      <gpxtpx:atemp>15</gpxtpx:atemp>
      <gpxtpx:hr>151</gpxtpx:hr>
      <gpxtpx:cad>90</gpxtpx:cad>
     </gpxtpx:TrackPointExtension>
    </extensions>
   </trkpt>
   <trkpt lat="38.5764050" lon="-121.4597490">
    <ele>11.0</ele>
    <time>2025-11-21T15:30:53Z</time>
    <extensions>
     <power>210</power>
     <gpxtpx:TrackPointExtension>
      <gpxtpx:atemp>15</gpxtpx:atemp>
      <gpxtpx:hr>151</gpxtpx:hr>
      <gpxtpx:cad>89</gpxtpx:cad>
     </gpxtpx:TrackPointExtension>
    </extensions>
   </trkpt>
   <trkpt lat="38.5763880" lon="-121.4597560">
    <ele>11.0</ele>
    <time>2025-11-21T15:30:54Z</time>
    <extensions>
     <power>210</power>
     <gpxtpx:TrackPointExtension>
      <gpxtpx:atemp>15</gpxtpx:atemp>
      <gpxtpx:hr>151</gpxtpx:hr>
      <gpxtpx:cad>89</gpxtpx:cad>
     </gpxtpx:TrackPointExtension>
    </extensions>
   </trkpt>
   <trkpt lat="38.5763650" lon="-121.4597650">
    <ele>11.0</ele>
    <time>2025-11-21T15:30:55Z</time>
    <extensions>
     <power>209</power>
     <gpxtpx:TrackPointExtension>
      <gpxtpx:atemp>15</gpxtpx:atemp>
      <gpxtpx:hr>151</gpxtpx:hr>
      <gpxtpx:cad>89</gpxtpx:cad>
     </gpxtpx:TrackPointExtension>
    </extensions>
   </trkpt>
   <trkpt lat="38.5763470" lon="-121.4597730">
    <ele>11.0</ele>
    <time>2025-11-21T15:30:56Z</time>
    <extensions>
     <power>208</power>
     <gpxtpx:TrackPointExtension>
      <gpxtpx:atemp>15</gpxtpx:atemp>
      <gpxtpx:hr>151</gpxtpx:hr>
      <gpxtpx:cad>88</gpxtpx:cad>
     </gpxtpx:TrackPointExtension>
    </extensions>
   </trkpt>
   <trkpt lat="38.5763250" lon="-121.4597840">
    <ele>11.0</ele>
    <time>2025-11-21T15:30:57Z</time>
    <extensions>
     <power>208</power>
     <gpxtpx:TrackPointExtension>
      <gpxtpx:atemp>15</gpxtpx:atemp>
      <gpxtpx:hr>151</gpxtpx:hr>
      <gpxtpx:cad>87</gpxtpx:cad>
     </gpxtpx:TrackPointExtension>
    </extensions>
   </trkpt>
   <trkpt lat="38.5763040" lon="-121.4597920">
    <ele>11.0</ele>
    <time>2025-11-21T15:30:58Z</time>
    <extensions>
     <power>208</power>
     <gpxtpx:TrackPointExtension>
      <gpxtpx:atemp>15</gpxtpx:atemp>
      <gpxtpx:hr>151</gpxtpx:hr>
      <gpxtpx:cad>88</gpxtpx:cad>
     </gpxtpx:TrackPointExtension>
    </extensions>
   </trkpt>
   <trkpt lat="38.5762810" lon="-121.4598020">
    <ele>11.0</ele>
    <time>2025-11-21T15:30:59Z</time>
    <extensions>
     <power>207</power>
     <gpxtpx:TrackPointExtension>
      <gpxtpx:atemp>15</gpxtpx:atemp>
      <gpxtpx:hr>151</gpxtpx:hr>
      <gpxtpx:cad>88</gpxtpx:cad>
     </gpxtpx:TrackPointExtension>
    </extensions>
   </trkpt>
   <trkpt lat="38.5762640" lon="-121.4598110">
    <ele>10.8</ele>
    <time>2025-11-21T15:31:00Z</time>
    <extensions>
     <power>207</power>
     <gpxtpx:TrackPointExtension>
      <gpxtpx:atemp>15</gpxtpx:atemp>
      <gpxtpx:hr>151</gpxtpx:hr>
      <gpxtpx:cad>89</gpxtpx:cad>
     </gpxtpx:TrackPointExtension>
    </extensions>
   </trkpt>
   <trkpt lat="38.5762420" lon="-121.4598200">
    <ele>10.8</ele>
    <time>2025-11-21T15:31:01Z</time>
    <extensions>
     <power>205</power>
     <gpxtpx:TrackPointExtension>
      <gpxtpx:atemp>15</gpxtpx:atemp>
      <gpxtpx:hr>151</gpxtpx:hr>
      <gpxtpx:cad>89</gpxtpx:cad>
     </gpxtpx:TrackPointExtension>
    </extensions>
   </trkpt>
   <trkpt lat="38.5762230" lon="-121.4598230">
    <ele>10.8</ele>
    <time>2025-11-21T15:31:02Z</time>
    <extensions>
     <power>205</power>
     <gpxtpx:TrackPointExtension>
      <gpxtpx:atemp>15</gpxtpx:atemp>
      <gpxtpx:hr>151</gpxtpx:hr>
      <gpxtpx:cad>89</gpxtpx:cad>
     </gpxtpx:TrackPointExtension>
    </extensions>
   </trkpt>
   <trkpt lat="38.5762030" lon="-121.4598300">
    <ele>11.0</ele>
    <time>2025-11-21T15:31:03Z</time>
    <extensions>
     <power>205</power>
     <gpxtpx:TrackPointExtension>
      <gpxtpx:atemp>15</gpxtpx:atemp>
      <gpxtpx:hr>151</gpxtpx:hr>
      <gpxtpx:cad>89</gpxtpx:cad>
     </gpxtpx:TrackPointExtension>
    </extensions>
   </trkpt>
   <trkpt lat="38.5761840" lon="-121.4598390">
    <ele>11.0</ele>
    <time>2025-11-21T15:31:04Z</time>
    <extensions>
     <power>204</power>
     <gpxtpx:TrackPointExtension>
      <gpxtpx:atemp>15</gpxtpx:atemp>
      <gpxtpx:hr>151</gpxtpx:hr>
      <gpxtpx:cad>89</gpxtpx:cad>
     </gpxtpx:TrackPointExtension>
    </extensions>
   </trkpt>
   <trkpt lat="38.5761630" lon="-121.4598490">
    <ele>11.0</ele>
    <time>2025-11-21T15:31:05Z</time>
    <extensions>
     <power>204</power>
     <gpxtpx:TrackPointExtension>
      <gpxtpx:atemp>15</gpxtpx:atemp>
      <gpxtpx:hr>151</gpxtpx:hr>
      <gpxtpx:cad>89</gpxtpx:cad>
     </gpxtpx:TrackPointExtension>
    </extensions>
   </trkpt>
   <trkpt lat="38.5761450" lon="-121.4598580">
    <ele>11.0</ele>
    <time>2025-11-21T15:31:06Z</time>
    <extensions>
     <power>204</power>
     <gpxtpx:TrackPointExtension>
      <gpxtpx:atemp>15</gpxtpx:atemp>
      <gpxtpx:hr>151</gpxtpx:hr>
      <gpxtpx:cad>90</gpxtpx:cad>
     </gpxtpx:TrackPointExtension>
    </extensions>
   </trkpt>
   <trkpt lat="38.5761220" lon="-121.4598650">
    <ele>11.0</ele>
    <time>2025-11-21T15:31:07Z</time>
    <extensions>
     <power>203</power>
     <gpxtpx:TrackPointExtension>
      <gpxtpx:atemp>15</gpxtpx:atemp>
      <gpxtpx:hr>150</gpxtpx:hr>
      <gpxtpx:cad>90</gpxtpx:cad>
     </gpxtpx:TrackPointExtension>
    </extensions>
   </trkpt>
   <trkpt lat="38.5761020" lon="-121.4598710">
    <ele>11.0</ele>
    <time>2025-11-21T15:31:08Z</time>
    <extensions>
     <power>202</power>
     <gpxtpx:TrackPointExtension>
      <gpxtpx:atemp>15</gpxtpx:atemp>
      <gpxtpx:hr>151</gpxtpx:hr>
      <gpxtpx:cad>90</gpxtpx:cad>
     </gpxtpx:TrackPointExtension>
    </extensions>
   </trkpt>
   <trkpt lat="38.5760740" lon="-121.4598790">
    <ele>11.0</ele>
    <time>2025-11-21T15:31:09Z</time>
    <extensions>
     <power>202</power>
     <gpxtpx:TrackPointExtension>
      <gpxtpx:atemp>15</gpxtpx:atemp>
      <gpxtpx:hr>151</gpxtpx:hr>
      <gpxtpx:cad>90</gpxtpx:cad>
     </gpxtpx:TrackPointExtension>
    </extensions>
   </trkpt>
   <trkpt lat="38.5760520" lon="-121.4598860">
    <ele>11.0</ele>
    <time>2025-11-21T15:31:10Z</time>
    <extensions>
     <power>202</power>
     <gpxtpx:TrackPointExtension>
      <gpxtpx:atemp>15</gpxtpx:atemp>
      <gpxtpx:hr>150</gpxtpx:hr>
      <gpxtpx:cad>89</gpxtpx:cad>
     </gpxtpx:TrackPointExtension>
    </extensions>
   </trkpt>
   <trkpt lat="38.5760260" lon="-121.4598930">
    <ele>11.0</ele>
    <time>2025-11-21T15:31:11Z</time>
    <extensions>
     <power>203</power>
     <gpxtpx:TrackPointExtension>
      <gpxtpx:atemp>15</gpxtpx:atemp>
      <gpxtpx:hr>150</gpxtpx:hr>
      <gpxtpx:cad>89</gpxtpx:cad>
     </gpxtpx:TrackPointExtension>
    </extensions>
   </trkpt>
   <trkpt lat="38.5760060" lon="-121.4599000">
    <ele>11.0</ele>
    <time>2025-11-21T15:31:12Z</time>
    <extensions>
     <power>203</power>
     <gpxtpx:TrackPointExtension>
      <gpxtpx:atemp>15</gpxtpx:atemp>
      <gpxtpx:hr>150</gpxtpx:hr>
      <gpxtpx:cad>89</gpxtpx:cad>
     </gpxtpx:TrackPointExtension>
    </extensions>
   </trkpt>
   <trkpt lat="38.5759830" lon="-121.4599120">
    <ele>11.0</ele>
    <time>2025-11-21T15:31:13Z</time>
    <extensions>
     <power>204</power>
     <gpxtpx:TrackPointExtension>
      <gpxtpx:atemp>15</gpxtpx:atemp>
      <gpxtpx:hr>150</gpxtpx:hr>
      <gpxtpx:cad>89</gpxtpx:cad>
     </gpxtpx:TrackPointExtension>
    </extensions>
   </trkpt>
   <trkpt lat="38.5759610" lon="-121.4599210">
    <ele>11.0</ele>
    <time>2025-11-21T15:31:14Z</time>
    <extensions>
     <power>204</power>
     <gpxtpx:TrackPointExtension>
      <gpxtpx:atemp>15</gpxtpx:atemp>
      <gpxtpx:hr>150</gpxtpx:hr>
      <gpxtpx:cad>89</gpxtpx:cad>
     </gpxtpx:TrackPointExtension>
    </extensions>
   </trkpt>
   <trkpt lat="38.5759390" lon="-121.4599300">
    <ele>11.0</ele>
    <time>2025-11-21T15:31:15Z</time>
    <extensions>
     <power>205</power>
     <gpxtpx:TrackPointExtension>
      <gpxtpx:atemp>15</gpxtpx:atemp>
      <gpxtpx:hr>150</gpxtpx:hr>
      <gpxtpx:cad>90</gpxtpx:cad>
     </gpxtpx:TrackPointExtension>
    </extensions>
   </trkpt>
   <trkpt lat="38.5759200" lon="-121.4599350">
    <ele>11.0</ele>
    <time>2025-11-21T15:31:16Z</time>
    <extensions>
     <power>205</power>
     <gpxtpx:TrackPointExtension>
      <gpxtpx:atemp>15</gpxtpx:atemp>
      <gpxtpx:hr>150</gpxtpx:hr>
      <gpxtpx:cad>90</gpxtpx:cad>
     </gpxtpx:TrackPointExtension>
    </extensions>
   </trkpt>
   <trkpt lat="38.5758960" lon="-121.4599470">
    <ele>10.8</ele>
    <time>2025-11-21T15:31:17Z</time>
    <extensions>
     <power>206</power>
     <gpxtpx:TrackPointExtension>
      <gpxtpx:atemp>15</gpxtpx:atemp>
      <gpxtpx:hr>150</gpxtpx:hr>
      <gpxtpx:cad>89</gpxtpx:cad>
     </gpxtpx:TrackPointExtension>
    </extensions>
   </trkpt>
   <trkpt lat="38.5758790" lon="-121.4599540">
    <ele>10.8</ele>
    <time>2025-11-21T15:31:18Z</time>
    <extensions>
     <power>206</power>
     <gpxtpx:TrackPointExtension>
      <gpxtpx:atemp>15</gpxtpx:atemp>
      <gpxtpx:hr>150</gpxtpx:hr>
      <gpxtpx:cad>89</gpxtpx:cad>
     </gpxtpx:TrackPointExtension>
    </extensions>
   </trkpt>
   <trkpt lat="38.5758580" lon="-121.4599620">
    <ele>10.8</ele>
    <time>2025-11-21T15:31:19Z</time>
    <extensions>
     <power>206</power>
     <gpxtpx:TrackPointExtension>
      <gpxtpx:atemp>15</gpxtpx:atemp>
      <gpxtpx:hr>150</gpxtpx:hr>
      <gpxtpx:cad>89</gpxtpx:cad>
     </gpxtpx:TrackPointExtension>
    </extensions>
   </trkpt>
   <trkpt lat="38.5758360" lon="-121.4599710">
    <ele>11.0</ele>
    <time>2025-11-21T15:31:20Z</time>
    <extensions>
     <power>206</power>
     <gpxtpx:TrackPointExtension>
      <gpxtpx:atemp>15</gpxtpx:atemp>
      <gpxtpx:hr>150</gpxtpx:hr>
      <gpxtpx:cad>89</gpxtpx:cad>
     </gpxtpx:TrackPointExtension>
    </extensions>
   </trkpt>
   <trkpt lat="38.5758140" lon="-121.4599810">
    <ele>11.0</ele>
    <time>2025-11-21T15:31:21Z</time>
    <extensions>
     <power>207</power>
     <gpxtpx:TrackPointExtension>
      <gpxtpx:atemp>15</gpxtpx:atemp>
      <gpxtpx:hr>150</gpxtpx:hr>
      <gpxtpx:cad>90</gpxtpx:cad>
     </gpxtpx:TrackPointExtension>
    </extensions>
   </trkpt>
   <trkpt lat="38.5757970" lon="-121.4599890">
    <ele>11.0</ele>
    <time>2025-11-21T15:31:22Z</time>
    <extensions>
     <power>205</power>
     <gpxtpx:TrackPointExtension>
      <gpxtpx:atemp>15</gpxtpx:atemp>
      <gpxtpx:hr>150</gpxtpx:hr>
      <gpxtpx:cad>90</gpxtpx:cad>
     </gpxtpx:TrackPointExtension>
    </extensions>
   </trkpt>
   <trkpt lat="38.5757790" lon="-121.4600050">
    <ele>11.0</ele>
    <time>2025-11-21T15:31:23Z</time>
    <extensions>
     <power>205</power>
     <gpxtpx:TrackPointExtension>
      <gpxtpx:atemp>15</gpxtpx:atemp>
      <gpxtpx:hr>150</gpxtpx:hr>
      <gpxtpx:cad>90</gpxtpx:cad>
     </gpxtpx:TrackPointExtension>
    </extensions>
   </trkpt>
   <trkpt lat="38.5757590" lon="-121.4600190">
    <ele>11.0</ele>
    <time>2025-11-21T15:31:24Z</time>
    <extensions>
     <power>204</power>
     <gpxtpx:TrackPointExtension>
      <gpxtpx:atemp>15</gpxtpx:atemp>
      <gpxtpx:hr>150</gpxtpx:hr>
      <gpxtpx:cad>90</gpxtpx:cad>
     </gpxtpx:TrackPointExtension>
    </extensions>
   </trkpt>
   <trkpt lat="38.5757350" lon="-121.4600350">
    <ele>11.0</ele>
    <time>2025-11-21T15:31:25Z</time>
    <extensions>
     <power>205</power>
     <gpxtpx:TrackPointExtension>
      <gpxtpx:atemp>15</gpxtpx:atemp>
      <gpxtpx:hr>150</gpxtpx:hr>
      <gpxtpx:cad>90</gpxtpx:cad>
     </gpxtpx:TrackPointExtension>
    </extensions>
   </trkpt>
   <trkpt lat="38.5757170" lon="-121.4600370">
    <ele>11.0</ele>
    <time>2025-11-21T15:31:26Z</time>
    <extensions>
     <power>205</power>
     <gpxtpx:TrackPointExtension>
      <gpxtpx:atemp>15</gpxtpx:atemp>
      <gpxtpx:hr>150</gpxtpx:hr>
      <gpxtpx:cad>90</gpxtpx:cad>
     </gpxtpx:TrackPointExtension>
    </extensions>
   </trkpt>
   <trkpt lat="38.5756920" lon="-121.4600360">
    <ele>11.0</ele>
    <time>2025-11-21T15:31:27Z</time>
    <extensions>
     <power>206</power>
     <gpxtpx:TrackPointExtension>
      <gpxtpx:atemp>15</gpxtpx:atemp>
      <gpxtpx:hr>150</gpxtpx:hr>
      <gpxtpx:cad>90</gpxtpx:cad>
     </gpxtpx:TrackPointExtension>
    </extensions>
   </trkpt>
   <trkpt lat="38.5756710" lon="-121.4600410">
    <ele>11.0</ele>
    <time>2025-11-21T15:31:28Z</time>
    <extensions>
     <power>206</power>
     <gpxtpx:TrackPointExtension>
      <gpxtpx:atemp>15</gpxtpx:atemp>
      <gpxtpx:hr>150</gpxtpx:hr>
      <gpxtpx:cad>90</gpxtpx:cad>
     </gpxtpx:TrackPointExtension>
    </extensions>
   </trkpt>
   <trkpt lat="38.5756460" lon="-121.4600480">
    <ele>11.0</ele>
    <time>2025-11-21T15:31:29Z</time>
    <extensions>
     <power>206</power>
     <gpxtpx:TrackPointExtension>
      <gpxtpx:atemp>15</gpxtpx:atemp>
      <gpxtpx:hr>150</gpxtpx:hr>
      <gpxtpx:cad>90</gpxtpx:cad>
     </gpxtpx:TrackPointExtension>
    </extensions>
   </trkpt>
   <trkpt lat="38.5756250" lon="-121.4600550">
    <ele>11.0</ele>
    <time>2025-11-21T15:31:30Z</time>
    <extensions>
     <power>206</power>
     <gpxtpx:TrackPointExtension>
      <gpxtpx:atemp>15</gpxtpx:atemp>
      <gpxtpx:hr>150</gpxtpx:hr>
      <gpxtpx:cad>90</gpxtpx:cad>
     </gpxtpx:TrackPointExtension>
    </extensions>
   </trkpt>
   <trkpt lat="38.5756010" lon="-121.4600640">
    <ele>11.0</ele>
    <time>2025-11-21T15:31:31Z</time>
    <extensions>
     <power>207</power>
     <gpxtpx:TrackPointExtension>
      <gpxtpx:atemp>15</gpxtpx:atemp>
      <gpxtpx:hr>151</gpxtpx:hr>
      <gpxtpx:cad>89</gpxtpx:cad>
     </gpxtpx:TrackPointExtension>
    </extensions>
   </trkpt>
   <trkpt lat="38.5755820" lon="-121.4600670">
    <ele>11.0</ele>
    <time>2025-11-21T15:31:32Z</time>
    <extensions>
     <power>207</power>
     <gpxtpx:TrackPointExtension>
      <gpxtpx:atemp>15</gpxtpx:atemp>
      <gpxtpx:hr>151</gpxtpx:hr>
      <gpxtpx:cad>89</gpxtpx:cad>
     </gpxtpx:TrackPointExtension>
    </extensions>
   </trkpt>
   <trkpt lat="38.5755570" lon="-121.4600800">
    <ele>11.0</ele>
    <time>2025-11-21T15:31:33Z</time>
    <extensions>
     <power>206</power>
     <gpxtpx:TrackPointExtension>
      <gpxtpx:atemp>15</gpxtpx:atemp>
      <gpxtpx:hr>151</gpxtpx:hr>
      <gpxtpx:cad>89</gpxtpx:cad>
     </gpxtpx:TrackPointExtension>
    </extensions>
   </trkpt>
   <trkpt lat="38.5755390" lon="-121.4600890">
    <ele>11.0</ele>
    <time>2025-11-21T15:31:34Z</time>
    <extensions>
     <power>206</power>
     <gpxtpx:TrackPointExtension>
      <gpxtpx:atemp>15</gpxtpx:atemp>
      <gpxtpx:hr>151</gpxtpx:hr>
      <gpxtpx:cad>88</gpxtpx:cad>
     </gpxtpx:TrackPointExtension>
    </extensions>
   </trkpt>
   <trkpt lat="38.5755120" lon="-121.4601000">
    <ele>11.0</ele>
    <time>2025-11-21T15:31:35Z</time>
    <extensions>
     <power>207</power>
     <gpxtpx:TrackPointExtension>
      <gpxtpx:atemp>15</gpxtpx:atemp>
      <gpxtpx:hr>150</gpxtpx:hr>
      <gpxtpx:cad>88</gpxtpx:cad>
     </gpxtpx:TrackPointExtension>
    </extensions>
   </trkpt>
   <trkpt lat="38.5754890" lon="-121.4601050">
    <ele>11.0</ele>
    <time>2025-11-21T15:31:36Z</time>
    <extensions>
     <power>207</power>
     <gpxtpx:TrackPointExtension>
      <gpxtpx:atemp>15</gpxtpx:atemp>
      <gpxtpx:hr>151</gpxtpx:hr>
      <gpxtpx:cad>88</gpxtpx:cad>
     </gpxtpx:TrackPointExtension>
    </extensions>
   </trkpt>
   <trkpt lat="38.5754660" lon="-121.4601130">
    <ele>11.2</ele>
    <time>2025-11-21T15:31:37Z</time>
    <extensions>
     <power>209</power>
     <gpxtpx:TrackPointExtension>
      <gpxtpx:atemp>15</gpxtpx:atemp>
      <gpxtpx:hr>151</gpxtpx:hr>
      <gpxtpx:cad>88</gpxtpx:cad>
     </gpxtpx:TrackPointExtension>
    </extensions>
   </trkpt>
   <trkpt lat="38.5754450" lon="-121.4601200">
    <ele>11.2</ele>
    <time>2025-11-21T15:31:38Z</time>
    <extensions>
     <power>210</power>
     <gpxtpx:TrackPointExtension>
      <gpxtpx:atemp>15</gpxtpx:atemp>
      <gpxtpx:hr>151</gpxtpx:hr>
      <gpxtpx:cad>87</gpxtpx:cad>
     </gpxtpx:TrackPointExtension>
    </extensions>
   </trkpt>
   <trkpt lat="38.5754230" lon="-121.4601300">
    <ele>11.2</ele>
    <time>2025-11-21T15:31:39Z</time>
    <extensions>
     <power>211</power>
     <gpxtpx:TrackPointExtension>
      <gpxtpx:atemp>15</gpxtpx:atemp>
      <gpxtpx:hr>151</gpxtpx:hr>
      <gpxtpx:cad>87</gpxtpx:cad>
     </gpxtpx:TrackPointExtension>
    </extensions>
   </trkpt>
   <trkpt lat="38.5754060" lon="-121.4601430">
    <ele>11.2</ele>
    <time>2025-11-21T15:31:40Z</time>
    <extensions>
     <power>211</power>
     <gpxtpx:TrackPointExtension>
      <gpxtpx:atemp>15</gpxtpx:atemp>
      <gpxtpx:hr>150</gpxtpx:hr>
      <gpxtpx:cad>87</gpxtpx:cad>
     </gpxtpx:TrackPointExtension>
    </extensions>
   </trkpt>
   <trkpt lat="38.5753860" lon="-121.4601540">
    <ele>11.2</ele>
    <time>2025-11-21T15:31:41Z</time>
    <extensions>
     <power>211</power>
     <gpxtpx:TrackPointExtension>
      <gpxtpx:atemp>15</gpxtpx:atemp>
      <gpxtpx:hr>151</gpxtpx:hr>
      <gpxtpx:cad>87</gpxtpx:cad>
     </gpxtpx:TrackPointExtension>
    </extensions>
   </trkpt>
   <trkpt lat="38.5753660" lon="-121.4601670">
    <ele>11.2</ele>
    <time>2025-11-21T15:31:42Z</time>
    <extensions>
     <power>211</power>
     <gpxtpx:TrackPointExtension>
      <gpxtpx:atemp>15</gpxtpx:atemp>
      <gpxtpx:hr>151</gpxtpx:hr>
      <gpxtpx:cad>89</gpxtpx:cad>
     </gpxtpx:TrackPointExtension>
    </extensions>
   </trkpt>
   <trkpt lat="38.5753450" lon="-121.4601790">
    <ele>11.2</ele>
    <time>2025-11-21T15:31:43Z</time>
    <extensions>
     <power>209</power>
     <gpxtpx:TrackPointExtension>
      <gpxtpx:atemp>15</gpxtpx:atemp>
      <gpxtpx:hr>151</gpxtpx:hr>
      <gpxtpx:cad>89</gpxtpx:cad>
     </gpxtpx:TrackPointExtension>
    </extensions>
   </trkpt>
   <trkpt lat="38.5753230" lon="-121.4601870">
    <ele>11.2</ele>
    <time>2025-11-21T15:31:44Z</time>
    <extensions>
     <power>209</power>
     <gpxtpx:TrackPointExtension>
      <gpxtpx:atemp>15</gpxtpx:atemp>
      <gpxtpx:hr>151</gpxtpx:hr>
      <gpxtpx:cad>89</gpxtpx:cad>
     </gpxtpx:TrackPointExtension>
    </extensions>
   </trkpt>
   <trkpt lat="38.5753030" lon="-121.4601990">
    <ele>11.2</ele>
    <time>2025-11-21T15:31:45Z</time>
    <extensions>
     <power>209</power>
     <gpxtpx:TrackPointExtension>
      <gpxtpx:atemp>15</gpxtpx:atemp>
      <gpxtpx:hr>151</gpxtpx:hr>
      <gpxtpx:cad>89</gpxtpx:cad>
     </gpxtpx:TrackPointExtension>
    </extensions>
   </trkpt>
   <trkpt lat="38.5752810" lon="-121.4602100">
    <ele>11.2</ele>
    <time>2025-11-21T15:31:46Z</time>
    <extensions>
     <power>209</power>
     <gpxtpx:TrackPointExtension>
      <gpxtpx:atemp>15</gpxtpx:atemp>
      <gpxtpx:hr>151</gpxtpx:hr>
      <gpxtpx:cad>89</gpxtpx:cad>
     </gpxtpx:TrackPointExtension>
    </extensions>
   </trkpt>
   <trkpt lat="38.5752600" lon="-121.4602200">
    <ele>11.2</ele>
    <time>2025-11-21T15:31:47Z</time>
    <extensions>
     <power>210</power>
     <gpxtpx:TrackPointExtension>
      <gpxtpx:atemp>15</gpxtpx:atemp>
      <gpxtpx:hr>152</gpxtpx:hr>
      <gpxtpx:cad>90</gpxtpx:cad>
     </gpxtpx:TrackPointExtension>
    </extensions>
   </trkpt>
   <trkpt lat="38.5752450" lon="-121.4602300">
    <ele>11.4</ele>
    <time>2025-11-21T15:31:48Z</time>
    <extensions>
     <power>211</power>
     <gpxtpx:TrackPointExtension>
      <gpxtpx:atemp>15</gpxtpx:atemp>
      <gpxtpx:hr>152</gpxtpx:hr>
      <gpxtpx:cad>90</gpxtpx:cad>
     </gpxtpx:TrackPointExtension>
    </extensions>
   </trkpt>
   <trkpt lat="38.5752210" lon="-121.4602400">
    <ele>11.4</ele>
    <time>2025-11-21T15:31:49Z</time>
    <extensions>
     <power>212</power>
     <gpxtpx:TrackPointExtension>
      <gpxtpx:atemp>15</gpxtpx:atemp>
      <gpxtpx:hr>152</gpxtpx:hr>
      <gpxtpx:cad>90</gpxtpx:cad>
     </gpxtpx:TrackPointExtension>
    </extensions>
   </trkpt>
   <trkpt lat="38.5752050" lon="-121.4602450">
    <ele>11.2</ele>
    <time>2025-11-21T15:31:50Z</time>
    <extensions>
     <power>212</power>
     <gpxtpx:TrackPointExtension>
      <gpxtpx:atemp>15</gpxtpx:atemp>
      <gpxtpx:hr>152</gpxtpx:hr>
      <gpxtpx:cad>90</gpxtpx:cad>
     </gpxtpx:TrackPointExtension>
    </extensions>
   </trkpt>
   <trkpt lat="38.5751790" lon="-121.4602590">
    <ele>11.4</ele>
    <time>2025-11-21T15:31:51Z</time>
    <extensions>
     <power>213</power>
     <gpxtpx:TrackPointExtension>
      <gpxtpx:atemp>15</gpxtpx:atemp>
      <gpxtpx:hr>152</gpxtpx:hr>
      <gpxtpx:cad>90</gpxtpx:cad>
     </gpxtpx:TrackPointExtension>
    </extensions>
   </trkpt>
   <trkpt lat="38.5751600" lon="-121.4602660">
    <ele>11.4</ele>
    <time>2025-11-21T15:31:52Z</time>
    <extensions>
     <power>212</power>
     <gpxtpx:TrackPointExtension>
      <gpxtpx:atemp>15</gpxtpx:atemp>
      <gpxtpx:hr>152</gpxtpx:hr>
      <gpxtpx:cad>90</gpxtpx:cad>
     </gpxtpx:TrackPointExtension>
    </extensions>
   </trkpt>
   <trkpt lat="38.5751350" lon="-121.4602790">
    <ele>11.4</ele>
    <time>2025-11-21T15:31:53Z</time>
    <extensions>
     <power>212</power>
     <gpxtpx:TrackPointExtension>
      <gpxtpx:atemp>15</gpxtpx:atemp>
      <gpxtpx:hr>152</gpxtpx:hr>
      <gpxtpx:cad>89</gpxtpx:cad>
     </gpxtpx:TrackPointExtension>
    </extensions>
   </trkpt>
   <trkpt lat="38.5751190" lon="-121.4602830">
    <ele>11.4</ele>
    <time>2025-11-21T15:31:54Z</time>
    <extensions>
     <power>212</power>
     <gpxtpx:TrackPointExtension>
      <gpxtpx:atemp>15</gpxtpx:atemp>
      <gpxtpx:hr>152</gpxtpx:hr>
      <gpxtpx:cad>89</gpxtpx:cad>
     </gpxtpx:TrackPointExtension>
    </extensions>
   </trkpt>
   <trkpt lat="38.5750970" lon="-121.4602940">
    <ele>11.4</ele>
    <time>2025-11-21T15:31:55Z</time>
    <extensions>
     <power>212</power>
     <gpxtpx:TrackPointExtension>
      <gpxtpx:atemp>15</gpxtpx:atemp>
      <gpxtpx:hr>152</gpxtpx:hr>
      <gpxtpx:cad>89</gpxtpx:cad>
     </gpxtpx:TrackPointExtension>
    </extensions>
   </trkpt>
   <trkpt lat="38.5750760" lon="-121.4603040">
    <ele>11.4</ele>
    <time>2025-11-21T15:31:56Z</time>
    <extensions>
     <power>212</power>
     <gpxtpx:TrackPointExtension>
      <gpxtpx:atemp>15</gpxtpx:atemp>
      <gpxtpx:hr>152</gpxtpx:hr>
      <gpxtpx:cad>89</gpxtpx:cad>
     </gpxtpx:TrackPointExtension>
    </extensions>
   </trkpt>
   <trkpt lat="38.5750520" lon="-121.4603120">
    <ele>11.4</ele>
    <time>2025-11-21T15:31:57Z</time>
    <extensions>
     <power>212</power>
     <gpxtpx:TrackPointExtension>
      <gpxtpx:atemp>15</gpxtpx:atemp>
      <gpxtpx:hr>152</gpxtpx:hr>
      <gpxtpx:cad>89</gpxtpx:cad>
     </gpxtpx:TrackPointExtension>
    </extensions>
   </trkpt>
   <trkpt lat="38.5750300" lon="-121.4603190">
    <ele>11.4</ele>
    <time>2025-11-21T15:31:58Z</time>
    <extensions>
     <power>211</power>
     <gpxtpx:TrackPointExtension>
      <gpxtpx:atemp>15</gpxtpx:atemp>
      <gpxtpx:hr>152</gpxtpx:hr>
      <gpxtpx:cad>89</gpxtpx:cad>
     </gpxtpx:TrackPointExtension>
    </extensions>
   </trkpt>
   <trkpt lat="38.5750050" lon="-121.4603260">
    <ele>11.4</ele>
    <time>2025-11-21T15:31:59Z</time>
    <extensions>
     <power>212</power>
     <gpxtpx:TrackPointExtension>
      <gpxtpx:atemp>15</gpxtpx:atemp>
      <gpxtpx:hr>152</gpxtpx:hr>
      <gpxtpx:cad>89</gpxtpx:cad>
     </gpxtpx:TrackPointExtension>
    </extensions>
   </trkpt>
   <trkpt lat="38.5749840" lon="-121.4603350">
    <ele>11.4</ele>
    <time>2025-11-21T15:32:00Z</time>
    <extensions>
     <power>212</power>
     <gpxtpx:TrackPointExtension>
      <gpxtpx:atemp>15</gpxtpx:atemp>
      <gpxtpx:hr>152</gpxtpx:hr>
      <gpxtpx:cad>89</gpxtpx:cad>
     </gpxtpx:TrackPointExtension>
    </extensions>
   </trkpt>
   <trkpt lat="38.5749540" lon="-121.4603450">
    <ele>11.4</ele>
    <time>2025-11-21T15:32:01Z</time>
    <extensions>
     <power>212</power>
     <gpxtpx:TrackPointExtension>
      <gpxtpx:atemp>15</gpxtpx:atemp>
      <gpxtpx:hr>152</gpxtpx:hr>
      <gpxtpx:cad>89</gpxtpx:cad>
     </gpxtpx:TrackPointExtension>
    </extensions>
   </trkpt>
   <trkpt lat="38.5749330" lon="-121.4603530">
    <ele>11.6</ele>
    <time>2025-11-21T15:32:02Z</time>
    <extensions>
     <power>213</power>
     <gpxtpx:TrackPointExtension>
      <gpxtpx:atemp>15</gpxtpx:atemp>
      <gpxtpx:hr>152</gpxtpx:hr>
      <gpxtpx:cad>89</gpxtpx:cad>
     </gpxtpx:TrackPointExtension>
    </extensions>
   </trkpt>
   <trkpt lat="38.5749090" lon="-121.4603640">
    <ele>11.6</ele>
    <time>2025-11-21T15:32:03Z</time>
    <extensions>
     <power>215</power>
     <gpxtpx:TrackPointExtension>
      <gpxtpx:atemp>15</gpxtpx:atemp>
      <gpxtpx:hr>152</gpxtpx:hr>
      <gpxtpx:cad>89</gpxtpx:cad>
     </gpxtpx:TrackPointExtension>
    </extensions>
   </trkpt>
   <trkpt lat="38.5748900" lon="-121.4603730">
    <ele>11.6</ele>
    <time>2025-11-21T15:32:04Z</time>
    <extensions>
     <power>217</power>
     <gpxtpx:TrackPointExtension>
      <gpxtpx:atemp>15</gpxtpx:atemp>
      <gpxtpx:hr>152</gpxtpx:hr>
      <gpxtpx:cad>89</gpxtpx:cad>
     </gpxtpx:TrackPointExtension>
    </extensions>
   </trkpt>
   <trkpt lat="38.5748710" lon="-121.4603850">
    <ele>11.6</ele>
    <time>2025-11-21T15:32:05Z</time>
    <extensions>
     <power>218</power>
     <gpxtpx:TrackPointExtension>
      <gpxtpx:atemp>15</gpxtpx:atemp>
      <gpxtpx:hr>153</gpxtpx:hr>
      <gpxtpx:cad>89</gpxtpx:cad>
     </gpxtpx:TrackPointExtension>
    </extensions>
   </trkpt>
   <trkpt lat="38.5748530" lon="-121.4603970">
    <ele>11.6</ele>
    <time>2025-11-21T15:32:06Z</time>
    <extensions>
     <power>218</power>
     <gpxtpx:TrackPointExtension>
      <gpxtpx:atemp>15</gpxtpx:atemp>
      <gpxtpx:hr>152</gpxtpx:hr>
      <gpxtpx:cad>89</gpxtpx:cad>
     </gpxtpx:TrackPointExtension>
    </extensions>
   </trkpt>
   <trkpt lat="38.5748330" lon="-121.4604060">
    <ele>11.6</ele>
    <time>2025-11-21T15:32:07Z</time>
    <extensions>
     <power>217</power>
     <gpxtpx:TrackPointExtension>
      <gpxtpx:atemp>15</gpxtpx:atemp>
      <gpxtpx:hr>152</gpxtpx:hr>
      <gpxtpx:cad>89</gpxtpx:cad>
     </gpxtpx:TrackPointExtension>
    </extensions>
   </trkpt>
   <trkpt lat="38.5748150" lon="-121.4604160">
    <ele>11.6</ele>
    <time>2025-11-21T15:32:08Z</time>
    <extensions>
     <power>217</power>
     <gpxtpx:TrackPointExtension>
      <gpxtpx:atemp>15</gpxtpx:atemp>
      <gpxtpx:hr>152</gpxtpx:hr>
      <gpxtpx:cad>89</gpxtpx:cad>
     </gpxtpx:TrackPointExtension>
    </extensions>
   </trkpt>
   <trkpt lat="38.5747960" lon="-121.4604250">
    <ele>11.6</ele>
    <time>2025-11-21T15:32:09Z</time>
    <extensions>
     <power>216</power>
     <gpxtpx:TrackPointExtension>
      <gpxtpx:atemp>15</gpxtpx:atemp>
      <gpxtpx:hr>153</gpxtpx:hr>
      <gpxtpx:cad>89</gpxtpx:cad>
     </gpxtpx:TrackPointExtension>
    </extensions>
   </trkpt>
   <trkpt lat="38.5747770" lon="-121.4604330">
    <ele>11.6</ele>
    <time>2025-11-21T15:32:10Z</time>
    <extensions>
     <power>216</power>
     <gpxtpx:TrackPointExtension>
      <gpxtpx:atemp>15</gpxtpx:atemp>
      <gpxtpx:hr>153</gpxtpx:hr>
      <gpxtpx:cad>89</gpxtpx:cad>
     </gpxtpx:TrackPointExtension>
    </extensions>
   </trkpt>
   <trkpt lat="38.5747540" lon="-121.4604410">
    <ele>11.6</ele>
    <time>2025-11-21T15:32:11Z</time>
    <extensions>
     <power>216</power>
     <gpxtpx:TrackPointExtension>
      <gpxtpx:atemp>15</gpxtpx:atemp>
      <gpxtpx:hr>153</gpxtpx:hr>
      <gpxtpx:cad>89</gpxtpx:cad>
     </gpxtpx:TrackPointExtension>
    </extensions>
   </trkpt>
   <trkpt lat="38.5747290" lon="-121.4604530">
    <ele>11.6</ele>
    <time>2025-11-21T15:32:12Z</time>
    <extensions>
     <power>216</power>
     <gpxtpx:TrackPointExtension>
      <gpxtpx:atemp>15</gpxtpx:atemp>
      <gpxtpx:hr>153</gpxtpx:hr>
      <gpxtpx:cad>89</gpxtpx:cad>
     </gpxtpx:TrackPointExtension>
    </extensions>
   </trkpt>
   <trkpt lat="38.5747070" lon="-121.4604610">
    <ele>11.6</ele>
    <time>2025-11-21T15:32:13Z</time>
    <extensions>
     <power>216</power>
     <gpxtpx:TrackPointExtension>
      <gpxtpx:atemp>15</gpxtpx:atemp>
      <gpxtpx:hr>152</gpxtpx:hr>
      <gpxtpx:cad>89</gpxtpx:cad>
     </gpxtpx:TrackPointExtension>
    </extensions>
   </trkpt>
   <trkpt lat="38.5746840" lon="-121.4604690">
    <ele>11.6</ele>
    <time>2025-11-21T15:32:14Z</time>
    <extensions>
     <power>217</power>
     <gpxtpx:TrackPointExtension>
      <gpxtpx:atemp>15</gpxtpx:atemp>
      <gpxtpx:hr>153</gpxtpx:hr>
      <gpxtpx:cad>89</gpxtpx:cad>
     </gpxtpx:TrackPointExtension>
    </extensions>
   </trkpt>
   <trkpt lat="38.5746570" lon="-121.4604760">
    <ele>11.6</ele>
    <time>2025-11-21T15:32:15Z</time>
    <extensions>
     <power>217</power>
     <gpxtpx:TrackPointExtension>
      <gpxtpx:atemp>15</gpxtpx:atemp>
      <gpxtpx:hr>153</gpxtpx:hr>
      <gpxtpx:cad>89</gpxtpx:cad>
     </gpxtpx:TrackPointExtension>
    </extensions>
   </trkpt>
   <trkpt lat="38.5746320" lon="-121.4604870">
    <ele>11.6</ele>
    <time>2025-11-21T15:32:16Z</time>
    <extensions>
     <power>217</power>
     <gpxtpx:TrackPointExtension>
      <gpxtpx:atemp>15</gpxtpx:atemp>
      <gpxtpx:hr>153</gpxtpx:hr>
      <gpxtpx:cad>89</gpxtpx:cad>
     </gpxtpx:TrackPointExtension>
    </extensions>
   </trkpt>
   <trkpt lat="38.5746100" lon="-121.4604940">
    <ele>11.6</ele>
    <time>2025-11-21T15:32:17Z</time>
    <extensions>
     <power>219</power>
     <gpxtpx:TrackPointExtension>
      <gpxtpx:atemp>15</gpxtpx:atemp>
      <gpxtpx:hr>153</gpxtpx:hr>
      <gpxtpx:cad>89</gpxtpx:cad>
     </gpxtpx:TrackPointExtension>
    </extensions>
   </trkpt>
   <trkpt lat="38.5745860" lon="-121.4605110">
    <ele>11.6</ele>
    <time>2025-11-21T15:32:18Z</time>
    <extensions>
     <power>221</power>
     <gpxtpx:TrackPointExtension>
      <gpxtpx:atemp>15</gpxtpx:atemp>
      <gpxtpx:hr>153</gpxtpx:hr>
      <gpxtpx:cad>90</gpxtpx:cad>
     </gpxtpx:TrackPointExtension>
    </extensions>
   </trkpt>
   <trkpt lat="38.5745640" lon="-121.4605190">
    <ele>11.6</ele>
    <time>2025-11-21T15:32:19Z</time>
    <extensions>
     <power>221</power>
     <gpxtpx:TrackPointExtension>
      <gpxtpx:atemp>15</gpxtpx:atemp>
      <gpxtpx:hr>154</gpxtpx:hr>
      <gpxtpx:cad>90</gpxtpx:cad>
     </gpxtpx:TrackPointExtension>
    </extensions>
   </trkpt>
   <trkpt lat="38.5745390" lon="-121.4605310">
    <ele>11.8</ele>
    <time>2025-11-21T15:32:20Z</time>
    <extensions>
     <power>221</power>
     <gpxtpx:TrackPointExtension>
      <gpxtpx:atemp>15</gpxtpx:atemp>
      <gpxtpx:hr>153</gpxtpx:hr>
      <gpxtpx:cad>88</gpxtpx:cad>
     </gpxtpx:TrackPointExtension>
    </extensions>
   </trkpt>
   <trkpt lat="38.5745190" lon="-121.4605380">
    <ele>11.8</ele>
    <time>2025-11-21T15:32:21Z</time>
    <extensions>
     <power>222</power>
     <gpxtpx:TrackPointExtension>
      <gpxtpx:atemp>15</gpxtpx:atemp>
      <gpxtpx:hr>153</gpxtpx:hr>
      <gpxtpx:cad>88</gpxtpx:cad>
     </gpxtpx:TrackPointExtension>
    </extensions>
   </trkpt>
   <trkpt lat="38.5744960" lon="-121.4605480">
    <ele>11.6</ele>
    <time>2025-11-21T15:32:22Z</time>
    <extensions>
     <power>221</power>
     <gpxtpx:TrackPointExtension>
      <gpxtpx:atemp>15</gpxtpx:atemp>
      <gpxtpx:hr>154</gpxtpx:hr>
      <gpxtpx:cad>88</gpxtpx:cad>
     </gpxtpx:TrackPointExtension>
    </extensions>
   </trkpt>
   <trkpt lat="38.5744760" lon="-121.4605560">
    <ele>11.6</ele>
    <time>2025-11-21T15:32:23Z</time>
    <extensions>
     <power>222</power>
     <gpxtpx:TrackPointExtension>
      <gpxtpx:atemp>15</gpxtpx:atemp>
      <gpxtpx:hr>153</gpxtpx:hr>
      <gpxtpx:cad>88</gpxtpx:cad>
     </gpxtpx:TrackPointExtension>
    </extensions>
   </trkpt>
   <trkpt lat="38.5744560" lon="-121.4605670">
    <ele>11.6</ele>
    <time>2025-11-21T15:32:24Z</time>
    <extensions>
     <power>221</power>
     <gpxtpx:TrackPointExtension>
      <gpxtpx:atemp>15</gpxtpx:atemp>
      <gpxtpx:hr>153</gpxtpx:hr>
      <gpxtpx:cad>88</gpxtpx:cad>
     </gpxtpx:TrackPointExtension>
    </extensions>
   </trkpt>
   <trkpt lat="38.5744330" lon="-121.4605760">
    <ele>11.8</ele>
    <time>2025-11-21T15:32:25Z</time>
    <extensions>
     <power>220</power>
     <gpxtpx:TrackPointExtension>
      <gpxtpx:atemp>15</gpxtpx:atemp>
      <gpxtpx:hr>154</gpxtpx:hr>
      <gpxtpx:cad>89</gpxtpx:cad>
     </gpxtpx:TrackPointExtension>
    </extensions>
   </trkpt>
   <trkpt lat="38.5744110" lon="-121.4605810">
    <ele>11.8</ele>
    <time>2025-11-21T15:32:26Z</time>
    <extensions>
     <power>220</power>
     <gpxtpx:TrackPointExtension>
      <gpxtpx:atemp>15</gpxtpx:atemp>
      <gpxtpx:hr>153</gpxtpx:hr>
      <gpxtpx:cad>89</gpxtpx:cad>
     </gpxtpx:TrackPointExtension>
    </extensions>
   </trkpt>
   <trkpt lat="38.5743900" lon="-121.4605880">
    <ele>11.8</ele>
    <time>2025-11-21T15:32:27Z</time>
    <extensions>
     <power>218</power>
     <gpxtpx:TrackPointExtension>
      <gpxtpx:atemp>15</gpxtpx:atemp>
      <gpxtpx:hr>153</gpxtpx:hr>
      <gpxtpx:cad>89</gpxtpx:cad>
     </gpxtpx:TrackPointExtension>
    </extensions>
   </trkpt>
   <trkpt lat="38.5743670" lon="-121.4605960">
    <ele>11.8</ele>
    <time>2025-11-21T15:32:28Z</time>
    <extensions>
     <power>218</power>
     <gpxtpx:TrackPointExtension>
      <gpxtpx:atemp>15</gpxtpx:atemp>
      <gpxtpx:hr>154</gpxtpx:hr>
      <gpxtpx:cad>89</gpxtpx:cad>
     </gpxtpx:TrackPointExtension>
    </extensions>
   </trkpt>
   <trkpt lat="38.5743490" lon="-121.4606050">
    <ele>11.8</ele>
    <time>2025-11-21T15:32:29Z</time>
    <extensions>
     <power>218</power>
     <gpxtpx:TrackPointExtension>
      <gpxtpx:atemp>15</gpxtpx:atemp>
      <gpxtpx:hr>153</gpxtpx:hr>
      <gpxtpx:cad>89</gpxtpx:cad>
     </gpxtpx:TrackPointExtension>
    </extensions>
   </trkpt>
   <trkpt lat="38.5743300" lon="-121.4606130">
    <ele>11.8</ele>
    <time>2025-11-21T15:32:30Z</time>
    <extensions>
     <power>217</power>
     <gpxtpx:TrackPointExtension>
      <gpxtpx:atemp>15</gpxtpx:atemp>
      <gpxtpx:hr>153</gpxtpx:hr>
      <gpxtpx:cad>89</gpxtpx:cad>
     </gpxtpx:TrackPointExtension>
    </extensions>
   </trkpt>
   <trkpt lat="38.5743100" lon="-121.4606230">
    <ele>11.8</ele>
    <time>2025-11-21T15:32:31Z</time>
    <extensions>
     <power>216</power>
     <gpxtpx:TrackPointExtension>
      <gpxtpx:atemp>15</gpxtpx:atemp>
      <gpxtpx:hr>153</gpxtpx:hr>
      <gpxtpx:cad>88</gpxtpx:cad>
     </gpxtpx:TrackPointExtension>
    </extensions>
   </trkpt>
   <trkpt lat="38.5742880" lon="-121.4606350">
    <ele>11.8</ele>
    <time>2025-11-21T15:32:32Z</time>
    <extensions>
     <power>216</power>
     <gpxtpx:TrackPointExtension>
      <gpxtpx:atemp>15</gpxtpx:atemp>
      <gpxtpx:hr>153</gpxtpx:hr>
      <gpxtpx:cad>88</gpxtpx:cad>
     </gpxtpx:TrackPointExtension>
    </extensions>
   </trkpt>
   <trkpt lat="38.5742660" lon="-121.4606500">
    <ele>11.8</ele>
    <time>2025-11-21T15:32:33Z</time>
    <extensions>
     <power>215</power>
     <gpxtpx:TrackPointExtension>
      <gpxtpx:atemp>15</gpxtpx:atemp>
      <gpxtpx:hr>153</gpxtpx:hr>
      <gpxtpx:cad>88</gpxtpx:cad>
     </gpxtpx:TrackPointExtension>
    </extensions>
   </trkpt>
   <trkpt lat="38.5742470" lon="-121.4606690">
    <ele>11.8</ele>
    <time>2025-11-21T15:32:34Z</time>
    <extensions>
     <power>215</power>
     <gpxtpx:TrackPointExtension>
      <gpxtpx:atemp>15</gpxtpx:atemp>
      <gpxtpx:hr>153</gpxtpx:hr>
      <gpxtpx:cad>88</gpxtpx:cad>
     </gpxtpx:TrackPointExtension>
    </extensions>
   </trkpt>
   <trkpt lat="38.5742330" lon="-121.4606920">
    <ele>11.8</ele>
    <time>2025-11-21T15:32:35Z</time>
    <extensions>
     <power>215</power>
     <gpxtpx:TrackPointExtension>
      <gpxtpx:atemp>15</gpxtpx:atemp>
      <gpxtpx:hr>153</gpxtpx:hr>
      <gpxtpx:cad>88</gpxtpx:cad>
     </gpxtpx:TrackPointExtension>
    </extensions>
   </trkpt>
   <trkpt lat="38.5742210" lon="-121.4607160">
    <ele>11.8</ele>
    <time>2025-11-21T15:32:36Z</time>
    <extensions>
     <power>214</power>
     <gpxtpx:TrackPointExtension>
      <gpxtpx:atemp>15</gpxtpx:atemp>
      <gpxtpx:hr>153</gpxtpx:hr>
      <gpxtpx:cad>88</gpxtpx:cad>
     </gpxtpx:TrackPointExtension>
    </extensions>
   </trkpt>
   <trkpt lat="38.5742200" lon="-121.4607510">
    <ele>11.8</ele>
    <time>2025-11-21T15:32:37Z</time>
    <extensions>
     <power>214</power>
     <gpxtpx:TrackPointExtension>
      <gpxtpx:atemp>15</gpxtpx:atemp>
      <gpxtpx:hr>153</gpxtpx:hr>
      <gpxtpx:cad>88</gpxtpx:cad>
     </gpxtpx:TrackPointExtension>
    </extensions>
   </trkpt>
   <trkpt lat="38.5742220" lon="-121.4607800">
    <ele>11.8</ele>
    <time>2025-11-21T15:32:38Z</time>
    <extensions>
     <power>214</power>
     <gpxtpx:TrackPointExtension>
      <gpxtpx:atemp>15</gpxtpx:atemp>
      <gpxtpx:hr>153</gpxtpx:hr>
      <gpxtpx:cad>88</gpxtpx:cad>
     </gpxtpx:TrackPointExtension>
    </extensions>
   </trkpt>
   <trkpt lat="38.5742310" lon="-121.4608050">
    <ele>11.8</ele>
    <time>2025-11-21T15:32:39Z</time>
    <extensions>
     <power>215</power>
     <gpxtpx:TrackPointExtension>
      <gpxtpx:atemp>15</gpxtpx:atemp>
      <gpxtpx:hr>153</gpxtpx:hr>
      <gpxtpx:cad>89</gpxtpx:cad>
     </gpxtpx:TrackPointExtension>
    </extensions>
   </trkpt>
   <trkpt lat="38.5742380" lon="-121.4608350">
    <ele>11.8</ele>
    <time>2025-11-21T15:32:40Z</time>
    <extensions>
     <power>213</power>
     <gpxtpx:TrackPointExtension>
      <gpxtpx:atemp>15</gpxtpx:atemp>
      <gpxtpx:hr>153</gpxtpx:hr>
      <gpxtpx:cad>89</gpxtpx:cad>
     </gpxtpx:TrackPointExtension>
    </extensions>
   </trkpt>
   <trkpt lat="38.5742450" lon="-121.4608650">
    <ele>11.8</ele>
    <time>2025-11-21T15:32:41Z</time>
    <extensions>
     <power>214</power>
     <gpxtpx:TrackPointExtension>
      <gpxtpx:atemp>15</gpxtpx:atemp>
      <gpxtpx:hr>153</gpxtpx:hr>
      <gpxtpx:cad>90</gpxtpx:cad>
     </gpxtpx:TrackPointExtension>
    </extensions>
   </trkpt>
   <trkpt lat="38.5742540" lon="-121.4609000">
    <ele>11.8</ele>
    <time>2025-11-21T15:32:42Z</time>
    <extensions>
     <power>213</power>
     <gpxtpx:TrackPointExtension>
      <gpxtpx:atemp>15</gpxtpx:atemp>
      <gpxtpx:hr>153</gpxtpx:hr>
      <gpxtpx:cad>90</gpxtpx:cad>
     </gpxtpx:TrackPointExtension>
    </extensions>
   </trkpt>
   <trkpt lat="38.5742630" lon="-121.4609310">
    <ele>11.8</ele>
    <time>2025-11-21T15:32:43Z</time>
    <extensions>
     <power>215</power>
     <gpxtpx:TrackPointExtension>
      <gpxtpx:atemp>15</gpxtpx:atemp>
      <gpxtpx:hr>152</gpxtpx:hr>
      <gpxtpx:cad>90</gpxtpx:cad>
     </gpxtpx:TrackPointExtension>
    </extensions>
   </trkpt>
   <trkpt lat="38.5742770" lon="-121.4609650">
    <ele>11.8</ele>
    <time>2025-11-21T15:32:44Z</time>
    <extensions>
     <power>217</power>
     <gpxtpx:TrackPointExtension>
      <gpxtpx:atemp>15</gpxtpx:atemp>
      <gpxtpx:hr>153</gpxtpx:hr>
      <gpxtpx:cad>93</gpxtpx:cad>
     </gpxtpx:TrackPointExtension>
    </extensions>
   </trkpt>
   <trkpt lat="38.5742840" lon="-121.4609930">
    <ele>11.8</ele>
    <time>2025-11-21T15:32:45Z</time>
    <extensions>
     <power>216</power>
     <gpxtpx:TrackPointExtension>
      <gpxtpx:atemp>15</gpxtpx:atemp>
      <gpxtpx:hr>153</gpxtpx:hr>
      <gpxtpx:cad>93</gpxtpx:cad>
     </gpxtpx:TrackPointExtension>
    </extensions>
   </trkpt>
   <trkpt lat="38.5742930" lon="-121.4610270">
    <ele>12.0</ele>
    <time>2025-11-21T15:32:46Z</time>
    <extensions>
     <power>221</power>
     <gpxtpx:TrackPointExtension>
      <gpxtpx:atemp>15</gpxtpx:atemp>
      <gpxtpx:hr>152</gpxtpx:hr>
      <gpxtpx:cad>93</gpxtpx:cad>
     </gpxtpx:TrackPointExtension>
    </extensions>
   </trkpt>
   <trkpt lat="38.5742930" lon="-121.4610540">
    <ele>12.0</ele>
    <time>2025-11-21T15:32:47Z</time>
    <extensions>
     <power>225</power>
     <gpxtpx:TrackPointExtension>
      <gpxtpx:atemp>15</gpxtpx:atemp>
      <gpxtpx:hr>153</gpxtpx:hr>
      <gpxtpx:cad>93</gpxtpx:cad>
     </gpxtpx:TrackPointExtension>
    </extensions>
   </trkpt>
   <trkpt lat="38.5743050" lon="-121.4610830">
    <ele>12.0</ele>
    <time>2025-11-21T15:32:48Z</time>
    <extensions>
     <power>226</power>
     <gpxtpx:TrackPointExtension>
      <gpxtpx:atemp>15</gpxtpx:atemp>
      <gpxtpx:hr>153</gpxtpx:hr>
      <gpxtpx:cad>92</gpxtpx:cad>
     </gpxtpx:TrackPointExtension>
    </extensions>
   </trkpt>
   <trkpt lat="38.5743120" lon="-121.4611090">
    <ele>12.0</ele>
    <time>2025-11-21T15:32:49Z</time>
    <extensions>
     <power>228</power>
     <gpxtpx:TrackPointExtension>
      <gpxtpx:atemp>15</gpxtpx:atemp>
      <gpxtpx:hr>152</gpxtpx:hr>
      <gpxtpx:cad>91</gpxtpx:cad>
     </gpxtpx:TrackPointExtension>
    </extensions>
   </trkpt>
   <trkpt lat="38.5743240" lon="-121.4611400">
    <ele>12.0</ele>
    <time>2025-11-21T15:32:50Z</time>
    <extensions>
     <power>228</power>
     <gpxtpx:TrackPointExtension>
      <gpxtpx:atemp>15</gpxtpx:atemp>
      <gpxtpx:hr>153</gpxtpx:hr>
      <gpxtpx:cad>90</gpxtpx:cad>
     </gpxtpx:TrackPointExtension>
    </extensions>
   </trkpt>
   <trkpt lat="38.5743310" lon="-121.4611590">
    <ele>12.0</ele>
    <time>2025-11-21T15:32:51Z</time>
    <extensions>
     <power>228</power>
     <gpxtpx:TrackPointExtension>
      <gpxtpx:atemp>15</gpxtpx:atemp>
      <gpxtpx:hr>153</gpxtpx:hr>
      <gpxtpx:cad>90</gpxtpx:cad>
     </gpxtpx:TrackPointExtension>
    </extensions>
   </trkpt>
   <trkpt lat="38.5743450" lon="-121.4611910">
    <ele>12.0</ele>
    <time>2025-11-21T15:32:52Z</time>
    <extensions>
     <power>229</power>
     <gpxtpx:TrackPointExtension>
      <gpxtpx:atemp>15</gpxtpx:atemp>
      <gpxtpx:hr>152</gpxtpx:hr>
      <gpxtpx:cad>90</gpxtpx:cad>
     </gpxtpx:TrackPointExtension>
    </extensions>
   </trkpt>
   <trkpt lat="38.5743480" lon="-121.4612160">
    <ele>12.0</ele>
    <time>2025-11-21T15:32:53Z</time>
    <extensions>
     <power>225</power>
     <gpxtpx:TrackPointExtension>
      <gpxtpx:atemp>15</gpxtpx:atemp>
      <gpxtpx:hr>152</gpxtpx:hr>
      <gpxtpx:cad>90</gpxtpx:cad>
     </gpxtpx:TrackPointExtension>
    </extensions>
   </trkpt>
   <trkpt lat="38.5743590" lon="-121.4612470">
    <ele>12.0</ele>
    <time>2025-11-21T15:32:54Z</time>
    <extensions>
     <power>224</power>
     <gpxtpx:TrackPointExtension>
      <gpxtpx:atemp>15</gpxtpx:atemp>
      <gpxtpx:hr>152</gpxtpx:hr>
      <gpxtpx:cad>90</gpxtpx:cad>
     </gpxtpx:TrackPointExtension>
    </extensions>
   </trkpt>
   <trkpt lat="38.5743630" lon="-121.4612760">
    <ele>12.0</ele>
    <time>2025-11-21T15:32:55Z</time>
    <extensions>
     <power>224</power>
     <gpxtpx:TrackPointExtension>
      <gpxtpx:atemp>15</gpxtpx:atemp>
      <gpxtpx:hr>153</gpxtpx:hr>
      <gpxtpx:cad>90</gpxtpx:cad>
     </gpxtpx:TrackPointExtension>
    </extensions>
   </trkpt>
   <trkpt lat="38.5743720" lon="-121.4613110">
    <ele>12.0</ele>
    <time>2025-11-21T15:32:56Z</time>
    <extensions>
     <power>224</power>
     <gpxtpx:TrackPointExtension>
      <gpxtpx:atemp>14</gpxtpx:atemp>
      <gpxtpx:hr>152</gpxtpx:hr>
      <gpxtpx:cad>89</gpxtpx:cad>
     </gpxtpx:TrackPointExtension>
    </extensions>
   </trkpt>
   <trkpt lat="38.5743760" lon="-121.4613370">
    <ele>12.0</ele>
    <time>2025-11-21T15:32:57Z</time>
    <extensions>
     <power>225</power>
     <gpxtpx:TrackPointExtension>
      <gpxtpx:atemp>15</gpxtpx:atemp>
      <gpxtpx:hr>152</gpxtpx:hr>
      <gpxtpx:cad>89</gpxtpx:cad>
     </gpxtpx:TrackPointExtension>
    </extensions>
   </trkpt>
   <trkpt lat="38.5743850" lon="-121.4613730">
    <ele>12.0</ele>
    <time>2025-11-21T15:32:58Z</time>
    <extensions>
     <power>225</power>
     <gpxtpx:TrackPointExtension>
      <gpxtpx:atemp>15</gpxtpx:atemp>
      <gpxtpx:hr>153</gpxtpx:hr>
      <gpxtpx:cad>89</gpxtpx:cad>
     </gpxtpx:TrackPointExtension>
    </extensions>
   </trkpt>
   <trkpt lat="38.5743920" lon="-121.4613990">
    <ele>12.0</ele>
    <time>2025-11-21T15:32:59Z</time>
    <extensions>
     <power>225</power>
     <gpxtpx:TrackPointExtension>
      <gpxtpx:atemp>15</gpxtpx:atemp>
      <gpxtpx:hr>152</gpxtpx:hr>
      <gpxtpx:cad>89</gpxtpx:cad>
     </gpxtpx:TrackPointExtension>
    </extensions>
   </trkpt>
   <trkpt lat="38.5744010" lon="-121.4614330">
    <ele>12.0</ele>
    <time>2025-11-21T15:33:00Z</time>
    <extensions>
     <power>226</power>
     <gpxtpx:TrackPointExtension>
      <gpxtpx:atemp>15</gpxtpx:atemp>
      <gpxtpx:hr>152</gpxtpx:hr>
      <gpxtpx:cad>88</gpxtpx:cad>
     </gpxtpx:TrackPointExtension>
    </extensions>
   </trkpt>
   <trkpt lat="38.5744040" lon="-121.4614600">
    <ele>12.0</ele>
    <time>2025-11-21T15:33:01Z</time>
    <extensions>
     <power>228</power>
     <gpxtpx:TrackPointExtension>
      <gpxtpx:atemp>15</gpxtpx:atemp>
      <gpxtpx:hr>152</gpxtpx:hr>
      <gpxtpx:cad>88</gpxtpx:cad>
     </gpxtpx:TrackPointExtension>
    </extensions>
   </trkpt>
   <trkpt lat="38.5744080" lon="-121.4614870">
    <ele>12.0</ele>
    <time>2025-11-21T15:33:02Z</time>
    <extensions>
     <power>227</power>
     <gpxtpx:TrackPointExtension>
      <gpxtpx:atemp>15</gpxtpx:atemp>
      <gpxtpx:hr>152</gpxtpx:hr>
      <gpxtpx:cad>88</gpxtpx:cad>
     </gpxtpx:TrackPointExtension>
    </extensions>
   </trkpt>
   <trkpt lat="38.5744150" lon="-121.4615150">
    <ele>11.8</ele>
    <time>2025-11-21T15:33:03Z</time>
    <extensions>
     <power>227</power>
     <gpxtpx:TrackPointExtension>
      <gpxtpx:atemp>15</gpxtpx:atemp>
      <gpxtpx:hr>153</gpxtpx:hr>
      <gpxtpx:cad>88</gpxtpx:cad>
     </gpxtpx:TrackPointExtension>
    </extensions>
   </trkpt>
   <trkpt lat="38.5744230" lon="-121.4615390">
    <ele>11.8</ele>
    <time>2025-11-21T15:33:04Z</time>
    <extensions>
     <power>227</power>
     <gpxtpx:TrackPointExtension>
      <gpxtpx:atemp>15</gpxtpx:atemp>
      <gpxtpx:hr>152</gpxtpx:hr>
      <gpxtpx:cad>88</gpxtpx:cad>
     </gpxtpx:TrackPointExtension>
    </extensions>
   </trkpt>
   <trkpt lat="38.5744330" lon="-121.4615670">
    <ele>12.0</ele>
    <time>2025-11-21T15:33:05Z</time>
    <extensions>
     <power>227</power>
     <gpxtpx:TrackPointExtension>
      <gpxtpx:atemp>15</gpxtpx:atemp>
      <gpxtpx:hr>152</gpxtpx:hr>
      <gpxtpx:cad>88</gpxtpx:cad>
     </gpxtpx:TrackPointExtension>
    </extensions>
   </trkpt>
   <trkpt lat="38.5744400" lon="-121.4615900">
    <ele>12.0</ele>
    <time>2025-11-21T15:33:06Z</time>
    <extensions>
     <power>226</power>
     <gpxtpx:TrackPointExtension>
      <gpxtpx:atemp>15</gpxtpx:atemp>
      <gpxtpx:hr>152</gpxtpx:hr>
      <gpxtpx:cad>88</gpxtpx:cad>
     </gpxtpx:TrackPointExtension>
    </extensions>
   </trkpt>
   <trkpt lat="38.5744510" lon="-121.4616200">
    <ele>12.0</ele>
    <time>2025-11-21T15:33:07Z</time>
    <extensions>
     <power>226</power>
     <gpxtpx:TrackPointExtension>
      <gpxtpx:atemp>15</gpxtpx:atemp>
      <gpxtpx:hr>152</gpxtpx:hr>
      <gpxtpx:cad>88</gpxtpx:cad>
     </gpxtpx:TrackPointExtension>
    </extensions>
   </trkpt>
   <trkpt lat="38.5744590" lon="-121.4616450">
    <ele>12.0</ele>
    <time>2025-11-21T15:33:08Z</time>
    <extensions>
     <power>226</power>
     <gpxtpx:TrackPointExtension>
      <gpxtpx:atemp>15</gpxtpx:atemp>
      <gpxtpx:hr>151</gpxtpx:hr>
      <gpxtpx:cad>87</gpxtpx:cad>
     </gpxtpx:TrackPointExtension>
    </extensions>
   </trkpt>
   <trkpt lat="38.5744670" lon="-121.4616750">
    <ele>12.0</ele>
    <time>2025-11-21T15:33:09Z</time>
    <extensions>
     <power>226</power>
     <gpxtpx:TrackPointExtension>
      <gpxtpx:atemp>15</gpxtpx:atemp>
      <gpxtpx:hr>151</gpxtpx:hr>
      <gpxtpx:cad>86</gpxtpx:cad>
     </gpxtpx:TrackPointExtension>
    </extensions>
   </trkpt>
   <trkpt lat="38.5744740" lon="-121.4616970">
    <ele>12.0</ele>
    <time>2025-11-21T15:33:10Z</time>
    <extensions>
     <power>228</power>
     <gpxtpx:TrackPointExtension>
      <gpxtpx:atemp>15</gpxtpx:atemp>
      <gpxtpx:hr>150</gpxtpx:hr>
      <gpxtpx:cad>85</gpxtpx:cad>
     </gpxtpx:TrackPointExtension>
    </extensions>
   </trkpt>
   <trkpt lat="38.5744820" lon="-121.4617260">
    <ele>12.0</ele>
    <time>2025-11-21T15:33:11Z</time>
    <extensions>
     <power>229</power>
     <gpxtpx:TrackPointExtension>
      <gpxtpx:atemp>15</gpxtpx:atemp>
      <gpxtpx:hr>150</gpxtpx:hr>
      <gpxtpx:cad>85</gpxtpx:cad>
     </gpxtpx:TrackPointExtension>
    </extensions>
   </trkpt>
   <trkpt lat="38.5744900" lon="-121.4617500">
    <ele>12.0</ele>
    <time>2025-11-21T15:33:12Z</time>
    <extensions>
     <power>228</power>
     <gpxtpx:TrackPointExtension>
      <gpxtpx:atemp>15</gpxtpx:atemp>
      <gpxtpx:hr>148</gpxtpx:hr>
      <gpxtpx:cad>86</gpxtpx:cad>
     </gpxtpx:TrackPointExtension>
    </extensions>
   </trkpt>
   <trkpt lat="38.5744950" lon="-121.4617780">
    <ele>12.0</ele>
    <time>2025-11-21T15:33:13Z</time>
    <extensions>
     <power>226</power>
     <gpxtpx:TrackPointExtension>
      <gpxtpx:atemp>15</gpxtpx:atemp>
      <gpxtpx:hr>147</gpxtpx:hr>
      <gpxtpx:cad>87</gpxtpx:cad>
     </gpxtpx:TrackPointExtension>
    </extensions>
   </trkpt>
   <trkpt lat="38.5745010" lon="-121.4618040">
    <ele>12.0</ele>
    <time>2025-11-21T15:33:14Z</time>
    <extensions>
     <power>224</power>
     <gpxtpx:TrackPointExtension>
      <gpxtpx:atemp>15</gpxtpx:atemp>
      <gpxtpx:hr>147</gpxtpx:hr>
      <gpxtpx:cad>88</gpxtpx:cad>
     </gpxtpx:TrackPointExtension>
    </extensions>
   </trkpt>
   <trkpt lat="38.5745040" lon="-121.4618310">
    <ele>12.0</ele>
    <time>2025-11-21T15:33:15Z</time>
    <extensions>
     <power>221</power>
     <gpxtpx:TrackPointExtension>
      <gpxtpx:atemp>15</gpxtpx:atemp>
      <gpxtpx:hr>147</gpxtpx:hr>
      <gpxtpx:cad>88</gpxtpx:cad>
     </gpxtpx:TrackPointExtension>
    </extensions>
   </trkpt>
   <trkpt lat="38.5745130" lon="-121.4618560">
    <ele>12.0</ele>
    <time>2025-11-21T15:33:16Z</time>
    <extensions>
     <power>220</power>
     <gpxtpx:TrackPointExtension>
      <gpxtpx:atemp>15</gpxtpx:atemp>
      <gpxtpx:hr>147</gpxtpx:hr>
      <gpxtpx:cad>88</gpxtpx:cad>
     </gpxtpx:TrackPointExtension>
    </extensions>
   </trkpt>
   <trkpt lat="38.5745210" lon="-121.4618800">
    <ele>12.0</ele>
    <time>2025-11-21T15:33:17Z</time>
    <extensions>
     <power>220</power>
     <gpxtpx:TrackPointExtension>
      <gpxtpx:atemp>15</gpxtpx:atemp>
      <gpxtpx:hr>146</gpxtpx:hr>
      <gpxtpx:cad>87</gpxtpx:cad>
     </gpxtpx:TrackPointExtension>
    </extensions>
   </trkpt>
   <trkpt lat="38.5745260" lon="-121.4619080">
    <ele>12.0</ele>
    <time>2025-11-21T15:33:18Z</time>
    <extensions>
     <power>218</power>
     <gpxtpx:TrackPointExtension>
      <gpxtpx:atemp>15</gpxtpx:atemp>
      <gpxtpx:hr>146</gpxtpx:hr>
      <gpxtpx:cad>87</gpxtpx:cad>
     </gpxtpx:TrackPointExtension>
    </extensions>
   </trkpt>
   <trkpt lat="38.5745330" lon="-121.4619340">
    <ele>12.0</ele>
    <time>2025-11-21T15:33:19Z</time>
    <extensions>
     <power>217</power>
     <gpxtpx:TrackPointExtension>
      <gpxtpx:atemp>15</gpxtpx:atemp>
      <gpxtpx:hr>146</gpxtpx:hr>
      <gpxtpx:cad>87</gpxtpx:cad>
     </gpxtpx:TrackPointExtension>
    </extensions>
   </trkpt>
   <trkpt lat="38.5745380" lon="-121.4619700">
    <ele>12.0</ele>
    <time>2025-11-21T15:33:20Z</time>
    <extensions>
     <power>216</power>
     <gpxtpx:TrackPointExtension>
      <gpxtpx:atemp>14</gpxtpx:atemp>
      <gpxtpx:hr>145</gpxtpx:hr>
      <gpxtpx:cad>87</gpxtpx:cad>
     </gpxtpx:TrackPointExtension>
    </extensions>
   </trkpt>
   <trkpt lat="38.5745480" lon="-121.4619990">
    <ele>12.0</ele>
    <time>2025-11-21T15:33:21Z</time>
    <extensions>
     <power>216</power>
     <gpxtpx:TrackPointExtension>
      <gpxtpx:atemp>14</gpxtpx:atemp>
      <gpxtpx:hr>145</gpxtpx:hr>
      <gpxtpx:cad>87</gpxtpx:cad>
     </gpxtpx:TrackPointExtension>
    </extensions>
   </trkpt>
   <trkpt lat="38.5745550" lon="-121.4620280">
    <ele>12.0</ele>
    <time>2025-11-21T15:33:22Z</time>
    <extensions>
     <power>218</power>
     <gpxtpx:TrackPointExtension>
      <gpxtpx:atemp>14</gpxtpx:atemp>
      <gpxtpx:hr>145</gpxtpx:hr>
      <gpxtpx:cad>87</gpxtpx:cad>
     </gpxtpx:TrackPointExtension>
    </extensions>
   </trkpt>
   <trkpt lat="38.5745630" lon="-121.4620600">
    <ele>12.0</ele>
    <time>2025-11-21T15:33:23Z</time>
    <extensions>
     <power>220</power>
     <gpxtpx:TrackPointExtension>
      <gpxtpx:atemp>15</gpxtpx:atemp>
      <gpxtpx:hr>145</gpxtpx:hr>
      <gpxtpx:cad>87</gpxtpx:cad>
     </gpxtpx:TrackPointExtension>
    </extensions>
   </trkpt>
   <trkpt lat="38.5745710" lon="-121.4620890">
    <ele>12.0</ele>
    <time>2025-11-21T15:33:24Z</time>
    <extensions>
     <power>221</power>
     <gpxtpx:TrackPointExtension>
      <gpxtpx:atemp>14</gpxtpx:atemp>
      <gpxtpx:hr>145</gpxtpx:hr>
      <gpxtpx:cad>86</gpxtpx:cad>
     </gpxtpx:TrackPointExtension>
    </extensions>
   </trkpt>
   <trkpt lat="38.5745870" lon="-121.4621190">
    <ele>12.0</ele>
    <time>2025-11-21T15:33:25Z</time>
    <extensions>
     <power>223</power>
     <gpxtpx:TrackPointExtension>
      <gpxtpx:atemp>15</gpxtpx:atemp>
      <gpxtpx:hr>145</gpxtpx:hr>
      <gpxtpx:cad>86</gpxtpx:cad>
     </gpxtpx:TrackPointExtension>
    </extensions>
   </trkpt>
   <trkpt lat="38.5745970" lon="-121.4621480">
    <ele>12.0</ele>
    <time>2025-11-21T15:33:26Z</time>
    <extensions>
     <power>224</power>
     <gpxtpx:TrackPointExtension>
      <gpxtpx:atemp>15</gpxtpx:atemp>
      <gpxtpx:hr>144</gpxtpx:hr>
      <gpxtpx:cad>87</gpxtpx:cad>
     </gpxtpx:TrackPointExtension>
    </extensions>
   </trkpt>
   <trkpt lat="38.5746060" lon="-121.4621830">
    <ele>12.0</ele>
    <time>2025-11-21T15:33:27Z</time>
    <extensions>
     <power>223</power>
     <gpxtpx:TrackPointExtension>
      <gpxtpx:atemp>15</gpxtpx:atemp>
      <gpxtpx:hr>145</gpxtpx:hr>
      <gpxtpx:cad>87</gpxtpx:cad>
     </gpxtpx:TrackPointExtension>
    </extensions>
   </trkpt>
   <trkpt lat="38.5746130" lon="-121.4622100">
    <ele>12.0</ele>
    <time>2025-11-21T15:33:28Z</time>
    <extensions>
     <power>225</power>
     <gpxtpx:TrackPointExtension>
      <gpxtpx:atemp>15</gpxtpx:atemp>
      <gpxtpx:hr>144</gpxtpx:hr>
      <gpxtpx:cad>87</gpxtpx:cad>
     </gpxtpx:TrackPointExtension>
    </extensions>
   </trkpt>
   <trkpt lat="38.5746210" lon="-121.4622390">
    <ele>12.2</ele>
    <time>2025-11-21T15:33:29Z</time>
    <extensions>
     <power>229</power>
     <gpxtpx:TrackPointExtension>
      <gpxtpx:atemp>15</gpxtpx:atemp>
      <gpxtpx:hr>144</gpxtpx:hr>
      <gpxtpx:cad>87</gpxtpx:cad>
     </gpxtpx:TrackPointExtension>
    </extensions>
   </trkpt>
   <trkpt lat="38.5746290" lon="-121.4622640">
    <ele>12.2</ele>
    <time>2025-11-21T15:33:30Z</time>
    <extensions>
     <power>230</power>
     <gpxtpx:TrackPointExtension>
      <gpxtpx:atemp>15</gpxtpx:atemp>
      <gpxtpx:hr>144</gpxtpx:hr>
      <gpxtpx:cad>87</gpxtpx:cad>
     </gpxtpx:TrackPointExtension>
    </extensions>
   </trkpt>
   <trkpt lat="38.5746360" lon="-121.4622880">
    <ele>12.2</ele>
    <time>2025-11-21T15:33:31Z</time>
    <extensions>
     <power>230</power>
     <gpxtpx:TrackPointExtension>
      <gpxtpx:atemp>14</gpxtpx:atemp>
      <gpxtpx:hr>145</gpxtpx:hr>
      <gpxtpx:cad>87</gpxtpx:cad>
     </gpxtpx:TrackPointExtension>
    </extensions>
   </trkpt>
   <trkpt lat="38.5746420" lon="-121.4623110">
    <ele>12.0</ele>
    <time>2025-11-21T15:33:32Z</time>
    <extensions>
     <power>230</power>
     <gpxtpx:TrackPointExtension>
      <gpxtpx:atemp>14</gpxtpx:atemp>
      <gpxtpx:hr>145</gpxtpx:hr>
      <gpxtpx:cad>86</gpxtpx:cad>
     </gpxtpx:TrackPointExtension>
    </extensions>
   </trkpt>
   <trkpt lat="38.5746490" lon="-121.4623340">
    <ele>12.0</ele>
    <time>2025-11-21T15:33:33Z</time>
    <extensions>
     <power>229</power>
     <gpxtpx:TrackPointExtension>
      <gpxtpx:atemp>15</gpxtpx:atemp>
      <gpxtpx:hr>145</gpxtpx:hr>
      <gpxtpx:cad>86</gpxtpx:cad>
     </gpxtpx:TrackPointExtension>
    </extensions>
   </trkpt>
   <trkpt lat="38.5746590" lon="-121.4623600">
    <ele>12.0</ele>
    <time>2025-11-21T15:33:34Z</time>
    <extensions>
     <power>227</power>
     <gpxtpx:TrackPointExtension>
      <gpxtpx:atemp>15</gpxtpx:atemp>
      <gpxtpx:hr>144</gpxtpx:hr>
      <gpxtpx:cad>88</gpxtpx:cad>
     </gpxtpx:TrackPointExtension>
    </extensions>
   </trkpt>
   <trkpt lat="38.5746650" lon="-121.4623810">
    <ele>12.0</ele>
    <time>2025-11-21T15:33:35Z</time>
    <extensions>
     <power>225</power>
     <gpxtpx:TrackPointExtension>
      <gpxtpx:atemp>15</gpxtpx:atemp>
      <gpxtpx:hr>145</gpxtpx:hr>
      <gpxtpx:cad>88</gpxtpx:cad>
     </gpxtpx:TrackPointExtension>
    </extensions>
   </trkpt>
   <trkpt lat="38.5746810" lon="-121.4624080">
    <ele>12.0</ele>
    <time>2025-11-21T15:33:36Z</time>
    <extensions>
     <power>224</power>
     <gpxtpx:TrackPointExtension>
      <gpxtpx:atemp>15</gpxtpx:atemp>
      <gpxtpx:hr>145</gpxtpx:hr>
      <gpxtpx:cad>88</gpxtpx:cad>
     </gpxtpx:TrackPointExtension>
    </extensions>
   </trkpt>
   <trkpt lat="38.5746920" lon="-121.4624340">
    <ele>12.0</ele>
    <time>2025-11-21T15:33:37Z</time>
    <extensions>
     <power>223</power>
     <gpxtpx:TrackPointExtension>
      <gpxtpx:atemp>14</gpxtpx:atemp>
      <gpxtpx:hr>144</gpxtpx:hr>
      <gpxtpx:cad>88</gpxtpx:cad>
     </gpxtpx:TrackPointExtension>
    </extensions>
   </trkpt>
   <trkpt lat="38.5746980" lon="-121.4624670">
    <ele>12.0</ele>
    <time>2025-11-21T15:33:38Z</time>
    <extensions>
     <power>223</power>
     <gpxtpx:TrackPointExtension>
      <gpxtpx:atemp>15</gpxtpx:atemp>
      <gpxtpx:hr>145</gpxtpx:hr>
      <gpxtpx:cad>88</gpxtpx:cad>
     </gpxtpx:TrackPointExtension>
    </extensions>
   </trkpt>
   <trkpt lat="38.5747060" lon="-121.4624890">
    <ele>12.0</ele>
    <time>2025-11-21T15:33:39Z</time>
    <extensions>
     <power>223</power>
     <gpxtpx:TrackPointExtension>
      <gpxtpx:atemp>15</gpxtpx:atemp>
      <gpxtpx:hr>145</gpxtpx:hr>
      <gpxtpx:cad>88</gpxtpx:cad>
     </gpxtpx:TrackPointExtension>
    </extensions>
   </trkpt>
   <trkpt lat="38.5747110" lon="-121.4625190">
    <ele>12.0</ele>
    <time>2025-11-21T15:33:40Z</time>
    <extensions>
     <power>223</power>
     <gpxtpx:TrackPointExtension>
      <gpxtpx:atemp>15</gpxtpx:atemp>
      <gpxtpx:hr>144</gpxtpx:hr>
      <gpxtpx:cad>88</gpxtpx:cad>
     </gpxtpx:TrackPointExtension>
    </extensions>
   </trkpt>
   <trkpt lat="38.5747190" lon="-121.4625390">
    <ele>12.0</ele>
    <time>2025-11-21T15:33:41Z</time>
    <extensions>
     <power>223</power>
     <gpxtpx:TrackPointExtension>
      <gpxtpx:atemp>15</gpxtpx:atemp>
      <gpxtpx:hr>145</gpxtpx:hr>
      <gpxtpx:cad>88</gpxtpx:cad>
     </gpxtpx:TrackPointExtension>
    </extensions>
   </trkpt>
   <trkpt lat="38.5747270" lon="-121.4625660">
    <ele>12.0</ele>
    <time>2025-11-21T15:33:42Z</time>
    <extensions>
     <power>222</power>
     <gpxtpx:TrackPointExtension>
      <gpxtpx:atemp>15</gpxtpx:atemp>
      <gpxtpx:hr>145</gpxtpx:hr>
      <gpxtpx:cad>88</gpxtpx:cad>
     </gpxtpx:TrackPointExtension>
    </extensions>
   </trkpt>
   <trkpt lat="38.5747310" lon="-121.4625890">
    <ele>12.0</ele>
    <time>2025-11-21T15:33:43Z</time>
    <extensions>
     <power>220</power>
     <gpxtpx:TrackPointExtension>
      <gpxtpx:atemp>15</gpxtpx:atemp>
      <gpxtpx:hr>144</gpxtpx:hr>
      <gpxtpx:cad>88</gpxtpx:cad>
     </gpxtpx:TrackPointExtension>
    </extensions>
   </trkpt>
   <trkpt lat="38.5747380" lon="-121.4626180">
    <ele>12.0</ele>
    <time>2025-11-21T15:33:44Z</time>
    <extensions>
     <power>218</power>
     <gpxtpx:TrackPointExtension>
      <gpxtpx:atemp>15</gpxtpx:atemp>
      <gpxtpx:hr>144</gpxtpx:hr>
      <gpxtpx:cad>88</gpxtpx:cad>
     </gpxtpx:TrackPointExtension>
    </extensions>
   </trkpt>
   <trkpt lat="38.5747450" lon="-121.4626440">
    <ele>12.0</ele>
    <time>2025-11-21T15:33:45Z</time>
    <extensions>
     <power>218</power>
     <gpxtpx:TrackPointExtension>
      <gpxtpx:atemp>15</gpxtpx:atemp>
      <gpxtpx:hr>144</gpxtpx:hr>
      <gpxtpx:cad>87</gpxtpx:cad>
     </gpxtpx:TrackPointExtension>
    </extensions>
   </trkpt>
   <trkpt lat="38.5747520" lon="-121.4626690">
    <ele>12.0</ele>
    <time>2025-11-21T15:33:46Z</time>
    <extensions>
     <power>218</power>
     <gpxtpx:TrackPointExtension>
      <gpxtpx:atemp>15</gpxtpx:atemp>
      <gpxtpx:hr>144</gpxtpx:hr>
      <gpxtpx:cad>88</gpxtpx:cad>
     </gpxtpx:TrackPointExtension>
    </extensions>
   </trkpt>
   <trkpt lat="38.5747600" lon="-121.4626950">
    <ele>12.0</ele>
    <time>2025-11-21T15:33:47Z</time>
    <extensions>
     <power>218</power>
     <gpxtpx:TrackPointExtension>
      <gpxtpx:atemp>15</gpxtpx:atemp>
      <gpxtpx:hr>145</gpxtpx:hr>
      <gpxtpx:cad>88</gpxtpx:cad>
     </gpxtpx:TrackPointExtension>
    </extensions>
   </trkpt>
   <trkpt lat="38.5747670" lon="-121.4627250">
    <ele>12.0</ele>
    <time>2025-11-21T15:33:48Z</time>
    <extensions>
     <power>216</power>
     <gpxtpx:TrackPointExtension>
      <gpxtpx:atemp>14</gpxtpx:atemp>
      <gpxtpx:hr>144</gpxtpx:hr>
      <gpxtpx:cad>88</gpxtpx:cad>
     </gpxtpx:TrackPointExtension>
    </extensions>
   </trkpt>
   <trkpt lat="38.5747750" lon="-121.4627490">
    <ele>11.8</ele>
    <time>2025-11-21T15:33:49Z</time>
    <extensions>
     <power>216</power>
     <gpxtpx:TrackPointExtension>
      <gpxtpx:atemp>15</gpxtpx:atemp>
      <gpxtpx:hr>144</gpxtpx:hr>
      <gpxtpx:cad>88</gpxtpx:cad>
     </gpxtpx:TrackPointExtension>
    </extensions>
   </trkpt>
   <trkpt lat="38.5747840" lon="-121.4627740">
    <ele>11.8</ele>
    <time>2025-11-21T15:33:50Z</time>
    <extensions>
     <power>215</power>
     <gpxtpx:TrackPointExtension>
      <gpxtpx:atemp>15</gpxtpx:atemp>
      <gpxtpx:hr>145</gpxtpx:hr>
      <gpxtpx:cad>88</gpxtpx:cad>
     </gpxtpx:TrackPointExtension>
    </extensions>
   </trkpt>
   <trkpt lat="38.5747910" lon="-121.4628010">
    <ele>11.8</ele>
    <time>2025-11-21T15:33:51Z</time>
    <extensions>
     <power>215</power>
     <gpxtpx:TrackPointExtension>
      <gpxtpx:atemp>14</gpxtpx:atemp>
      <gpxtpx:hr>144</gpxtpx:hr>
      <gpxtpx:cad>88</gpxtpx:cad>
     </gpxtpx:TrackPointExtension>
    </extensions>
   </trkpt>
   <trkpt lat="38.5747970" lon="-121.4628250">
    <ele>11.8</ele>
    <time>2025-11-21T15:33:52Z</time>
    <extensions>
     <power>215</power>
     <gpxtpx:TrackPointExtension>
      <gpxtpx:atemp>14</gpxtpx:atemp>
      <gpxtpx:hr>144</gpxtpx:hr>
      <gpxtpx:cad>88</gpxtpx:cad>
     </gpxtpx:TrackPointExtension>
    </extensions>
   </trkpt>
   <trkpt lat="38.5748010" lon="-121.4628530">
    <ele>11.8</ele>
    <time>2025-11-21T15:33:53Z</time>
    <extensions>
     <power>214</power>
     <gpxtpx:TrackPointExtension>
      <gpxtpx:atemp>15</gpxtpx:atemp>
      <gpxtpx:hr>145</gpxtpx:hr>
      <gpxtpx:cad>88</gpxtpx:cad>
     </gpxtpx:TrackPointExtension>
    </extensions>
   </trkpt>
   <trkpt lat="38.5748060" lon="-121.4628830">
    <ele>11.8</ele>
    <time>2025-11-21T15:33:54Z</time>
    <extensions>
     <power>214</power>
     <gpxtpx:TrackPointExtension>
      <gpxtpx:atemp>14</gpxtpx:atemp>
      <gpxtpx:hr>144</gpxtpx:hr>
      <gpxtpx:cad>88</gpxtpx:cad>
     </gpxtpx:TrackPointExtension>
    </extensions>
   </trkpt>
   <trkpt lat="38.5748090" lon="-121.4629140">
    <ele>11.8</ele>
    <time>2025-11-21T15:33:55Z</time>
    <extensions>
     <power>214</power>
     <gpxtpx:TrackPointExtension>
      <gpxtpx:atemp>14</gpxtpx:atemp>
      <gpxtpx:hr>144</gpxtpx:hr>
      <gpxtpx:cad>88</gpxtpx:cad>
     </gpxtpx:TrackPointExtension>
    </extensions>
   </trkpt>
   <trkpt lat="38.5748140" lon="-121.4629400">
    <ele>12.0</ele>
    <time>2025-11-21T15:33:56Z</time>
    <extensions>
     <power>214</power>
     <gpxtpx:TrackPointExtension>
      <gpxtpx:atemp>14</gpxtpx:atemp>
      <gpxtpx:hr>145</gpxtpx:hr>
      <gpxtpx:cad>87</gpxtpx:cad>
     </gpxtpx:TrackPointExtension>
    </extensions>
   </trkpt>
   <trkpt lat="38.5748190" lon="-121.4629730">
    <ele>12.0</ele>
    <time>2025-11-21T15:33:57Z</time>
    <extensions>
     <power>214</power>
     <gpxtpx:TrackPointExtension>
      <gpxtpx:atemp>14</gpxtpx:atemp>
      <gpxtpx:hr>144</gpxtpx:hr>
      <gpxtpx:cad>88</gpxtpx:cad>
     </gpxtpx:TrackPointExtension>
    </extensions>
   </trkpt>
   <trkpt lat="38.5748240" lon="-121.4630010">
    <ele>12.0</ele>
    <time>2025-11-21T15:33:58Z</time>
    <extensions>
     <power>215</power>
     <gpxtpx:TrackPointExtension>
      <gpxtpx:atemp>14</gpxtpx:atemp>
      <gpxtpx:hr>144</gpxtpx:hr>
      <gpxtpx:cad>88</gpxtpx:cad>
     </gpxtpx:TrackPointExtension>
    </extensions>
   </trkpt>
   <trkpt lat="38.5748310" lon="-121.4630380">
    <ele>12.2</ele>
    <time>2025-11-21T15:33:59Z</time>
    <extensions>
     <power>215</power>
     <gpxtpx:TrackPointExtension>
      <gpxtpx:atemp>14</gpxtpx:atemp>
      <gpxtpx:hr>145</gpxtpx:hr>
      <gpxtpx:cad>88</gpxtpx:cad>
     </gpxtpx:TrackPointExtension>
    </extensions>
   </trkpt>
   <trkpt lat="38.5748380" lon="-121.4630640">
    <ele>12.2</ele>
    <time>2025-11-21T15:34:00Z</time>
    <extensions>
     <power>216</power>
     <gpxtpx:TrackPointExtension>
      <gpxtpx:atemp>15</gpxtpx:atemp>
      <gpxtpx:hr>144</gpxtpx:hr>
      <gpxtpx:cad>88</gpxtpx:cad>
     </gpxtpx:TrackPointExtension>
    </extensions>
   </trkpt>
   <trkpt lat="38.5748450" lon="-121.4630980">
    <ele>12.2</ele>
    <time>2025-11-21T15:34:01Z</time>
    <extensions>
     <power>218</power>
     <gpxtpx:TrackPointExtension>
      <gpxtpx:atemp>14</gpxtpx:atemp>
      <gpxtpx:hr>144</gpxtpx:hr>
      <gpxtpx:cad>88</gpxtpx:cad>
     </gpxtpx:TrackPointExtension>
    </extensions>
   </trkpt>
   <trkpt lat="38.5748540" lon="-121.4631270">
    <ele>12.4</ele>
    <time>2025-11-21T15:34:02Z</time>
    <extensions>
     <power>221</power>
     <gpxtpx:TrackPointExtension>
      <gpxtpx:atemp>14</gpxtpx:atemp>
      <gpxtpx:hr>144</gpxtpx:hr>
      <gpxtpx:cad>88</gpxtpx:cad>
     </gpxtpx:TrackPointExtension>
    </extensions>
   </trkpt>
   <trkpt lat="38.5748630" lon="-121.4631540">
    <ele>12.4</ele>
    <time>2025-11-21T15:34:03Z</time>
    <extensions>
     <power>223</power>
     <gpxtpx:TrackPointExtension>
      <gpxtpx:atemp>14</gpxtpx:atemp>
      <gpxtpx:hr>144</gpxtpx:hr>
      <gpxtpx:cad>88</gpxtpx:cad>
     </gpxtpx:TrackPointExtension>
    </extensions>
   </trkpt>
   <trkpt lat="38.5748740" lon="-121.4631830">
    <ele>12.4</ele>
    <time>2025-11-21T15:34:04Z</time>
    <extensions>
     <power>224</power>
     <gpxtpx:TrackPointExtension>
      <gpxtpx:atemp>14</gpxtpx:atemp>
      <gpxtpx:hr>144</gpxtpx:hr>
      <gpxtpx:cad>88</gpxtpx:cad>
     </gpxtpx:TrackPointExtension>
    </extensions>
   </trkpt>
   <trkpt lat="38.5748810" lon="-121.4632100">
    <ele>12.2</ele>
    <time>2025-11-21T15:34:05Z</time>
    <extensions>
     <power>224</power>
     <gpxtpx:TrackPointExtension>
      <gpxtpx:atemp>15</gpxtpx:atemp>
      <gpxtpx:hr>144</gpxtpx:hr>
      <gpxtpx:cad>88</gpxtpx:cad>
     </gpxtpx:TrackPointExtension>
    </extensions>
   </trkpt>
   <trkpt lat="38.5748860" lon="-121.4632380">
    <ele>12.2</ele>
    <time>2025-11-21T15:34:06Z</time>
    <extensions>
     <power>222</power>
     <gpxtpx:TrackPointExtension>
      <gpxtpx:atemp>14</gpxtpx:atemp>
      <gpxtpx:hr>144</gpxtpx:hr>
      <gpxtpx:cad>88</gpxtpx:cad>
     </gpxtpx:TrackPointExtension>
    </extensions>
   </trkpt>
   <trkpt lat="38.5748910" lon="-121.4632690">
    <ele>12.0</ele>
    <time>2025-11-21T15:34:07Z</time>
    <extensions>
     <power>221</power>
     <gpxtpx:TrackPointExtension>
      <gpxtpx:atemp>14</gpxtpx:atemp>
      <gpxtpx:hr>144</gpxtpx:hr>
      <gpxtpx:cad>88</gpxtpx:cad>
     </gpxtpx:TrackPointExtension>
    </extensions>
   </trkpt>
   <trkpt lat="38.5749010" lon="-121.4632950">
    <ele>11.8</ele>
    <time>2025-11-21T15:34:08Z</time>
    <extensions>
     <power>219</power>
     <gpxtpx:TrackPointExtension>
      <gpxtpx:atemp>14</gpxtpx:atemp>
      <gpxtpx:hr>144</gpxtpx:hr>
      <gpxtpx:cad>88</gpxtpx:cad>
     </gpxtpx:TrackPointExtension>
    </extensions>
   </trkpt>
   <trkpt lat="38.5749070" lon="-121.4633190">
    <ele>11.6</ele>
    <time>2025-11-21T15:34:09Z</time>
    <extensions>
     <power>218</power>
     <gpxtpx:TrackPointExtension>
      <gpxtpx:atemp>14</gpxtpx:atemp>
      <gpxtpx:hr>144</gpxtpx:hr>
      <gpxtpx:cad>88</gpxtpx:cad>
     </gpxtpx:TrackPointExtension>
    </extensions>
   </trkpt>
   <trkpt lat="38.5749180" lon="-121.4633490">
    <ele>11.6</ele>
    <time>2025-11-21T15:34:10Z</time>
    <extensions>
     <power>217</power>
     <gpxtpx:TrackPointExtension>
      <gpxtpx:atemp>14</gpxtpx:atemp>
      <gpxtpx:hr>144</gpxtpx:hr>
      <gpxtpx:cad>88</gpxtpx:cad>
     </gpxtpx:TrackPointExtension>
    </extensions>
   </trkpt>
   <trkpt lat="38.5749270" lon="-121.4633740">
    <ele>11.8</ele>
    <time>2025-11-21T15:34:11Z</time>
    <extensions>
     <power>217</power>
     <gpxtpx:TrackPointExtension>
      <gpxtpx:atemp>14</gpxtpx:atemp>
      <gpxtpx:hr>144</gpxtpx:hr>
      <gpxtpx:cad>88</gpxtpx:cad>
     </gpxtpx:TrackPointExtension>
    </extensions>
   </trkpt>
   <trkpt lat="38.5749390" lon="-121.4634000">
    <ele>11.8</ele>
    <time>2025-11-21T15:34:12Z</time>
    <extensions>
     <power>217</power>
     <gpxtpx:TrackPointExtension>
      <gpxtpx:atemp>14</gpxtpx:atemp>
      <gpxtpx:hr>144</gpxtpx:hr>
      <gpxtpx:cad>88</gpxtpx:cad>
     </gpxtpx:TrackPointExtension>
    </extensions>
   </trkpt>
   <trkpt lat="38.5749490" lon="-121.4634230">
    <ele>11.8</ele>
    <time>2025-11-21T15:34:13Z</time>
    <extensions>
     <power>216</power>
     <gpxtpx:TrackPointExtension>
      <gpxtpx:atemp>15</gpxtpx:atemp>
      <gpxtpx:hr>144</gpxtpx:hr>
      <gpxtpx:cad>88</gpxtpx:cad>
     </gpxtpx:TrackPointExtension>
    </extensions>
   </trkpt>
   <trkpt lat="38.5749590" lon="-121.4634530">
    <ele>11.6</ele>
    <time>2025-11-21T15:34:14Z</time>
    <extensions>
     <power>216</power>
     <gpxtpx:TrackPointExtension>
      <gpxtpx:atemp>15</gpxtpx:atemp>
      <gpxtpx:hr>144</gpxtpx:hr>
      <gpxtpx:cad>88</gpxtpx:cad>
     </gpxtpx:TrackPointExtension>
    </extensions>
   </trkpt>
   <trkpt lat="38.5749680" lon="-121.4634700">
    <ele>11.6</ele>
    <time>2025-11-21T15:34:15Z</time>
    <extensions>
     <power>215</power>
     <gpxtpx:TrackPointExtension>
      <gpxtpx:atemp>15</gpxtpx:atemp>
      <gpxtpx:hr>144</gpxtpx:hr>
      <gpxtpx:cad>88</gpxtpx:cad>
     </gpxtpx:TrackPointExtension>
    </extensions>
   </trkpt>
   <trkpt lat="38.5749820" lon="-121.4634940">
    <ele>11.6</ele>
    <time>2025-11-21T15:34:16Z</time>
    <extensions>
     <power>214</power>
     <gpxtpx:TrackPointExtension>
      <gpxtpx:atemp>14</gpxtpx:atemp>
      <gpxtpx:hr>144</gpxtpx:hr>
      <gpxtpx:cad>88</gpxtpx:cad>
     </gpxtpx:TrackPointExtension>
    </extensions>
   </trkpt>
   <trkpt lat="38.5749940" lon="-121.4635120">
    <ele>11.6</ele>
    <time>2025-11-21T15:34:17Z</time>
    <extensions>
     <power>215</power>
     <gpxtpx:TrackPointExtension>
      <gpxtpx:atemp>15</gpxtpx:atemp>
      <gpxtpx:hr>144</gpxtpx:hr>
      <gpxtpx:cad>88</gpxtpx:cad>
     </gpxtpx:TrackPointExtension>
    </extensions>
   </trkpt>
   <trkpt lat="38.5750110" lon="-121.4635330">
    <ele>11.6</ele>
    <time>2025-11-21T15:34:18Z</time>
    <extensions>
     <power>215</power>
     <gpxtpx:TrackPointExtension>
      <gpxtpx:atemp>15</gpxtpx:atemp>
      <gpxtpx:hr>144</gpxtpx:hr>
      <gpxtpx:cad>88</gpxtpx:cad>
     </gpxtpx:TrackPointExtension>
    </extensions>
   </trkpt>
   <trkpt lat="38.5750270" lon="-121.4635480">
    <ele>11.8</ele>
    <time>2025-11-21T15:34:19Z</time>
    <extensions>
     <power>215</power>
     <gpxtpx:TrackPointExtension>
      <gpxtpx:atemp>14</gpxtpx:atemp>
      <gpxtpx:hr>144</gpxtpx:hr>
      <gpxtpx:cad>88</gpxtpx:cad>
     </gpxtpx:TrackPointExtension>
    </extensions>
   </trkpt>
   <trkpt lat="38.5750420" lon="-121.4635620">
    <ele>11.8</ele>
    <time>2025-11-21T15:34:20Z</time>
    <extensions>
     <power>215</power>
     <gpxtpx:TrackPointExtension>
      <gpxtpx:atemp>15</gpxtpx:atemp>
      <gpxtpx:hr>144</gpxtpx:hr>
      <gpxtpx:cad>87</gpxtpx:cad>
     </gpxtpx:TrackPointExtension>
    </extensions>
   </trkpt>
   <trkpt lat="38.5750550" lon="-121.4635770">
    <ele>11.8</ele>
    <time>2025-11-21T15:34:21Z</time>
    <extensions>
     <power>214</power>
     <gpxtpx:TrackPointExtension>
      <gpxtpx:atemp>15</gpxtpx:atemp>
      <gpxtpx:hr>143</gpxtpx:hr>
      <gpxtpx:cad>88</gpxtpx:cad>
     </gpxtpx:TrackPointExtension>
    </extensions>
   </trkpt>
   <trkpt lat="38.5750590" lon="-121.4635960">
    <ele>11.8</ele>
    <time>2025-11-21T15:34:22Z</time>
    <extensions>
     <power>214</power>
     <gpxtpx:TrackPointExtension>
      <gpxtpx:atemp>14</gpxtpx:atemp>
      <gpxtpx:hr>143</gpxtpx:hr>
      <gpxtpx:cad>88</gpxtpx:cad>
     </gpxtpx:TrackPointExtension>
    </extensions>
   </trkpt>
   <trkpt lat="38.5750540" lon="-121.4636270">
    <ele>11.8</ele>
    <time>2025-11-21T15:34:23Z</time>
    <extensions>
     <power>213</power>
     <gpxtpx:TrackPointExtension>
      <gpxtpx:atemp>14</gpxtpx:atemp>
      <gpxtpx:hr>143</gpxtpx:hr>
      <gpxtpx:cad>88</gpxtpx:cad>
     </gpxtpx:TrackPointExtension>
    </extensions>
   </trkpt>
   <trkpt lat="38.5750520" lon="-121.4636520">
    <ele>11.8</ele>
    <time>2025-11-21T15:34:24Z</time>
    <extensions>
     <power>211</power>
     <gpxtpx:TrackPointExtension>
      <gpxtpx:atemp>14</gpxtpx:atemp>
      <gpxtpx:hr>144</gpxtpx:hr>
      <gpxtpx:cad>88</gpxtpx:cad>
     </gpxtpx:TrackPointExtension>
    </extensions>
   </trkpt>
   <trkpt lat="38.5750450" lon="-121.4636720">
    <ele>11.8</ele>
    <time>2025-11-21T15:34:25Z</time>
    <extensions>
     <power>210</power>
     <gpxtpx:TrackPointExtension>
      <gpxtpx:atemp>15</gpxtpx:atemp>
      <gpxtpx:hr>143</gpxtpx:hr>
      <gpxtpx:cad>88</gpxtpx:cad>
     </gpxtpx:TrackPointExtension>
    </extensions>
   </trkpt>
   <trkpt lat="38.5750300" lon="-121.4637000">
    <ele>11.8</ele>
    <time>2025-11-21T15:34:26Z</time>
    <extensions>
     <power>208</power>
     <gpxtpx:TrackPointExtension>
      <gpxtpx:atemp>14</gpxtpx:atemp>
      <gpxtpx:hr>143</gpxtpx:hr>
      <gpxtpx:cad>88</gpxtpx:cad>
     </gpxtpx:TrackPointExtension>
    </extensions>
   </trkpt>
   <trkpt lat="38.5750260" lon="-121.4637340">
    <ele>11.6</ele>
    <time>2025-11-21T15:34:27Z</time>
    <extensions>
     <power>207</power>
     <gpxtpx:TrackPointExtension>
      <gpxtpx:atemp>15</gpxtpx:atemp>
      <gpxtpx:hr>143</gpxtpx:hr>
      <gpxtpx:cad>88</gpxtpx:cad>
     </gpxtpx:TrackPointExtension>
    </extensions>
   </trkpt>
   <trkpt lat="38.5750200" lon="-121.4637650">
    <ele>11.4</ele>
    <time>2025-11-21T15:34:28Z</time>
    <extensions>
     <power>206</power>
     <gpxtpx:TrackPointExtension>
      <gpxtpx:atemp>15</gpxtpx:atemp>
      <gpxtpx:hr>143</gpxtpx:hr>
      <gpxtpx:cad>88</gpxtpx:cad>
     </gpxtpx:TrackPointExtension>
    </extensions>
   </trkpt>
   <trkpt lat="38.5750120" lon="-121.4637930">
    <ele>11.2</ele>
    <time>2025-11-21T15:34:29Z</time>
    <extensions>
     <power>206</power>
     <gpxtpx:TrackPointExtension>
      <gpxtpx:atemp>14</gpxtpx:atemp>
      <gpxtpx:hr>144</gpxtpx:hr>
      <gpxtpx:cad>88</gpxtpx:cad>
     </gpxtpx:TrackPointExtension>
    </extensions>
   </trkpt>
   <trkpt lat="38.5750050" lon="-121.4638190">
    <ele>11.2</ele>
    <time>2025-11-21T15:34:30Z</time>
    <extensions>
     <power>205</power>
     <gpxtpx:TrackPointExtension>
      <gpxtpx:atemp>15</gpxtpx:atemp>
      <gpxtpx:hr>143</gpxtpx:hr>
      <gpxtpx:cad>88</gpxtpx:cad>
     </gpxtpx:TrackPointExtension>
    </extensions>
   </trkpt>
   <trkpt lat="38.5749970" lon="-121.4638420">
    <ele>11.0</ele>
    <time>2025-11-21T15:34:31Z</time>
    <extensions>
     <power>206</power>
     <gpxtpx:TrackPointExtension>
      <gpxtpx:atemp>14</gpxtpx:atemp>
      <gpxtpx:hr>143</gpxtpx:hr>
      <gpxtpx:cad>85</gpxtpx:cad>
     </gpxtpx:TrackPointExtension>
    </extensions>
   </trkpt>
   <trkpt lat="38.5749880" lon="-121.4638600">
    <ele>11.2</ele>
    <time>2025-11-21T15:34:32Z</time>
    <extensions>
     <power>208</power>
     <gpxtpx:TrackPointExtension>
      <gpxtpx:atemp>15</gpxtpx:atemp>
      <gpxtpx:hr>143</gpxtpx:hr>
      <gpxtpx:cad>85</gpxtpx:cad>
     </gpxtpx:TrackPointExtension>
    </extensions>
   </trkpt>
   <trkpt lat="38.5749910" lon="-121.4638900">
    <ele>11.4</ele>
    <time>2025-11-21T15:34:33Z</time>
    <extensions>
     <power>206</power>
     <gpxtpx:TrackPointExtension>
      <gpxtpx:atemp>14</gpxtpx:atemp>
      <gpxtpx:hr>143</gpxtpx:hr>
      <gpxtpx:cad>85</gpxtpx:cad>
     </gpxtpx:TrackPointExtension>
    </extensions>
   </trkpt>
   <trkpt lat="38.5749920" lon="-121.4639130">
    <ele>11.4</ele>
    <time>2025-11-21T15:34:34Z</time>
    <extensions>
     <power>203</power>
     <gpxtpx:TrackPointExtension>
      <gpxtpx:atemp>15</gpxtpx:atemp>
      <gpxtpx:hr>142</gpxtpx:hr>
      <gpxtpx:cad>86</gpxtpx:cad>
     </gpxtpx:TrackPointExtension>
    </extensions>
   </trkpt>
   <trkpt lat="38.5749960" lon="-121.4639420">
    <ele>11.6</ele>
    <time>2025-11-21T15:34:35Z</time>
    <extensions>
     <power>201</power>
     <gpxtpx:TrackPointExtension>
      <gpxtpx:atemp>14</gpxtpx:atemp>
      <gpxtpx:hr>142</gpxtpx:hr>
      <gpxtpx:cad>86</gpxtpx:cad>
     </gpxtpx:TrackPointExtension>
    </extensions>
   </trkpt>
   <trkpt lat="38.5750020" lon="-121.4639660">
    <ele>11.8</ele>
    <time>2025-11-21T15:34:36Z</time>
    <extensions>
     <power>201</power>
     <gpxtpx:TrackPointExtension>
      <gpxtpx:atemp>14</gpxtpx:atemp>
      <gpxtpx:hr>142</gpxtpx:hr>
      <gpxtpx:cad>86</gpxtpx:cad>
     </gpxtpx:TrackPointExtension>
    </extensions>
   </trkpt>
   <trkpt lat="38.5750050" lon="-121.4639890">
    <ele>11.8</ele>
    <time>2025-11-21T15:34:37Z</time>
    <extensions>
     <power>201</power>
     <gpxtpx:TrackPointExtension>
      <gpxtpx:atemp>15</gpxtpx:atemp>
      <gpxtpx:hr>142</gpxtpx:hr>
      <gpxtpx:cad>86</gpxtpx:cad>
     </gpxtpx:TrackPointExtension>
    </extensions>
   </trkpt>
   <trkpt lat="38.5750120" lon="-121.4640180">
    <ele>11.8</ele>
    <time>2025-11-21T15:34:38Z</time>
    <extensions>
     <power>202</power>
     <gpxtpx:TrackPointExtension>
      <gpxtpx:atemp>15</gpxtpx:atemp>
      <gpxtpx:hr>141</gpxtpx:hr>
      <gpxtpx:cad>86</gpxtpx:cad>
     </gpxtpx:TrackPointExtension>
    </extensions>
   </trkpt>
   <trkpt lat="38.5750180" lon="-121.4640420">
    <ele>11.8</ele>
    <time>2025-11-21T15:34:39Z</time>
    <extensions>
     <power>201</power>
     <gpxtpx:TrackPointExtension>
      <gpxtpx:atemp>14</gpxtpx:atemp>
      <gpxtpx:hr>141</gpxtpx:hr>
      <gpxtpx:cad>86</gpxtpx:cad>
     </gpxtpx:TrackPointExtension>
    </extensions>
   </trkpt>
   <trkpt lat="38.5750260" lon="-121.4640710">
    <ele>11.8</ele>
    <time>2025-11-21T15:34:40Z</time>
    <extensions>
     <power>200</power>
     <gpxtpx:TrackPointExtension>
      <gpxtpx:atemp>14</gpxtpx:atemp>
      <gpxtpx:hr>141</gpxtpx:hr>
      <gpxtpx:cad>87</gpxtpx:cad>
     </gpxtpx:TrackPointExtension>
    </extensions>
   </trkpt>
   <trkpt lat="38.5750350" lon="-121.4640930">
    <ele>11.6</ele>
    <time>2025-11-21T15:34:41Z</time>
    <extensions>
     <power>200</power>
     <gpxtpx:TrackPointExtension>
      <gpxtpx:atemp>15</gpxtpx:atemp>
      <gpxtpx:hr>141</gpxtpx:hr>
      <gpxtpx:cad>87</gpxtpx:cad>
     </gpxtpx:TrackPointExtension>
    </extensions>
   </trkpt>
   <trkpt lat="38.5750500" lon="-121.4641220">
    <ele>11.6</ele>
    <time>2025-11-21T15:34:42Z</time>
    <extensions>
     <power>200</power>
     <gpxtpx:TrackPointExtension>
      <gpxtpx:atemp>14</gpxtpx:atemp>
      <gpxtpx:hr>141</gpxtpx:hr>
      <gpxtpx:cad>87</gpxtpx:cad>
     </gpxtpx:TrackPointExtension>
    </extensions>
   </trkpt>
   <trkpt lat="38.5750570" lon="-121.4641500">
    <ele>11.6</ele>
    <time>2025-11-21T15:34:43Z</time>
    <extensions>
     <power>201</power>
     <gpxtpx:TrackPointExtension>
      <gpxtpx:atemp>15</gpxtpx:atemp>
      <gpxtpx:hr>140</gpxtpx:hr>
      <gpxtpx:cad>87</gpxtpx:cad>
     </gpxtpx:TrackPointExtension>
    </extensions>
   </trkpt>
   <trkpt lat="38.5750670" lon="-121.4641810">
    <ele>11.6</ele>
    <time>2025-11-21T15:34:44Z</time>
    <extensions>
     <power>201</power>
     <gpxtpx:TrackPointExtension>
      <gpxtpx:atemp>14</gpxtpx:atemp>
      <gpxtpx:hr>140</gpxtpx:hr>
      <gpxtpx:cad>87</gpxtpx:cad>
     </gpxtpx:TrackPointExtension>
    </extensions>
   </trkpt>
   <trkpt lat="38.5750760" lon="-121.4642040">
    <ele>11.6</ele>
    <time>2025-11-21T15:34:45Z</time>
    <extensions>
     <power>202</power>
     <gpxtpx:TrackPointExtension>
      <gpxtpx:atemp>14</gpxtpx:atemp>
      <gpxtpx:hr>140</gpxtpx:hr>
      <gpxtpx:cad>88</gpxtpx:cad>
     </gpxtpx:TrackPointExtension>
    </extensions>
   </trkpt>
   <trkpt lat="38.5750870" lon="-121.4642360">
    <ele>11.6</ele>
    <time>2025-11-21T15:34:46Z</time>
    <extensions>
     <power>202</power>
     <gpxtpx:TrackPointExtension>
      <gpxtpx:atemp>14</gpxtpx:atemp>
      <gpxtpx:hr>140</gpxtpx:hr>
      <gpxtpx:cad>88</gpxtpx:cad>
     </gpxtpx:TrackPointExtension>
    </extensions>
   </trkpt>
   <trkpt lat="38.5750930" lon="-121.4642590">
    <ele>11.6</ele>
    <time>2025-11-21T15:34:47Z</time>
    <extensions>
     <power>202</power>
     <gpxtpx:TrackPointExtension>
      <gpxtpx:atemp>15</gpxtpx:atemp>
      <gpxtpx:hr>140</gpxtpx:hr>
      <gpxtpx:cad>89</gpxtpx:cad>
     </gpxtpx:TrackPointExtension>
    </extensions>
   </trkpt>
   <trkpt lat="38.5751000" lon="-121.4642830">
    <ele>11.6</ele>
    <time>2025-11-21T15:34:48Z</time>
    <extensions>
     <power>203</power>
     <gpxtpx:TrackPointExtension>
      <gpxtpx:atemp>14</gpxtpx:atemp>
      <gpxtpx:hr>140</gpxtpx:hr>
      <gpxtpx:cad>90</gpxtpx:cad>
     </gpxtpx:TrackPointExtension>
    </extensions>
   </trkpt>
   <trkpt lat="38.5751110" lon="-121.4643100">
    <ele>11.4</ele>
    <time>2025-11-21T15:34:49Z</time>
    <extensions>
     <power>202</power>
     <gpxtpx:TrackPointExtension>
      <gpxtpx:atemp>15</gpxtpx:atemp>
      <gpxtpx:hr>140</gpxtpx:hr>
      <gpxtpx:cad>90</gpxtpx:cad>
     </gpxtpx:TrackPointExtension>
    </extensions>
   </trkpt>
   <trkpt lat="38.5751220" lon="-121.4643440">
    <ele>11.4</ele>
    <time>2025-11-21T15:34:50Z</time>
    <extensions>
     <power>200</power>
     <gpxtpx:TrackPointExtension>
      <gpxtpx:atemp>14</gpxtpx:atemp>
      <gpxtpx:hr>139</gpxtpx:hr>
      <gpxtpx:cad>89</gpxtpx:cad>
     </gpxtpx:TrackPointExtension>
    </extensions>
   </trkpt>
   <trkpt lat="38.5751300" lon="-121.4643700">
    <ele>11.2</ele>
    <time>2025-11-21T15:34:51Z</time>
    <extensions>
     <power>200</power>
     <gpxtpx:TrackPointExtension>
      <gpxtpx:atemp>14</gpxtpx:atemp>
      <gpxtpx:hr>140</gpxtpx:hr>
      <gpxtpx:cad>88</gpxtpx:cad>
     </gpxtpx:TrackPointExtension>
    </extensions>
   </trkpt>
   <trkpt lat="38.5751380" lon="-121.4644030">
    <ele>11.4</ele>
    <time>2025-11-21T15:34:52Z</time>
    <extensions>
     <power>204</power>
     <gpxtpx:TrackPointExtension>
      <gpxtpx:atemp>14</gpxtpx:atemp>
      <gpxtpx:hr>140</gpxtpx:hr>
      <gpxtpx:cad>88</gpxtpx:cad>
     </gpxtpx:TrackPointExtension>
    </extensions>
   </trkpt>
   <trkpt lat="38.5751450" lon="-121.4644300">
    <ele>11.2</ele>
    <time>2025-11-21T15:34:53Z</time>
    <extensions>
     <power>206</power>
     <gpxtpx:TrackPointExtension>
      <gpxtpx:atemp>14</gpxtpx:atemp>
      <gpxtpx:hr>139</gpxtpx:hr>
      <gpxtpx:cad>88</gpxtpx:cad>
     </gpxtpx:TrackPointExtension>
    </extensions>
   </trkpt>
   <trkpt lat="38.5751480" lon="-121.4644580">
    <ele>11.2</ele>
    <time>2025-11-21T15:34:54Z</time>
    <extensions>
     <power>210</power>
     <gpxtpx:TrackPointExtension>
      <gpxtpx:atemp>15</gpxtpx:atemp>
      <gpxtpx:hr>140</gpxtpx:hr>
      <gpxtpx:cad>88</gpxtpx:cad>
     </gpxtpx:TrackPointExtension>
    </extensions>
   </trkpt>
   <trkpt lat="38.5751530" lon="-121.4644840">
    <ele>11.2</ele>
    <time>2025-11-21T15:34:55Z</time>
    <extensions>
     <power>209</power>
     <gpxtpx:TrackPointExtension>
      <gpxtpx:atemp>14</gpxtpx:atemp>
      <gpxtpx:hr>140</gpxtpx:hr>
      <gpxtpx:cad>89</gpxtpx:cad>
     </gpxtpx:TrackPointExtension>
    </extensions>
   </trkpt>
   <trkpt lat="38.5751600" lon="-121.4645140">
    <ele>11.2</ele>
    <time>2025-11-21T15:34:56Z</time>
    <extensions>
     <power>206</power>
     <gpxtpx:TrackPointExtension>
      <gpxtpx:atemp>15</gpxtpx:atemp>
      <gpxtpx:hr>140</gpxtpx:hr>
      <gpxtpx:cad>89</gpxtpx:cad>
     </gpxtpx:TrackPointExtension>
    </extensions>
   </trkpt>
   <trkpt lat="38.5751680" lon="-121.4645390">
    <ele>11.2</ele>
    <time>2025-11-21T15:34:57Z</time>
    <extensions>
     <power>206</power>
     <gpxtpx:TrackPointExtension>
      <gpxtpx:atemp>14</gpxtpx:atemp>
      <gpxtpx:hr>140</gpxtpx:hr>
      <gpxtpx:cad>89</gpxtpx:cad>
     </gpxtpx:TrackPointExtension>
    </extensions>
   </trkpt>
   <trkpt lat="38.5751780" lon="-121.4645650">
    <ele>11.0</ele>
    <time>2025-11-21T15:34:58Z</time>
    <extensions>
     <power>205</power>
     <gpxtpx:TrackPointExtension>
      <gpxtpx:atemp>15</gpxtpx:atemp>
      <gpxtpx:hr>139</gpxtpx:hr>
      <gpxtpx:cad>89</gpxtpx:cad>
     </gpxtpx:TrackPointExtension>
    </extensions>
   </trkpt>
   <trkpt lat="38.5751870" lon="-121.4645880">
    <ele>11.0</ele>
    <time>2025-11-21T15:34:59Z</time>
    <extensions>
     <power>206</power>
     <gpxtpx:TrackPointExtension>
      <gpxtpx:atemp>15</gpxtpx:atemp>
      <gpxtpx:hr>140</gpxtpx:hr>
      <gpxtpx:cad>89</gpxtpx:cad>
     </gpxtpx:TrackPointExtension>
    </extensions>
   </trkpt>
   <trkpt lat="38.5751940" lon="-121.4646130">
    <ele>11.0</ele>
    <time>2025-11-21T15:35:00Z</time>
    <extensions>
     <power>205</power>
     <gpxtpx:TrackPointExtension>
      <gpxtpx:atemp>15</gpxtpx:atemp>
      <gpxtpx:hr>140</gpxtpx:hr>
      <gpxtpx:cad>89</gpxtpx:cad>
     </gpxtpx:TrackPointExtension>
    </extensions>
   </trkpt>
   <trkpt lat="38.5752010" lon="-121.4646390">
    <ele>11.0</ele>
    <time>2025-11-21T15:35:01Z</time>
    <extensions>
     <power>205</power>
     <gpxtpx:TrackPointExtension>
      <gpxtpx:atemp>14</gpxtpx:atemp>
      <gpxtpx:hr>139</gpxtpx:hr>
      <gpxtpx:cad>89</gpxtpx:cad>
     </gpxtpx:TrackPointExtension>
    </extensions>
   </trkpt>
   <trkpt lat="38.5752090" lon="-121.4646650">
    <ele>11.2</ele>
    <time>2025-11-21T15:35:02Z</time>
    <extensions>
     <power>204</power>
     <gpxtpx:TrackPointExtension>
      <gpxtpx:atemp>15</gpxtpx:atemp>
      <gpxtpx:hr>140</gpxtpx:hr>
      <gpxtpx:cad>90</gpxtpx:cad>
     </gpxtpx:TrackPointExtension>
    </extensions>
   </trkpt>
   <trkpt lat="38.5752140" lon="-121.4646870">
    <ele>11.2</ele>
    <time>2025-11-21T15:35:03Z</time>
    <extensions>
     <power>203</power>
     <gpxtpx:TrackPointExtension>
      <gpxtpx:atemp>14</gpxtpx:atemp>
      <gpxtpx:hr>140</gpxtpx:hr>
      <gpxtpx:cad>90</gpxtpx:cad>
     </gpxtpx:TrackPointExtension>
    </extensions>
   </trkpt>
   <trkpt lat="38.5752250" lon="-121.4647220">
    <ele>11.2</ele>
    <time>2025-11-21T15:35:04Z</time>
    <extensions>
     <power>203</power>
     <gpxtpx:TrackPointExtension>
      <gpxtpx:atemp>14</gpxtpx:atemp>
      <gpxtpx:hr>140</gpxtpx:hr>
      <gpxtpx:cad>92</gpxtpx:cad>
     </gpxtpx:TrackPointExtension>
    </extensions>
   </trkpt>
   <trkpt lat="38.5752320" lon="-121.4647510">
    <ele>11.0</ele>
    <time>2025-11-21T15:35:05Z</time>
    <extensions>
     <power>202</power>
     <gpxtpx:TrackPointExtension>
      <gpxtpx:atemp>15</gpxtpx:atemp>
      <gpxtpx:hr>140</gpxtpx:hr>
      <gpxtpx:cad>92</gpxtpx:cad>
     </gpxtpx:TrackPointExtension>
    </extensions>
   </trkpt>
   <trkpt lat="38.5752360" lon="-121.4647870">
    <ele>11.0</ele>
    <time>2025-11-21T15:35:06Z</time>
    <extensions>
     <power>203</power>
     <gpxtpx:TrackPointExtension>
      <gpxtpx:atemp>14</gpxtpx:atemp>
      <gpxtpx:hr>140</gpxtpx:hr>
      <gpxtpx:cad>91</gpxtpx:cad>
     </gpxtpx:TrackPointExtension>
    </extensions>
   </trkpt>
   <trkpt lat="38.5752450" lon="-121.4648110">
    <ele>11.0</ele>
    <time>2025-11-21T15:35:07Z</time>
    <extensions>
     <power>204</power>
     <gpxtpx:TrackPointExtension>
      <gpxtpx:atemp>14</gpxtpx:atemp>
      <gpxtpx:hr>140</gpxtpx:hr>
      <gpxtpx:cad>91</gpxtpx:cad>
     </gpxtpx:TrackPointExtension>
    </extensions>
   </trkpt>
   <trkpt lat="38.5752550" lon="-121.4648380">
    <ele>11.0</ele>
    <time>2025-11-21T15:35:08Z</time>
    <extensions>
     <power>210</power>
     <gpxtpx:TrackPointExtension>
      <gpxtpx:atemp>14</gpxtpx:atemp>
      <gpxtpx:hr>140</gpxtpx:hr>
      <gpxtpx:cad>90</gpxtpx:cad>
     </gpxtpx:TrackPointExtension>
    </extensions>
   </trkpt>
   <trkpt lat="38.5752600" lon="-121.4648600">
    <ele>11.0</ele>
    <time>2025-11-21T15:35:09Z</time>
    <extensions>
     <power>210</power>
     <gpxtpx:TrackPointExtension>
      <gpxtpx:atemp>15</gpxtpx:atemp>
      <gpxtpx:hr>140</gpxtpx:hr>
      <gpxtpx:cad>90</gpxtpx:cad>
     </gpxtpx:TrackPointExtension>
    </extensions>
   </trkpt>
   <trkpt lat="38.5752670" lon="-121.4648900">
    <ele>11.0</ele>
    <time>2025-11-21T15:35:10Z</time>
    <extensions>
     <power>210</power>
     <gpxtpx:TrackPointExtension>
      <gpxtpx:atemp>14</gpxtpx:atemp>
      <gpxtpx:hr>140</gpxtpx:hr>
      <gpxtpx:cad>89</gpxtpx:cad>
     </gpxtpx:TrackPointExtension>
    </extensions>
   </trkpt>
   <trkpt lat="38.5752730" lon="-121.4649130">
    <ele>11.0</ele>
    <time>2025-11-21T15:35:11Z</time>
    <extensions>
     <power>208</power>
     <gpxtpx:TrackPointExtension>
      <gpxtpx:atemp>14</gpxtpx:atemp>
      <gpxtpx:hr>141</gpxtpx:hr>
      <gpxtpx:cad>89</gpxtpx:cad>
     </gpxtpx:TrackPointExtension>
    </extensions>
   </trkpt>
   <trkpt lat="38.5752820" lon="-121.4649450">
    <ele>11.0</ele>
    <time>2025-11-21T15:35:12Z</time>
    <extensions>
     <power>207</power>
     <gpxtpx:TrackPointExtension>
      <gpxtpx:atemp>15</gpxtpx:atemp>
      <gpxtpx:hr>141</gpxtpx:hr>
      <gpxtpx:cad>89</gpxtpx:cad>
     </gpxtpx:TrackPointExtension>
    </extensions>
   </trkpt>
   <trkpt lat="38.5752880" lon="-121.4649700">
    <ele>11.0</ele>
    <time>2025-11-21T15:35:13Z</time>
    <extensions>
     <power>207</power>
     <gpxtpx:TrackPointExtension>
      <gpxtpx:atemp>14</gpxtpx:atemp>
      <gpxtpx:hr>141</gpxtpx:hr>
      <gpxtpx:cad>89</gpxtpx:cad>
     </gpxtpx:TrackPointExtension>
    </extensions>
   </trkpt>
   <trkpt lat="38.5752970" lon="-121.4649970">
    <ele>10.8</ele>
    <time>2025-11-21T15:35:14Z</time>
    <extensions>
     <power>206</power>
     <gpxtpx:TrackPointExtension>
      <gpxtpx:atemp>15</gpxtpx:atemp>
      <gpxtpx:hr>141</gpxtpx:hr>
      <gpxtpx:cad>89</gpxtpx:cad>
     </gpxtpx:TrackPointExtension>
    </extensions>
   </trkpt>
   <trkpt lat="38.5753050" lon="-121.4650190">
    <ele>10.8</ele>
    <time>2025-11-21T15:35:15Z</time>
    <extensions>
     <power>207</power>
     <gpxtpx:TrackPointExtension>
      <gpxtpx:atemp>14</gpxtpx:atemp>
      <gpxtpx:hr>141</gpxtpx:hr>
      <gpxtpx:cad>89</gpxtpx:cad>
     </gpxtpx:TrackPointExtension>
    </extensions>
   </trkpt>
   <trkpt lat="38.5753100" lon="-121.4650450">
    <ele>11.0</ele>
    <time>2025-11-21T15:35:16Z</time>
    <extensions>
     <power>207</power>
     <gpxtpx:TrackPointExtension>
      <gpxtpx:atemp>14</gpxtpx:atemp>
      <gpxtpx:hr>141</gpxtpx:hr>
      <gpxtpx:cad>89</gpxtpx:cad>
     </gpxtpx:TrackPointExtension>
    </extensions>
   </trkpt>
   <trkpt lat="38.5753160" lon="-121.4650740">
    <ele>11.0</ele>
    <time>2025-11-21T15:35:17Z</time>
    <extensions>
     <power>206</power>
     <gpxtpx:TrackPointExtension>
      <gpxtpx:atemp>15</gpxtpx:atemp>
      <gpxtpx:hr>141</gpxtpx:hr>
      <gpxtpx:cad>89</gpxtpx:cad>
     </gpxtpx:TrackPointExtension>
    </extensions>
   </trkpt>
   <trkpt lat="38.5753220" lon="-121.4651050">
    <ele>11.0</ele>
    <time>2025-11-21T15:35:18Z</time>
    <extensions>
     <power>207</power>
     <gpxtpx:TrackPointExtension>
      <gpxtpx:atemp>14</gpxtpx:atemp>
      <gpxtpx:hr>141</gpxtpx:hr>
      <gpxtpx:cad>88</gpxtpx:cad>
     </gpxtpx:TrackPointExtension>
    </extensions>
   </trkpt>
   <trkpt lat="38.5753270" lon="-121.4651330">
    <ele>11.0</ele>
    <time>2025-11-21T15:35:19Z</time>
    <extensions>
     <power>208</power>
     <gpxtpx:TrackPointExtension>
      <gpxtpx:atemp>15</gpxtpx:atemp>
      <gpxtpx:hr>141</gpxtpx:hr>
      <gpxtpx:cad>88</gpxtpx:cad>
     </gpxtpx:TrackPointExtension>
    </extensions>
   </trkpt>
   <trkpt lat="38.5753340" lon="-121.4651650">
    <ele>11.0</ele>
    <time>2025-11-21T15:35:20Z</time>
    <extensions>
     <power>208</power>
     <gpxtpx:TrackPointExtension>
      <gpxtpx:atemp>15</gpxtpx:atemp>
      <gpxtpx:hr>141</gpxtpx:hr>
      <gpxtpx:cad>88</gpxtpx:cad>
     </gpxtpx:TrackPointExtension>
    </extensions>
   </trkpt>
   <trkpt lat="38.5753420" lon="-121.4651920">
    <ele>11.0</ele>
    <time>2025-11-21T15:35:21Z</time>
    <extensions>
     <power>208</power>
     <gpxtpx:TrackPointExtension>
      <gpxtpx:atemp>15</gpxtpx:atemp>
      <gpxtpx:hr>142</gpxtpx:hr>
      <gpxtpx:cad>88</gpxtpx:cad>
     </gpxtpx:TrackPointExtension>
    </extensions>
   </trkpt>
   <trkpt lat="38.5753510" lon="-121.4652220">
    <ele>11.0</ele>
    <time>2025-11-21T15:35:22Z</time>
    <extensions>
     <power>209</power>
     <gpxtpx:TrackPointExtension>
      <gpxtpx:atemp>14</gpxtpx:atemp>
      <gpxtpx:hr>141</gpxtpx:hr>
      <gpxtpx:cad>88</gpxtpx:cad>
     </gpxtpx:TrackPointExtension>
    </extensions>
   </trkpt>
   <trkpt lat="38.5753590" lon="-121.4652500">
    <ele>11.0</ele>
    <time>2025-11-21T15:35:23Z</time>
    <extensions>
     <power>210</power>
     <gpxtpx:TrackPointExtension>
      <gpxtpx:atemp>14</gpxtpx:atemp>
      <gpxtpx:hr>141</gpxtpx:hr>
      <gpxtpx:cad>88</gpxtpx:cad>
     </gpxtpx:TrackPointExtension>
    </extensions>
   </trkpt>
   <trkpt lat="38.5753680" lon="-121.4652810">
    <ele>11.0</ele>
    <time>2025-11-21T15:35:24Z</time>
    <extensions>
     <power>209</power>
     <gpxtpx:TrackPointExtension>
      <gpxtpx:atemp>14</gpxtpx:atemp>
      <gpxtpx:hr>142</gpxtpx:hr>
      <gpxtpx:cad>90</gpxtpx:cad>
     </gpxtpx:TrackPointExtension>
    </extensions>
   </trkpt>
   <trkpt lat="38.5753770" lon="-121.4653080">
    <ele>11.0</ele>
    <time>2025-11-21T15:35:25Z</time>
    <extensions>
     <power>210</power>
     <gpxtpx:TrackPointExtension>
      <gpxtpx:atemp>15</gpxtpx:atemp>
      <gpxtpx:hr>141</gpxtpx:hr>
      <gpxtpx:cad>90</gpxtpx:cad>
     </gpxtpx:TrackPointExtension>
    </extensions>
   </trkpt>
   <trkpt lat="38.5753830" lon="-121.4653340">
    <ele>11.0</ele>
    <time>2025-11-21T15:35:26Z</time>
    <extensions>
     <power>211</power>
     <gpxtpx:TrackPointExtension>
      <gpxtpx:atemp>14</gpxtpx:atemp>
      <gpxtpx:hr>142</gpxtpx:hr>
      <gpxtpx:cad>90</gpxtpx:cad>
     </gpxtpx:TrackPointExtension>
    </extensions>
   </trkpt>
   <trkpt lat="38.5753890" lon="-121.4653580">
    <ele>11.0</ele>
    <time>2025-11-21T15:35:27Z</time>
    <extensions>
     <power>211</power>
     <gpxtpx:TrackPointExtension>
      <gpxtpx:atemp>14</gpxtpx:atemp>
      <gpxtpx:hr>142</gpxtpx:hr>
      <gpxtpx:cad>90</gpxtpx:cad>
     </gpxtpx:TrackPointExtension>
    </extensions>
   </trkpt>
   <trkpt lat="38.5753960" lon="-121.4653900">
    <ele>11.0</ele>
    <time>2025-11-21T15:35:28Z</time>
    <extensions>
     <power>210</power>
     <gpxtpx:TrackPointExtension>
      <gpxtpx:atemp>14</gpxtpx:atemp>
      <gpxtpx:hr>142</gpxtpx:hr>
      <gpxtpx:cad>90</gpxtpx:cad>
     </gpxtpx:TrackPointExtension>
    </extensions>
   </trkpt>
   <trkpt lat="38.5754050" lon="-121.4654150">
    <ele>11.2</ele>
    <time>2025-11-21T15:35:29Z</time>
    <extensions>
     <power>210</power>
     <gpxtpx:TrackPointExtension>
      <gpxtpx:atemp>14</gpxtpx:atemp>
      <gpxtpx:hr>141</gpxtpx:hr>
      <gpxtpx:cad>45</gpxtpx:cad>
     </gpxtpx:TrackPointExtension>
    </extensions>
   </trkpt>
   <trkpt lat="38.5754130" lon="-121.4654370">
    <ele>11.2</ele>
    <time>2025-11-21T15:35:30Z</time>
    <extensions>
     <power>121</power>
     <gpxtpx:TrackPointExtension>
      <gpxtpx:atemp>14</gpxtpx:atemp>
      <gpxtpx:hr>142</gpxtpx:hr>
      <gpxtpx:cad>45</gpxtpx:cad>
     </gpxtpx:TrackPointExtension>
    </extensions>
   </trkpt>
   <trkpt lat="38.5754180" lon="-121.4654570">
    <ele>11.2</ele>
    <time>2025-11-21T15:35:31Z</time>
    <extensions>
     <power>121</power>
     <gpxtpx:TrackPointExtension>
      <gpxtpx:atemp>14</gpxtpx:atemp>
      <gpxtpx:hr>142</gpxtpx:hr>
      <gpxtpx:cad>45</gpxtpx:cad>
     </gpxtpx:TrackPointExtension>
    </extensions>
   </trkpt>
   <trkpt lat="38.5754320" lon="-121.4655420">
    <ele>10.8</ele>
    <time>2025-11-21T15:36:07Z</time>
    <extensions>
     <gpxtpx:TrackPointExtension>
      <gpxtpx:atemp>15</gpxtpx:atemp>
      <gpxtpx:hr>121</gpxtpx:hr>
      <gpxtpx:cad>0</gpxtpx:cad>
     </gpxtpx:TrackPointExtension>
    </extensions>
   </trkpt>
   <trkpt lat="38.5754400" lon="-121.4655680">
    <ele>10.8</ele>
    <time>2025-11-21T15:36:08Z</time>
    <extensions>
     <power>0</power>
     <gpxtpx:TrackPointExtension>
      <gpxtpx:atemp>15</gpxtpx:atemp>
      <gpxtpx:hr>121</gpxtpx:hr>
      <gpxtpx:cad>0</gpxtpx:cad>
     </gpxtpx:TrackPointExtension>
    </extensions>
   </trkpt>
   <trkpt lat="38.5754420" lon="-121.4655970">
    <ele>10.8</ele>
    <time>2025-11-21T15:36:09Z</time>
    <extensions>
     <power>0</power>
     <gpxtpx:TrackPointExtension>
      <gpxtpx:atemp>15</gpxtpx:atemp>
      <gpxtpx:hr>121</gpxtpx:hr>
      <gpxtpx:cad>0</gpxtpx:cad>
     </gpxtpx:TrackPointExtension>
    </extensions>
   </trkpt>
   <trkpt lat="38.5754470" lon="-121.4656260">
    <ele>10.8</ele>
    <time>2025-11-21T15:36:10Z</time>
    <extensions>
     <power>0</power>
     <gpxtpx:TrackPointExtension>
      <gpxtpx:atemp>15</gpxtpx:atemp>
      <gpxtpx:hr>121</gpxtpx:hr>
      <gpxtpx:cad>0</gpxtpx:cad>
     </gpxtpx:TrackPointExtension>
    </extensions>
   </trkpt>
   <trkpt lat="38.5754590" lon="-121.4656540">
    <ele>10.8</ele>
    <time>2025-11-21T15:36:11Z</time>
    <extensions>
     <power>0</power>
     <gpxtpx:TrackPointExtension>
      <gpxtpx:atemp>15</gpxtpx:atemp>
      <gpxtpx:hr>122</gpxtpx:hr>
      <gpxtpx:cad>0</gpxtpx:cad>
     </gpxtpx:TrackPointExtension>
    </extensions>
   </trkpt>
   <trkpt lat="38.5754640" lon="-121.4656810">
    <ele>10.8</ele>
    <time>2025-11-21T15:36:12Z</time>
    <extensions>
     <power>0</power>
     <gpxtpx:TrackPointExtension>
      <gpxtpx:atemp>15</gpxtpx:atemp>
      <gpxtpx:hr>121</gpxtpx:hr>
      <gpxtpx:cad>94</gpxtpx:cad>
     </gpxtpx:TrackPointExtension>
    </extensions>
   </trkpt>
   <trkpt lat="38.5754720" lon="-121.4657140">
    <ele>10.8</ele>
    <time>2025-11-21T15:36:13Z</time>
    <extensions>
     <power>229</power>
     <gpxtpx:TrackPointExtension>
      <gpxtpx:atemp>15</gpxtpx:atemp>
      <gpxtpx:hr>121</gpxtpx:hr>
      <gpxtpx:cad>94</gpxtpx:cad>
     </gpxtpx:TrackPointExtension>
    </extensions>
   </trkpt>
   <trkpt lat="38.5754790" lon="-121.4657460">
    <ele>10.8</ele>
    <time>2025-11-21T15:36:14Z</time>
    <extensions>
     <power>232</power>
     <gpxtpx:TrackPointExtension>
      <gpxtpx:atemp>15</gpxtpx:atemp>
      <gpxtpx:hr>121</gpxtpx:hr>
      <gpxtpx:cad>94</gpxtpx:cad>
     </gpxtpx:TrackPointExtension>
    </extensions>
   </trkpt>
   <trkpt lat="38.5754840" lon="-121.4657770">
    <ele>10.8</ele>
    <time>2025-11-21T15:36:15Z</time>
    <extensions>
     <power>219</power>
     <gpxtpx:TrackPointExtension>
      <gpxtpx:atemp>15</gpxtpx:atemp>
      <gpxtpx:hr>120</gpxtpx:hr>
      <gpxtpx:cad>90</gpxtpx:cad>
     </gpxtpx:TrackPointExtension>
    </extensions>
   </trkpt>
   <trkpt lat="38.5754810" lon="-121.4658090">
    <ele>10.8</ele>
    <time>2025-11-21T15:36:16Z</time>
    <extensions>
     <power>232</power>
     <gpxtpx:TrackPointExtension>
      <gpxtpx:atemp>15</gpxtpx:atemp>
      <gpxtpx:hr>120</gpxtpx:hr>
      <gpxtpx:cad>90</gpxtpx:cad>
     </gpxtpx:TrackPointExtension>
    </extensions>
   </trkpt>
   <trkpt lat="38.5754870" lon="-121.4658360">
    <ele>10.8</ele>
    <time>2025-11-21T15:36:17Z</time>
    <extensions>
     <power>237</power>
     <gpxtpx:TrackPointExtension>
      <gpxtpx:atemp>15</gpxtpx:atemp>
      <gpxtpx:hr>120</gpxtpx:hr>
      <gpxtpx:cad>90</gpxtpx:cad>
     </gpxtpx:TrackPointExtension>
    </extensions>
   </trkpt>
   <trkpt lat="38.5754920" lon="-121.4658670">
    <ele>10.8</ele>
    <time>2025-11-21T15:36:18Z</time>
    <extensions>
     <power>236</power>
     <gpxtpx:TrackPointExtension>
      <gpxtpx:atemp>15</gpxtpx:atemp>
      <gpxtpx:hr>121</gpxtpx:hr>
      <gpxtpx:cad>90</gpxtpx:cad>
     </gpxtpx:TrackPointExtension>
    </extensions>
   </trkpt>
   <trkpt lat="38.5755000" lon="-121.4658930">
    <ele>10.8</ele>
    <time>2025-11-21T15:36:19Z</time>
    <extensions>
     <power>231</power>
     <gpxtpx:TrackPointExtension>
      <gpxtpx:atemp>15</gpxtpx:atemp>
      <gpxtpx:hr>121</gpxtpx:hr>
      <gpxtpx:cad>90</gpxtpx:cad>
     </gpxtpx:TrackPointExtension>
    </extensions>
   </trkpt>
   <trkpt lat="38.5755080" lon="-121.4659190">
    <ele>10.8</ele>
    <time>2025-11-21T15:36:20Z</time>
    <extensions>
     <power>222</power>
     <gpxtpx:TrackPointExtension>
      <gpxtpx:atemp>15</gpxtpx:atemp>
      <gpxtpx:hr>120</gpxtpx:hr>
      <gpxtpx:cad>89</gpxtpx:cad>
     </gpxtpx:TrackPointExtension>
    </extensions>
   </trkpt>
   <trkpt lat="38.5755160" lon="-121.4659450">
    <ele>10.8</ele>
    <time>2025-11-21T15:36:21Z</time>
    <extensions>
     <power>220</power>
     <gpxtpx:TrackPointExtension>
      <gpxtpx:atemp>15</gpxtpx:atemp>
      <gpxtpx:hr>120</gpxtpx:hr>
      <gpxtpx:cad>89</gpxtpx:cad>
     </gpxtpx:TrackPointExtension>
    </extensions>
   </trkpt>
   <trkpt lat="38.5755210" lon="-121.4659750">
    <ele>11.0</ele>
    <time>2025-11-21T15:36:22Z</time>
    <extensions>
     <power>219</power>
     <gpxtpx:TrackPointExtension>
      <gpxtpx:atemp>15</gpxtpx:atemp>
      <gpxtpx:hr>121</gpxtpx:hr>
      <gpxtpx:cad>89</gpxtpx:cad>
     </gpxtpx:TrackPointExtension>
    </extensions>
   </trkpt>
   <trkpt lat="38.5755280" lon="-121.4660000">
    <ele>10.8</ele>
    <time>2025-11-21T15:36:23Z</time>
    <extensions>
     <power>214</power>
     <gpxtpx:TrackPointExtension>
      <gpxtpx:atemp>15</gpxtpx:atemp>
      <gpxtpx:hr>121</gpxtpx:hr>
      <gpxtpx:cad>89</gpxtpx:cad>
     </gpxtpx:TrackPointExtension>
    </extensions>
   </trkpt>
   <trkpt lat="38.5755340" lon="-121.4660270">
    <ele>11.0</ele>
    <time>2025-11-21T15:36:24Z</time>
    <extensions>
     <power>213</power>
     <gpxtpx:TrackPointExtension>
      <gpxtpx:atemp>15</gpxtpx:atemp>
      <gpxtpx:hr>121</gpxtpx:hr>
      <gpxtpx:cad>89</gpxtpx:cad>
     </gpxtpx:TrackPointExtension>
    </extensions>
   </trkpt>
   <trkpt lat="38.5755400" lon="-121.4660540">
    <ele>11.0</ele>
    <time>2025-11-21T15:36:25Z</time>
    <extensions>
     <power>213</power>
     <gpxtpx:TrackPointExtension>
      <gpxtpx:atemp>15</gpxtpx:atemp>
      <gpxtpx:hr>121</gpxtpx:hr>
      <gpxtpx:cad>89</gpxtpx:cad>
     </gpxtpx:TrackPointExtension>
    </extensions>
   </trkpt>
   <trkpt lat="38.5755470" lon="-121.4660780">
    <ele>10.8</ele>
    <time>2025-11-21T15:36:26Z</time>
    <extensions>
     <power>213</power>
     <gpxtpx:TrackPointExtension>
      <gpxtpx:atemp>15</gpxtpx:atemp>
      <gpxtpx:hr>122</gpxtpx:hr>
      <gpxtpx:cad>92</gpxtpx:cad>
     </gpxtpx:TrackPointExtension>
    </extensions>
   </trkpt>
   <trkpt lat="38.5755560" lon="-121.4661050">
    <ele>11.0</ele>
    <time>2025-11-21T15:36:27Z</time>
    <extensions>
     <power>210</power>
     <gpxtpx:TrackPointExtension>
      <gpxtpx:atemp>15</gpxtpx:atemp>
      <gpxtpx:hr>123</gpxtpx:hr>
      <gpxtpx:cad>92</gpxtpx:cad>
     </gpxtpx:TrackPointExtension>
    </extensions>
   </trkpt>
   <trkpt lat="38.5755650" lon="-121.4661380">
    <ele>11.0</ele>
    <time>2025-11-21T15:36:28Z</time>
    <extensions>
     <power>209</power>
     <gpxtpx:TrackPointExtension>
      <gpxtpx:atemp>15</gpxtpx:atemp>
      <gpxtpx:hr>124</gpxtpx:hr>
      <gpxtpx:cad>92</gpxtpx:cad>
     </gpxtpx:TrackPointExtension>
    </extensions>
   </trkpt>
   <trkpt lat="38.5755750" lon="-121.4661640">
    <ele>10.8</ele>
    <time>2025-11-21T15:36:29Z</time>
    <extensions>
     <power>209</power>
     <gpxtpx:TrackPointExtension>
      <gpxtpx:atemp>15</gpxtpx:atemp>
      <gpxtpx:hr>125</gpxtpx:hr>
      <gpxtpx:cad>90</gpxtpx:cad>
     </gpxtpx:TrackPointExtension>
    </extensions>
   </trkpt>
   <trkpt lat="38.5755810" lon="-121.4661900">
    <ele>10.8</ele>
    <time>2025-11-21T15:36:30Z</time>
    <extensions>
     <power>212</power>
     <gpxtpx:TrackPointExtension>
      <gpxtpx:atemp>15</gpxtpx:atemp>
      <gpxtpx:hr>125</gpxtpx:hr>
      <gpxtpx:cad>90</gpxtpx:cad>
     </gpxtpx:TrackPointExtension>
    </extensions>
   </trkpt>
   <trkpt lat="38.5755900" lon="-121.4662150">
    <ele>10.8</ele>
    <time>2025-11-21T15:36:31Z</time>
    <extensions>
     <power>212</power>
     <gpxtpx:TrackPointExtension>
      <gpxtpx:atemp>15</gpxtpx:atemp>
      <gpxtpx:hr>126</gpxtpx:hr>
      <gpxtpx:cad>89</gpxtpx:cad>
     </gpxtpx:TrackPointExtension>
    </extensions>
   </trkpt>
   <trkpt lat="38.5756000" lon="-121.4662370">
    <ele>10.8</ele>
    <time>2025-11-21T15:36:32Z</time>
    <extensions>
     <power>213</power>
     <gpxtpx:TrackPointExtension>
      <gpxtpx:atemp>15</gpxtpx:atemp>
      <gpxtpx:hr>126</gpxtpx:hr>
      <gpxtpx:cad>89</gpxtpx:cad>
     </gpxtpx:TrackPointExtension>
    </extensions>
   </trkpt>
   <trkpt lat="38.5756080" lon="-121.4662610">
    <ele>10.8</ele>
    <time>2025-11-21T15:36:33Z</time>
    <extensions>
     <power>212</power>
     <gpxtpx:TrackPointExtension>
      <gpxtpx:atemp>15</gpxtpx:atemp>
      <gpxtpx:hr>126</gpxtpx:hr>
      <gpxtpx:cad>88</gpxtpx:cad>
     </gpxtpx:TrackPointExtension>
    </extensions>
   </trkpt>
   <trkpt lat="38.5756150" lon="-121.4662970">
    <ele>10.8</ele>
    <time>2025-11-21T15:36:34Z</time>
    <extensions>
     <power>212</power>
     <gpxtpx:TrackPointExtension>
      <gpxtpx:atemp>15</gpxtpx:atemp>
      <gpxtpx:hr>125</gpxtpx:hr>
      <gpxtpx:cad>89</gpxtpx:cad>
     </gpxtpx:TrackPointExtension>
    </extensions>
   </trkpt>
   <trkpt lat="38.5756230" lon="-121.4663260">
    <ele>10.8</ele>
    <time>2025-11-21T15:36:35Z</time>
    <extensions>
     <power>211</power>
     <gpxtpx:TrackPointExtension>
      <gpxtpx:atemp>15</gpxtpx:atemp>
      <gpxtpx:hr>125</gpxtpx:hr>
      <gpxtpx:cad>89</gpxtpx:cad>
     </gpxtpx:TrackPointExtension>
    </extensions>
   </trkpt>
   <trkpt lat="38.5756300" lon="-121.4663520">
    <ele>10.8</ele>
    <time>2025-11-21T15:36:36Z</time>
    <extensions>
     <power>211</power>
     <gpxtpx:TrackPointExtension>
      <gpxtpx:atemp>15</gpxtpx:atemp>
      <gpxtpx:hr>125</gpxtpx:hr>
      <gpxtpx:cad>89</gpxtpx:cad>
     </gpxtpx:TrackPointExtension>
    </extensions>
   </trkpt>
   <trkpt lat="38.5756350" lon="-121.4663790">
    <ele>10.8</ele>
    <time>2025-11-21T15:36:37Z</time>
    <extensions>
     <power>213</power>
     <gpxtpx:TrackPointExtension>
      <gpxtpx:atemp>15</gpxtpx:atemp>
      <gpxtpx:hr>125</gpxtpx:hr>
      <gpxtpx:cad>89</gpxtpx:cad>
     </gpxtpx:TrackPointExtension>
    </extensions>
   </trkpt>
   <trkpt lat="38.5756380" lon="-121.4664060">
    <ele>10.8</ele>
    <time>2025-11-21T15:36:38Z</time>
    <extensions>
     <power>213</power>
     <gpxtpx:TrackPointExtension>
      <gpxtpx:atemp>15</gpxtpx:atemp>
      <gpxtpx:hr>125</gpxtpx:hr>
      <gpxtpx:cad>89</gpxtpx:cad>
     </gpxtpx:TrackPointExtension>
    </extensions>
   </trkpt>
   <trkpt lat="38.5756420" lon="-121.4664300">
    <ele>11.0</ele>
    <time>2025-11-21T15:36:39Z</time>
    <extensions>
     <power>214</power>
     <gpxtpx:TrackPointExtension>
      <gpxtpx:atemp>15</gpxtpx:atemp>
      <gpxtpx:hr>125</gpxtpx:hr>
      <gpxtpx:cad>89</gpxtpx:cad>
     </gpxtpx:TrackPointExtension>
    </extensions>
   </trkpt>
   <trkpt lat="38.5756440" lon="-121.4664550">
    <ele>11.0</ele>
    <time>2025-11-21T15:36:40Z</time>
    <extensions>
     <power>210</power>
     <gpxtpx:TrackPointExtension>
      <gpxtpx:atemp>15</gpxtpx:atemp>
      <gpxtpx:hr>125</gpxtpx:hr>
      <gpxtpx:cad>89</gpxtpx:cad>
     </gpxtpx:TrackPointExtension>
    </extensions>
   </trkpt>
   <trkpt lat="38.5756610" lon="-121.4664800">
    <ele>11.0</ele>
    <time>2025-11-21T15:36:41Z</time>
    <extensions>
     <power>210</power>
     <gpxtpx:TrackPointExtension>
      <gpxtpx:atemp>15</gpxtpx:atemp>
      <gpxtpx:hr>125</gpxtpx:hr>
      <gpxtpx:cad>90</gpxtpx:cad>
     </gpxtpx:TrackPointExtension>
    </extensions>
   </trkpt>
   <trkpt lat="38.5756620" lon="-121.4665000">
    <ele>11.2</ele>
    <time>2025-11-21T15:36:42Z</time>
    <extensions>
     <power>210</power>
     <gpxtpx:TrackPointExtension>
      <gpxtpx:atemp>15</gpxtpx:atemp>
      <gpxtpx:hr>126</gpxtpx:hr>
      <gpxtpx:cad>90</gpxtpx:cad>
     </gpxtpx:TrackPointExtension>
    </extensions>
   </trkpt>
   <trkpt lat="38.5756690" lon="-121.4665280">
    <ele>11.2</ele>
    <time>2025-11-21T15:36:43Z</time>
    <extensions>
     <power>215</power>
     <gpxtpx:TrackPointExtension>
      <gpxtpx:atemp>15</gpxtpx:atemp>
      <gpxtpx:hr>126</gpxtpx:hr>
      <gpxtpx:cad>89</gpxtpx:cad>
     </gpxtpx:TrackPointExtension>
    </extensions>
   </trkpt>
   <trkpt lat="38.5756740" lon="-121.4665570">
    <ele>11.0</ele>
    <time>2025-11-21T15:36:44Z</time>
    <extensions>
     <power>217</power>
     <gpxtpx:TrackPointExtension>
      <gpxtpx:atemp>15</gpxtpx:atemp>
      <gpxtpx:hr>126</gpxtpx:hr>
      <gpxtpx:cad>88</gpxtpx:cad>
     </gpxtpx:TrackPointExtension>
    </extensions>
   </trkpt>
   <trkpt lat="38.5756810" lon="-121.4665920">
    <ele>11.0</ele>
    <time>2025-11-21T15:36:45Z</time>
    <extensions>
     <power>217</power>
     <gpxtpx:TrackPointExtension>
      <gpxtpx:atemp>15</gpxtpx:atemp>
      <gpxtpx:hr>126</gpxtpx:hr>
      <gpxtpx:cad>88</gpxtpx:cad>
     </gpxtpx:TrackPointExtension>
    </extensions>
   </trkpt>
   <trkpt lat="38.5756870" lon="-121.4666240">
    <ele>11.0</ele>
    <time>2025-11-21T15:36:46Z</time>
    <extensions>
     <power>214</power>
     <gpxtpx:TrackPointExtension>
      <gpxtpx:atemp>15</gpxtpx:atemp>
      <gpxtpx:hr>127</gpxtpx:hr>
      <gpxtpx:cad>88</gpxtpx:cad>
     </gpxtpx:TrackPointExtension>
    </extensions>
   </trkpt>
   <trkpt lat="38.5756990" lon="-121.4666570">
    <ele>10.8</ele>
    <time>2025-11-21T15:36:47Z</time>
    <extensions>
     <power>212</power>
     <gpxtpx:TrackPointExtension>
      <gpxtpx:atemp>15</gpxtpx:atemp>
      <gpxtpx:hr>127</gpxtpx:hr>
      <gpxtpx:cad>88</gpxtpx:cad>
     </gpxtpx:TrackPointExtension>
    </extensions>
   </trkpt>
   <trkpt lat="38.5757080" lon="-121.4666830">
    <ele>10.8</ele>
    <time>2025-11-21T15:36:48Z</time>
    <extensions>
     <power>214</power>
     <gpxtpx:TrackPointExtension>
      <gpxtpx:atemp>15</gpxtpx:atemp>
      <gpxtpx:hr>127</gpxtpx:hr>
      <gpxtpx:cad>88</gpxtpx:cad>
     </gpxtpx:TrackPointExtension>
    </extensions>
   </trkpt>
   <trkpt lat="38.5757190" lon="-121.4667110">
    <ele>10.8</ele>
    <time>2025-11-21T15:36:49Z</time>
    <extensions>
     <power>216</power>
     <gpxtpx:TrackPointExtension>
      <gpxtpx:atemp>15</gpxtpx:atemp>
      <gpxtpx:hr>127</gpxtpx:hr>
      <gpxtpx:cad>88</gpxtpx:cad>
     </gpxtpx:TrackPointExtension>
    </extensions>
   </trkpt>
   <trkpt lat="38.5757300" lon="-121.4667300">
    <ele>10.8</ele>
    <time>2025-11-21T15:36:50Z</time>
    <extensions>
     <power>221</power>
     <gpxtpx:TrackPointExtension>
      <gpxtpx:atemp>15</gpxtpx:atemp>
      <gpxtpx:hr>127</gpxtpx:hr>
      <gpxtpx:cad>88</gpxtpx:cad>
     </gpxtpx:TrackPointExtension>
    </extensions>
   </trkpt>
   <trkpt lat="38.5757410" lon="-121.4667550">
    <ele>10.8</ele>
    <time>2025-11-21T15:36:51Z</time>
    <extensions>
     <power>220</power>
     <gpxtpx:TrackPointExtension>
      <gpxtpx:atemp>15</gpxtpx:atemp>
      <gpxtpx:hr>128</gpxtpx:hr>
      <gpxtpx:cad>88</gpxtpx:cad>
     </gpxtpx:TrackPointExtension>
    </extensions>
   </trkpt>
   <trkpt lat="38.5757480" lon="-121.4667730">
    <ele>10.8</ele>
    <time>2025-11-21T15:36:52Z</time>
    <extensions>
     <power>216</power>
     <gpxtpx:TrackPointExtension>
      <gpxtpx:atemp>15</gpxtpx:atemp>
      <gpxtpx:hr>128</gpxtpx:hr>
      <gpxtpx:cad>88</gpxtpx:cad>
     </gpxtpx:TrackPointExtension>
    </extensions>
   </trkpt>
   <trkpt lat="38.5757490" lon="-121.4667880">
    <ele>10.8</ele>
    <time>2025-11-21T15:36:53Z</time>
    <extensions>
     <power>215</power>
     <gpxtpx:TrackPointExtension>
      <gpxtpx:atemp>15</gpxtpx:atemp>
      <gpxtpx:hr>128</gpxtpx:hr>
      <gpxtpx:cad>88</gpxtpx:cad>
     </gpxtpx:TrackPointExtension>
    </extensions>
   </trkpt>
   <trkpt lat="38.5757520" lon="-121.4667920">
    <ele>10.8</ele>
    <time>2025-11-21T15:36:54Z</time>
    <extensions>
     <power>210</power>
     <gpxtpx:TrackPointExtension>
      <gpxtpx:atemp>15</gpxtpx:atemp>
      <gpxtpx:hr>128</gpxtpx:hr>
      <gpxtpx:cad>88</gpxtpx:cad>
     </gpxtpx:TrackPointExtension>
    </extensions>
   </trkpt>
   <trkpt lat="38.5757630" lon="-121.4668810">
    <ele>10.4</ele>
    <time>2025-11-21T15:37:36Z</time>
    <extensions>
     <gpxtpx:TrackPointExtension>
      <gpxtpx:atemp>15</gpxtpx:atemp>
      <gpxtpx:hr>125</gpxtpx:hr>
      <gpxtpx:cad>0</gpxtpx:cad>
     </gpxtpx:TrackPointExtension>
    </extensions>
   </trkpt>
   <trkpt lat="38.5757700" lon="-121.4669030">
    <ele>10.4</ele>
    <time>2025-11-21T15:37:37Z</time>
    <extensions>
     <power>0</power>
     <gpxtpx:TrackPointExtension>
      <gpxtpx:atemp>15</gpxtpx:atemp>
      <gpxtpx:hr>124</gpxtpx:hr>
      <gpxtpx:cad>0</gpxtpx:cad>
     </gpxtpx:TrackPointExtension>
    </extensions>
   </trkpt>
   <trkpt lat="38.5757770" lon="-121.4669380">
    <ele>10.6</ele>
    <time>2025-11-21T15:37:38Z</time>
    <extensions>
     <power>0</power>
     <gpxtpx:TrackPointExtension>
      <gpxtpx:atemp>15</gpxtpx:atemp>
      <gpxtpx:hr>124</gpxtpx:hr>
      <gpxtpx:cad>0</gpxtpx:cad>
     </gpxtpx:TrackPointExtension>
    </extensions>
   </trkpt>
   <trkpt lat="38.5757780" lon="-121.4669610">
    <ele>10.4</ele>
    <time>2025-11-21T15:37:39Z</time>
    <extensions>
     <power>0</power>
     <gpxtpx:TrackPointExtension>
      <gpxtpx:atemp>15</gpxtpx:atemp>
      <gpxtpx:hr>124</gpxtpx:hr>
      <gpxtpx:cad>0</gpxtpx:cad>
     </gpxtpx:TrackPointExtension>
    </extensions>
   </trkpt>
   <trkpt lat="38.5757870" lon="-121.4669970">
    <ele>10.4</ele>
    <time>2025-11-21T15:37:40Z</time>
    <extensions>
     <power>0</power>
     <gpxtpx:TrackPointExtension>
      <gpxtpx:atemp>15</gpxtpx:atemp>
      <gpxtpx:hr>124</gpxtpx:hr>
      <gpxtpx:cad>83</gpxtpx:cad>
     </gpxtpx:TrackPointExtension>
    </extensions>
   </trkpt>
   <trkpt lat="38.5757940" lon="-121.4670210">
    <ele>10.2</ele>
    <time>2025-11-21T15:37:41Z</time>
    <extensions>
     <power>248</power>
     <gpxtpx:TrackPointExtension>
      <gpxtpx:atemp>15</gpxtpx:atemp>
      <gpxtpx:hr>124</gpxtpx:hr>
      <gpxtpx:cad>83</gpxtpx:cad>
     </gpxtpx:TrackPointExtension>
    </extensions>
   </trkpt>
   <trkpt lat="38.5758020" lon="-121.4670530">
    <ele>10.2</ele>
    <time>2025-11-21T15:37:42Z</time>
    <extensions>
     <power>246</power>
     <gpxtpx:TrackPointExtension>
      <gpxtpx:atemp>15</gpxtpx:atemp>
      <gpxtpx:hr>124</gpxtpx:hr>
      <gpxtpx:cad>88</gpxtpx:cad>
     </gpxtpx:TrackPointExtension>
    </extensions>
   </trkpt>
   <trkpt lat="38.5758110" lon="-121.4670800">
    <ele>10.2</ele>
    <time>2025-11-21T15:37:43Z</time>
    <extensions>
     <power>235</power>
     <gpxtpx:TrackPointExtension>
      <gpxtpx:atemp>15</gpxtpx:atemp>
      <gpxtpx:hr>125</gpxtpx:hr>
      <gpxtpx:cad>89</gpxtpx:cad>
     </gpxtpx:TrackPointExtension>
    </extensions>
   </trkpt>
   <trkpt lat="38.5758190" lon="-121.4671190">
    <ele>10.2</ele>
    <time>2025-11-21T15:37:44Z</time>
    <extensions>
     <power>233</power>
     <gpxtpx:TrackPointExtension>
      <gpxtpx:atemp>15</gpxtpx:atemp>
      <gpxtpx:hr>125</gpxtpx:hr>
      <gpxtpx:cad>89</gpxtpx:cad>
     </gpxtpx:TrackPointExtension>
    </extensions>
   </trkpt>
   <trkpt lat="38.5758240" lon="-121.4671460">
    <ele>10.2</ele>
    <time>2025-11-21T15:37:45Z</time>
    <extensions>
     <power>220</power>
     <gpxtpx:TrackPointExtension>
      <gpxtpx:atemp>15</gpxtpx:atemp>
      <gpxtpx:hr>125</gpxtpx:hr>
      <gpxtpx:cad>89</gpxtpx:cad>
     </gpxtpx:TrackPointExtension>
    </extensions>
   </trkpt>
   <trkpt lat="38.5758350" lon="-121.4671790">
    <ele>10.4</ele>
    <time>2025-11-21T15:37:46Z</time>
    <extensions>
     <power>241</power>
     <gpxtpx:TrackPointExtension>
      <gpxtpx:atemp>15</gpxtpx:atemp>
      <gpxtpx:hr>126</gpxtpx:hr>
      <gpxtpx:cad>90</gpxtpx:cad>
     </gpxtpx:TrackPointExtension>
    </extensions>
   </trkpt>
   <trkpt lat="38.5758400" lon="-121.4672110">
    <ele>10.6</ele>
    <time>2025-11-21T15:37:47Z</time>
    <extensions>
     <power>241</power>
     <gpxtpx:TrackPointExtension>
      <gpxtpx:atemp>15</gpxtpx:atemp>
      <gpxtpx:hr>126</gpxtpx:hr>
      <gpxtpx:cad>90</gpxtpx:cad>
     </gpxtpx:TrackPointExtension>
    </extensions>
   </trkpt>
   <trkpt lat="38.5758510" lon="-121.4672380">
    <ele>10.6</ele>
    <time>2025-11-21T15:37:48Z</time>
    <extensions>
     <power>242</power>
     <gpxtpx:TrackPointExtension>
      <gpxtpx:atemp>15</gpxtpx:atemp>
      <gpxtpx:hr>126</gpxtpx:hr>
      <gpxtpx:cad>90</gpxtpx:cad>
     </gpxtpx:TrackPointExtension>
    </extensions>
   </trkpt>
   <trkpt lat="38.5758610" lon="-121.4672630">
    <ele>10.6</ele>
    <time>2025-11-21T15:37:49Z</time>
    <extensions>
     <power>242</power>
     <gpxtpx:TrackPointExtension>
      <gpxtpx:atemp>15</gpxtpx:atemp>
      <gpxtpx:hr>127</gpxtpx:hr>
      <gpxtpx:cad>90</gpxtpx:cad>
     </gpxtpx:TrackPointExtension>
    </extensions>
   </trkpt>
   <trkpt lat="38.5758730" lon="-121.4672910">
    <ele>10.6</ele>
    <time>2025-11-21T15:37:50Z</time>
    <extensions>
     <power>236</power>
     <gpxtpx:TrackPointExtension>
      <gpxtpx:atemp>15</gpxtpx:atemp>
      <gpxtpx:hr>127</gpxtpx:hr>
      <gpxtpx:cad>90</gpxtpx:cad>
     </gpxtpx:TrackPointExtension>
    </extensions>
   </trkpt>
   <trkpt lat="38.5758840" lon="-121.4673140">
    <ele>10.4</ele>
    <time>2025-11-21T15:37:51Z</time>
    <extensions>
     <power>230</power>
     <gpxtpx:TrackPointExtension>
      <gpxtpx:atemp>15</gpxtpx:atemp>
      <gpxtpx:hr>127</gpxtpx:hr>
      <gpxtpx:cad>90</gpxtpx:cad>
     </gpxtpx:TrackPointExtension>
    </extensions>
   </trkpt>
   <trkpt lat="38.5758980" lon="-121.4673470">
    <ele>10.4</ele>
    <time>2025-11-21T15:37:52Z</time>
    <extensions>
     <power>227</power>
     <gpxtpx:TrackPointExtension>
      <gpxtpx:atemp>15</gpxtpx:atemp>
      <gpxtpx:hr>128</gpxtpx:hr>
      <gpxtpx:cad>92</gpxtpx:cad>
     </gpxtpx:TrackPointExtension>
    </extensions>
   </trkpt>
   <trkpt lat="38.5759050" lon="-121.4673690">
    <ele>10.2</ele>
    <time>2025-11-21T15:37:53Z</time>
    <extensions>
     <power>226</power>
     <gpxtpx:TrackPointExtension>
      <gpxtpx:atemp>15</gpxtpx:atemp>
      <gpxtpx:hr>128</gpxtpx:hr>
      <gpxtpx:cad>92</gpxtpx:cad>
     </gpxtpx:TrackPointExtension>
    </extensions>
   </trkpt>
   <trkpt lat="38.5759180" lon="-121.4674000">
    <ele>10.2</ele>
    <time>2025-11-21T15:37:54Z</time>
    <extensions>
     <power>226</power>
     <gpxtpx:TrackPointExtension>
      <gpxtpx:atemp>15</gpxtpx:atemp>
      <gpxtpx:hr>129</gpxtpx:hr>
      <gpxtpx:cad>91</gpxtpx:cad>
     </gpxtpx:TrackPointExtension>
    </extensions>
   </trkpt>
   <trkpt lat="38.5759260" lon="-121.4674280">
    <ele>10.2</ele>
    <time>2025-11-21T15:37:55Z</time>
    <extensions>
     <power>228</power>
     <gpxtpx:TrackPointExtension>
      <gpxtpx:atemp>15</gpxtpx:atemp>
      <gpxtpx:hr>129</gpxtpx:hr>
      <gpxtpx:cad>91</gpxtpx:cad>
     </gpxtpx:TrackPointExtension>
    </extensions>
   </trkpt>
   <trkpt lat="38.5759340" lon="-121.4674540">
    <ele>10.4</ele>
    <time>2025-11-21T15:37:56Z</time>
    <extensions>
     <power>229</power>
     <gpxtpx:TrackPointExtension>
      <gpxtpx:atemp>15</gpxtpx:atemp>
      <gpxtpx:hr>129</gpxtpx:hr>
      <gpxtpx:cad>90</gpxtpx:cad>
     </gpxtpx:TrackPointExtension>
    </extensions>
   </trkpt>
   <trkpt lat="38.5759420" lon="-121.4674820">
    <ele>10.4</ele>
    <time>2025-11-21T15:37:57Z</time>
    <extensions>
     <power>228</power>
     <gpxtpx:TrackPointExtension>
      <gpxtpx:atemp>15</gpxtpx:atemp>
      <gpxtpx:hr>129</gpxtpx:hr>
      <gpxtpx:cad>90</gpxtpx:cad>
     </gpxtpx:TrackPointExtension>
    </extensions>
   </trkpt>
   <trkpt lat="38.5759510" lon="-121.4675080">
    <ele>10.6</ele>
    <time>2025-11-21T15:37:58Z</time>
    <extensions>
     <power>229</power>
     <gpxtpx:TrackPointExtension>
      <gpxtpx:atemp>15</gpxtpx:atemp>
      <gpxtpx:hr>130</gpxtpx:hr>
      <gpxtpx:cad>90</gpxtpx:cad>
     </gpxtpx:TrackPointExtension>
    </extensions>
   </trkpt>
   <trkpt lat="38.5759580" lon="-121.4675330">
    <ele>10.6</ele>
    <time>2025-11-21T15:37:59Z</time>
    <extensions>
     <power>229</power>
     <gpxtpx:TrackPointExtension>
      <gpxtpx:atemp>15</gpxtpx:atemp>
      <gpxtpx:hr>130</gpxtpx:hr>
      <gpxtpx:cad>90</gpxtpx:cad>
     </gpxtpx:TrackPointExtension>
    </extensions>
   </trkpt>
   <trkpt lat="38.5759670" lon="-121.4675600">
    <ele>10.6</ele>
    <time>2025-11-21T15:38:00Z</time>
    <extensions>
     <power>228</power>
     <gpxtpx:TrackPointExtension>
      <gpxtpx:atemp>15</gpxtpx:atemp>
      <gpxtpx:hr>130</gpxtpx:hr>
      <gpxtpx:cad>90</gpxtpx:cad>
     </gpxtpx:TrackPointExtension>
    </extensions>
   </trkpt>
   <trkpt lat="38.5759780" lon="-121.4675860">
    <ele>10.4</ele>
    <time>2025-11-21T15:38:01Z</time>
    <extensions>
     <power>226</power>
     <gpxtpx:TrackPointExtension>
      <gpxtpx:atemp>15</gpxtpx:atemp>
      <gpxtpx:hr>130</gpxtpx:hr>
      <gpxtpx:cad>90</gpxtpx:cad>
     </gpxtpx:TrackPointExtension>
    </extensions>
   </trkpt>
   <trkpt lat="38.5759890" lon="-121.4676150">
    <ele>10.4</ele>
    <time>2025-11-21T15:38:02Z</time>
    <extensions>
     <power>225</power>
     <gpxtpx:TrackPointExtension>
      <gpxtpx:atemp>15</gpxtpx:atemp>
      <gpxtpx:hr>130</gpxtpx:hr>
      <gpxtpx:cad>90</gpxtpx:cad>
     </gpxtpx:TrackPointExtension>
    </extensions>
   </trkpt>
   <trkpt lat="38.5759990" lon="-121.4676430">
    <ele>10.4</ele>
    <time>2025-11-21T15:38:03Z</time>
    <extensions>
     <power>224</power>
     <gpxtpx:TrackPointExtension>
      <gpxtpx:atemp>15</gpxtpx:atemp>
      <gpxtpx:hr>130</gpxtpx:hr>
      <gpxtpx:cad>90</gpxtpx:cad>
     </gpxtpx:TrackPointExtension>
    </extensions>
   </trkpt>
   <trkpt lat="38.5760100" lon="-121.4676730">
    <ele>10.4</ele>
    <time>2025-11-21T15:38:04Z</time>
    <extensions>
     <power>222</power>
     <gpxtpx:TrackPointExtension>
      <gpxtpx:atemp>15</gpxtpx:atemp>
      <gpxtpx:hr>130</gpxtpx:hr>
      <gpxtpx:cad>90</gpxtpx:cad>
     </gpxtpx:TrackPointExtension>
    </extensions>
   </trkpt>
   <trkpt lat="38.5760170" lon="-121.4677020">
    <ele>10.4</ele>
    <time>2025-11-21T15:38:05Z</time>
    <extensions>
     <power>222</power>
     <gpxtpx:TrackPointExtension>
      <gpxtpx:atemp>15</gpxtpx:atemp>
      <gpxtpx:hr>130</gpxtpx:hr>
      <gpxtpx:cad>90</gpxtpx:cad>
     </gpxtpx:TrackPointExtension>
    </extensions>
   </trkpt>
   <trkpt lat="38.5760260" lon="-121.4677330">
    <ele>10.4</ele>
    <time>2025-11-21T15:38:06Z</time>
    <extensions>
     <power>224</power>
     <gpxtpx:TrackPointExtension>
      <gpxtpx:atemp>15</gpxtpx:atemp>
      <gpxtpx:hr>131</gpxtpx:hr>
      <gpxtpx:cad>90</gpxtpx:cad>
     </gpxtpx:TrackPointExtension>
    </extensions>
   </trkpt>
   <trkpt lat="38.5760320" lon="-121.4677600">
    <ele>10.4</ele>
    <time>2025-11-21T15:38:07Z</time>
    <extensions>
     <power>232</power>
     <gpxtpx:TrackPointExtension>
      <gpxtpx:atemp>15</gpxtpx:atemp>
      <gpxtpx:hr>131</gpxtpx:hr>
      <gpxtpx:cad>90</gpxtpx:cad>
     </gpxtpx:TrackPointExtension>
    </extensions>
   </trkpt>
   <trkpt lat="38.5760420" lon="-121.4677910">
    <ele>10.4</ele>
    <time>2025-11-21T15:38:08Z</time>
    <extensions>
     <power>233</power>
     <gpxtpx:TrackPointExtension>
      <gpxtpx:atemp>15</gpxtpx:atemp>
      <gpxtpx:hr>131</gpxtpx:hr>
      <gpxtpx:cad>90</gpxtpx:cad>
     </gpxtpx:TrackPointExtension>
    </extensions>
   </trkpt>
   <trkpt lat="38.5760480" lon="-121.4678140">
    <ele>10.4</ele>
    <time>2025-11-21T15:38:09Z</time>
    <extensions>
     <power>233</power>
     <gpxtpx:TrackPointExtension>
      <gpxtpx:atemp>15</gpxtpx:atemp>
      <gpxtpx:hr>131</gpxtpx:hr>
      <gpxtpx:cad>91</gpxtpx:cad>
     </gpxtpx:TrackPointExtension>
    </extensions>
   </trkpt>
   <trkpt lat="38.5760540" lon="-121.4678430">
    <ele>10.4</ele>
    <time>2025-11-21T15:38:10Z</time>
    <extensions>
     <power>228</power>
     <gpxtpx:TrackPointExtension>
      <gpxtpx:atemp>15</gpxtpx:atemp>
      <gpxtpx:hr>132</gpxtpx:hr>
      <gpxtpx:cad>91</gpxtpx:cad>
     </gpxtpx:TrackPointExtension>
    </extensions>
   </trkpt>
   <trkpt lat="38.5760600" lon="-121.4678680">
    <ele>10.6</ele>
    <time>2025-11-21T15:38:11Z</time>
    <extensions>
     <power>225</power>
     <gpxtpx:TrackPointExtension>
      <gpxtpx:atemp>15</gpxtpx:atemp>
      <gpxtpx:hr>132</gpxtpx:hr>
      <gpxtpx:cad>91</gpxtpx:cad>
     </gpxtpx:TrackPointExtension>
    </extensions>
   </trkpt>
   <trkpt lat="38.5760670" lon="-121.4678940">
    <ele>10.6</ele>
    <time>2025-11-21T15:38:12Z</time>
    <extensions>
     <power>224</power>
     <gpxtpx:TrackPointExtension>
      <gpxtpx:atemp>15</gpxtpx:atemp>
      <gpxtpx:hr>132</gpxtpx:hr>
      <gpxtpx:cad>91</gpxtpx:cad>
     </gpxtpx:TrackPointExtension>
    </extensions>
   </trkpt>
   <trkpt lat="38.5760700" lon="-121.4679230">
    <ele>10.8</ele>
    <time>2025-11-21T15:38:13Z</time>
    <extensions>
     <power>223</power>
     <gpxtpx:TrackPointExtension>
      <gpxtpx:atemp>15</gpxtpx:atemp>
      <gpxtpx:hr>132</gpxtpx:hr>
      <gpxtpx:cad>92</gpxtpx:cad>
     </gpxtpx:TrackPointExtension>
    </extensions>
   </trkpt>
   <trkpt lat="38.5760730" lon="-121.4679530">
    <ele>10.8</ele>
    <time>2025-11-21T15:38:14Z</time>
    <extensions>
     <power>222</power>
     <gpxtpx:TrackPointExtension>
      <gpxtpx:atemp>15</gpxtpx:atemp>
      <gpxtpx:hr>132</gpxtpx:hr>
      <gpxtpx:cad>92</gpxtpx:cad>
     </gpxtpx:TrackPointExtension>
    </extensions>
   </trkpt>
   <trkpt lat="38.5760770" lon="-121.4679840">
    <ele>10.8</ele>
    <time>2025-11-21T15:38:15Z</time>
    <extensions>
     <power>223</power>
     <gpxtpx:TrackPointExtension>
      <gpxtpx:atemp>15</gpxtpx:atemp>
      <gpxtpx:hr>132</gpxtpx:hr>
      <gpxtpx:cad>92</gpxtpx:cad>
     </gpxtpx:TrackPointExtension>
    </extensions>
   </trkpt>
   <trkpt lat="38.5760820" lon="-121.4680100">
    <ele>10.8</ele>
    <time>2025-11-21T15:38:16Z</time>
    <extensions>
     <power>223</power>
     <gpxtpx:TrackPointExtension>
      <gpxtpx:atemp>15</gpxtpx:atemp>
      <gpxtpx:hr>131</gpxtpx:hr>
      <gpxtpx:cad>92</gpxtpx:cad>
     </gpxtpx:TrackPointExtension>
    </extensions>
   </trkpt>
   <trkpt lat="38.5760870" lon="-121.4680380">
    <ele>10.8</ele>
    <time>2025-11-21T15:38:17Z</time>
    <extensions>
     <power>223</power>
     <gpxtpx:TrackPointExtension>
      <gpxtpx:atemp>15</gpxtpx:atemp>
      <gpxtpx:hr>130</gpxtpx:hr>
      <gpxtpx:cad>92</gpxtpx:cad>
     </gpxtpx:TrackPointExtension>
    </extensions>
   </trkpt>
   <trkpt lat="38.5760980" lon="-121.4680610">
    <ele>10.8</ele>
    <time>2025-11-21T15:38:18Z</time>
    <extensions>
     <power>222</power>
     <gpxtpx:TrackPointExtension>
      <gpxtpx:atemp>15</gpxtpx:atemp>
      <gpxtpx:hr>129</gpxtpx:hr>
      <gpxtpx:cad>92</gpxtpx:cad>
     </gpxtpx:TrackPointExtension>
    </extensions>
   </trkpt>
   <trkpt lat="38.5761050" lon="-121.4680880">
    <ele>10.8</ele>
    <time>2025-11-21T15:38:19Z</time>
    <extensions>
     <power>222</power>
     <gpxtpx:TrackPointExtension>
      <gpxtpx:atemp>15</gpxtpx:atemp>
      <gpxtpx:hr>129</gpxtpx:hr>
      <gpxtpx:cad>90</gpxtpx:cad>
     </gpxtpx:TrackPointExtension>
    </extensions>
   </trkpt>
   <trkpt lat="38.5761130" lon="-121.4681110">
    <ele>10.8</ele>
    <time>2025-11-21T15:38:20Z</time>
    <extensions>
     <power>222</power>
     <gpxtpx:TrackPointExtension>
      <gpxtpx:atemp>15</gpxtpx:atemp>
      <gpxtpx:hr>128</gpxtpx:hr>
      <gpxtpx:cad>90</gpxtpx:cad>
     </gpxtpx:TrackPointExtension>
    </extensions>
   </trkpt>
   <trkpt lat="38.5761160" lon="-121.4681300">
    <ele>11.0</ele>
    <time>2025-11-21T15:38:21Z</time>
    <extensions>
     <power>222</power>
     <gpxtpx:TrackPointExtension>
      <gpxtpx:atemp>15</gpxtpx:atemp>
      <gpxtpx:hr>128</gpxtpx:hr>
      <gpxtpx:cad>89</gpxtpx:cad>
     </gpxtpx:TrackPointExtension>
    </extensions>
   </trkpt>
   <trkpt lat="38.5761210" lon="-121.4681490">
    <ele>11.0</ele>
    <time>2025-11-21T15:38:22Z</time>
    <extensions>
     <power>221</power>
     <gpxtpx:TrackPointExtension>
      <gpxtpx:atemp>15</gpxtpx:atemp>
      <gpxtpx:hr>128</gpxtpx:hr>
      <gpxtpx:cad>89</gpxtpx:cad>
     </gpxtpx:TrackPointExtension>
    </extensions>
   </trkpt>
   <trkpt lat="38.5761270" lon="-121.4681630">
    <ele>10.8</ele>
    <time>2025-11-21T15:38:23Z</time>
    <extensions>
     <power>217</power>
     <gpxtpx:TrackPointExtension>
      <gpxtpx:atemp>15</gpxtpx:atemp>
      <gpxtpx:hr>128</gpxtpx:hr>
      <gpxtpx:cad>89</gpxtpx:cad>
     </gpxtpx:TrackPointExtension>
    </extensions>
   </trkpt>
   <trkpt lat="38.5761330" lon="-121.4681850">
    <ele>10.8</ele>
    <time>2025-11-21T15:38:24Z</time>
    <extensions>
     <power>215</power>
     <gpxtpx:TrackPointExtension>
      <gpxtpx:atemp>15</gpxtpx:atemp>
      <gpxtpx:hr>127</gpxtpx:hr>
      <gpxtpx:cad>89</gpxtpx:cad>
     </gpxtpx:TrackPointExtension>
    </extensions>
   </trkpt>
   <trkpt lat="38.5761410" lon="-121.4682160">
    <ele>10.6</ele>
    <time>2025-11-21T15:38:25Z</time>
    <extensions>
     <power>212</power>
     <gpxtpx:TrackPointExtension>
      <gpxtpx:atemp>15</gpxtpx:atemp>
      <gpxtpx:hr>127</gpxtpx:hr>
      <gpxtpx:cad>89</gpxtpx:cad>
     </gpxtpx:TrackPointExtension>
    </extensions>
   </trkpt>
   <trkpt lat="38.5761420" lon="-121.4682460">
    <ele>10.6</ele>
    <time>2025-11-21T15:38:26Z</time>
    <extensions>
     <power>207</power>
     <gpxtpx:TrackPointExtension>
      <gpxtpx:atemp>15</gpxtpx:atemp>
      <gpxtpx:hr>128</gpxtpx:hr>
      <gpxtpx:cad>85</gpxtpx:cad>
     </gpxtpx:TrackPointExtension>
    </extensions>
   </trkpt>
   <trkpt lat="38.5761480" lon="-121.4682790">
    <ele>10.6</ele>
    <time>2025-11-21T15:38:27Z</time>
    <extensions>
     <power>210</power>
     <gpxtpx:TrackPointExtension>
      <gpxtpx:atemp>15</gpxtpx:atemp>
      <gpxtpx:hr>128</gpxtpx:hr>
      <gpxtpx:cad>85</gpxtpx:cad>
     </gpxtpx:TrackPointExtension>
    </extensions>
   </trkpt>
   <trkpt lat="38.5761530" lon="-121.4683070">
    <ele>10.6</ele>
    <time>2025-11-21T15:38:28Z</time>
    <extensions>
     <power>218</power>
     <gpxtpx:TrackPointExtension>
      <gpxtpx:atemp>15</gpxtpx:atemp>
      <gpxtpx:hr>128</gpxtpx:hr>
      <gpxtpx:cad>91</gpxtpx:cad>
     </gpxtpx:TrackPointExtension>
    </extensions>
   </trkpt>
   <trkpt lat="38.5761610" lon="-121.4683350">
    <ele>10.6</ele>
    <time>2025-11-21T15:38:29Z</time>
    <extensions>
     <power>214</power>
     <gpxtpx:TrackPointExtension>
      <gpxtpx:atemp>15</gpxtpx:atemp>
      <gpxtpx:hr>127</gpxtpx:hr>
      <gpxtpx:cad>91</gpxtpx:cad>
     </gpxtpx:TrackPointExtension>
    </extensions>
   </trkpt>
   <trkpt lat="38.5761680" lon="-121.4683560">
    <ele>10.6</ele>
    <time>2025-11-21T15:38:30Z</time>
    <extensions>
     <power>216</power>
     <gpxtpx:TrackPointExtension>
      <gpxtpx:atemp>15</gpxtpx:atemp>
      <gpxtpx:hr>128</gpxtpx:hr>
      <gpxtpx:cad>91</gpxtpx:cad>
     </gpxtpx:TrackPointExtension>
    </extensions>
   </trkpt>
   <trkpt lat="38.5761760" lon="-121.4683790">
    <ele>10.6</ele>
    <time>2025-11-21T15:38:31Z</time>
    <extensions>
     <power>214</power>
     <gpxtpx:TrackPointExtension>
      <gpxtpx:atemp>15</gpxtpx:atemp>
      <gpxtpx:hr>127</gpxtpx:hr>
      <gpxtpx:cad>91</gpxtpx:cad>
     </gpxtpx:TrackPointExtension>
    </extensions>
   </trkpt>
   <trkpt lat="38.5761810" lon="-121.4684040">
    <ele>10.6</ele>
    <time>2025-11-21T15:38:32Z</time>
    <extensions>
     <power>210</power>
     <gpxtpx:TrackPointExtension>
      <gpxtpx:atemp>15</gpxtpx:atemp>
      <gpxtpx:hr>127</gpxtpx:hr>
      <gpxtpx:cad>91</gpxtpx:cad>
     </gpxtpx:TrackPointExtension>
    </extensions>
   </trkpt>
   <trkpt lat="38.5761890" lon="-121.4684320">
    <ele>10.6</ele>
    <time>2025-11-21T15:38:33Z</time>
    <extensions>
     <power>203</power>
     <gpxtpx:TrackPointExtension>
      <gpxtpx:atemp>15</gpxtpx:atemp>
      <gpxtpx:hr>127</gpxtpx:hr>
      <gpxtpx:cad>91</gpxtpx:cad>
     </gpxtpx:TrackPointExtension>
    </extensions>
   </trkpt>
   <trkpt lat="38.5761970" lon="-121.4684560">
    <ele>10.8</ele>
    <time>2025-11-21T15:38:34Z</time>
    <extensions>
     <power>203</power>
     <gpxtpx:TrackPointExtension>
      <gpxtpx:atemp>15</gpxtpx:atemp>
      <gpxtpx:hr>128</gpxtpx:hr>
      <gpxtpx:cad>92</gpxtpx:cad>
     </gpxtpx:TrackPointExtension>
    </extensions>
   </trkpt>
   <trkpt lat="38.5762090" lon="-121.4684800">
    <ele>10.8</ele>
    <time>2025-11-21T15:38:35Z</time>
    <extensions>
     <power>202</power>
     <gpxtpx:TrackPointExtension>
      <gpxtpx:atemp>15</gpxtpx:atemp>
      <gpxtpx:hr>127</gpxtpx:hr>
      <gpxtpx:cad>92</gpxtpx:cad>
     </gpxtpx:TrackPointExtension>
    </extensions>
   </trkpt>
   <trkpt lat="38.5762180" lon="-121.4685060">
    <ele>10.8</ele>
    <time>2025-11-21T15:38:36Z</time>
    <extensions>
     <power>203</power>
     <gpxtpx:TrackPointExtension>
      <gpxtpx:atemp>15</gpxtpx:atemp>
      <gpxtpx:hr>127</gpxtpx:hr>
      <gpxtpx:cad>92</gpxtpx:cad>
     </gpxtpx:TrackPointExtension>
    </extensions>
   </trkpt>
   <trkpt lat="38.5762290" lon="-121.4685320">
    <ele>10.8</ele>
    <time>2025-11-21T15:38:37Z</time>
    <extensions>
     <power>206</power>
     <gpxtpx:TrackPointExtension>
      <gpxtpx:atemp>15</gpxtpx:atemp>
      <gpxtpx:hr>128</gpxtpx:hr>
      <gpxtpx:cad>92</gpxtpx:cad>
     </gpxtpx:TrackPointExtension>
    </extensions>
   </trkpt>
   <trkpt lat="38.5762370" lon="-121.4685550">
    <ele>10.8</ele>
    <time>2025-11-21T15:38:38Z</time>
    <extensions>
     <power>212</power>
     <gpxtpx:TrackPointExtension>
      <gpxtpx:atemp>15</gpxtpx:atemp>
      <gpxtpx:hr>127</gpxtpx:hr>
      <gpxtpx:cad>91</gpxtpx:cad>
     </gpxtpx:TrackPointExtension>
    </extensions>
   </trkpt>
   <trkpt lat="38.5762470" lon="-121.4685780">
    <ele>10.8</ele>
    <time>2025-11-21T15:38:39Z</time>
    <extensions>
     <power>213</power>
     <gpxtpx:TrackPointExtension>
      <gpxtpx:atemp>15</gpxtpx:atemp>
      <gpxtpx:hr>128</gpxtpx:hr>
      <gpxtpx:cad>91</gpxtpx:cad>
     </gpxtpx:TrackPointExtension>
    </extensions>
   </trkpt>
   <trkpt lat="38.5762540" lon="-121.4686020">
    <ele>10.8</ele>
    <time>2025-11-21T15:38:40Z</time>
    <extensions>
     <power>210</power>
     <gpxtpx:TrackPointExtension>
      <gpxtpx:atemp>15</gpxtpx:atemp>
      <gpxtpx:hr>128</gpxtpx:hr>
      <gpxtpx:cad>91</gpxtpx:cad>
     </gpxtpx:TrackPointExtension>
    </extensions>
   </trkpt>
   <trkpt lat="38.5762610" lon="-121.4686290">
    <ele>10.8</ele>
    <time>2025-11-21T15:38:41Z</time>
    <extensions>
     <power>204</power>
     <gpxtpx:TrackPointExtension>
      <gpxtpx:atemp>15</gpxtpx:atemp>
      <gpxtpx:hr>128</gpxtpx:hr>
      <gpxtpx:cad>91</gpxtpx:cad>
     </gpxtpx:TrackPointExtension>
    </extensions>
   </trkpt>
   <trkpt lat="38.5762690" lon="-121.4686620">
    <ele>11.0</ele>
    <time>2025-11-21T15:38:42Z</time>
    <extensions>
     <power>205</power>
     <gpxtpx:TrackPointExtension>
      <gpxtpx:atemp>15</gpxtpx:atemp>
      <gpxtpx:hr>127</gpxtpx:hr>
      <gpxtpx:cad>91</gpxtpx:cad>
     </gpxtpx:TrackPointExtension>
    </extensions>
   </trkpt>
   <trkpt lat="38.5762780" lon="-121.4686930">
    <ele>10.8</ele>
    <time>2025-11-21T15:38:43Z</time>
    <extensions>
     <power>207</power>
     <gpxtpx:TrackPointExtension>
      <gpxtpx:atemp>15</gpxtpx:atemp>
      <gpxtpx:hr>128</gpxtpx:hr>
      <gpxtpx:cad>91</gpxtpx:cad>
     </gpxtpx:TrackPointExtension>
    </extensions>
   </trkpt>
   <trkpt lat="38.5762840" lon="-121.4687230">
    <ele>10.8</ele>
    <time>2025-11-21T15:38:44Z</time>
    <extensions>
     <power>211</power>
     <gpxtpx:TrackPointExtension>
      <gpxtpx:atemp>15</gpxtpx:atemp>
      <gpxtpx:hr>128</gpxtpx:hr>
      <gpxtpx:cad>91</gpxtpx:cad>
     </gpxtpx:TrackPointExtension>
    </extensions>
   </trkpt>
   <trkpt lat="38.5762940" lon="-121.4687550">
    <ele>10.8</ele>
    <time>2025-11-21T15:38:45Z</time>
    <extensions>
     <power>218</power>
     <gpxtpx:TrackPointExtension>
      <gpxtpx:atemp>15</gpxtpx:atemp>
      <gpxtpx:hr>127</gpxtpx:hr>
      <gpxtpx:cad>90</gpxtpx:cad>
     </gpxtpx:TrackPointExtension>
    </extensions>
   </trkpt>
   <trkpt lat="38.5763030" lon="-121.4687840">
    <ele>10.8</ele>
    <time>2025-11-21T15:38:46Z</time>
    <extensions>
     <power>229</power>
     <gpxtpx:TrackPointExtension>
      <gpxtpx:atemp>15</gpxtpx:atemp>
      <gpxtpx:hr>128</gpxtpx:hr>
      <gpxtpx:cad>90</gpxtpx:cad>
     </gpxtpx:TrackPointExtension>
    </extensions>
   </trkpt>
   <trkpt lat="38.5763100" lon="-121.4688130">
    <ele>10.8</ele>
    <time>2025-11-21T15:38:47Z</time>
    <extensions>
     <power>231</power>
     <gpxtpx:TrackPointExtension>
      <gpxtpx:atemp>15</gpxtpx:atemp>
      <gpxtpx:hr>128</gpxtpx:hr>
      <gpxtpx:cad>90</gpxtpx:cad>
     </gpxtpx:TrackPointExtension>
    </extensions>
   </trkpt>
   <trkpt lat="38.5763170" lon="-121.4688430">
    <ele>10.8</ele>
    <time>2025-11-21T15:38:48Z</time>
    <extensions>
     <power>229</power>
     <gpxtpx:TrackPointExtension>
      <gpxtpx:atemp>15</gpxtpx:atemp>
      <gpxtpx:hr>127</gpxtpx:hr>
      <gpxtpx:cad>90</gpxtpx:cad>
     </gpxtpx:TrackPointExtension>
    </extensions>
   </trkpt>
   <trkpt lat="38.5763270" lon="-121.4688710">
    <ele>10.8</ele>
    <time>2025-11-21T15:38:49Z</time>
    <extensions>
     <power>228</power>
     <gpxtpx:TrackPointExtension>
      <gpxtpx:atemp>15</gpxtpx:atemp>
      <gpxtpx:hr>128</gpxtpx:hr>
      <gpxtpx:cad>90</gpxtpx:cad>
     </gpxtpx:TrackPointExtension>
    </extensions>
   </trkpt>
   <trkpt lat="38.5763360" lon="-121.4688990">
    <ele>10.8</ele>
    <time>2025-11-21T15:38:50Z</time>
    <extensions>
     <power>222</power>
     <gpxtpx:TrackPointExtension>
      <gpxtpx:atemp>15</gpxtpx:atemp>
      <gpxtpx:hr>128</gpxtpx:hr>
      <gpxtpx:cad>90</gpxtpx:cad>
     </gpxtpx:TrackPointExtension>
    </extensions>
   </trkpt>
   <trkpt lat="38.5763430" lon="-121.4689300">
    <ele>10.6</ele>
    <time>2025-11-21T15:38:51Z</time>
    <extensions>
     <power>219</power>
     <gpxtpx:TrackPointExtension>
      <gpxtpx:atemp>15</gpxtpx:atemp>
      <gpxtpx:hr>128</gpxtpx:hr>
      <gpxtpx:cad>90</gpxtpx:cad>
     </gpxtpx:TrackPointExtension>
    </extensions>
   </trkpt>
   <trkpt lat="38.5763490" lon="-121.4689600">
    <ele>10.6</ele>
    <time>2025-11-21T15:38:52Z</time>
    <extensions>
     <power>219</power>
     <gpxtpx:TrackPointExtension>
      <gpxtpx:atemp>15</gpxtpx:atemp>
      <gpxtpx:hr>128</gpxtpx:hr>
      <gpxtpx:cad>90</gpxtpx:cad>
     </gpxtpx:TrackPointExtension>
    </extensions>
   </trkpt>
   <trkpt lat="38.5763570" lon="-121.4689880">
    <ele>10.6</ele>
    <time>2025-11-21T15:38:53Z</time>
    <extensions>
     <power>220</power>
     <gpxtpx:TrackPointExtension>
      <gpxtpx:atemp>15</gpxtpx:atemp>
      <gpxtpx:hr>129</gpxtpx:hr>
      <gpxtpx:cad>90</gpxtpx:cad>
     </gpxtpx:TrackPointExtension>
    </extensions>
   </trkpt>
   <trkpt lat="38.5763620" lon="-121.4690180">
    <ele>10.6</ele>
    <time>2025-11-21T15:38:54Z</time>
    <extensions>
     <power>221</power>
     <gpxtpx:TrackPointExtension>
      <gpxtpx:atemp>15</gpxtpx:atemp>
      <gpxtpx:hr>129</gpxtpx:hr>
      <gpxtpx:cad>89</gpxtpx:cad>
     </gpxtpx:TrackPointExtension>
    </extensions>
   </trkpt>
   <trkpt lat="38.5763680" lon="-121.4690480">
    <ele>10.6</ele>
    <time>2025-11-21T15:38:55Z</time>
    <extensions>
     <power>222</power>
     <gpxtpx:TrackPointExtension>
      <gpxtpx:atemp>15</gpxtpx:atemp>
      <gpxtpx:hr>129</gpxtpx:hr>
      <gpxtpx:cad>89</gpxtpx:cad>
     </gpxtpx:TrackPointExtension>
    </extensions>
   </trkpt>
   <trkpt lat="38.5763740" lon="-121.4690750">
    <ele>10.6</ele>
    <time>2025-11-21T15:38:56Z</time>
    <extensions>
     <power>221</power>
     <gpxtpx:TrackPointExtension>
      <gpxtpx:atemp>15</gpxtpx:atemp>
      <gpxtpx:hr>129</gpxtpx:hr>
      <gpxtpx:cad>89</gpxtpx:cad>
     </gpxtpx:TrackPointExtension>
    </extensions>
   </trkpt>
   <trkpt lat="38.5763800" lon="-121.4691040">
    <ele>10.8</ele>
    <time>2025-11-21T15:38:57Z</time>
    <extensions>
     <power>220</power>
     <gpxtpx:TrackPointExtension>
      <gpxtpx:atemp>15</gpxtpx:atemp>
      <gpxtpx:hr>129</gpxtpx:hr>
      <gpxtpx:cad>89</gpxtpx:cad>
     </gpxtpx:TrackPointExtension>
    </extensions>
   </trkpt>
   <trkpt lat="38.5763890" lon="-121.4691290">
    <ele>10.8</ele>
    <time>2025-11-21T15:38:58Z</time>
    <extensions>
     <power>221</power>
     <gpxtpx:TrackPointExtension>
      <gpxtpx:atemp>15</gpxtpx:atemp>
      <gpxtpx:hr>129</gpxtpx:hr>
      <gpxtpx:cad>89</gpxtpx:cad>
     </gpxtpx:TrackPointExtension>
    </extensions>
   </trkpt>
   <trkpt lat="38.5763970" lon="-121.4691570">
    <ele>10.8</ele>
    <time>2025-11-21T15:38:59Z</time>
    <extensions>
     <power>220</power>
     <gpxtpx:TrackPointExtension>
      <gpxtpx:atemp>15</gpxtpx:atemp>
      <gpxtpx:hr>129</gpxtpx:hr>
      <gpxtpx:cad>89</gpxtpx:cad>
     </gpxtpx:TrackPointExtension>
    </extensions>
   </trkpt>
   <trkpt lat="38.5764050" lon="-121.4691830">
    <ele>10.8</ele>
    <time>2025-11-21T15:39:00Z</time>
    <extensions>
     <power>218</power>
     <gpxtpx:TrackPointExtension>
      <gpxtpx:atemp>15</gpxtpx:atemp>
      <gpxtpx:hr>129</gpxtpx:hr>
      <gpxtpx:cad>89</gpxtpx:cad>
     </gpxtpx:TrackPointExtension>
    </extensions>
   </trkpt>
   <trkpt lat="38.5764080" lon="-121.4692090">
    <ele>10.8</ele>
    <time>2025-11-21T15:39:01Z</time>
    <extensions>
     <power>217</power>
     <gpxtpx:TrackPointExtension>
      <gpxtpx:atemp>15</gpxtpx:atemp>
      <gpxtpx:hr>130</gpxtpx:hr>
      <gpxtpx:cad>89</gpxtpx:cad>
     </gpxtpx:TrackPointExtension>
    </extensions>
   </trkpt>
   <trkpt lat="38.5764100" lon="-121.4692430">
    <ele>10.6</ele>
    <time>2025-11-21T15:39:02Z</time>
    <extensions>
     <power>216</power>
     <gpxtpx:TrackPointExtension>
      <gpxtpx:atemp>15</gpxtpx:atemp>
      <gpxtpx:hr>130</gpxtpx:hr>
      <gpxtpx:cad>89</gpxtpx:cad>
     </gpxtpx:TrackPointExtension>
    </extensions>
   </trkpt>
   <trkpt lat="38.5764130" lon="-121.4692700">
    <ele>10.6</ele>
    <time>2025-11-21T15:39:03Z</time>
    <extensions>
     <power>216</power>
     <gpxtpx:TrackPointExtension>
      <gpxtpx:atemp>15</gpxtpx:atemp>
      <gpxtpx:hr>130</gpxtpx:hr>
      <gpxtpx:cad>89</gpxtpx:cad>
     </gpxtpx:TrackPointExtension>
    </extensions>
   </trkpt>
   <trkpt lat="38.5764160" lon="-121.4692940">
    <ele>10.8</ele>
    <time>2025-11-21T15:39:04Z</time>
    <extensions>
     <power>215</power>
     <gpxtpx:TrackPointExtension>
      <gpxtpx:atemp>15</gpxtpx:atemp>
      <gpxtpx:hr>130</gpxtpx:hr>
      <gpxtpx:cad>89</gpxtpx:cad>
     </gpxtpx:TrackPointExtension>
    </extensions>
   </trkpt>
   <trkpt lat="38.5764210" lon="-121.4693250">
    <ele>10.8</ele>
    <time>2025-11-21T15:39:05Z</time>
    <extensions>
     <power>215</power>
     <gpxtpx:TrackPointExtension>
      <gpxtpx:atemp>15</gpxtpx:atemp>
      <gpxtpx:hr>130</gpxtpx:hr>
      <gpxtpx:cad>89</gpxtpx:cad>
     </gpxtpx:TrackPointExtension>
    </extensions>
   </trkpt>
   <trkpt lat="38.5764280" lon="-121.4693510">
    <ele>10.8</ele>
    <time>2025-11-21T15:39:06Z</time>
    <extensions>
     <power>214</power>
     <gpxtpx:TrackPointExtension>
      <gpxtpx:atemp>15</gpxtpx:atemp>
      <gpxtpx:hr>130</gpxtpx:hr>
      <gpxtpx:cad>89</gpxtpx:cad>
     </gpxtpx:TrackPointExtension>
    </extensions>
   </trkpt>
   <trkpt lat="38.5764310" lon="-121.4693780">
    <ele>10.8</ele>
    <time>2025-11-21T15:39:07Z</time>
    <extensions>
     <power>214</power>
     <gpxtpx:TrackPointExtension>
      <gpxtpx:atemp>15</gpxtpx:atemp>
      <gpxtpx:hr>130</gpxtpx:hr>
      <gpxtpx:cad>89</gpxtpx:cad>
     </gpxtpx:TrackPointExtension>
    </extensions>
   </trkpt>
   <trkpt lat="38.5764380" lon="-121.4694020">
    <ele>10.8</ele>
    <time>2025-11-21T15:39:08Z</time>
    <extensions>
     <power>214</power>
     <gpxtpx:TrackPointExtension>
      <gpxtpx:atemp>15</gpxtpx:atemp>
      <gpxtpx:hr>129</gpxtpx:hr>
      <gpxtpx:cad>89</gpxtpx:cad>
     </gpxtpx:TrackPointExtension>
    </extensions>
   </trkpt>
   <trkpt lat="38.5764450" lon="-121.4694310">
    <ele>10.8</ele>
    <time>2025-11-21T15:39:09Z</time>
    <extensions>
     <power>214</power>
     <gpxtpx:TrackPointExtension>
      <gpxtpx:atemp>15</gpxtpx:atemp>
      <gpxtpx:hr>130</gpxtpx:hr>
      <gpxtpx:cad>89</gpxtpx:cad>
     </gpxtpx:TrackPointExtension>
    </extensions>
   </trkpt>
   <trkpt lat="38.5764490" lon="-121.4694550">
    <ele>10.8</ele>
    <time>2025-11-21T15:39:10Z</time>
    <extensions>
     <power>214</power>
     <gpxtpx:TrackPointExtension>
      <gpxtpx:atemp>15</gpxtpx:atemp>
      <gpxtpx:hr>130</gpxtpx:hr>
      <gpxtpx:cad>88</gpxtpx:cad>
     </gpxtpx:TrackPointExtension>
    </extensions>
   </trkpt>
   <trkpt lat="38.5764590" lon="-121.4694840">
    <ele>10.8</ele>
    <time>2025-11-21T15:39:11Z</time>
    <extensions>
     <power>215</power>
     <gpxtpx:TrackPointExtension>
      <gpxtpx:atemp>15</gpxtpx:atemp>
      <gpxtpx:hr>130</gpxtpx:hr>
      <gpxtpx:cad>88</gpxtpx:cad>
     </gpxtpx:TrackPointExtension>
    </extensions>
   </trkpt>
   <trkpt lat="38.5764690" lon="-121.4695070">
    <ele>10.8</ele>
    <time>2025-11-21T15:39:12Z</time>
    <extensions>
     <power>213</power>
     <gpxtpx:TrackPointExtension>
      <gpxtpx:atemp>15</gpxtpx:atemp>
      <gpxtpx:hr>130</gpxtpx:hr>
      <gpxtpx:cad>88</gpxtpx:cad>
     </gpxtpx:TrackPointExtension>
    </extensions>
   </trkpt>
   <trkpt lat="38.5764830" lon="-121.4695360">
    <ele>10.8</ele>
    <time>2025-11-21T15:39:13Z</time>
    <extensions>
     <power>213</power>
     <gpxtpx:TrackPointExtension>
      <gpxtpx:atemp>15</gpxtpx:atemp>
      <gpxtpx:hr>130</gpxtpx:hr>
      <gpxtpx:cad>88</gpxtpx:cad>
     </gpxtpx:TrackPointExtension>
    </extensions>
   </trkpt>
   <trkpt lat="38.5764900" lon="-121.4695580">
    <ele>10.8</ele>
    <time>2025-11-21T15:39:14Z</time>
    <extensions>
     <power>213</power>
     <gpxtpx:TrackPointExtension>
      <gpxtpx:atemp>15</gpxtpx:atemp>
      <gpxtpx:hr>130</gpxtpx:hr>
      <gpxtpx:cad>88</gpxtpx:cad>
     </gpxtpx:TrackPointExtension>
    </extensions>
   </trkpt>
   <trkpt lat="38.5765030" lon="-121.4695860">
    <ele>10.8</ele>
    <time>2025-11-21T15:39:15Z</time>
    <extensions>
     <power>213</power>
     <gpxtpx:TrackPointExtension>
      <gpxtpx:atemp>15</gpxtpx:atemp>
      <gpxtpx:hr>130</gpxtpx:hr>
      <gpxtpx:cad>88</gpxtpx:cad>
     </gpxtpx:TrackPointExtension>
    </extensions>
   </trkpt>
   <trkpt lat="38.5765080" lon="-121.4696160">
    <ele>10.8</ele>
    <time>2025-11-21T15:39:16Z</time>
    <extensions>
     <power>213</power>
     <gpxtpx:TrackPointExtension>
      <gpxtpx:atemp>15</gpxtpx:atemp>
      <gpxtpx:hr>130</gpxtpx:hr>
      <gpxtpx:cad>88</gpxtpx:cad>
     </gpxtpx:TrackPointExtension>
    </extensions>
   </trkpt>
   <trkpt lat="38.5765160" lon="-121.4696440">
    <ele>10.8</ele>
    <time>2025-11-21T15:39:17Z</time>
    <extensions>
     <power>212</power>
     <gpxtpx:TrackPointExtension>
      <gpxtpx:atemp>15</gpxtpx:atemp>
      <gpxtpx:hr>131</gpxtpx:hr>
      <gpxtpx:cad>88</gpxtpx:cad>
     </gpxtpx:TrackPointExtension>
    </extensions>
   </trkpt>
   <trkpt lat="38.5765250" lon="-121.4696730">
    <ele>10.8</ele>
    <time>2025-11-21T15:39:18Z</time>
    <extensions>
     <power>211</power>
     <gpxtpx:TrackPointExtension>
      <gpxtpx:atemp>15</gpxtpx:atemp>
      <gpxtpx:hr>130</gpxtpx:hr>
      <gpxtpx:cad>88</gpxtpx:cad>
     </gpxtpx:TrackPointExtension>
    </extensions>
   </trkpt>
   <trkpt lat="38.5765380" lon="-121.4697020">
    <ele>10.6</ele>
    <time>2025-11-21T15:39:19Z</time>
    <extensions>
     <power>211</power>
     <gpxtpx:TrackPointExtension>
      <gpxtpx:atemp>15</gpxtpx:atemp>
      <gpxtpx:hr>130</gpxtpx:hr>
      <gpxtpx:cad>88</gpxtpx:cad>
     </gpxtpx:TrackPointExtension>
    </extensions>
   </trkpt>
   <trkpt lat="38.5765450" lon="-121.4697240">
    <ele>10.6</ele>
    <time>2025-11-21T15:39:20Z</time>
    <extensions>
     <power>212</power>
     <gpxtpx:TrackPointExtension>
      <gpxtpx:atemp>15</gpxtpx:atemp>
      <gpxtpx:hr>131</gpxtpx:hr>
      <gpxtpx:cad>88</gpxtpx:cad>
     </gpxtpx:TrackPointExtension>
    </extensions>
   </trkpt>
   <trkpt lat="38.5765540" lon="-121.4697530">
    <ele>10.6</ele>
    <time>2025-11-21T15:39:21Z</time>
    <extensions>
     <power>212</power>
     <gpxtpx:TrackPointExtension>
      <gpxtpx:atemp>15</gpxtpx:atemp>
      <gpxtpx:hr>130</gpxtpx:hr>
      <gpxtpx:cad>88</gpxtpx:cad>
     </gpxtpx:TrackPointExtension>
    </extensions>
   </trkpt>
   <trkpt lat="38.5765570" lon="-121.4697790">
    <ele>10.6</ele>
    <time>2025-11-21T15:39:22Z</time>
    <extensions>
     <power>212</power>
     <gpxtpx:TrackPointExtension>
      <gpxtpx:atemp>15</gpxtpx:atemp>
      <gpxtpx:hr>130</gpxtpx:hr>
      <gpxtpx:cad>88</gpxtpx:cad>
     </gpxtpx:TrackPointExtension>
    </extensions>
   </trkpt>
   <trkpt lat="38.5765640" lon="-121.4698080">
    <ele>10.6</ele>
    <time>2025-11-21T15:39:23Z</time>
    <extensions>
     <power>212</power>
     <gpxtpx:TrackPointExtension>
      <gpxtpx:atemp>15</gpxtpx:atemp>
      <gpxtpx:hr>130</gpxtpx:hr>
      <gpxtpx:cad>89</gpxtpx:cad>
     </gpxtpx:TrackPointExtension>
    </extensions>
   </trkpt>
   <trkpt lat="38.5765690" lon="-121.4698340">
    <ele>10.8</ele>
    <time>2025-11-21T15:39:24Z</time>
    <extensions>
     <power>211</power>
     <gpxtpx:TrackPointExtension>
      <gpxtpx:atemp>15</gpxtpx:atemp>
      <gpxtpx:hr>130</gpxtpx:hr>
      <gpxtpx:cad>89</gpxtpx:cad>
     </gpxtpx:TrackPointExtension>
    </extensions>
   </trkpt>
   <trkpt lat="38.5765740" lon="-121.4698610">
    <ele>10.8</ele>
    <time>2025-11-21T15:39:25Z</time>
    <extensions>
     <power>210</power>
     <gpxtpx:TrackPointExtension>
      <gpxtpx:atemp>15</gpxtpx:atemp>
      <gpxtpx:hr>130</gpxtpx:hr>
      <gpxtpx:cad>89</gpxtpx:cad>
     </gpxtpx:TrackPointExtension>
    </extensions>
   </trkpt>
   <trkpt lat="38.5765790" lon="-121.4698820">
    <ele>10.8</ele>
    <time>2025-11-21T15:39:26Z</time>
    <extensions>
     <power>210</power>
     <gpxtpx:TrackPointExtension>
      <gpxtpx:atemp>15</gpxtpx:atemp>
      <gpxtpx:hr>130</gpxtpx:hr>
      <gpxtpx:cad>88</gpxtpx:cad>
     </gpxtpx:TrackPointExtension>
    </extensions>
   </trkpt>
   <trkpt lat="38.5765850" lon="-121.4699100">
    <ele>10.8</ele>
    <time>2025-11-21T15:39:27Z</time>
    <extensions>
     <power>211</power>
     <gpxtpx:TrackPointExtension>
      <gpxtpx:atemp>15</gpxtpx:atemp>
      <gpxtpx:hr>131</gpxtpx:hr>
      <gpxtpx:cad>88</gpxtpx:cad>
     </gpxtpx:TrackPointExtension>
    </extensions>
   </trkpt>
   <trkpt lat="38.5765920" lon="-121.4699360">
    <ele>10.8</ele>
    <time>2025-11-21T15:39:28Z</time>
    <extensions>
     <power>210</power>
     <gpxtpx:TrackPointExtension>
      <gpxtpx:atemp>15</gpxtpx:atemp>
      <gpxtpx:hr>130</gpxtpx:hr>
      <gpxtpx:cad>88</gpxtpx:cad>
     </gpxtpx:TrackPointExtension>
    </extensions>
   </trkpt>
   <trkpt lat="38.5765980" lon="-121.4699620">
    <ele>10.8</ele>
    <time>2025-11-21T15:39:29Z</time>
    <extensions>
     <power>210</power>
     <gpxtpx:TrackPointExtension>
      <gpxtpx:atemp>15</gpxtpx:atemp>
      <gpxtpx:hr>130</gpxtpx:hr>
      <gpxtpx:cad>88</gpxtpx:cad>
     </gpxtpx:TrackPointExtension>
    </extensions>
   </trkpt>
   <trkpt lat="38.5766060" lon="-121.4699900">
    <ele>10.8</ele>
    <time>2025-11-21T15:39:30Z</time>
    <extensions>
     <power>211</power>
     <gpxtpx:TrackPointExtension>
      <gpxtpx:atemp>15</gpxtpx:atemp>
      <gpxtpx:hr>130</gpxtpx:hr>
      <gpxtpx:cad>88</gpxtpx:cad>
     </gpxtpx:TrackPointExtension>
    </extensions>
   </trkpt>
   <trkpt lat="38.5766110" lon="-121.4700150">
    <ele>10.8</ele>
    <time>2025-11-21T15:39:31Z</time>
    <extensions>
     <power>211</power>
     <gpxtpx:TrackPointExtension>
      <gpxtpx:atemp>15</gpxtpx:atemp>
      <gpxtpx:hr>130</gpxtpx:hr>
      <gpxtpx:cad>89</gpxtpx:cad>
     </gpxtpx:TrackPointExtension>
    </extensions>
   </trkpt>
   <trkpt lat="38.5766200" lon="-121.4700430">
    <ele>10.6</ele>
    <time>2025-11-21T15:39:32Z</time>
    <extensions>
     <power>209</power>
     <gpxtpx:TrackPointExtension>
      <gpxtpx:atemp>15</gpxtpx:atemp>
      <gpxtpx:hr>130</gpxtpx:hr>
      <gpxtpx:cad>89</gpxtpx:cad>
     </gpxtpx:TrackPointExtension>
    </extensions>
   </trkpt>
   <trkpt lat="38.5766270" lon="-121.4700670">
    <ele>10.8</ele>
    <time>2025-11-21T15:39:33Z</time>
    <extensions>
     <power>210</power>
     <gpxtpx:TrackPointExtension>
      <gpxtpx:atemp>15</gpxtpx:atemp>
      <gpxtpx:hr>130</gpxtpx:hr>
      <gpxtpx:cad>89</gpxtpx:cad>
     </gpxtpx:TrackPointExtension>
    </extensions>
   </trkpt>
   <trkpt lat="38.5766380" lon="-121.4700950">
    <ele>10.8</ele>
    <time>2025-11-21T15:39:34Z</time>
    <extensions>
     <power>209</power>
     <gpxtpx:TrackPointExtension>
      <gpxtpx:atemp>15</gpxtpx:atemp>
      <gpxtpx:hr>130</gpxtpx:hr>
      <gpxtpx:cad>88</gpxtpx:cad>
     </gpxtpx:TrackPointExtension>
    </extensions>
   </trkpt>
   <trkpt lat="38.5766470" lon="-121.4701220">
    <ele>10.8</ele>
    <time>2025-11-21T15:39:35Z</time>
    <extensions>
     <power>211</power>
     <gpxtpx:TrackPointExtension>
      <gpxtpx:atemp>15</gpxtpx:atemp>
      <gpxtpx:hr>130</gpxtpx:hr>
      <gpxtpx:cad>88</gpxtpx:cad>
     </gpxtpx:TrackPointExtension>
    </extensions>
   </trkpt>
   <trkpt lat="38.5766530" lon="-121.4701520">
    <ele>10.8</ele>
    <time>2025-11-21T15:39:36Z</time>
    <extensions>
     <power>211</power>
     <gpxtpx:TrackPointExtension>
      <gpxtpx:atemp>15</gpxtpx:atemp>
      <gpxtpx:hr>130</gpxtpx:hr>
      <gpxtpx:cad>88</gpxtpx:cad>
     </gpxtpx:TrackPointExtension>
    </extensions>
   </trkpt>
   <trkpt lat="38.5766580" lon="-121.4701770">
    <ele>10.8</ele>
    <time>2025-11-21T15:39:37Z</time>
    <extensions>
     <power>212</power>
     <gpxtpx:TrackPointExtension>
      <gpxtpx:atemp>15</gpxtpx:atemp>
      <gpxtpx:hr>131</gpxtpx:hr>
      <gpxtpx:cad>88</gpxtpx:cad>
     </gpxtpx:TrackPointExtension>
    </extensions>
   </trkpt>
   <trkpt lat="38.5766690" lon="-121.4702100">
    <ele>10.8</ele>
    <time>2025-11-21T15:39:38Z</time>
    <extensions>
     <power>213</power>
     <gpxtpx:TrackPointExtension>
      <gpxtpx:atemp>15</gpxtpx:atemp>
      <gpxtpx:hr>130</gpxtpx:hr>
      <gpxtpx:cad>89</gpxtpx:cad>
     </gpxtpx:TrackPointExtension>
    </extensions>
   </trkpt>
   <trkpt lat="38.5766780" lon="-121.4702330">
    <ele>10.8</ele>
    <time>2025-11-21T15:39:39Z</time>
    <extensions>
     <power>214</power>
     <gpxtpx:TrackPointExtension>
      <gpxtpx:atemp>15</gpxtpx:atemp>
      <gpxtpx:hr>131</gpxtpx:hr>
      <gpxtpx:cad>89</gpxtpx:cad>
     </gpxtpx:TrackPointExtension>
    </extensions>
   </trkpt>
   <trkpt lat="38.5766870" lon="-121.4702610">
    <ele>10.8</ele>
    <time>2025-11-21T15:39:40Z</time>
    <extensions>
     <power>215</power>
     <gpxtpx:TrackPointExtension>
      <gpxtpx:atemp>15</gpxtpx:atemp>
      <gpxtpx:hr>131</gpxtpx:hr>
      <gpxtpx:cad>89</gpxtpx:cad>
     </gpxtpx:TrackPointExtension>
    </extensions>
   </trkpt>
   <trkpt lat="38.5766940" lon="-121.4702850">
    <ele>11.0</ele>
    <time>2025-11-21T15:39:41Z</time>
    <extensions>
     <power>216</power>
     <gpxtpx:TrackPointExtension>
      <gpxtpx:atemp>15</gpxtpx:atemp>
      <gpxtpx:hr>131</gpxtpx:hr>
      <gpxtpx:cad>89</gpxtpx:cad>
     </gpxtpx:TrackPointExtension>
    </extensions>
   </trkpt>
   <trkpt lat="38.5767040" lon="-121.4703120">
    <ele>11.0</ele>
    <time>2025-11-21T15:39:42Z</time>
    <extensions>
     <power>216</power>
     <gpxtpx:TrackPointExtension>
      <gpxtpx:atemp>15</gpxtpx:atemp>
      <gpxtpx:hr>130</gpxtpx:hr>
      <gpxtpx:cad>89</gpxtpx:cad>
     </gpxtpx:TrackPointExtension>
    </extensions>
   </trkpt>
   <trkpt lat="38.5767180" lon="-121.4703340">
    <ele>11.0</ele>
    <time>2025-11-21T15:39:43Z</time>
    <extensions>
     <power>216</power>
     <gpxtpx:TrackPointExtension>
      <gpxtpx:atemp>15</gpxtpx:atemp>
      <gpxtpx:hr>131</gpxtpx:hr>
      <gpxtpx:cad>89</gpxtpx:cad>
     </gpxtpx:TrackPointExtension>
    </extensions>
   </trkpt>
   <trkpt lat="38.5767290" lon="-121.4703620">
    <ele>11.0</ele>
    <time>2025-11-21T15:39:44Z</time>
    <extensions>
     <power>217</power>
     <gpxtpx:TrackPointExtension>
      <gpxtpx:atemp>15</gpxtpx:atemp>
      <gpxtpx:hr>131</gpxtpx:hr>
      <gpxtpx:cad>89</gpxtpx:cad>
     </gpxtpx:TrackPointExtension>
    </extensions>
   </trkpt>
   <trkpt lat="38.5767370" lon="-121.4703840">
    <ele>11.0</ele>
    <time>2025-11-21T15:39:45Z</time>
    <extensions>
     <power>217</power>
     <gpxtpx:TrackPointExtension>
      <gpxtpx:atemp>14</gpxtpx:atemp>
      <gpxtpx:hr>131</gpxtpx:hr>
      <gpxtpx:cad>89</gpxtpx:cad>
     </gpxtpx:TrackPointExtension>
    </extensions>
   </trkpt>
   <trkpt lat="38.5767500" lon="-121.4704110">
    <ele>11.0</ele>
    <time>2025-11-21T15:39:46Z</time>
    <extensions>
     <power>216</power>
     <gpxtpx:TrackPointExtension>
      <gpxtpx:atemp>15</gpxtpx:atemp>
      <gpxtpx:hr>131</gpxtpx:hr>
      <gpxtpx:cad>89</gpxtpx:cad>
     </gpxtpx:TrackPointExtension>
    </extensions>
   </trkpt>
   <trkpt lat="38.5767550" lon="-121.4704370">
    <ele>11.0</ele>
    <time>2025-11-21T15:39:47Z</time>
    <extensions>
     <power>216</power>
     <gpxtpx:TrackPointExtension>
      <gpxtpx:atemp>15</gpxtpx:atemp>
      <gpxtpx:hr>131</gpxtpx:hr>
      <gpxtpx:cad>89</gpxtpx:cad>
     </gpxtpx:TrackPointExtension>
    </extensions>
   </trkpt>
   <trkpt lat="38.5767650" lon="-121.4704670">
    <ele>11.0</ele>
    <time>2025-11-21T15:39:48Z</time>
    <extensions>
     <power>216</power>
     <gpxtpx:TrackPointExtension>
      <gpxtpx:atemp>15</gpxtpx:atemp>
      <gpxtpx:hr>130</gpxtpx:hr>
      <gpxtpx:cad>89</gpxtpx:cad>
     </gpxtpx:TrackPointExtension>
    </extensions>
   </trkpt>
   <trkpt lat="38.5767690" lon="-121.4704900">
    <ele>11.0</ele>
    <time>2025-11-21T15:39:49Z</time>
    <extensions>
     <power>217</power>
     <gpxtpx:TrackPointExtension>
      <gpxtpx:atemp>14</gpxtpx:atemp>
      <gpxtpx:hr>131</gpxtpx:hr>
      <gpxtpx:cad>89</gpxtpx:cad>
     </gpxtpx:TrackPointExtension>
    </extensions>
   </trkpt>
   <trkpt lat="38.5767780" lon="-121.4705190">
    <ele>11.0</ele>
    <time>2025-11-21T15:39:50Z</time>
    <extensions>
     <power>217</power>
     <gpxtpx:TrackPointExtension>
      <gpxtpx:atemp>15</gpxtpx:atemp>
      <gpxtpx:hr>131</gpxtpx:hr>
      <gpxtpx:cad>89</gpxtpx:cad>
     </gpxtpx:TrackPointExtension>
    </extensions>
   </trkpt>
   <trkpt lat="38.5767810" lon="-121.4705400">
    <ele>11.0</ele>
    <time>2025-11-21T15:39:51Z</time>
    <extensions>
     <power>217</power>
     <gpxtpx:TrackPointExtension>
      <gpxtpx:atemp>15</gpxtpx:atemp>
      <gpxtpx:hr>131</gpxtpx:hr>
      <gpxtpx:cad>89</gpxtpx:cad>
     </gpxtpx:TrackPointExtension>
    </extensions>
   </trkpt>
   <trkpt lat="38.5767890" lon="-121.4705710">
    <ele>11.0</ele>
    <time>2025-11-21T15:39:52Z</time>
    <extensions>
     <power>216</power>
     <gpxtpx:TrackPointExtension>
      <gpxtpx:atemp>14</gpxtpx:atemp>
      <gpxtpx:hr>131</gpxtpx:hr>
      <gpxtpx:cad>88</gpxtpx:cad>
     </gpxtpx:TrackPointExtension>
    </extensions>
   </trkpt>
   <trkpt lat="38.5767950" lon="-121.4705990">
    <ele>11.0</ele>
    <time>2025-11-21T15:39:53Z</time>
    <extensions>
     <power>216</power>
     <gpxtpx:TrackPointExtension>
      <gpxtpx:atemp>15</gpxtpx:atemp>
      <gpxtpx:hr>131</gpxtpx:hr>
      <gpxtpx:cad>88</gpxtpx:cad>
     </gpxtpx:TrackPointExtension>
    </extensions>
   </trkpt>
   <trkpt lat="38.5767990" lon="-121.4706300">
    <ele>11.0</ele>
    <time>2025-11-21T15:39:54Z</time>
    <extensions>
     <power>214</power>
     <gpxtpx:TrackPointExtension>
      <gpxtpx:atemp>14</gpxtpx:atemp>
      <gpxtpx:hr>131</gpxtpx:hr>
      <gpxtpx:cad>88</gpxtpx:cad>
     </gpxtpx:TrackPointExtension>
    </extensions>
   </trkpt>
   <trkpt lat="38.5768010" lon="-121.4706580">
    <ele>11.0</ele>
    <time>2025-11-21T15:39:55Z</time>
    <extensions>
     <power>214</power>
     <gpxtpx:TrackPointExtension>
      <gpxtpx:atemp>15</gpxtpx:atemp>
      <gpxtpx:hr>131</gpxtpx:hr>
      <gpxtpx:cad>88</gpxtpx:cad>
     </gpxtpx:TrackPointExtension>
    </extensions>
   </trkpt>
   <trkpt lat="38.5768090" lon="-121.4706930">
    <ele>11.0</ele>
    <time>2025-11-21T15:39:56Z</time>
    <extensions>
     <power>213</power>
     <gpxtpx:TrackPointExtension>
      <gpxtpx:atemp>15</gpxtpx:atemp>
      <gpxtpx:hr>131</gpxtpx:hr>
      <gpxtpx:cad>88</gpxtpx:cad>
     </gpxtpx:TrackPointExtension>
    </extensions>
   </trkpt>
   <trkpt lat="38.5768170" lon="-121.4707180">
    <ele>11.0</ele>
    <time>2025-11-21T15:39:57Z</time>
    <extensions>
     <power>215</power>
     <gpxtpx:TrackPointExtension>
      <gpxtpx:atemp>14</gpxtpx:atemp>
      <gpxtpx:hr>131</gpxtpx:hr>
      <gpxtpx:cad>88</gpxtpx:cad>
     </gpxtpx:TrackPointExtension>
    </extensions>
   </trkpt>
   <trkpt lat="38.5768240" lon="-121.4707440">
    <ele>11.0</ele>
    <time>2025-11-21T15:39:58Z</time>
    <extensions>
     <power>217</power>
     <gpxtpx:TrackPointExtension>
      <gpxtpx:atemp>14</gpxtpx:atemp>
      <gpxtpx:hr>131</gpxtpx:hr>
      <gpxtpx:cad>88</gpxtpx:cad>
     </gpxtpx:TrackPointExtension>
    </extensions>
   </trkpt>
   <trkpt lat="38.5768300" lon="-121.4707670">
    <ele>11.0</ele>
    <time>2025-11-21T15:39:59Z</time>
    <extensions>
     <power>217</power>
     <gpxtpx:TrackPointExtension>
      <gpxtpx:atemp>15</gpxtpx:atemp>
      <gpxtpx:hr>131</gpxtpx:hr>
      <gpxtpx:cad>88</gpxtpx:cad>
     </gpxtpx:TrackPointExtension>
    </extensions>
   </trkpt>
   <trkpt lat="38.5768320" lon="-121.4707960">
    <ele>11.0</ele>
    <time>2025-11-21T15:40:00Z</time>
    <extensions>
     <power>216</power>
     <gpxtpx:TrackPointExtension>
      <gpxtpx:atemp>14</gpxtpx:atemp>
      <gpxtpx:hr>131</gpxtpx:hr>
      <gpxtpx:cad>88</gpxtpx:cad>
     </gpxtpx:TrackPointExtension>
    </extensions>
   </trkpt>
   <trkpt lat="38.5768390" lon="-121.4708240">
    <ele>11.0</ele>
    <time>2025-11-21T15:40:01Z</time>
    <extensions>
     <power>215</power>
     <gpxtpx:TrackPointExtension>
      <gpxtpx:atemp>14</gpxtpx:atemp>
      <gpxtpx:hr>131</gpxtpx:hr>
      <gpxtpx:cad>88</gpxtpx:cad>
     </gpxtpx:TrackPointExtension>
    </extensions>
   </trkpt>
   <trkpt lat="38.5768460" lon="-121.4708530">
    <ele>10.8</ele>
    <time>2025-11-21T15:40:02Z</time>
    <extensions>
     <power>213</power>
     <gpxtpx:TrackPointExtension>
      <gpxtpx:atemp>14</gpxtpx:atemp>
      <gpxtpx:hr>131</gpxtpx:hr>
      <gpxtpx:cad>88</gpxtpx:cad>
     </gpxtpx:TrackPointExtension>
    </extensions>
   </trkpt>
   <trkpt lat="38.5768550" lon="-121.4708840">
    <ele>10.8</ele>
    <time>2025-11-21T15:40:03Z</time>
    <extensions>
     <power>213</power>
     <gpxtpx:TrackPointExtension>
      <gpxtpx:atemp>15</gpxtpx:atemp>
      <gpxtpx:hr>131</gpxtpx:hr>
      <gpxtpx:cad>88</gpxtpx:cad>
     </gpxtpx:TrackPointExtension>
    </extensions>
   </trkpt>
   <trkpt lat="38.5768620" lon="-121.4709110">
    <ele>10.8</ele>
    <time>2025-11-21T15:40:04Z</time>
    <extensions>
     <power>213</power>
     <gpxtpx:TrackPointExtension>
      <gpxtpx:atemp>15</gpxtpx:atemp>
      <gpxtpx:hr>131</gpxtpx:hr>
      <gpxtpx:cad>88</gpxtpx:cad>
     </gpxtpx:TrackPointExtension>
    </extensions>
   </trkpt>
   <trkpt lat="38.5768710" lon="-121.4709400">
    <ele>10.8</ele>
    <time>2025-11-21T15:40:05Z</time>
    <extensions>
     <power>215</power>
     <gpxtpx:TrackPointExtension>
      <gpxtpx:atemp>15</gpxtpx:atemp>
      <gpxtpx:hr>131</gpxtpx:hr>
      <gpxtpx:cad>88</gpxtpx:cad>
     </gpxtpx:TrackPointExtension>
    </extensions>
   </trkpt>
   <trkpt lat="38.5768780" lon="-121.4709690">
    <ele>10.8</ele>
    <time>2025-11-21T15:40:06Z</time>
    <extensions>
     <power>216</power>
     <gpxtpx:TrackPointExtension>
      <gpxtpx:atemp>14</gpxtpx:atemp>
      <gpxtpx:hr>131</gpxtpx:hr>
      <gpxtpx:cad>88</gpxtpx:cad>
     </gpxtpx:TrackPointExtension>
    </extensions>
   </trkpt>
   <trkpt lat="38.5768880" lon="-121.4710010">
    <ele>10.8</ele>
    <time>2025-11-21T15:40:07Z</time>
    <extensions>
     <power>214</power>
     <gpxtpx:TrackPointExtension>
      <gpxtpx:atemp>14</gpxtpx:atemp>
      <gpxtpx:hr>131</gpxtpx:hr>
      <gpxtpx:cad>88</gpxtpx:cad>
     </gpxtpx:TrackPointExtension>
    </extensions>
   </trkpt>
   <trkpt lat="38.5768950" lon="-121.4710350">
    <ele>10.8</ele>
    <time>2025-11-21T15:40:08Z</time>
    <extensions>
     <power>214</power>
     <gpxtpx:TrackPointExtension>
      <gpxtpx:atemp>14</gpxtpx:atemp>
      <gpxtpx:hr>131</gpxtpx:hr>
      <gpxtpx:cad>88</gpxtpx:cad>
     </gpxtpx:TrackPointExtension>
    </extensions>
   </trkpt>
   <trkpt lat="38.5769030" lon="-121.4710630">
    <ele>10.8</ele>
    <time>2025-11-21T15:40:09Z</time>
    <extensions>
     <power>215</power>
     <gpxtpx:TrackPointExtension>
      <gpxtpx:atemp>14</gpxtpx:atemp>
      <gpxtpx:hr>131</gpxtpx:hr>
      <gpxtpx:cad>88</gpxtpx:cad>
     </gpxtpx:TrackPointExtension>
    </extensions>
   </trkpt>
   <trkpt lat="38.5769120" lon="-121.4710860">
    <ele>10.8</ele>
    <time>2025-11-21T15:40:10Z</time>
    <extensions>
     <power>215</power>
     <gpxtpx:TrackPointExtension>
      <gpxtpx:atemp>14</gpxtpx:atemp>
      <gpxtpx:hr>131</gpxtpx:hr>
      <gpxtpx:cad>88</gpxtpx:cad>
     </gpxtpx:TrackPointExtension>
    </extensions>
   </trkpt>
   <trkpt lat="38.5769200" lon="-121.4711120">
    <ele>10.8</ele>
    <time>2025-11-21T15:40:11Z</time>
    <extensions>
     <power>216</power>
     <gpxtpx:TrackPointExtension>
      <gpxtpx:atemp>15</gpxtpx:atemp>
      <gpxtpx:hr>131</gpxtpx:hr>
      <gpxtpx:cad>88</gpxtpx:cad>
     </gpxtpx:TrackPointExtension>
    </extensions>
   </trkpt>
   <trkpt lat="38.5769250" lon="-121.4711360">
    <ele>10.8</ele>
    <time>2025-11-21T15:40:12Z</time>
    <extensions>
     <power>216</power>
     <gpxtpx:TrackPointExtension>
      <gpxtpx:atemp>14</gpxtpx:atemp>
      <gpxtpx:hr>132</gpxtpx:hr>
      <gpxtpx:cad>89</gpxtpx:cad>
     </gpxtpx:TrackPointExtension>
    </extensions>
   </trkpt>
   <trkpt lat="38.5769310" lon="-121.4711650">
    <ele>10.8</ele>
    <time>2025-11-21T15:40:13Z</time>
    <extensions>
     <power>213</power>
     <gpxtpx:TrackPointExtension>
      <gpxtpx:atemp>14</gpxtpx:atemp>
      <gpxtpx:hr>132</gpxtpx:hr>
      <gpxtpx:cad>89</gpxtpx:cad>
     </gpxtpx:TrackPointExtension>
    </extensions>
   </trkpt>
   <trkpt lat="38.5769370" lon="-121.4711880">
    <ele>10.8</ele>
    <time>2025-11-21T15:40:14Z</time>
    <extensions>
     <power>212</power>
     <gpxtpx:TrackPointExtension>
      <gpxtpx:atemp>14</gpxtpx:atemp>
      <gpxtpx:hr>132</gpxtpx:hr>
      <gpxtpx:cad>89</gpxtpx:cad>
     </gpxtpx:TrackPointExtension>
    </extensions>
   </trkpt>
   <trkpt lat="38.5769490" lon="-121.4712180">
    <ele>10.8</ele>
    <time>2025-11-21T15:40:15Z</time>
    <extensions>
     <power>211</power>
     <gpxtpx:TrackPointExtension>
      <gpxtpx:atemp>14</gpxtpx:atemp>
      <gpxtpx:hr>133</gpxtpx:hr>
      <gpxtpx:cad>89</gpxtpx:cad>
     </gpxtpx:TrackPointExtension>
    </extensions>
   </trkpt>
   <trkpt lat="38.5769560" lon="-121.4712400">
    <ele>10.8</ele>
    <time>2025-11-21T15:40:16Z</time>
    <extensions>
     <power>210</power>
     <gpxtpx:TrackPointExtension>
      <gpxtpx:atemp>14</gpxtpx:atemp>
      <gpxtpx:hr>133</gpxtpx:hr>
      <gpxtpx:cad>89</gpxtpx:cad>
     </gpxtpx:TrackPointExtension>
    </extensions>
   </trkpt>
   <trkpt lat="38.5769690" lon="-121.4712670">
    <ele>10.8</ele>
    <time>2025-11-21T15:40:17Z</time>
    <extensions>
     <power>210</power>
     <gpxtpx:TrackPointExtension>
      <gpxtpx:atemp>14</gpxtpx:atemp>
      <gpxtpx:hr>133</gpxtpx:hr>
      <gpxtpx:cad>89</gpxtpx:cad>
     </gpxtpx:TrackPointExtension>
    </extensions>
   </trkpt>
   <trkpt lat="38.5769770" lon="-121.4712920">
    <ele>10.8</ele>
    <time>2025-11-21T15:40:18Z</time>
    <extensions>
     <power>210</power>
     <gpxtpx:TrackPointExtension>
      <gpxtpx:atemp>14</gpxtpx:atemp>
      <gpxtpx:hr>133</gpxtpx:hr>
      <gpxtpx:cad>88</gpxtpx:cad>
     </gpxtpx:TrackPointExtension>
    </extensions>
   </trkpt>
   <trkpt lat="38.5769840" lon="-121.4713230">
    <ele>11.0</ele>
    <time>2025-11-21T15:40:19Z</time>
    <extensions>
     <power>211</power>
     <gpxtpx:TrackPointExtension>
      <gpxtpx:atemp>14</gpxtpx:atemp>
      <gpxtpx:hr>133</gpxtpx:hr>
      <gpxtpx:cad>88</gpxtpx:cad>
     </gpxtpx:TrackPointExtension>
    </extensions>
   </trkpt>
   <trkpt lat="38.5769910" lon="-121.4713460">
    <ele>11.0</ele>
    <time>2025-11-21T15:40:20Z</time>
    <extensions>
     <power>211</power>
     <gpxtpx:TrackPointExtension>
      <gpxtpx:atemp>14</gpxtpx:atemp>
      <gpxtpx:hr>133</gpxtpx:hr>
      <gpxtpx:cad>88</gpxtpx:cad>
     </gpxtpx:TrackPointExtension>
    </extensions>
   </trkpt>
   <trkpt lat="38.5770000" lon="-121.4713720">
    <ele>11.0</ele>
    <time>2025-11-21T15:40:21Z</time>
    <extensions>
     <power>212</power>
     <gpxtpx:TrackPointExtension>
      <gpxtpx:atemp>14</gpxtpx:atemp>
      <gpxtpx:hr>133</gpxtpx:hr>
      <gpxtpx:cad>89</gpxtpx:cad>
     </gpxtpx:TrackPointExtension>
    </extensions>
   </trkpt>
   <trkpt lat="38.5770070" lon="-121.4713980">
    <ele>11.0</ele>
    <time>2025-11-21T15:40:22Z</time>
    <extensions>
     <power>210</power>
     <gpxtpx:TrackPointExtension>
      <gpxtpx:atemp>14</gpxtpx:atemp>
      <gpxtpx:hr>133</gpxtpx:hr>
      <gpxtpx:cad>89</gpxtpx:cad>
     </gpxtpx:TrackPointExtension>
    </extensions>
   </trkpt>
   <trkpt lat="38.5770210" lon="-121.4714290">
    <ele>11.0</ele>
    <time>2025-11-21T15:40:23Z</time>
    <extensions>
     <power>209</power>
     <gpxtpx:TrackPointExtension>
      <gpxtpx:atemp>14</gpxtpx:atemp>
      <gpxtpx:hr>133</gpxtpx:hr>
      <gpxtpx:cad>89</gpxtpx:cad>
     </gpxtpx:TrackPointExtension>
    </extensions>
   </trkpt>
   <trkpt lat="38.5770290" lon="-121.4714570">
    <ele>11.0</ele>
    <time>2025-11-21T15:40:24Z</time>
    <extensions>
     <power>209</power>
     <gpxtpx:TrackPointExtension>
      <gpxtpx:atemp>14</gpxtpx:atemp>
      <gpxtpx:hr>133</gpxtpx:hr>
      <gpxtpx:cad>89</gpxtpx:cad>
     </gpxtpx:TrackPointExtension>
    </extensions>
   </trkpt>
   <trkpt lat="38.5770350" lon="-121.4714850">
    <ele>10.8</ele>
    <time>2025-11-21T15:40:25Z</time>
    <extensions>
     <power>210</power>
     <gpxtpx:TrackPointExtension>
      <gpxtpx:atemp>15</gpxtpx:atemp>
      <gpxtpx:hr>134</gpxtpx:hr>
      <gpxtpx:cad>89</gpxtpx:cad>
     </gpxtpx:TrackPointExtension>
    </extensions>
   </trkpt>
   <trkpt lat="38.5770410" lon="-121.4715100">
    <ele>10.8</ele>
    <time>2025-11-21T15:40:26Z</time>
    <extensions>
     <power>210</power>
     <gpxtpx:TrackPointExtension>
      <gpxtpx:atemp>14</gpxtpx:atemp>
      <gpxtpx:hr>134</gpxtpx:hr>
      <gpxtpx:cad>89</gpxtpx:cad>
     </gpxtpx:TrackPointExtension>
    </extensions>
   </trkpt>
   <trkpt lat="38.5770490" lon="-121.4715410">
    <ele>10.8</ele>
    <time>2025-11-21T15:40:27Z</time>
    <extensions>
     <power>211</power>
     <gpxtpx:TrackPointExtension>
      <gpxtpx:atemp>14</gpxtpx:atemp>
      <gpxtpx:hr>134</gpxtpx:hr>
      <gpxtpx:cad>89</gpxtpx:cad>
     </gpxtpx:TrackPointExtension>
    </extensions>
   </trkpt>
   <trkpt lat="38.5770550" lon="-121.4715650">
    <ele>11.0</ele>
    <time>2025-11-21T15:40:28Z</time>
    <extensions>
     <power>211</power>
     <gpxtpx:TrackPointExtension>
      <gpxtpx:atemp>14</gpxtpx:atemp>
      <gpxtpx:hr>134</gpxtpx:hr>
      <gpxtpx:cad>89</gpxtpx:cad>
     </gpxtpx:TrackPointExtension>
    </extensions>
   </trkpt>
   <trkpt lat="38.5770590" lon="-121.4715950">
    <ele>11.0</ele>
    <time>2025-11-21T15:40:29Z</time>
    <extensions>
     <power>210</power>
     <gpxtpx:TrackPointExtension>
      <gpxtpx:atemp>14</gpxtpx:atemp>
      <gpxtpx:hr>134</gpxtpx:hr>
      <gpxtpx:cad>89</gpxtpx:cad>
     </gpxtpx:TrackPointExtension>
    </extensions>
   </trkpt>
   <trkpt lat="38.5770660" lon="-121.4716190">
    <ele>11.0</ele>
    <time>2025-11-21T15:40:30Z</time>
    <extensions>
     <power>210</power>
     <gpxtpx:TrackPointExtension>
      <gpxtpx:atemp>14</gpxtpx:atemp>
      <gpxtpx:hr>134</gpxtpx:hr>
      <gpxtpx:cad>89</gpxtpx:cad>
     </gpxtpx:TrackPointExtension>
    </extensions>
   </trkpt>
   <trkpt lat="38.5770730" lon="-121.4716490">
    <ele>11.2</ele>
    <time>2025-11-21T15:40:31Z</time>
    <extensions>
     <power>210</power>
     <gpxtpx:TrackPointExtension>
      <gpxtpx:atemp>14</gpxtpx:atemp>
      <gpxtpx:hr>134</gpxtpx:hr>
      <gpxtpx:cad>88</gpxtpx:cad>
     </gpxtpx:TrackPointExtension>
    </extensions>
   </trkpt>
   <trkpt lat="38.5770790" lon="-121.4716670">
    <ele>11.2</ele>
    <time>2025-11-21T15:40:32Z</time>
    <extensions>
     <power>212</power>
     <gpxtpx:TrackPointExtension>
      <gpxtpx:atemp>14</gpxtpx:atemp>
      <gpxtpx:hr>133</gpxtpx:hr>
      <gpxtpx:cad>88</gpxtpx:cad>
     </gpxtpx:TrackPointExtension>
    </extensions>
   </trkpt>
   <trkpt lat="38.5770870" lon="-121.4716960">
    <ele>11.2</ele>
    <time>2025-11-21T15:40:33Z</time>
    <extensions>
     <power>212</power>
     <gpxtpx:TrackPointExtension>
      <gpxtpx:atemp>14</gpxtpx:atemp>
      <gpxtpx:hr>134</gpxtpx:hr>
      <gpxtpx:cad>88</gpxtpx:cad>
     </gpxtpx:TrackPointExtension>
    </extensions>
   </trkpt>
   <trkpt lat="38.5770920" lon="-121.4717170">
    <ele>11.0</ele>
    <time>2025-11-21T15:40:34Z</time>
    <extensions>
     <power>212</power>
     <gpxtpx:TrackPointExtension>
      <gpxtpx:atemp>14</gpxtpx:atemp>
      <gpxtpx:hr>134</gpxtpx:hr>
      <gpxtpx:cad>88</gpxtpx:cad>
     </gpxtpx:TrackPointExtension>
    </extensions>
   </trkpt>
   <trkpt lat="38.5771010" lon="-121.4717520">
    <ele>11.0</ele>
    <time>2025-11-21T15:40:35Z</time>
    <extensions>
     <power>211</power>
     <gpxtpx:TrackPointExtension>
      <gpxtpx:atemp>14</gpxtpx:atemp>
      <gpxtpx:hr>134</gpxtpx:hr>
      <gpxtpx:cad>88</gpxtpx:cad>
     </gpxtpx:TrackPointExtension>
    </extensions>
   </trkpt>
   <trkpt lat="38.5771060" lon="-121.4717810">
    <ele>11.0</ele>
    <time>2025-11-21T15:40:36Z</time>
    <extensions>
     <power>210</power>
     <gpxtpx:TrackPointExtension>
      <gpxtpx:atemp>14</gpxtpx:atemp>
      <gpxtpx:hr>134</gpxtpx:hr>
      <gpxtpx:cad>88</gpxtpx:cad>
     </gpxtpx:TrackPointExtension>
    </extensions>
   </trkpt>
   <trkpt lat="38.5771150" lon="-121.4718130">
    <ele>11.0</ele>
    <time>2025-11-21T15:40:37Z</time>
    <extensions>
     <power>210</power>
     <gpxtpx:TrackPointExtension>
      <gpxtpx:atemp>14</gpxtpx:atemp>
      <gpxtpx:hr>134</gpxtpx:hr>
      <gpxtpx:cad>88</gpxtpx:cad>
     </gpxtpx:TrackPointExtension>
    </extensions>
   </trkpt>
   <trkpt lat="38.5771210" lon="-121.4718390">
    <ele>11.0</ele>
    <time>2025-11-21T15:40:38Z</time>
    <extensions>
     <power>210</power>
     <gpxtpx:TrackPointExtension>
      <gpxtpx:atemp>14</gpxtpx:atemp>
      <gpxtpx:hr>134</gpxtpx:hr>
      <gpxtpx:cad>90</gpxtpx:cad>
     </gpxtpx:TrackPointExtension>
    </extensions>
   </trkpt>
   <trkpt lat="38.5771310" lon="-121.4718690">
    <ele>11.0</ele>
    <time>2025-11-21T15:40:39Z</time>
    <extensions>
     <power>210</power>
     <gpxtpx:TrackPointExtension>
      <gpxtpx:atemp>14</gpxtpx:atemp>
      <gpxtpx:hr>134</gpxtpx:hr>
      <gpxtpx:cad>90</gpxtpx:cad>
     </gpxtpx:TrackPointExtension>
    </extensions>
   </trkpt>
   <trkpt lat="38.5771380" lon="-121.4718930">
    <ele>11.0</ele>
    <time>2025-11-21T15:40:40Z</time>
    <extensions>
     <power>210</power>
     <gpxtpx:TrackPointExtension>
      <gpxtpx:atemp>14</gpxtpx:atemp>
      <gpxtpx:hr>134</gpxtpx:hr>
      <gpxtpx:cad>90</gpxtpx:cad>
     </gpxtpx:TrackPointExtension>
    </extensions>
   </trkpt>
   <trkpt lat="38.5771450" lon="-121.4719240">
    <ele>11.0</ele>
    <time>2025-11-21T15:40:41Z</time>
    <extensions>
     <power>211</power>
     <gpxtpx:TrackPointExtension>
      <gpxtpx:atemp>14</gpxtpx:atemp>
      <gpxtpx:hr>134</gpxtpx:hr>
      <gpxtpx:cad>90</gpxtpx:cad>
     </gpxtpx:TrackPointExtension>
    </extensions>
   </trkpt>
   <trkpt lat="38.5771520" lon="-121.4719490">
    <ele>11.0</ele>
    <time>2025-11-21T15:40:42Z</time>
    <extensions>
     <power>210</power>
     <gpxtpx:TrackPointExtension>
      <gpxtpx:atemp>14</gpxtpx:atemp>
      <gpxtpx:hr>134</gpxtpx:hr>
      <gpxtpx:cad>89</gpxtpx:cad>
     </gpxtpx:TrackPointExtension>
    </extensions>
   </trkpt>
   <trkpt lat="38.5771610" lon="-121.4719760">
    <ele>11.0</ele>
    <time>2025-11-21T15:40:43Z</time>
    <extensions>
     <power>210</power>
     <gpxtpx:TrackPointExtension>
      <gpxtpx:atemp>14</gpxtpx:atemp>
      <gpxtpx:hr>134</gpxtpx:hr>
      <gpxtpx:cad>89</gpxtpx:cad>
     </gpxtpx:TrackPointExtension>
    </extensions>
   </trkpt>
   <trkpt lat="38.5771700" lon="-121.4720050">
    <ele>11.0</ele>
    <time>2025-11-21T15:40:44Z</time>
    <extensions>
     <power>210</power>
     <gpxtpx:TrackPointExtension>
      <gpxtpx:atemp>14</gpxtpx:atemp>
      <gpxtpx:hr>134</gpxtpx:hr>
      <gpxtpx:cad>89</gpxtpx:cad>
     </gpxtpx:TrackPointExtension>
    </extensions>
   </trkpt>
   <trkpt lat="38.5771770" lon="-121.4720340">
    <ele>10.8</ele>
    <time>2025-11-21T15:40:45Z</time>
    <extensions>
     <power>211</power>
     <gpxtpx:TrackPointExtension>
      <gpxtpx:atemp>14</gpxtpx:atemp>
      <gpxtpx:hr>134</gpxtpx:hr>
      <gpxtpx:cad>88</gpxtpx:cad>
     </gpxtpx:TrackPointExtension>
    </extensions>
   </trkpt>
   <trkpt lat="38.5771850" lon="-121.4720630">
    <ele>10.8</ele>
    <time>2025-11-21T15:40:46Z</time>
    <extensions>
     <power>212</power>
     <gpxtpx:TrackPointExtension>
      <gpxtpx:atemp>14</gpxtpx:atemp>
      <gpxtpx:hr>134</gpxtpx:hr>
      <gpxtpx:cad>88</gpxtpx:cad>
     </gpxtpx:TrackPointExtension>
    </extensions>
   </trkpt>
   <trkpt lat="38.5771880" lon="-121.4720990">
    <ele>10.8</ele>
    <time>2025-11-21T15:40:47Z</time>
    <extensions>
     <power>213</power>
     <gpxtpx:TrackPointExtension>
      <gpxtpx:atemp>14</gpxtpx:atemp>
      <gpxtpx:hr>134</gpxtpx:hr>
      <gpxtpx:cad>88</gpxtpx:cad>
     </gpxtpx:TrackPointExtension>
    </extensions>
   </trkpt>
   <trkpt lat="38.5771940" lon="-121.4721210">
    <ele>10.8</ele>
    <time>2025-11-21T15:40:48Z</time>
    <extensions>
     <power>213</power>
     <gpxtpx:TrackPointExtension>
      <gpxtpx:atemp>14</gpxtpx:atemp>
      <gpxtpx:hr>134</gpxtpx:hr>
      <gpxtpx:cad>88</gpxtpx:cad>
     </gpxtpx:TrackPointExtension>
    </extensions>
   </trkpt>
   <trkpt lat="38.5772010" lon="-121.4721490">
    <ele>10.8</ele>
    <time>2025-11-21T15:40:49Z</time>
    <extensions>
     <power>213</power>
     <gpxtpx:TrackPointExtension>
      <gpxtpx:atemp>14</gpxtpx:atemp>
      <gpxtpx:hr>134</gpxtpx:hr>
      <gpxtpx:cad>88</gpxtpx:cad>
     </gpxtpx:TrackPointExtension>
    </extensions>
   </trkpt>
   <trkpt lat="38.5772110" lon="-121.4721750">
    <ele>10.6</ele>
    <time>2025-11-21T15:40:50Z</time>
    <extensions>
     <power>213</power>
     <gpxtpx:TrackPointExtension>
      <gpxtpx:atemp>14</gpxtpx:atemp>
      <gpxtpx:hr>134</gpxtpx:hr>
      <gpxtpx:cad>89</gpxtpx:cad>
     </gpxtpx:TrackPointExtension>
    </extensions>
   </trkpt>
   <trkpt lat="38.5772210" lon="-121.4722030">
    <ele>10.6</ele>
    <time>2025-11-21T15:40:51Z</time>
    <extensions>
     <power>211</power>
     <gpxtpx:TrackPointExtension>
      <gpxtpx:atemp>14</gpxtpx:atemp>
      <gpxtpx:hr>135</gpxtpx:hr>
      <gpxtpx:cad>89</gpxtpx:cad>
     </gpxtpx:TrackPointExtension>
    </extensions>
   </trkpt>
   <trkpt lat="38.5772290" lon="-121.4722310">
    <ele>10.8</ele>
    <time>2025-11-21T15:40:52Z</time>
    <extensions>
     <power>211</power>
     <gpxtpx:TrackPointExtension>
      <gpxtpx:atemp>14</gpxtpx:atemp>
      <gpxtpx:hr>135</gpxtpx:hr>
      <gpxtpx:cad>88</gpxtpx:cad>
     </gpxtpx:TrackPointExtension>
    </extensions>
   </trkpt>
   <trkpt lat="38.5772350" lon="-121.4722600">
    <ele>10.6</ele>
    <time>2025-11-21T15:40:53Z</time>
    <extensions>
     <power>212</power>
     <gpxtpx:TrackPointExtension>
      <gpxtpx:atemp>14</gpxtpx:atemp>
      <gpxtpx:hr>135</gpxtpx:hr>
      <gpxtpx:cad>88</gpxtpx:cad>
     </gpxtpx:TrackPointExtension>
    </extensions>
   </trkpt>
   <trkpt lat="38.5772460" lon="-121.4722900">
    <ele>10.8</ele>
    <time>2025-11-21T15:40:54Z</time>
    <extensions>
     <power>212</power>
     <gpxtpx:TrackPointExtension>
      <gpxtpx:atemp>14</gpxtpx:atemp>
      <gpxtpx:hr>135</gpxtpx:hr>
      <gpxtpx:cad>88</gpxtpx:cad>
     </gpxtpx:TrackPointExtension>
    </extensions>
   </trkpt>
   <trkpt lat="38.5772550" lon="-121.4723200">
    <ele>10.8</ele>
    <time>2025-11-21T15:40:55Z</time>
    <extensions>
     <power>213</power>
     <gpxtpx:TrackPointExtension>
      <gpxtpx:atemp>14</gpxtpx:atemp>
      <gpxtpx:hr>136</gpxtpx:hr>
      <gpxtpx:cad>88</gpxtpx:cad>
     </gpxtpx:TrackPointExtension>
    </extensions>
   </trkpt>
   <trkpt lat="38.5772650" lon="-121.4723460">
    <ele>10.8</ele>
    <time>2025-11-21T15:40:56Z</time>
    <extensions>
     <power>213</power>
     <gpxtpx:TrackPointExtension>
      <gpxtpx:atemp>14</gpxtpx:atemp>
      <gpxtpx:hr>136</gpxtpx:hr>
      <gpxtpx:cad>89</gpxtpx:cad>
     </gpxtpx:TrackPointExtension>
    </extensions>
   </trkpt>
   <trkpt lat="38.5772740" lon="-121.4723710">
    <ele>10.6</ele>
    <time>2025-11-21T15:40:57Z</time>
    <extensions>
     <power>213</power>
     <gpxtpx:TrackPointExtension>
      <gpxtpx:atemp>14</gpxtpx:atemp>
      <gpxtpx:hr>136</gpxtpx:hr>
      <gpxtpx:cad>89</gpxtpx:cad>
     </gpxtpx:TrackPointExtension>
    </extensions>
   </trkpt>
   <trkpt lat="38.5772830" lon="-121.4723940">
    <ele>10.8</ele>
    <time>2025-11-21T15:40:58Z</time>
    <extensions>
     <power>213</power>
     <gpxtpx:TrackPointExtension>
      <gpxtpx:atemp>14</gpxtpx:atemp>
      <gpxtpx:hr>135</gpxtpx:hr>
      <gpxtpx:cad>89</gpxtpx:cad>
     </gpxtpx:TrackPointExtension>
    </extensions>
   </trkpt>
   <trkpt lat="38.5772880" lon="-121.4724230">
    <ele>10.8</ele>
    <time>2025-11-21T15:40:59Z</time>
    <extensions>
     <power>213</power>
     <gpxtpx:TrackPointExtension>
      <gpxtpx:atemp>14</gpxtpx:atemp>
      <gpxtpx:hr>135</gpxtpx:hr>
      <gpxtpx:cad>89</gpxtpx:cad>
     </gpxtpx:TrackPointExtension>
    </extensions>
   </trkpt>
   <trkpt lat="38.5772950" lon="-121.4724460">
    <ele>10.8</ele>
    <time>2025-11-21T15:41:00Z</time>
    <extensions>
     <power>213</power>
     <gpxtpx:TrackPointExtension>
      <gpxtpx:atemp>14</gpxtpx:atemp>
      <gpxtpx:hr>135</gpxtpx:hr>
      <gpxtpx:cad>89</gpxtpx:cad>
     </gpxtpx:TrackPointExtension>
    </extensions>
   </trkpt>
   <trkpt lat="38.5773030" lon="-121.4724700">
    <ele>10.8</ele>
    <time>2025-11-21T15:41:01Z</time>
    <extensions>
     <power>213</power>
     <gpxtpx:TrackPointExtension>
      <gpxtpx:atemp>14</gpxtpx:atemp>
      <gpxtpx:hr>136</gpxtpx:hr>
      <gpxtpx:cad>89</gpxtpx:cad>
     </gpxtpx:TrackPointExtension>
    </extensions>
   </trkpt>
   <trkpt lat="38.5773130" lon="-121.4724920">
    <ele>10.8</ele>
    <time>2025-11-21T15:41:02Z</time>
    <extensions>
     <power>213</power>
     <gpxtpx:TrackPointExtension>
      <gpxtpx:atemp>14</gpxtpx:atemp>
      <gpxtpx:hr>135</gpxtpx:hr>
      <gpxtpx:cad>89</gpxtpx:cad>
     </gpxtpx:TrackPointExtension>
    </extensions>
   </trkpt>
   <trkpt lat="38.5773200" lon="-121.4725160">
    <ele>10.8</ele>
    <time>2025-11-21T15:41:03Z</time>
    <extensions>
     <power>212</power>
     <gpxtpx:TrackPointExtension>
      <gpxtpx:atemp>14</gpxtpx:atemp>
      <gpxtpx:hr>135</gpxtpx:hr>
      <gpxtpx:cad>89</gpxtpx:cad>
     </gpxtpx:TrackPointExtension>
    </extensions>
   </trkpt>
   <trkpt lat="38.5773230" lon="-121.4725470">
    <ele>10.8</ele>
    <time>2025-11-21T15:41:04Z</time>
    <extensions>
     <power>212</power>
     <gpxtpx:TrackPointExtension>
      <gpxtpx:atemp>14</gpxtpx:atemp>
      <gpxtpx:hr>136</gpxtpx:hr>
      <gpxtpx:cad>89</gpxtpx:cad>
     </gpxtpx:TrackPointExtension>
    </extensions>
   </trkpt>
   <trkpt lat="38.5773300" lon="-121.4725770">
    <ele>10.8</ele>
    <time>2025-11-21T15:41:05Z</time>
    <extensions>
     <power>211</power>
     <gpxtpx:TrackPointExtension>
      <gpxtpx:atemp>14</gpxtpx:atemp>
      <gpxtpx:hr>135</gpxtpx:hr>
      <gpxtpx:cad>89</gpxtpx:cad>
     </gpxtpx:TrackPointExtension>
    </extensions>
   </trkpt>
   <trkpt lat="38.5773370" lon="-121.4726100">
    <ele>11.0</ele>
    <time>2025-11-21T15:41:06Z</time>
    <extensions>
     <power>212</power>
     <gpxtpx:TrackPointExtension>
      <gpxtpx:atemp>14</gpxtpx:atemp>
      <gpxtpx:hr>135</gpxtpx:hr>
      <gpxtpx:cad>89</gpxtpx:cad>
     </gpxtpx:TrackPointExtension>
    </extensions>
   </trkpt>
   <trkpt lat="38.5773420" lon="-121.4726390">
    <ele>10.8</ele>
    <time>2025-11-21T15:41:07Z</time>
    <extensions>
     <power>212</power>
     <gpxtpx:TrackPointExtension>
      <gpxtpx:atemp>14</gpxtpx:atemp>
      <gpxtpx:hr>136</gpxtpx:hr>
      <gpxtpx:cad>89</gpxtpx:cad>
     </gpxtpx:TrackPointExtension>
    </extensions>
   </trkpt>
   <trkpt lat="38.5773480" lon="-121.4726660">
    <ele>10.8</ele>
    <time>2025-11-21T15:41:08Z</time>
    <extensions>
     <power>213</power>
     <gpxtpx:TrackPointExtension>
      <gpxtpx:atemp>14</gpxtpx:atemp>
      <gpxtpx:hr>135</gpxtpx:hr>
      <gpxtpx:cad>89</gpxtpx:cad>
     </gpxtpx:TrackPointExtension>
    </extensions>
   </trkpt>
   <trkpt lat="38.5773550" lon="-121.4726880">
    <ele>10.8</ele>
    <time>2025-11-21T15:41:09Z</time>
    <extensions>
     <power>215</power>
     <gpxtpx:TrackPointExtension>
      <gpxtpx:atemp>14</gpxtpx:atemp>
      <gpxtpx:hr>135</gpxtpx:hr>
      <gpxtpx:cad>89</gpxtpx:cad>
     </gpxtpx:TrackPointExtension>
    </extensions>
   </trkpt>
   <trkpt lat="38.5773620" lon="-121.4727170">
    <ele>10.8</ele>
    <time>2025-11-21T15:41:10Z</time>
    <extensions>
     <power>214</power>
     <gpxtpx:TrackPointExtension>
      <gpxtpx:atemp>14</gpxtpx:atemp>
      <gpxtpx:hr>136</gpxtpx:hr>
      <gpxtpx:cad>89</gpxtpx:cad>
     </gpxtpx:TrackPointExtension>
    </extensions>
   </trkpt>
   <trkpt lat="38.5773660" lon="-121.4727410">
    <ele>11.0</ele>
    <time>2025-11-21T15:41:11Z</time>
    <extensions>
     <power>215</power>
     <gpxtpx:TrackPointExtension>
      <gpxtpx:atemp>14</gpxtpx:atemp>
      <gpxtpx:hr>135</gpxtpx:hr>
      <gpxtpx:cad>89</gpxtpx:cad>
     </gpxtpx:TrackPointExtension>
    </extensions>
   </trkpt>
   <trkpt lat="38.5773740" lon="-121.4727670">
    <ele>11.0</ele>
    <time>2025-11-21T15:41:12Z</time>
    <extensions>
     <power>215</power>
     <gpxtpx:TrackPointExtension>
      <gpxtpx:atemp>14</gpxtpx:atemp>
      <gpxtpx:hr>135</gpxtpx:hr>
      <gpxtpx:cad>89</gpxtpx:cad>
     </gpxtpx:TrackPointExtension>
    </extensions>
   </trkpt>
   <trkpt lat="38.5773810" lon="-121.4727900">
    <ele>11.0</ele>
    <time>2025-11-21T15:41:13Z</time>
    <extensions>
     <power>216</power>
     <gpxtpx:TrackPointExtension>
      <gpxtpx:atemp>14</gpxtpx:atemp>
      <gpxtpx:hr>136</gpxtpx:hr>
      <gpxtpx:cad>88</gpxtpx:cad>
     </gpxtpx:TrackPointExtension>
    </extensions>
   </trkpt>
   <trkpt lat="38.5773890" lon="-121.4728180">
    <ele>11.0</ele>
    <time>2025-11-21T15:41:14Z</time>
    <extensions>
     <power>216</power>
     <gpxtpx:TrackPointExtension>
      <gpxtpx:atemp>14</gpxtpx:atemp>
      <gpxtpx:hr>135</gpxtpx:hr>
      <gpxtpx:cad>88</gpxtpx:cad>
     </gpxtpx:TrackPointExtension>
    </extensions>
   </trkpt>
   <trkpt lat="38.5773960" lon="-121.4728430">
    <ele>11.0</ele>
    <time>2025-11-21T15:41:15Z</time>
    <extensions>
     <power>217</power>
     <gpxtpx:TrackPointExtension>
      <gpxtpx:atemp>14</gpxtpx:atemp>
      <gpxtpx:hr>135</gpxtpx:hr>
      <gpxtpx:cad>88</gpxtpx:cad>
     </gpxtpx:TrackPointExtension>
    </extensions>
   </trkpt>
   <trkpt lat="38.5774060" lon="-121.4728700">
    <ele>11.0</ele>
    <time>2025-11-21T15:41:16Z</time>
    <extensions>
     <power>216</power>
     <gpxtpx:TrackPointExtension>
      <gpxtpx:atemp>14</gpxtpx:atemp>
      <gpxtpx:hr>135</gpxtpx:hr>
      <gpxtpx:cad>88</gpxtpx:cad>
     </gpxtpx:TrackPointExtension>
    </extensions>
   </trkpt>
   <trkpt lat="38.5774150" lon="-121.4728930">
    <ele>11.0</ele>
    <time>2025-11-21T15:41:17Z</time>
    <extensions>
     <power>216</power>
     <gpxtpx:TrackPointExtension>
      <gpxtpx:atemp>14</gpxtpx:atemp>
      <gpxtpx:hr>136</gpxtpx:hr>
      <gpxtpx:cad>88</gpxtpx:cad>
     </gpxtpx:TrackPointExtension>
    </extensions>
   </trkpt>
   <trkpt lat="38.5774280" lon="-121.4729220">
    <ele>11.0</ele>
    <time>2025-11-21T15:41:18Z</time>
    <extensions>
     <power>216</power>
     <gpxtpx:TrackPointExtension>
      <gpxtpx:atemp>14</gpxtpx:atemp>
      <gpxtpx:hr>135</gpxtpx:hr>
      <gpxtpx:cad>89</gpxtpx:cad>
     </gpxtpx:TrackPointExtension>
    </extensions>
   </trkpt>
   <trkpt lat="38.5774360" lon="-121.4729440">
    <ele>11.0</ele>
    <time>2025-11-21T15:41:19Z</time>
    <extensions>
     <power>215</power>
     <gpxtpx:TrackPointExtension>
      <gpxtpx:atemp>14</gpxtpx:atemp>
      <gpxtpx:hr>135</gpxtpx:hr>
      <gpxtpx:cad>89</gpxtpx:cad>
     </gpxtpx:TrackPointExtension>
    </extensions>
   </trkpt>
   <trkpt lat="38.5774450" lon="-121.4729720">
    <ele>11.0</ele>
    <time>2025-11-21T15:41:20Z</time>
    <extensions>
     <power>213</power>
     <gpxtpx:TrackPointExtension>
      <gpxtpx:atemp>14</gpxtpx:atemp>
      <gpxtpx:hr>135</gpxtpx:hr>
      <gpxtpx:cad>88</gpxtpx:cad>
     </gpxtpx:TrackPointExtension>
    </extensions>
   </trkpt>
   <trkpt lat="38.5774500" lon="-121.4729970">
    <ele>11.0</ele>
    <time>2025-11-21T15:41:21Z</time>
    <extensions>
     <power>214</power>
     <gpxtpx:TrackPointExtension>
      <gpxtpx:atemp>14</gpxtpx:atemp>
      <gpxtpx:hr>135</gpxtpx:hr>
      <gpxtpx:cad>88</gpxtpx:cad>
     </gpxtpx:TrackPointExtension>
    </extensions>
   </trkpt>
   <trkpt lat="38.5774600" lon="-121.4730230">
    <ele>11.0</ele>
    <time>2025-11-21T15:41:22Z</time>
    <extensions>
     <power>213</power>
     <gpxtpx:TrackPointExtension>
      <gpxtpx:atemp>14</gpxtpx:atemp>
      <gpxtpx:hr>135</gpxtpx:hr>
      <gpxtpx:cad>88</gpxtpx:cad>
     </gpxtpx:TrackPointExtension>
    </extensions>
   </trkpt>
   <trkpt lat="38.5774660" lon="-121.4730490">
    <ele>11.0</ele>
    <time>2025-11-21T15:41:23Z</time>
    <extensions>
     <power>213</power>
     <gpxtpx:TrackPointExtension>
      <gpxtpx:atemp>14</gpxtpx:atemp>
      <gpxtpx:hr>135</gpxtpx:hr>
      <gpxtpx:cad>88</gpxtpx:cad>
     </gpxtpx:TrackPointExtension>
    </extensions>
   </trkpt>
   <trkpt lat="38.5774710" lon="-121.4730810">
    <ele>11.0</ele>
    <time>2025-11-21T15:41:24Z</time>
    <extensions>
     <power>213</power>
     <gpxtpx:TrackPointExtension>
      <gpxtpx:atemp>14</gpxtpx:atemp>
      <gpxtpx:hr>135</gpxtpx:hr>
      <gpxtpx:cad>88</gpxtpx:cad>
     </gpxtpx:TrackPointExtension>
    </extensions>
   </trkpt>
   <trkpt lat="38.5774760" lon="-121.4731100">
    <ele>11.0</ele>
    <time>2025-11-21T15:41:25Z</time>
    <extensions>
     <power>213</power>
     <gpxtpx:TrackPointExtension>
      <gpxtpx:atemp>14</gpxtpx:atemp>
      <gpxtpx:hr>136</gpxtpx:hr>
      <gpxtpx:cad>88</gpxtpx:cad>
     </gpxtpx:TrackPointExtension>
    </extensions>
   </trkpt>
   <trkpt lat="38.5774810" lon="-121.4731410">
    <ele>11.0</ele>
    <time>2025-11-21T15:41:26Z</time>
    <extensions>
     <power>213</power>
     <gpxtpx:TrackPointExtension>
      <gpxtpx:atemp>14</gpxtpx:atemp>
      <gpxtpx:hr>135</gpxtpx:hr>
      <gpxtpx:cad>87</gpxtpx:cad>
     </gpxtpx:TrackPointExtension>
    </extensions>
   </trkpt>
   <trkpt lat="38.5774910" lon="-121.4731700">
    <ele>11.0</ele>
    <time>2025-11-21T15:41:27Z</time>
    <extensions>
     <power>216</power>
     <gpxtpx:TrackPointExtension>
      <gpxtpx:atemp>14</gpxtpx:atemp>
      <gpxtpx:hr>135</gpxtpx:hr>
      <gpxtpx:cad>87</gpxtpx:cad>
     </gpxtpx:TrackPointExtension>
    </extensions>
   </trkpt>
   <trkpt lat="38.5774970" lon="-121.4732000">
    <ele>11.0</ele>
    <time>2025-11-21T15:41:28Z</time>
    <extensions>
     <power>216</power>
     <gpxtpx:TrackPointExtension>
      <gpxtpx:atemp>14</gpxtpx:atemp>
      <gpxtpx:hr>135</gpxtpx:hr>
      <gpxtpx:cad>87</gpxtpx:cad>
     </gpxtpx:TrackPointExtension>
    </extensions>
   </trkpt>
   <trkpt lat="38.5775050" lon="-121.4732350">
    <ele>11.0</ele>
    <time>2025-11-21T15:41:29Z</time>
    <extensions>
     <power>216</power>
     <gpxtpx:TrackPointExtension>
      <gpxtpx:atemp>14</gpxtpx:atemp>
      <gpxtpx:hr>135</gpxtpx:hr>
      <gpxtpx:cad>87</gpxtpx:cad>
     </gpxtpx:TrackPointExtension>
    </extensions>
   </trkpt>
   <trkpt lat="38.5775120" lon="-121.4732690">
    <ele>11.0</ele>
    <time>2025-11-21T15:41:30Z</time>
    <extensions>
     <power>218</power>
     <gpxtpx:TrackPointExtension>
      <gpxtpx:atemp>14</gpxtpx:atemp>
      <gpxtpx:hr>135</gpxtpx:hr>
      <gpxtpx:cad>87</gpxtpx:cad>
     </gpxtpx:TrackPointExtension>
    </extensions>
   </trkpt>
   <trkpt lat="38.5775240" lon="-121.4732990">
    <ele>11.0</ele>
    <time>2025-11-21T15:41:31Z</time>
    <extensions>
     <power>218</power>
     <gpxtpx:TrackPointExtension>
      <gpxtpx:atemp>14</gpxtpx:atemp>
      <gpxtpx:hr>135</gpxtpx:hr>
      <gpxtpx:cad>87</gpxtpx:cad>
     </gpxtpx:TrackPointExtension>
    </extensions>
   </trkpt>
   <trkpt lat="38.5775310" lon="-121.4733230">
    <ele>11.0</ele>
    <time>2025-11-21T15:41:32Z</time>
    <extensions>
     <power>217</power>
     <gpxtpx:TrackPointExtension>
      <gpxtpx:atemp>14</gpxtpx:atemp>
      <gpxtpx:hr>135</gpxtpx:hr>
      <gpxtpx:cad>88</gpxtpx:cad>
     </gpxtpx:TrackPointExtension>
    </extensions>
   </trkpt>
   <trkpt lat="38.5775420" lon="-121.4733550">
    <ele>11.0</ele>
    <time>2025-11-21T15:41:33Z</time>
    <extensions>
     <power>218</power>
     <gpxtpx:TrackPointExtension>
      <gpxtpx:atemp>14</gpxtpx:atemp>
      <gpxtpx:hr>135</gpxtpx:hr>
      <gpxtpx:cad>88</gpxtpx:cad>
     </gpxtpx:TrackPointExtension>
    </extensions>
   </trkpt>
   <trkpt lat="38.5775480" lon="-121.4733790">
    <ele>11.0</ele>
    <time>2025-11-21T15:41:34Z</time>
    <extensions>
     <power>219</power>
     <gpxtpx:TrackPointExtension>
      <gpxtpx:atemp>14</gpxtpx:atemp>
      <gpxtpx:hr>135</gpxtpx:hr>
      <gpxtpx:cad>88</gpxtpx:cad>
     </gpxtpx:TrackPointExtension>
    </extensions>
   </trkpt>
   <trkpt lat="38.5775570" lon="-121.4734110">
    <ele>11.0</ele>
    <time>2025-11-21T15:41:35Z</time>
    <extensions>
     <power>218</power>
     <gpxtpx:TrackPointExtension>
      <gpxtpx:atemp>14</gpxtpx:atemp>
      <gpxtpx:hr>135</gpxtpx:hr>
      <gpxtpx:cad>88</gpxtpx:cad>
     </gpxtpx:TrackPointExtension>
    </extensions>
   </trkpt>
   <trkpt lat="38.5775580" lon="-121.4734380">
    <ele>11.0</ele>
    <time>2025-11-21T15:41:36Z</time>
    <extensions>
     <power>219</power>
     <gpxtpx:TrackPointExtension>
      <gpxtpx:atemp>14</gpxtpx:atemp>
      <gpxtpx:hr>135</gpxtpx:hr>
      <gpxtpx:cad>88</gpxtpx:cad>
     </gpxtpx:TrackPointExtension>
    </extensions>
   </trkpt>
   <trkpt lat="38.5775650" lon="-121.4734810">
    <ele>11.0</ele>
    <time>2025-11-21T15:41:37Z</time>
    <extensions>
     <power>218</power>
     <gpxtpx:TrackPointExtension>
      <gpxtpx:atemp>14</gpxtpx:atemp>
      <gpxtpx:hr>135</gpxtpx:hr>
      <gpxtpx:cad>88</gpxtpx:cad>
     </gpxtpx:TrackPointExtension>
    </extensions>
   </trkpt>
   <trkpt lat="38.5775710" lon="-121.4735070">
    <ele>10.8</ele>
    <time>2025-11-21T15:41:38Z</time>
    <extensions>
     <power>216</power>
     <gpxtpx:TrackPointExtension>
      <gpxtpx:atemp>14</gpxtpx:atemp>
      <gpxtpx:hr>135</gpxtpx:hr>
      <gpxtpx:cad>88</gpxtpx:cad>
     </gpxtpx:TrackPointExtension>
    </extensions>
   </trkpt>
   <trkpt lat="38.5775790" lon="-121.4735360">
    <ele>10.8</ele>
    <time>2025-11-21T15:41:39Z</time>
    <extensions>
     <power>216</power>
     <gpxtpx:TrackPointExtension>
      <gpxtpx:atemp>14</gpxtpx:atemp>
      <gpxtpx:hr>135</gpxtpx:hr>
      <gpxtpx:cad>88</gpxtpx:cad>
     </gpxtpx:TrackPointExtension>
    </extensions>
   </trkpt>
   <trkpt lat="38.5775860" lon="-121.4735590">
    <ele>10.8</ele>
    <time>2025-11-21T15:41:40Z</time>
    <extensions>
     <power>215</power>
     <gpxtpx:TrackPointExtension>
      <gpxtpx:atemp>14</gpxtpx:atemp>
      <gpxtpx:hr>135</gpxtpx:hr>
      <gpxtpx:cad>89</gpxtpx:cad>
     </gpxtpx:TrackPointExtension>
    </extensions>
   </trkpt>
   <trkpt lat="38.5775930" lon="-121.4735860">
    <ele>10.8</ele>
    <time>2025-11-21T15:41:41Z</time>
    <extensions>
     <power>214</power>
     <gpxtpx:TrackPointExtension>
      <gpxtpx:atemp>14</gpxtpx:atemp>
      <gpxtpx:hr>135</gpxtpx:hr>
      <gpxtpx:cad>89</gpxtpx:cad>
     </gpxtpx:TrackPointExtension>
    </extensions>
   </trkpt>
   <trkpt lat="38.5776000" lon="-121.4736130">
    <ele>10.8</ele>
    <time>2025-11-21T15:41:42Z</time>
    <extensions>
     <power>214</power>
     <gpxtpx:TrackPointExtension>
      <gpxtpx:atemp>14</gpxtpx:atemp>
      <gpxtpx:hr>135</gpxtpx:hr>
      <gpxtpx:cad>90</gpxtpx:cad>
     </gpxtpx:TrackPointExtension>
    </extensions>
   </trkpt>
   <trkpt lat="38.5776040" lon="-121.4736430">
    <ele>10.8</ele>
    <time>2025-11-21T15:41:43Z</time>
    <extensions>
     <power>213</power>
     <gpxtpx:TrackPointExtension>
      <gpxtpx:atemp>14</gpxtpx:atemp>
      <gpxtpx:hr>135</gpxtpx:hr>
      <gpxtpx:cad>90</gpxtpx:cad>
     </gpxtpx:TrackPointExtension>
    </extensions>
   </trkpt>
   <trkpt lat="38.5776100" lon="-121.4736690">
    <ele>10.8</ele>
    <time>2025-11-21T15:41:44Z</time>
    <extensions>
     <power>211</power>
     <gpxtpx:TrackPointExtension>
      <gpxtpx:atemp>14</gpxtpx:atemp>
      <gpxtpx:hr>135</gpxtpx:hr>
      <gpxtpx:cad>90</gpxtpx:cad>
     </gpxtpx:TrackPointExtension>
    </extensions>
   </trkpt>
   <trkpt lat="38.5776190" lon="-121.4736980">
    <ele>10.8</ele>
    <time>2025-11-21T15:41:45Z</time>
    <extensions>
     <power>211</power>
     <gpxtpx:TrackPointExtension>
      <gpxtpx:atemp>14</gpxtpx:atemp>
      <gpxtpx:hr>135</gpxtpx:hr>
      <gpxtpx:cad>88</gpxtpx:cad>
     </gpxtpx:TrackPointExtension>
    </extensions>
   </trkpt>
   <trkpt lat="38.5776310" lon="-121.4737240">
    <ele>10.8</ele>
    <time>2025-11-21T15:41:46Z</time>
    <extensions>
     <power>213</power>
     <gpxtpx:TrackPointExtension>
      <gpxtpx:atemp>14</gpxtpx:atemp>
      <gpxtpx:hr>135</gpxtpx:hr>
      <gpxtpx:cad>88</gpxtpx:cad>
     </gpxtpx:TrackPointExtension>
    </extensions>
   </trkpt>
   <trkpt lat="38.5776380" lon="-121.4737480">
    <ele>10.8</ele>
    <time>2025-11-21T15:41:47Z</time>
    <extensions>
     <power>215</power>
     <gpxtpx:TrackPointExtension>
      <gpxtpx:atemp>14</gpxtpx:atemp>
      <gpxtpx:hr>135</gpxtpx:hr>
      <gpxtpx:cad>88</gpxtpx:cad>
     </gpxtpx:TrackPointExtension>
    </extensions>
   </trkpt>
   <trkpt lat="38.5776450" lon="-121.4737690">
    <ele>11.0</ele>
    <time>2025-11-21T15:41:48Z</time>
    <extensions>
     <power>215</power>
     <gpxtpx:TrackPointExtension>
      <gpxtpx:atemp>14</gpxtpx:atemp>
      <gpxtpx:hr>135</gpxtpx:hr>
      <gpxtpx:cad>88</gpxtpx:cad>
     </gpxtpx:TrackPointExtension>
    </extensions>
   </trkpt>
   <trkpt lat="38.5776510" lon="-121.4737920">
    <ele>11.0</ele>
    <time>2025-11-21T15:41:49Z</time>
    <extensions>
     <power>215</power>
     <gpxtpx:TrackPointExtension>
      <gpxtpx:atemp>14</gpxtpx:atemp>
      <gpxtpx:hr>135</gpxtpx:hr>
      <gpxtpx:cad>89</gpxtpx:cad>
     </gpxtpx:TrackPointExtension>
    </extensions>
   </trkpt>
   <trkpt lat="38.5776560" lon="-121.4738120">
    <ele>11.0</ele>
    <time>2025-11-21T15:41:50Z</time>
    <extensions>
     <power>214</power>
     <gpxtpx:TrackPointExtension>
      <gpxtpx:atemp>14</gpxtpx:atemp>
      <gpxtpx:hr>135</gpxtpx:hr>
      <gpxtpx:cad>89</gpxtpx:cad>
     </gpxtpx:TrackPointExtension>
    </extensions>
   </trkpt>
   <trkpt lat="38.5776620" lon="-121.4738380">
    <ele>11.0</ele>
    <time>2025-11-21T15:41:51Z</time>
    <extensions>
     <power>212</power>
     <gpxtpx:TrackPointExtension>
      <gpxtpx:atemp>14</gpxtpx:atemp>
      <gpxtpx:hr>135</gpxtpx:hr>
      <gpxtpx:cad>88</gpxtpx:cad>
     </gpxtpx:TrackPointExtension>
    </extensions>
   </trkpt>
   <trkpt lat="38.5776690" lon="-121.4738600">
    <ele>11.2</ele>
    <time>2025-11-21T15:41:52Z</time>
    <extensions>
     <power>214</power>
     <gpxtpx:TrackPointExtension>
      <gpxtpx:atemp>14</gpxtpx:atemp>
      <gpxtpx:hr>135</gpxtpx:hr>
      <gpxtpx:cad>88</gpxtpx:cad>
     </gpxtpx:TrackPointExtension>
    </extensions>
   </trkpt>
   <trkpt lat="38.5776740" lon="-121.4738780">
    <ele>11.0</ele>
    <time>2025-11-21T15:41:53Z</time>
    <extensions>
     <power>214</power>
     <gpxtpx:TrackPointExtension>
      <gpxtpx:atemp>14</gpxtpx:atemp>
      <gpxtpx:hr>135</gpxtpx:hr>
      <gpxtpx:cad>88</gpxtpx:cad>
     </gpxtpx:TrackPointExtension>
    </extensions>
   </trkpt>
   <trkpt lat="38.5776800" lon="-121.4738980">
    <ele>11.0</ele>
    <time>2025-11-21T15:41:54Z</time>
    <extensions>
     <power>213</power>
     <gpxtpx:TrackPointExtension>
      <gpxtpx:atemp>14</gpxtpx:atemp>
      <gpxtpx:hr>135</gpxtpx:hr>
      <gpxtpx:cad>88</gpxtpx:cad>
     </gpxtpx:TrackPointExtension>
    </extensions>
   </trkpt>
   <trkpt lat="38.5776840" lon="-121.4739180">
    <ele>11.2</ele>
    <time>2025-11-21T15:41:55Z</time>
    <extensions>
     <power>212</power>
     <gpxtpx:TrackPointExtension>
      <gpxtpx:atemp>14</gpxtpx:atemp>
      <gpxtpx:hr>136</gpxtpx:hr>
      <gpxtpx:cad>88</gpxtpx:cad>
     </gpxtpx:TrackPointExtension>
    </extensions>
   </trkpt>
   <trkpt lat="38.5776910" lon="-121.4739350">
    <ele>11.2</ele>
    <time>2025-11-21T15:41:56Z</time>
    <extensions>
     <power>211</power>
     <gpxtpx:TrackPointExtension>
      <gpxtpx:atemp>14</gpxtpx:atemp>
      <gpxtpx:hr>135</gpxtpx:hr>
      <gpxtpx:cad>88</gpxtpx:cad>
     </gpxtpx:TrackPointExtension>
    </extensions>
   </trkpt>
   <trkpt lat="38.5776930" lon="-121.4739580">
    <ele>11.2</ele>
    <time>2025-11-21T15:41:57Z</time>
    <extensions>
     <power>210</power>
     <gpxtpx:TrackPointExtension>
      <gpxtpx:atemp>14</gpxtpx:atemp>
      <gpxtpx:hr>135</gpxtpx:hr>
      <gpxtpx:cad>88</gpxtpx:cad>
     </gpxtpx:TrackPointExtension>
    </extensions>
   </trkpt>
   <trkpt lat="38.5777020" lon="-121.4739840">
    <ele>11.2</ele>
    <time>2025-11-21T15:41:58Z</time>
    <extensions>
     <power>205</power>
     <gpxtpx:TrackPointExtension>
      <gpxtpx:atemp>14</gpxtpx:atemp>
      <gpxtpx:hr>135</gpxtpx:hr>
      <gpxtpx:cad>89</gpxtpx:cad>
     </gpxtpx:TrackPointExtension>
    </extensions>
   </trkpt>
   <trkpt lat="38.5777100" lon="-121.4740140">
    <ele>11.2</ele>
    <time>2025-11-21T15:41:59Z</time>
    <extensions>
     <power>202</power>
     <gpxtpx:TrackPointExtension>
      <gpxtpx:atemp>14</gpxtpx:atemp>
      <gpxtpx:hr>135</gpxtpx:hr>
      <gpxtpx:cad>89</gpxtpx:cad>
     </gpxtpx:TrackPointExtension>
    </extensions>
   </trkpt>
   <trkpt lat="38.5777170" lon="-121.4740400">
    <ele>11.2</ele>
    <time>2025-11-21T15:42:00Z</time>
    <extensions>
     <power>203</power>
     <gpxtpx:TrackPointExtension>
      <gpxtpx:atemp>14</gpxtpx:atemp>
      <gpxtpx:hr>135</gpxtpx:hr>
      <gpxtpx:cad>89</gpxtpx:cad>
     </gpxtpx:TrackPointExtension>
    </extensions>
   </trkpt>
   <trkpt lat="38.5777250" lon="-121.4740670">
    <ele>11.0</ele>
    <time>2025-11-21T15:42:01Z</time>
    <extensions>
     <power>204</power>
     <gpxtpx:TrackPointExtension>
      <gpxtpx:atemp>14</gpxtpx:atemp>
      <gpxtpx:hr>135</gpxtpx:hr>
      <gpxtpx:cad>89</gpxtpx:cad>
     </gpxtpx:TrackPointExtension>
    </extensions>
   </trkpt>
   <trkpt lat="38.5777300" lon="-121.4741010">
    <ele>11.0</ele>
    <time>2025-11-21T15:42:02Z</time>
    <extensions>
     <power>206</power>
     <gpxtpx:TrackPointExtension>
      <gpxtpx:atemp>14</gpxtpx:atemp>
      <gpxtpx:hr>135</gpxtpx:hr>
      <gpxtpx:cad>45</gpxtpx:cad>
     </gpxtpx:TrackPointExtension>
    </extensions>
   </trkpt>
   <trkpt lat="38.5777400" lon="-121.4741390">
    <ele>11.0</ele>
    <time>2025-11-21T15:42:03Z</time>
    <extensions>
     <power>119</power>
     <gpxtpx:TrackPointExtension>
      <gpxtpx:atemp>14</gpxtpx:atemp>
      <gpxtpx:hr>135</gpxtpx:hr>
      <gpxtpx:cad>45</gpxtpx:cad>
     </gpxtpx:TrackPointExtension>
    </extensions>
   </trkpt>
   <trkpt lat="38.5777490" lon="-121.4741710">
    <ele>11.0</ele>
    <time>2025-11-21T15:42:04Z</time>
    <extensions>
     <power>120</power>
     <gpxtpx:TrackPointExtension>
      <gpxtpx:atemp>14</gpxtpx:atemp>
      <gpxtpx:hr>134</gpxtpx:hr>
      <gpxtpx:cad>45</gpxtpx:cad>
     </gpxtpx:TrackPointExtension>
    </extensions>
   </trkpt>
   <trkpt lat="38.5777520" lon="-121.4741990">
    <ele>10.8</ele>
    <time>2025-11-21T15:42:05Z</time>
    <extensions>
     <power>129</power>
     <gpxtpx:TrackPointExtension>
      <gpxtpx:atemp>14</gpxtpx:atemp>
      <gpxtpx:hr>134</gpxtpx:hr>
      <gpxtpx:cad>45</gpxtpx:cad>
     </gpxtpx:TrackPointExtension>
    </extensions>
   </trkpt>
   <trkpt lat="38.5777600" lon="-121.4742280">
    <ele>10.8</ele>
    <time>2025-11-21T15:42:06Z</time>
    <extensions>
     <power>127</power>
     <gpxtpx:TrackPointExtension>
      <gpxtpx:atemp>14</gpxtpx:atemp>
      <gpxtpx:hr>134</gpxtpx:hr>
      <gpxtpx:cad>45</gpxtpx:cad>
     </gpxtpx:TrackPointExtension>
    </extensions>
   </trkpt>
   <trkpt lat="38.5777670" lon="-121.4742540">
    <ele>10.6</ele>
    <time>2025-11-21T15:42:07Z</time>
    <extensions>
     <power>124</power>
     <gpxtpx:TrackPointExtension>
      <gpxtpx:atemp>14</gpxtpx:atemp>
      <gpxtpx:hr>134</gpxtpx:hr>
      <gpxtpx:cad>45</gpxtpx:cad>
     </gpxtpx:TrackPointExtension>
    </extensions>
   </trkpt>
   <trkpt lat="38.5777790" lon="-121.4742840">
    <ele>10.6</ele>
    <time>2025-11-21T15:42:08Z</time>
    <extensions>
     <power>115</power>
     <gpxtpx:TrackPointExtension>
      <gpxtpx:atemp>14</gpxtpx:atemp>
      <gpxtpx:hr>134</gpxtpx:hr>
      <gpxtpx:cad>45</gpxtpx:cad>
     </gpxtpx:TrackPointExtension>
    </extensions>
   </trkpt>
   <trkpt lat="38.5777870" lon="-121.4743130">
    <ele>10.8</ele>
    <time>2025-11-21T15:42:09Z</time>
    <extensions>
     <power>115</power>
     <gpxtpx:TrackPointExtension>
      <gpxtpx:atemp>14</gpxtpx:atemp>
      <gpxtpx:hr>134</gpxtpx:hr>
      <gpxtpx:cad>89</gpxtpx:cad>
     </gpxtpx:TrackPointExtension>
    </extensions>
   </trkpt>
   <trkpt lat="38.5777940" lon="-121.4743370">
    <ele>10.8</ele>
    <time>2025-11-21T15:42:10Z</time>
    <extensions>
     <power>209</power>
     <gpxtpx:TrackPointExtension>
      <gpxtpx:atemp>14</gpxtpx:atemp>
      <gpxtpx:hr>134</gpxtpx:hr>
      <gpxtpx:cad>89</gpxtpx:cad>
     </gpxtpx:TrackPointExtension>
    </extensions>
   </trkpt>
   <trkpt lat="38.5778000" lon="-121.4743620">
    <ele>10.8</ele>
    <time>2025-11-21T15:42:11Z</time>
    <extensions>
     <power>226</power>
     <gpxtpx:TrackPointExtension>
      <gpxtpx:atemp>14</gpxtpx:atemp>
      <gpxtpx:hr>134</gpxtpx:hr>
      <gpxtpx:cad>89</gpxtpx:cad>
     </gpxtpx:TrackPointExtension>
    </extensions>
   </trkpt>
   <trkpt lat="38.5778020" lon="-121.4743990">
    <ele>10.8</ele>
    <time>2025-11-21T15:42:12Z</time>
    <extensions>
     <power>229</power>
     <gpxtpx:TrackPointExtension>
      <gpxtpx:atemp>14</gpxtpx:atemp>
      <gpxtpx:hr>134</gpxtpx:hr>
      <gpxtpx:cad>89</gpxtpx:cad>
     </gpxtpx:TrackPointExtension>
    </extensions>
   </trkpt>
   <trkpt lat="38.5778090" lon="-121.4744330">
    <ele>10.8</ele>
    <time>2025-11-21T15:42:13Z</time>
    <extensions>
     <power>228</power>
     <gpxtpx:TrackPointExtension>
      <gpxtpx:atemp>14</gpxtpx:atemp>
      <gpxtpx:hr>134</gpxtpx:hr>
      <gpxtpx:cad>89</gpxtpx:cad>
     </gpxtpx:TrackPointExtension>
    </extensions>
   </trkpt>
   <trkpt lat="38.5778140" lon="-121.4744640">
    <ele>10.8</ele>
    <time>2025-11-21T15:42:14Z</time>
    <extensions>
     <power>239</power>
     <gpxtpx:TrackPointExtension>
      <gpxtpx:atemp>14</gpxtpx:atemp>
      <gpxtpx:hr>134</gpxtpx:hr>
      <gpxtpx:cad>89</gpxtpx:cad>
     </gpxtpx:TrackPointExtension>
    </extensions>
   </trkpt>
   <trkpt lat="38.5778210" lon="-121.4744950">
    <ele>10.8</ele>
    <time>2025-11-21T15:42:15Z</time>
    <extensions>
     <power>233</power>
     <gpxtpx:TrackPointExtension>
      <gpxtpx:atemp>14</gpxtpx:atemp>
      <gpxtpx:hr>134</gpxtpx:hr>
      <gpxtpx:cad>89</gpxtpx:cad>
     </gpxtpx:TrackPointExtension>
    </extensions>
   </trkpt>
   <trkpt lat="38.5778270" lon="-121.4745310">
    <ele>10.8</ele>
    <time>2025-11-21T15:42:16Z</time>
    <extensions>
     <power>223</power>
     <gpxtpx:TrackPointExtension>
      <gpxtpx:atemp>14</gpxtpx:atemp>
      <gpxtpx:hr>134</gpxtpx:hr>
      <gpxtpx:cad>89</gpxtpx:cad>
     </gpxtpx:TrackPointExtension>
    </extensions>
   </trkpt>
   <trkpt lat="38.5778350" lon="-121.4745560">
    <ele>10.8</ele>
    <time>2025-11-21T15:42:17Z</time>
    <extensions>
     <power>223</power>
     <gpxtpx:TrackPointExtension>
      <gpxtpx:atemp>14</gpxtpx:atemp>
      <gpxtpx:hr>134</gpxtpx:hr>
      <gpxtpx:cad>90</gpxtpx:cad>
     </gpxtpx:TrackPointExtension>
    </extensions>
   </trkpt>
   <trkpt lat="38.5778420" lon="-121.4745810">
    <ele>10.8</ele>
    <time>2025-11-21T15:42:18Z</time>
    <extensions>
     <power>232</power>
     <gpxtpx:TrackPointExtension>
      <gpxtpx:atemp>14</gpxtpx:atemp>
      <gpxtpx:hr>134</gpxtpx:hr>
      <gpxtpx:cad>92</gpxtpx:cad>
     </gpxtpx:TrackPointExtension>
    </extensions>
   </trkpt>
   <trkpt lat="38.5778470" lon="-121.4746070">
    <ele>10.8</ele>
    <time>2025-11-21T15:42:19Z</time>
    <extensions>
     <power>230</power>
     <gpxtpx:TrackPointExtension>
      <gpxtpx:atemp>14</gpxtpx:atemp>
      <gpxtpx:hr>134</gpxtpx:hr>
      <gpxtpx:cad>92</gpxtpx:cad>
     </gpxtpx:TrackPointExtension>
    </extensions>
   </trkpt>
   <trkpt lat="38.5778550" lon="-121.4746360">
    <ele>10.6</ele>
    <time>2025-11-21T15:42:20Z</time>
    <extensions>
     <power>225</power>
     <gpxtpx:TrackPointExtension>
      <gpxtpx:atemp>14</gpxtpx:atemp>
      <gpxtpx:hr>134</gpxtpx:hr>
      <gpxtpx:cad>92</gpxtpx:cad>
     </gpxtpx:TrackPointExtension>
    </extensions>
   </trkpt>
   <trkpt lat="38.5778640" lon="-121.4746640">
    <ele>10.6</ele>
    <time>2025-11-21T15:42:21Z</time>
    <extensions>
     <power>219</power>
     <gpxtpx:TrackPointExtension>
      <gpxtpx:atemp>14</gpxtpx:atemp>
      <gpxtpx:hr>134</gpxtpx:hr>
      <gpxtpx:cad>90</gpxtpx:cad>
     </gpxtpx:TrackPointExtension>
    </extensions>
   </trkpt>
   <trkpt lat="38.5778690" lon="-121.4746960">
    <ele>10.6</ele>
    <time>2025-11-21T15:42:22Z</time>
    <extensions>
     <power>220</power>
     <gpxtpx:TrackPointExtension>
      <gpxtpx:atemp>14</gpxtpx:atemp>
      <gpxtpx:hr>134</gpxtpx:hr>
      <gpxtpx:cad>90</gpxtpx:cad>
     </gpxtpx:TrackPointExtension>
    </extensions>
   </trkpt>
   <trkpt lat="38.5778750" lon="-121.4747200">
    <ele>10.6</ele>
    <time>2025-11-21T15:42:23Z</time>
    <extensions>
     <power>219</power>
     <gpxtpx:TrackPointExtension>
      <gpxtpx:atemp>14</gpxtpx:atemp>
      <gpxtpx:hr>134</gpxtpx:hr>
      <gpxtpx:cad>90</gpxtpx:cad>
     </gpxtpx:TrackPointExtension>
    </extensions>
   </trkpt>
   <trkpt lat="38.5778810" lon="-121.4747480">
    <ele>10.4</ele>
    <time>2025-11-21T15:42:24Z</time>
    <extensions>
     <power>219</power>
     <gpxtpx:TrackPointExtension>
      <gpxtpx:atemp>14</gpxtpx:atemp>
      <gpxtpx:hr>134</gpxtpx:hr>
      <gpxtpx:cad>89</gpxtpx:cad>
     </gpxtpx:TrackPointExtension>
    </extensions>
   </trkpt>
   <trkpt lat="38.5778880" lon="-121.4747700">
    <ele>10.4</ele>
    <time>2025-11-21T15:42:25Z</time>
    <extensions>
     <power>220</power>
     <gpxtpx:TrackPointExtension>
      <gpxtpx:atemp>14</gpxtpx:atemp>
      <gpxtpx:hr>134</gpxtpx:hr>
      <gpxtpx:cad>89</gpxtpx:cad>
     </gpxtpx:TrackPointExtension>
    </extensions>
   </trkpt>
   <trkpt lat="38.5778960" lon="-121.4747950">
    <ele>10.4</ele>
    <time>2025-11-21T15:42:26Z</time>
    <extensions>
     <power>219</power>
     <gpxtpx:TrackPointExtension>
      <gpxtpx:atemp>14</gpxtpx:atemp>
      <gpxtpx:hr>135</gpxtpx:hr>
      <gpxtpx:cad>89</gpxtpx:cad>
     </gpxtpx:TrackPointExtension>
    </extensions>
   </trkpt>
   <trkpt lat="38.5779030" lon="-121.4748230">
    <ele>10.4</ele>
    <time>2025-11-21T15:42:27Z</time>
    <extensions>
     <power>217</power>
     <gpxtpx:TrackPointExtension>
      <gpxtpx:atemp>14</gpxtpx:atemp>
      <gpxtpx:hr>134</gpxtpx:hr>
      <gpxtpx:cad>89</gpxtpx:cad>
     </gpxtpx:TrackPointExtension>
    </extensions>
   </trkpt>
   <trkpt lat="38.5779130" lon="-121.4748530">
    <ele>10.4</ele>
    <time>2025-11-21T15:42:28Z</time>
    <extensions>
     <power>216</power>
     <gpxtpx:TrackPointExtension>
      <gpxtpx:atemp>14</gpxtpx:atemp>
      <gpxtpx:hr>134</gpxtpx:hr>
      <gpxtpx:cad>89</gpxtpx:cad>
     </gpxtpx:TrackPointExtension>
    </extensions>
   </trkpt>
   <trkpt lat="38.5779210" lon="-121.4748800">
    <ele>10.4</ele>
    <time>2025-11-21T15:42:29Z</time>
    <extensions>
     <power>215</power>
     <gpxtpx:TrackPointExtension>
      <gpxtpx:atemp>14</gpxtpx:atemp>
      <gpxtpx:hr>135</gpxtpx:hr>
      <gpxtpx:cad>89</gpxtpx:cad>
     </gpxtpx:TrackPointExtension>
    </extensions>
   </trkpt>
   <trkpt lat="38.5779300" lon="-121.4749050">
    <ele>10.4</ele>
    <time>2025-11-21T15:42:30Z</time>
    <extensions>
     <power>215</power>
     <gpxtpx:TrackPointExtension>
      <gpxtpx:atemp>14</gpxtpx:atemp>
      <gpxtpx:hr>134</gpxtpx:hr>
      <gpxtpx:cad>89</gpxtpx:cad>
     </gpxtpx:TrackPointExtension>
    </extensions>
   </trkpt>
   <trkpt lat="38.5779390" lon="-121.4749290">
    <ele>10.4</ele>
    <time>2025-11-21T15:42:31Z</time>
    <extensions>
     <power>214</power>
     <gpxtpx:TrackPointExtension>
      <gpxtpx:atemp>14</gpxtpx:atemp>
      <gpxtpx:hr>134</gpxtpx:hr>
      <gpxtpx:cad>89</gpxtpx:cad>
     </gpxtpx:TrackPointExtension>
    </extensions>
   </trkpt>
   <trkpt lat="38.5779490" lon="-121.4749560">
    <ele>10.4</ele>
    <time>2025-11-21T15:42:32Z</time>
    <extensions>
     <power>214</power>
     <gpxtpx:TrackPointExtension>
      <gpxtpx:atemp>14</gpxtpx:atemp>
      <gpxtpx:hr>135</gpxtpx:hr>
      <gpxtpx:cad>89</gpxtpx:cad>
     </gpxtpx:TrackPointExtension>
    </extensions>
   </trkpt>
   <trkpt lat="38.5779560" lon="-121.4749840">
    <ele>10.4</ele>
    <time>2025-11-21T15:42:33Z</time>
    <extensions>
     <power>214</power>
     <gpxtpx:TrackPointExtension>
      <gpxtpx:atemp>14</gpxtpx:atemp>
      <gpxtpx:hr>134</gpxtpx:hr>
      <gpxtpx:cad>89</gpxtpx:cad>
     </gpxtpx:TrackPointExtension>
    </extensions>
   </trkpt>
   <trkpt lat="38.5779650" lon="-121.4750110">
    <ele>10.4</ele>
    <time>2025-11-21T15:42:34Z</time>
    <extensions>
     <power>212</power>
     <gpxtpx:TrackPointExtension>
      <gpxtpx:atemp>14</gpxtpx:atemp>
      <gpxtpx:hr>135</gpxtpx:hr>
      <gpxtpx:cad>89</gpxtpx:cad>
     </gpxtpx:TrackPointExtension>
    </extensions>
   </trkpt>
   <trkpt lat="38.5779730" lon="-121.4750420">
    <ele>10.4</ele>
    <time>2025-11-21T15:42:35Z</time>
    <extensions>
     <power>212</power>
     <gpxtpx:TrackPointExtension>
      <gpxtpx:atemp>14</gpxtpx:atemp>
      <gpxtpx:hr>135</gpxtpx:hr>
      <gpxtpx:cad>89</gpxtpx:cad>
     </gpxtpx:TrackPointExtension>
    </extensions>
   </trkpt>
   <trkpt lat="38.5779790" lon="-121.4750670">
    <ele>10.4</ele>
    <time>2025-11-21T15:42:36Z</time>
    <extensions>
     <power>212</power>
     <gpxtpx:TrackPointExtension>
      <gpxtpx:atemp>14</gpxtpx:atemp>
      <gpxtpx:hr>134</gpxtpx:hr>
      <gpxtpx:cad>90</gpxtpx:cad>
     </gpxtpx:TrackPointExtension>
    </extensions>
   </trkpt>
   <trkpt lat="38.5779870" lon="-121.4750930">
    <ele>10.4</ele>
    <time>2025-11-21T15:42:37Z</time>
    <extensions>
     <power>212</power>
     <gpxtpx:TrackPointExtension>
      <gpxtpx:atemp>14</gpxtpx:atemp>
      <gpxtpx:hr>134</gpxtpx:hr>
      <gpxtpx:cad>91</gpxtpx:cad>
     </gpxtpx:TrackPointExtension>
    </extensions>
   </trkpt>
   <trkpt lat="38.5779960" lon="-121.4751170">
    <ele>10.4</ele>
    <time>2025-11-21T15:42:38Z</time>
    <extensions>
     <power>212</power>
     <gpxtpx:TrackPointExtension>
      <gpxtpx:atemp>14</gpxtpx:atemp>
      <gpxtpx:hr>134</gpxtpx:hr>
      <gpxtpx:cad>92</gpxtpx:cad>
     </gpxtpx:TrackPointExtension>
    </extensions>
   </trkpt>
   <trkpt lat="38.5780020" lon="-121.4751440">
    <ele>10.6</ele>
    <time>2025-11-21T15:42:39Z</time>
    <extensions>
     <power>211</power>
     <gpxtpx:TrackPointExtension>
      <gpxtpx:atemp>14</gpxtpx:atemp>
      <gpxtpx:hr>134</gpxtpx:hr>
      <gpxtpx:cad>92</gpxtpx:cad>
     </gpxtpx:TrackPointExtension>
    </extensions>
   </trkpt>
   <trkpt lat="38.5780120" lon="-121.4751710">
    <ele>10.6</ele>
    <time>2025-11-21T15:42:40Z</time>
    <extensions>
     <power>211</power>
     <gpxtpx:TrackPointExtension>
      <gpxtpx:atemp>14</gpxtpx:atemp>
      <gpxtpx:hr>135</gpxtpx:hr>
      <gpxtpx:cad>91</gpxtpx:cad>
     </gpxtpx:TrackPointExtension>
    </extensions>
   </trkpt>
   <trkpt lat="38.5780190" lon="-121.4751920">
    <ele>10.4</ele>
    <time>2025-11-21T15:42:41Z</time>
    <extensions>
     <power>211</power>
     <gpxtpx:TrackPointExtension>
      <gpxtpx:atemp>14</gpxtpx:atemp>
      <gpxtpx:hr>134</gpxtpx:hr>
      <gpxtpx:cad>90</gpxtpx:cad>
     </gpxtpx:TrackPointExtension>
    </extensions>
   </trkpt>
   <trkpt lat="38.5780270" lon="-121.4752190">
    <ele>10.4</ele>
    <time>2025-11-21T15:42:42Z</time>
    <extensions>
     <power>212</power>
     <gpxtpx:TrackPointExtension>
      <gpxtpx:atemp>14</gpxtpx:atemp>
      <gpxtpx:hr>135</gpxtpx:hr>
      <gpxtpx:cad>89</gpxtpx:cad>
     </gpxtpx:TrackPointExtension>
    </extensions>
   </trkpt>
   <trkpt lat="38.5780320" lon="-121.4752460">
    <ele>10.4</ele>
    <time>2025-11-21T15:42:43Z</time>
    <extensions>
     <power>212</power>
     <gpxtpx:TrackPointExtension>
      <gpxtpx:atemp>14</gpxtpx:atemp>
      <gpxtpx:hr>135</gpxtpx:hr>
      <gpxtpx:cad>89</gpxtpx:cad>
     </gpxtpx:TrackPointExtension>
    </extensions>
   </trkpt>
   <trkpt lat="38.5780360" lon="-121.4752760">
    <ele>10.4</ele>
    <time>2025-11-21T15:42:44Z</time>
    <extensions>
     <power>211</power>
     <gpxtpx:TrackPointExtension>
      <gpxtpx:atemp>14</gpxtpx:atemp>
      <gpxtpx:hr>135</gpxtpx:hr>
      <gpxtpx:cad>89</gpxtpx:cad>
     </gpxtpx:TrackPointExtension>
    </extensions>
   </trkpt>
   <trkpt lat="38.5780410" lon="-121.4753060">
    <ele>10.4</ele>
    <time>2025-11-21T15:42:45Z</time>
    <extensions>
     <power>210</power>
     <gpxtpx:TrackPointExtension>
      <gpxtpx:atemp>14</gpxtpx:atemp>
      <gpxtpx:hr>135</gpxtpx:hr>
      <gpxtpx:cad>89</gpxtpx:cad>
     </gpxtpx:TrackPointExtension>
    </extensions>
   </trkpt>
   <trkpt lat="38.5780480" lon="-121.4753380">
    <ele>10.4</ele>
    <time>2025-11-21T15:42:46Z</time>
    <extensions>
     <power>210</power>
     <gpxtpx:TrackPointExtension>
      <gpxtpx:atemp>14</gpxtpx:atemp>
      <gpxtpx:hr>135</gpxtpx:hr>
      <gpxtpx:cad>89</gpxtpx:cad>
     </gpxtpx:TrackPointExtension>
    </extensions>
   </trkpt>
   <trkpt lat="38.5780550" lon="-121.4753680">
    <ele>10.4</ele>
    <time>2025-11-21T15:42:47Z</time>
    <extensions>
     <power>210</power>
     <gpxtpx:TrackPointExtension>
      <gpxtpx:atemp>14</gpxtpx:atemp>
      <gpxtpx:hr>135</gpxtpx:hr>
      <gpxtpx:cad>89</gpxtpx:cad>
     </gpxtpx:TrackPointExtension>
    </extensions>
   </trkpt>
   <trkpt lat="38.5780590" lon="-121.4753950">
    <ele>10.4</ele>
    <time>2025-11-21T15:42:48Z</time>
    <extensions>
     <power>211</power>
     <gpxtpx:TrackPointExtension>
      <gpxtpx:atemp>14</gpxtpx:atemp>
      <gpxtpx:hr>135</gpxtpx:hr>
      <gpxtpx:cad>90</gpxtpx:cad>
     </gpxtpx:TrackPointExtension>
    </extensions>
   </trkpt>
   <trkpt lat="38.5780640" lon="-121.4754270">
    <ele>10.4</ele>
    <time>2025-11-21T15:42:49Z</time>
    <extensions>
     <power>211</power>
     <gpxtpx:TrackPointExtension>
      <gpxtpx:atemp>14</gpxtpx:atemp>
      <gpxtpx:hr>135</gpxtpx:hr>
      <gpxtpx:cad>90</gpxtpx:cad>
     </gpxtpx:TrackPointExtension>
    </extensions>
   </trkpt>
   <trkpt lat="38.5780710" lon="-121.4754570">
    <ele>10.4</ele>
    <time>2025-11-21T15:42:50Z</time>
    <extensions>
     <power>211</power>
     <gpxtpx:TrackPointExtension>
      <gpxtpx:atemp>14</gpxtpx:atemp>
      <gpxtpx:hr>135</gpxtpx:hr>
      <gpxtpx:cad>90</gpxtpx:cad>
     </gpxtpx:TrackPointExtension>
    </extensions>
   </trkpt>
   <trkpt lat="38.5780790" lon="-121.4754850">
    <ele>10.4</ele>
    <time>2025-11-21T15:42:51Z</time>
    <extensions>
     <power>212</power>
     <gpxtpx:TrackPointExtension>
      <gpxtpx:atemp>14</gpxtpx:atemp>
      <gpxtpx:hr>134</gpxtpx:hr>
      <gpxtpx:cad>88</gpxtpx:cad>
     </gpxtpx:TrackPointExtension>
    </extensions>
   </trkpt>
   <trkpt lat="38.5780870" lon="-121.4755120">
    <ele>10.4</ele>
    <time>2025-11-21T15:42:52Z</time>
    <extensions>
     <power>214</power>
     <gpxtpx:TrackPointExtension>
      <gpxtpx:atemp>14</gpxtpx:atemp>
      <gpxtpx:hr>134</gpxtpx:hr>
      <gpxtpx:cad>88</gpxtpx:cad>
     </gpxtpx:TrackPointExtension>
    </extensions>
   </trkpt>
   <trkpt lat="38.5780940" lon="-121.4755380">
    <ele>10.4</ele>
    <time>2025-11-21T15:42:53Z</time>
    <extensions>
     <power>214</power>
     <gpxtpx:TrackPointExtension>
      <gpxtpx:atemp>14</gpxtpx:atemp>
      <gpxtpx:hr>134</gpxtpx:hr>
      <gpxtpx:cad>89</gpxtpx:cad>
     </gpxtpx:TrackPointExtension>
    </extensions>
   </trkpt>
   <trkpt lat="38.5781020" lon="-121.4755620">
    <ele>10.6</ele>
    <time>2025-11-21T15:42:54Z</time>
    <extensions>
     <power>213</power>
     <gpxtpx:TrackPointExtension>
      <gpxtpx:atemp>14</gpxtpx:atemp>
      <gpxtpx:hr>133</gpxtpx:hr>
      <gpxtpx:cad>90</gpxtpx:cad>
     </gpxtpx:TrackPointExtension>
    </extensions>
   </trkpt>
   <trkpt lat="38.5781100" lon="-121.4755870">
    <ele>10.6</ele>
    <time>2025-11-21T15:42:55Z</time>
    <extensions>
     <power>212</power>
     <gpxtpx:TrackPointExtension>
      <gpxtpx:atemp>14</gpxtpx:atemp>
      <gpxtpx:hr>133</gpxtpx:hr>
      <gpxtpx:cad>90</gpxtpx:cad>
     </gpxtpx:TrackPointExtension>
    </extensions>
   </trkpt>
   <trkpt lat="38.5781210" lon="-121.4756100">
    <ele>10.6</ele>
    <time>2025-11-21T15:42:56Z</time>
    <extensions>
     <power>211</power>
     <gpxtpx:TrackPointExtension>
      <gpxtpx:atemp>14</gpxtpx:atemp>
      <gpxtpx:hr>133</gpxtpx:hr>
      <gpxtpx:cad>90</gpxtpx:cad>
     </gpxtpx:TrackPointExtension>
    </extensions>
   </trkpt>
   <trkpt lat="38.5781290" lon="-121.4756340">
    <ele>10.6</ele>
    <time>2025-11-21T15:42:57Z</time>
    <extensions>
     <power>212</power>
     <gpxtpx:TrackPointExtension>
      <gpxtpx:atemp>14</gpxtpx:atemp>
      <gpxtpx:hr>133</gpxtpx:hr>
      <gpxtpx:cad>90</gpxtpx:cad>
     </gpxtpx:TrackPointExtension>
    </extensions>
   </trkpt>
   <trkpt lat="38.5781360" lon="-121.4756590">
    <ele>10.6</ele>
    <time>2025-11-21T15:42:58Z</time>
    <extensions>
     <power>211</power>
     <gpxtpx:TrackPointExtension>
      <gpxtpx:atemp>14</gpxtpx:atemp>
      <gpxtpx:hr>134</gpxtpx:hr>
      <gpxtpx:cad>90</gpxtpx:cad>
     </gpxtpx:TrackPointExtension>
    </extensions>
   </trkpt>
   <trkpt lat="38.5781430" lon="-121.4756810">
    <ele>10.4</ele>
    <time>2025-11-21T15:42:59Z</time>
    <extensions>
     <power>211</power>
     <gpxtpx:TrackPointExtension>
      <gpxtpx:atemp>14</gpxtpx:atemp>
      <gpxtpx:hr>133</gpxtpx:hr>
      <gpxtpx:cad>89</gpxtpx:cad>
     </gpxtpx:TrackPointExtension>
    </extensions>
   </trkpt>
   <trkpt lat="38.5781530" lon="-121.4757030">
    <ele>10.4</ele>
    <time>2025-11-21T15:43:00Z</time>
    <extensions>
     <power>212</power>
     <gpxtpx:TrackPointExtension>
      <gpxtpx:atemp>14</gpxtpx:atemp>
      <gpxtpx:hr>133</gpxtpx:hr>
      <gpxtpx:cad>89</gpxtpx:cad>
     </gpxtpx:TrackPointExtension>
    </extensions>
   </trkpt>
   <trkpt lat="38.5781610" lon="-121.4757300">
    <ele>10.4</ele>
    <time>2025-11-21T15:43:01Z</time>
    <extensions>
     <power>210</power>
     <gpxtpx:TrackPointExtension>
      <gpxtpx:atemp>14</gpxtpx:atemp>
      <gpxtpx:hr>134</gpxtpx:hr>
      <gpxtpx:cad>89</gpxtpx:cad>
     </gpxtpx:TrackPointExtension>
    </extensions>
   </trkpt>
   <trkpt lat="38.5781700" lon="-121.4757580">
    <ele>10.4</ele>
    <time>2025-11-21T15:43:02Z</time>
    <extensions>
     <power>209</power>
     <gpxtpx:TrackPointExtension>
      <gpxtpx:atemp>14</gpxtpx:atemp>
      <gpxtpx:hr>133</gpxtpx:hr>
      <gpxtpx:cad>89</gpxtpx:cad>
     </gpxtpx:TrackPointExtension>
    </extensions>
   </trkpt>
   <trkpt lat="38.5781730" lon="-121.4757880">
    <ele>10.2</ele>
    <time>2025-11-21T15:43:03Z</time>
    <extensions>
     <power>208</power>
     <gpxtpx:TrackPointExtension>
      <gpxtpx:atemp>14</gpxtpx:atemp>
      <gpxtpx:hr>133</gpxtpx:hr>
      <gpxtpx:cad>89</gpxtpx:cad>
     </gpxtpx:TrackPointExtension>
    </extensions>
   </trkpt>
   <trkpt lat="38.5781810" lon="-121.4758160">
    <ele>10.2</ele>
    <time>2025-11-21T15:43:04Z</time>
    <extensions>
     <power>208</power>
     <gpxtpx:TrackPointExtension>
      <gpxtpx:atemp>14</gpxtpx:atemp>
      <gpxtpx:hr>133</gpxtpx:hr>
      <gpxtpx:cad>89</gpxtpx:cad>
     </gpxtpx:TrackPointExtension>
    </extensions>
   </trkpt>
   <trkpt lat="38.5781890" lon="-121.4758430">
    <ele>10.2</ele>
    <time>2025-11-21T15:43:05Z</time>
    <extensions>
     <power>209</power>
     <gpxtpx:TrackPointExtension>
      <gpxtpx:atemp>14</gpxtpx:atemp>
      <gpxtpx:hr>133</gpxtpx:hr>
      <gpxtpx:cad>89</gpxtpx:cad>
     </gpxtpx:TrackPointExtension>
    </extensions>
   </trkpt>
   <trkpt lat="38.5781970" lon="-121.4758710">
    <ele>10.2</ele>
    <time>2025-11-21T15:43:06Z</time>
    <extensions>
     <power>209</power>
     <gpxtpx:TrackPointExtension>
      <gpxtpx:atemp>14</gpxtpx:atemp>
      <gpxtpx:hr>132</gpxtpx:hr>
      <gpxtpx:cad>89</gpxtpx:cad>
     </gpxtpx:TrackPointExtension>
    </extensions>
   </trkpt>
   <trkpt lat="38.5782050" lon="-121.4758970">
    <ele>10.2</ele>
    <time>2025-11-21T15:43:07Z</time>
    <extensions>
     <power>210</power>
     <gpxtpx:TrackPointExtension>
      <gpxtpx:atemp>14</gpxtpx:atemp>
      <gpxtpx:hr>132</gpxtpx:hr>
      <gpxtpx:cad>89</gpxtpx:cad>
     </gpxtpx:TrackPointExtension>
    </extensions>
   </trkpt>
   <trkpt lat="38.5782110" lon="-121.4759220">
    <ele>10.2</ele>
    <time>2025-11-21T15:43:08Z</time>
    <extensions>
     <power>210</power>
     <gpxtpx:TrackPointExtension>
      <gpxtpx:atemp>14</gpxtpx:atemp>
      <gpxtpx:hr>131</gpxtpx:hr>
      <gpxtpx:cad>89</gpxtpx:cad>
     </gpxtpx:TrackPointExtension>
    </extensions>
   </trkpt>
   <trkpt lat="38.5782180" lon="-121.4759430">
    <ele>10.2</ele>
    <time>2025-11-21T15:43:09Z</time>
    <extensions>
     <power>210</power>
     <gpxtpx:TrackPointExtension>
      <gpxtpx:atemp>14</gpxtpx:atemp>
      <gpxtpx:hr>130</gpxtpx:hr>
      <gpxtpx:cad>89</gpxtpx:cad>
     </gpxtpx:TrackPointExtension>
    </extensions>
   </trkpt>
   <trkpt lat="38.5782320" lon="-121.4759710">
    <ele>10.2</ele>
    <time>2025-11-21T15:43:10Z</time>
    <extensions>
     <power>209</power>
     <gpxtpx:TrackPointExtension>
      <gpxtpx:atemp>14</gpxtpx:atemp>
      <gpxtpx:hr>130</gpxtpx:hr>
      <gpxtpx:cad>89</gpxtpx:cad>
     </gpxtpx:TrackPointExtension>
    </extensions>
   </trkpt>
   <trkpt lat="38.5782390" lon="-121.4759980">
    <ele>10.2</ele>
    <time>2025-11-21T15:43:11Z</time>
    <extensions>
     <power>208</power>
     <gpxtpx:TrackPointExtension>
      <gpxtpx:atemp>14</gpxtpx:atemp>
      <gpxtpx:hr>130</gpxtpx:hr>
      <gpxtpx:cad>88</gpxtpx:cad>
     </gpxtpx:TrackPointExtension>
    </extensions>
   </trkpt>
   <trkpt lat="38.5782460" lon="-121.4760320">
    <ele>10.2</ele>
    <time>2025-11-21T15:43:12Z</time>
    <extensions>
     <power>209</power>
     <gpxtpx:TrackPointExtension>
      <gpxtpx:atemp>14</gpxtpx:atemp>
      <gpxtpx:hr>130</gpxtpx:hr>
      <gpxtpx:cad>88</gpxtpx:cad>
     </gpxtpx:TrackPointExtension>
    </extensions>
   </trkpt>
   <trkpt lat="38.5782510" lon="-121.4760590">
    <ele>10.2</ele>
    <time>2025-11-21T15:43:13Z</time>
    <extensions>
     <power>210</power>
     <gpxtpx:TrackPointExtension>
      <gpxtpx:atemp>14</gpxtpx:atemp>
      <gpxtpx:hr>129</gpxtpx:hr>
      <gpxtpx:cad>88</gpxtpx:cad>
     </gpxtpx:TrackPointExtension>
    </extensions>
   </trkpt>
   <trkpt lat="38.5782570" lon="-121.4760880">
    <ele>10.2</ele>
    <time>2025-11-21T15:43:14Z</time>
    <extensions>
     <power>211</power>
     <gpxtpx:TrackPointExtension>
      <gpxtpx:atemp>14</gpxtpx:atemp>
      <gpxtpx:hr>130</gpxtpx:hr>
      <gpxtpx:cad>87</gpxtpx:cad>
     </gpxtpx:TrackPointExtension>
    </extensions>
   </trkpt>
   <trkpt lat="38.5782700" lon="-121.4761250">
    <ele>10.2</ele>
    <time>2025-11-21T15:43:15Z</time>
    <extensions>
     <power>211</power>
     <gpxtpx:TrackPointExtension>
      <gpxtpx:atemp>14</gpxtpx:atemp>
      <gpxtpx:hr>130</gpxtpx:hr>
      <gpxtpx:cad>87</gpxtpx:cad>
     </gpxtpx:TrackPointExtension>
    </extensions>
   </trkpt>
   <trkpt lat="38.5782750" lon="-121.4761510">
    <ele>10.2</ele>
    <time>2025-11-21T15:43:16Z</time>
    <extensions>
     <power>211</power>
     <gpxtpx:TrackPointExtension>
      <gpxtpx:atemp>14</gpxtpx:atemp>
      <gpxtpx:hr>129</gpxtpx:hr>
      <gpxtpx:cad>85</gpxtpx:cad>
     </gpxtpx:TrackPointExtension>
    </extensions>
   </trkpt>
   <trkpt lat="38.5782830" lon="-121.4761770">
    <ele>10.0</ele>
    <time>2025-11-21T15:43:17Z</time>
    <extensions>
     <power>214</power>
     <gpxtpx:TrackPointExtension>
      <gpxtpx:atemp>14</gpxtpx:atemp>
      <gpxtpx:hr>129</gpxtpx:hr>
      <gpxtpx:cad>85</gpxtpx:cad>
     </gpxtpx:TrackPointExtension>
    </extensions>
   </trkpt>
   <trkpt lat="38.5782860" lon="-121.4762010">
    <ele>10.0</ele>
    <time>2025-11-21T15:43:18Z</time>
    <extensions>
     <power>214</power>
     <gpxtpx:TrackPointExtension>
      <gpxtpx:atemp>14</gpxtpx:atemp>
      <gpxtpx:hr>129</gpxtpx:hr>
      <gpxtpx:cad>83</gpxtpx:cad>
     </gpxtpx:TrackPointExtension>
    </extensions>
   </trkpt>
   <trkpt lat="38.5782900" lon="-121.4762320">
    <ele>10.0</ele>
    <time>2025-11-21T15:43:19Z</time>
    <extensions>
     <power>215</power>
     <gpxtpx:TrackPointExtension>
      <gpxtpx:atemp>14</gpxtpx:atemp>
      <gpxtpx:hr>129</gpxtpx:hr>
      <gpxtpx:cad>83</gpxtpx:cad>
     </gpxtpx:TrackPointExtension>
    </extensions>
   </trkpt>
   <trkpt lat="38.5782960" lon="-121.4762600">
    <ele>10.2</ele>
    <time>2025-11-21T15:43:20Z</time>
    <extensions>
     <power>213</power>
     <gpxtpx:TrackPointExtension>
      <gpxtpx:atemp>14</gpxtpx:atemp>
      <gpxtpx:hr>130</gpxtpx:hr>
      <gpxtpx:cad>83</gpxtpx:cad>
     </gpxtpx:TrackPointExtension>
    </extensions>
   </trkpt>
   <trkpt lat="38.5783000" lon="-121.4762940">
    <ele>10.2</ele>
    <time>2025-11-21T15:43:21Z</time>
    <extensions>
     <power>213</power>
     <gpxtpx:TrackPointExtension>
      <gpxtpx:atemp>14</gpxtpx:atemp>
      <gpxtpx:hr>129</gpxtpx:hr>
      <gpxtpx:cad>83</gpxtpx:cad>
     </gpxtpx:TrackPointExtension>
    </extensions>
   </trkpt>
   <trkpt lat="38.5783060" lon="-121.4763310">
    <ele>10.0</ele>
    <time>2025-11-21T15:43:22Z</time>
    <extensions>
     <power>213</power>
     <gpxtpx:TrackPointExtension>
      <gpxtpx:atemp>14</gpxtpx:atemp>
      <gpxtpx:hr>129</gpxtpx:hr>
      <gpxtpx:cad>86</gpxtpx:cad>
     </gpxtpx:TrackPointExtension>
    </extensions>
   </trkpt>
   <trkpt lat="38.5783150" lon="-121.4763570">
    <ele>10.0</ele>
    <time>2025-11-21T15:43:23Z</time>
    <extensions>
     <power>213</power>
     <gpxtpx:TrackPointExtension>
      <gpxtpx:atemp>14</gpxtpx:atemp>
      <gpxtpx:hr>129</gpxtpx:hr>
      <gpxtpx:cad>86</gpxtpx:cad>
     </gpxtpx:TrackPointExtension>
    </extensions>
   </trkpt>
   <trkpt lat="38.5783300" lon="-121.4763880">
    <ele>9.8</ele>
    <time>2025-11-21T15:43:24Z</time>
    <extensions>
     <power>220</power>
     <gpxtpx:TrackPointExtension>
      <gpxtpx:atemp>14</gpxtpx:atemp>
      <gpxtpx:hr>129</gpxtpx:hr>
      <gpxtpx:cad>86</gpxtpx:cad>
     </gpxtpx:TrackPointExtension>
    </extensions>
   </trkpt>
   <trkpt lat="38.5783380" lon="-121.4764110">
    <ele>9.8</ele>
    <time>2025-11-21T15:43:25Z</time>
    <extensions>
     <power>221</power>
     <gpxtpx:TrackPointExtension>
      <gpxtpx:atemp>14</gpxtpx:atemp>
      <gpxtpx:hr>129</gpxtpx:hr>
      <gpxtpx:cad>86</gpxtpx:cad>
     </gpxtpx:TrackPointExtension>
    </extensions>
   </trkpt>
   <trkpt lat="38.5783510" lon="-121.4764430">
    <ele>10.0</ele>
    <time>2025-11-21T15:43:26Z</time>
    <extensions>
     <power>223</power>
     <gpxtpx:TrackPointExtension>
      <gpxtpx:atemp>14</gpxtpx:atemp>
      <gpxtpx:hr>129</gpxtpx:hr>
      <gpxtpx:cad>87</gpxtpx:cad>
     </gpxtpx:TrackPointExtension>
    </extensions>
   </trkpt>
   <trkpt lat="38.5783570" lon="-121.4764680">
    <ele>10.0</ele>
    <time>2025-11-21T15:43:27Z</time>
    <extensions>
     <power>222</power>
     <gpxtpx:TrackPointExtension>
      <gpxtpx:atemp>14</gpxtpx:atemp>
      <gpxtpx:hr>129</gpxtpx:hr>
      <gpxtpx:cad>88</gpxtpx:cad>
     </gpxtpx:TrackPointExtension>
    </extensions>
   </trkpt>
   <trkpt lat="38.5783690" lon="-121.4764970">
    <ele>10.0</ele>
    <time>2025-11-21T15:43:28Z</time>
    <extensions>
     <power>217</power>
     <gpxtpx:TrackPointExtension>
      <gpxtpx:atemp>14</gpxtpx:atemp>
      <gpxtpx:hr>129</gpxtpx:hr>
      <gpxtpx:cad>88</gpxtpx:cad>
     </gpxtpx:TrackPointExtension>
    </extensions>
   </trkpt>
   <trkpt lat="38.5783730" lon="-121.4765230">
    <ele>10.2</ele>
    <time>2025-11-21T15:43:29Z</time>
    <extensions>
     <power>217</power>
     <gpxtpx:TrackPointExtension>
      <gpxtpx:atemp>14</gpxtpx:atemp>
      <gpxtpx:hr>129</gpxtpx:hr>
      <gpxtpx:cad>90</gpxtpx:cad>
     </gpxtpx:TrackPointExtension>
    </extensions>
   </trkpt>
   <trkpt lat="38.5783810" lon="-121.4765530">
    <ele>10.2</ele>
    <time>2025-11-21T15:43:30Z</time>
    <extensions>
     <power>215</power>
     <gpxtpx:TrackPointExtension>
      <gpxtpx:atemp>14</gpxtpx:atemp>
      <gpxtpx:hr>129</gpxtpx:hr>
      <gpxtpx:cad>90</gpxtpx:cad>
     </gpxtpx:TrackPointExtension>
    </extensions>
   </trkpt>
   <trkpt lat="38.5783890" lon="-121.4765790">
    <ele>10.2</ele>
    <time>2025-11-21T15:43:31Z</time>
    <extensions>
     <power>214</power>
     <gpxtpx:TrackPointExtension>
      <gpxtpx:atemp>14</gpxtpx:atemp>
      <gpxtpx:hr>129</gpxtpx:hr>
      <gpxtpx:cad>89</gpxtpx:cad>
     </gpxtpx:TrackPointExtension>
    </extensions>
   </trkpt>
   <trkpt lat="38.5783950" lon="-121.4766110">
    <ele>10.2</ele>
    <time>2025-11-21T15:43:32Z</time>
    <extensions>
     <power>215</power>
     <gpxtpx:TrackPointExtension>
      <gpxtpx:atemp>14</gpxtpx:atemp>
      <gpxtpx:hr>129</gpxtpx:hr>
      <gpxtpx:cad>88</gpxtpx:cad>
     </gpxtpx:TrackPointExtension>
    </extensions>
   </trkpt>
   <trkpt lat="38.5784000" lon="-121.4766350">
    <ele>10.2</ele>
    <time>2025-11-21T15:43:33Z</time>
    <extensions>
     <power>216</power>
     <gpxtpx:TrackPointExtension>
      <gpxtpx:atemp>14</gpxtpx:atemp>
      <gpxtpx:hr>129</gpxtpx:hr>
      <gpxtpx:cad>88</gpxtpx:cad>
     </gpxtpx:TrackPointExtension>
    </extensions>
   </trkpt>
   <trkpt lat="38.5784060" lon="-121.4766610">
    <ele>10.2</ele>
    <time>2025-11-21T15:43:34Z</time>
    <extensions>
     <power>216</power>
     <gpxtpx:TrackPointExtension>
      <gpxtpx:atemp>14</gpxtpx:atemp>
      <gpxtpx:hr>129</gpxtpx:hr>
      <gpxtpx:cad>88</gpxtpx:cad>
     </gpxtpx:TrackPointExtension>
    </extensions>
   </trkpt>
   <trkpt lat="38.5784120" lon="-121.4766880">
    <ele>10.0</ele>
    <time>2025-11-21T15:43:35Z</time>
    <extensions>
     <power>216</power>
     <gpxtpx:TrackPointExtension>
      <gpxtpx:atemp>14</gpxtpx:atemp>
      <gpxtpx:hr>129</gpxtpx:hr>
      <gpxtpx:cad>88</gpxtpx:cad>
     </gpxtpx:TrackPointExtension>
    </extensions>
   </trkpt>
   <trkpt lat="38.5784190" lon="-121.4767190">
    <ele>10.0</ele>
    <time>2025-11-21T15:43:36Z</time>
    <extensions>
     <power>216</power>
     <gpxtpx:TrackPointExtension>
      <gpxtpx:atemp>14</gpxtpx:atemp>
      <gpxtpx:hr>129</gpxtpx:hr>
      <gpxtpx:cad>88</gpxtpx:cad>
     </gpxtpx:TrackPointExtension>
    </extensions>
   </trkpt>
   <trkpt lat="38.5784280" lon="-121.4767420">
    <ele>10.2</ele>
    <time>2025-11-21T15:43:37Z</time>
    <extensions>
     <power>214</power>
     <gpxtpx:TrackPointExtension>
      <gpxtpx:atemp>14</gpxtpx:atemp>
      <gpxtpx:hr>128</gpxtpx:hr>
      <gpxtpx:cad>88</gpxtpx:cad>
     </gpxtpx:TrackPointExtension>
    </extensions>
   </trkpt>
   <trkpt lat="38.5784340" lon="-121.4767710">
    <ele>10.2</ele>
    <time>2025-11-21T15:43:38Z</time>
    <extensions>
     <power>215</power>
     <gpxtpx:TrackPointExtension>
      <gpxtpx:atemp>14</gpxtpx:atemp>
      <gpxtpx:hr>129</gpxtpx:hr>
      <gpxtpx:cad>88</gpxtpx:cad>
     </gpxtpx:TrackPointExtension>
    </extensions>
   </trkpt>
   <trkpt lat="38.5784410" lon="-121.4768010">
    <ele>10.2</ele>
    <time>2025-11-21T15:43:39Z</time>
    <extensions>
     <power>215</power>
     <gpxtpx:TrackPointExtension>
      <gpxtpx:atemp>14</gpxtpx:atemp>
      <gpxtpx:hr>128</gpxtpx:hr>
      <gpxtpx:cad>88</gpxtpx:cad>
     </gpxtpx:TrackPointExtension>
    </extensions>
   </trkpt>
   <trkpt lat="38.5784490" lon="-121.4768250">
    <ele>10.2</ele>
    <time>2025-11-21T15:43:40Z</time>
    <extensions>
     <power>216</power>
     <gpxtpx:TrackPointExtension>
      <gpxtpx:atemp>14</gpxtpx:atemp>
      <gpxtpx:hr>128</gpxtpx:hr>
      <gpxtpx:cad>88</gpxtpx:cad>
     </gpxtpx:TrackPointExtension>
    </extensions>
   </trkpt>
   <trkpt lat="38.5784530" lon="-121.4768520">
    <ele>10.2</ele>
    <time>2025-11-21T15:43:41Z</time>
    <extensions>
     <power>217</power>
     <gpxtpx:TrackPointExtension>
      <gpxtpx:atemp>14</gpxtpx:atemp>
      <gpxtpx:hr>128</gpxtpx:hr>
      <gpxtpx:cad>88</gpxtpx:cad>
     </gpxtpx:TrackPointExtension>
    </extensions>
   </trkpt>
   <trkpt lat="38.5784600" lon="-121.4768740">
    <ele>10.2</ele>
    <time>2025-11-21T15:43:42Z</time>
    <extensions>
     <power>217</power>
     <gpxtpx:TrackPointExtension>
      <gpxtpx:atemp>14</gpxtpx:atemp>
      <gpxtpx:hr>129</gpxtpx:hr>
      <gpxtpx:cad>88</gpxtpx:cad>
     </gpxtpx:TrackPointExtension>
    </extensions>
   </trkpt>
   <trkpt lat="38.5784680" lon="-121.4769050">
    <ele>10.2</ele>
    <time>2025-11-21T15:43:43Z</time>
    <extensions>
     <power>216</power>
     <gpxtpx:TrackPointExtension>
      <gpxtpx:atemp>14</gpxtpx:atemp>
      <gpxtpx:hr>128</gpxtpx:hr>
      <gpxtpx:cad>88</gpxtpx:cad>
     </gpxtpx:TrackPointExtension>
    </extensions>
   </trkpt>
   <trkpt lat="38.5784760" lon="-121.4769320">
    <ele>10.4</ele>
    <time>2025-11-21T15:43:44Z</time>
    <extensions>
     <power>216</power>
     <gpxtpx:TrackPointExtension>
      <gpxtpx:atemp>14</gpxtpx:atemp>
      <gpxtpx:hr>128</gpxtpx:hr>
      <gpxtpx:cad>88</gpxtpx:cad>
     </gpxtpx:TrackPointExtension>
    </extensions>
   </trkpt>
   <trkpt lat="38.5784790" lon="-121.4769590">
    <ele>10.4</ele>
    <time>2025-11-21T15:43:45Z</time>
    <extensions>
     <power>216</power>
     <gpxtpx:TrackPointExtension>
      <gpxtpx:atemp>14</gpxtpx:atemp>
      <gpxtpx:hr>129</gpxtpx:hr>
      <gpxtpx:cad>88</gpxtpx:cad>
     </gpxtpx:TrackPointExtension>
    </extensions>
   </trkpt>
   <trkpt lat="38.5784830" lon="-121.4769920">
    <ele>10.4</ele>
    <time>2025-11-21T15:43:46Z</time>
    <extensions>
     <power>216</power>
     <gpxtpx:TrackPointExtension>
      <gpxtpx:atemp>14</gpxtpx:atemp>
      <gpxtpx:hr>129</gpxtpx:hr>
      <gpxtpx:cad>88</gpxtpx:cad>
     </gpxtpx:TrackPointExtension>
    </extensions>
   </trkpt>
   <trkpt lat="38.5784890" lon="-121.4770250">
    <ele>10.2</ele>
    <time>2025-11-21T15:43:47Z</time>
    <extensions>
     <power>217</power>
     <gpxtpx:TrackPointExtension>
      <gpxtpx:atemp>14</gpxtpx:atemp>
      <gpxtpx:hr>129</gpxtpx:hr>
      <gpxtpx:cad>88</gpxtpx:cad>
     </gpxtpx:TrackPointExtension>
    </extensions>
   </trkpt>
   <trkpt lat="38.5784950" lon="-121.4770510">
    <ele>10.2</ele>
    <time>2025-11-21T15:43:48Z</time>
    <extensions>
     <power>218</power>
     <gpxtpx:TrackPointExtension>
      <gpxtpx:atemp>14</gpxtpx:atemp>
      <gpxtpx:hr>128</gpxtpx:hr>
      <gpxtpx:cad>88</gpxtpx:cad>
     </gpxtpx:TrackPointExtension>
    </extensions>
   </trkpt>
   <trkpt lat="38.5785040" lon="-121.4770860">
    <ele>10.0</ele>
    <time>2025-11-21T15:43:49Z</time>
    <extensions>
     <power>219</power>
     <gpxtpx:TrackPointExtension>
      <gpxtpx:atemp>14</gpxtpx:atemp>
      <gpxtpx:hr>129</gpxtpx:hr>
      <gpxtpx:cad>88</gpxtpx:cad>
     </gpxtpx:TrackPointExtension>
    </extensions>
   </trkpt>
   <trkpt lat="38.5785100" lon="-121.4771150">
    <ele>10.2</ele>
    <time>2025-11-21T15:43:50Z</time>
    <extensions>
     <power>219</power>
     <gpxtpx:TrackPointExtension>
      <gpxtpx:atemp>14</gpxtpx:atemp>
      <gpxtpx:hr>129</gpxtpx:hr>
      <gpxtpx:cad>88</gpxtpx:cad>
     </gpxtpx:TrackPointExtension>
    </extensions>
   </trkpt>
   <trkpt lat="38.5785210" lon="-121.4771440">
    <ele>10.2</ele>
    <time>2025-11-21T15:43:51Z</time>
    <extensions>
     <power>221</power>
     <gpxtpx:TrackPointExtension>
      <gpxtpx:atemp>14</gpxtpx:atemp>
      <gpxtpx:hr>128</gpxtpx:hr>
      <gpxtpx:cad>89</gpxtpx:cad>
     </gpxtpx:TrackPointExtension>
    </extensions>
   </trkpt>
   <trkpt lat="38.5785280" lon="-121.4771720">
    <ele>10.2</ele>
    <time>2025-11-21T15:43:52Z</time>
    <extensions>
     <power>221</power>
     <gpxtpx:TrackPointExtension>
      <gpxtpx:atemp>14</gpxtpx:atemp>
      <gpxtpx:hr>129</gpxtpx:hr>
      <gpxtpx:cad>89</gpxtpx:cad>
     </gpxtpx:TrackPointExtension>
    </extensions>
   </trkpt>
   <trkpt lat="38.5785400" lon="-121.4772090">
    <ele>10.2</ele>
    <time>2025-11-21T15:43:53Z</time>
    <extensions>
     <power>220</power>
     <gpxtpx:TrackPointExtension>
      <gpxtpx:atemp>14</gpxtpx:atemp>
      <gpxtpx:hr>129</gpxtpx:hr>
      <gpxtpx:cad>89</gpxtpx:cad>
     </gpxtpx:TrackPointExtension>
    </extensions>
   </trkpt>
   <trkpt lat="38.5785470" lon="-121.4772350">
    <ele>10.2</ele>
    <time>2025-11-21T15:43:54Z</time>
    <extensions>
     <power>220</power>
     <gpxtpx:TrackPointExtension>
      <gpxtpx:atemp>14</gpxtpx:atemp>
      <gpxtpx:hr>129</gpxtpx:hr>
      <gpxtpx:cad>89</gpxtpx:cad>
     </gpxtpx:TrackPointExtension>
    </extensions>
   </trkpt>
   <trkpt lat="38.5785610" lon="-121.4772670">
    <ele>10.2</ele>
    <time>2025-11-21T15:43:55Z</time>
    <extensions>
     <power>221</power>
     <gpxtpx:TrackPointExtension>
      <gpxtpx:atemp>14</gpxtpx:atemp>
      <gpxtpx:hr>130</gpxtpx:hr>
      <gpxtpx:cad>88</gpxtpx:cad>
     </gpxtpx:TrackPointExtension>
    </extensions>
   </trkpt>
   <trkpt lat="38.5785660" lon="-121.4772970">
    <ele>10.2</ele>
    <time>2025-11-21T15:43:56Z</time>
    <extensions>
     <power>222</power>
     <gpxtpx:TrackPointExtension>
      <gpxtpx:atemp>14</gpxtpx:atemp>
      <gpxtpx:hr>132</gpxtpx:hr>
      <gpxtpx:cad>88</gpxtpx:cad>
     </gpxtpx:TrackPointExtension>
    </extensions>
   </trkpt>
   <trkpt lat="38.5785760" lon="-121.4773330">
    <ele>10.2</ele>
    <time>2025-11-21T15:43:57Z</time>
    <extensions>
     <power>223</power>
     <gpxtpx:TrackPointExtension>
      <gpxtpx:atemp>14</gpxtpx:atemp>
      <gpxtpx:hr>134</gpxtpx:hr>
      <gpxtpx:cad>88</gpxtpx:cad>
     </gpxtpx:TrackPointExtension>
    </extensions>
   </trkpt>
   <trkpt lat="38.5785850" lon="-121.4773630">
    <ele>10.2</ele>
    <time>2025-11-21T15:43:58Z</time>
    <extensions>
     <power>223</power>
     <gpxtpx:TrackPointExtension>
      <gpxtpx:atemp>14</gpxtpx:atemp>
      <gpxtpx:hr>137</gpxtpx:hr>
      <gpxtpx:cad>89</gpxtpx:cad>
     </gpxtpx:TrackPointExtension>
    </extensions>
   </trkpt>
   <trkpt lat="38.5785910" lon="-121.4773910">
    <ele>10.2</ele>
    <time>2025-11-21T15:43:59Z</time>
    <extensions>
     <power>224</power>
     <gpxtpx:TrackPointExtension>
      <gpxtpx:atemp>14</gpxtpx:atemp>
      <gpxtpx:hr>139</gpxtpx:hr>
      <gpxtpx:cad>88</gpxtpx:cad>
     </gpxtpx:TrackPointExtension>
    </extensions>
   </trkpt>
   <trkpt lat="38.5786010" lon="-121.4774150">
    <ele>10.2</ele>
    <time>2025-11-21T15:44:00Z</time>
    <extensions>
     <power>226</power>
     <gpxtpx:TrackPointExtension>
      <gpxtpx:atemp>14</gpxtpx:atemp>
      <gpxtpx:hr>140</gpxtpx:hr>
      <gpxtpx:cad>88</gpxtpx:cad>
     </gpxtpx:TrackPointExtension>
    </extensions>
   </trkpt>
   <trkpt lat="38.5786090" lon="-121.4774280">
    <ele>10.2</ele>
    <time>2025-11-21T15:44:01Z</time>
    <extensions>
     <power>226</power>
     <gpxtpx:TrackPointExtension>
      <gpxtpx:atemp>14</gpxtpx:atemp>
      <gpxtpx:hr>140</gpxtpx:hr>
      <gpxtpx:cad>88</gpxtpx:cad>
     </gpxtpx:TrackPointExtension>
    </extensions>
   </trkpt>
   <trkpt lat="38.5786160" lon="-121.4774390">
    <ele>10.4</ele>
    <time>2025-11-21T15:44:02Z</time>
    <extensions>
     <power>228</power>
     <gpxtpx:TrackPointExtension>
      <gpxtpx:atemp>14</gpxtpx:atemp>
      <gpxtpx:hr>140</gpxtpx:hr>
      <gpxtpx:cad>88</gpxtpx:cad>
     </gpxtpx:TrackPointExtension>
    </extensions>
   </trkpt>
   <trkpt lat="38.5786400" lon="-121.4775220">
    <ele>10.2</ele>
    <time>2025-11-21T15:44:12Z</time>
    <extensions>
     <gpxtpx:TrackPointExtension>
      <gpxtpx:atemp>14</gpxtpx:atemp>
      <gpxtpx:hr>139</gpxtpx:hr>
      <gpxtpx:cad>0</gpxtpx:cad>
     </gpxtpx:TrackPointExtension>
    </extensions>
   </trkpt>
   <trkpt lat="38.5786480" lon="-121.4775480">
    <ele>10.2</ele>
    <time>2025-11-21T15:44:13Z</time>
    <extensions>
     <power>0</power>
     <gpxtpx:TrackPointExtension>
      <gpxtpx:atemp>14</gpxtpx:atemp>
      <gpxtpx:hr>138</gpxtpx:hr>
      <gpxtpx:cad>0</gpxtpx:cad>
     </gpxtpx:TrackPointExtension>
    </extensions>
   </trkpt>
   <trkpt lat="38.5786540" lon="-121.4775730">
    <ele>10.2</ele>
    <time>2025-11-21T15:44:14Z</time>
    <extensions>
     <power>0</power>
     <gpxtpx:TrackPointExtension>
      <gpxtpx:atemp>14</gpxtpx:atemp>
      <gpxtpx:hr>138</gpxtpx:hr>
      <gpxtpx:cad>0</gpxtpx:cad>
     </gpxtpx:TrackPointExtension>
    </extensions>
   </trkpt>
   <trkpt lat="38.5786630" lon="-121.4776010">
    <ele>10.2</ele>
    <time>2025-11-21T15:44:15Z</time>
    <extensions>
     <power>0</power>
     <gpxtpx:TrackPointExtension>
      <gpxtpx:atemp>14</gpxtpx:atemp>
      <gpxtpx:hr>136</gpxtpx:hr>
      <gpxtpx:cad>0</gpxtpx:cad>
     </gpxtpx:TrackPointExtension>
    </extensions>
   </trkpt>
   <trkpt lat="38.5786720" lon="-121.4776220">
    <ele>10.2</ele>
    <time>2025-11-21T15:44:16Z</time>
    <extensions>
     <power>0</power>
     <gpxtpx:TrackPointExtension>
      <gpxtpx:atemp>14</gpxtpx:atemp>
      <gpxtpx:hr>135</gpxtpx:hr>
      <gpxtpx:cad>0</gpxtpx:cad>
     </gpxtpx:TrackPointExtension>
    </extensions>
   </trkpt>
   <trkpt lat="38.5786790" lon="-121.4776470">
    <ele>10.0</ele>
    <time>2025-11-21T15:44:17Z</time>
    <extensions>
     <power>0</power>
     <gpxtpx:TrackPointExtension>
      <gpxtpx:atemp>14</gpxtpx:atemp>
      <gpxtpx:hr>134</gpxtpx:hr>
      <gpxtpx:cad>88</gpxtpx:cad>
     </gpxtpx:TrackPointExtension>
    </extensions>
   </trkpt>
   <trkpt lat="38.5786870" lon="-121.4776730">
    <ele>10.0</ele>
    <time>2025-11-21T15:44:18Z</time>
    <extensions>
     <power>203</power>
     <gpxtpx:TrackPointExtension>
      <gpxtpx:atemp>14</gpxtpx:atemp>
      <gpxtpx:hr>134</gpxtpx:hr>
      <gpxtpx:cad>91</gpxtpx:cad>
     </gpxtpx:TrackPointExtension>
    </extensions>
   </trkpt>
   <trkpt lat="38.5786960" lon="-121.4777000">
    <ele>10.0</ele>
    <time>2025-11-21T15:44:19Z</time>
    <extensions>
     <power>185</power>
     <gpxtpx:TrackPointExtension>
      <gpxtpx:atemp>14</gpxtpx:atemp>
      <gpxtpx:hr>134</gpxtpx:hr>
      <gpxtpx:cad>91</gpxtpx:cad>
     </gpxtpx:TrackPointExtension>
    </extensions>
   </trkpt>
   <trkpt lat="38.5787090" lon="-121.4777260">
    <ele>9.8</ele>
    <time>2025-11-21T15:44:20Z</time>
    <extensions>
     <power>199</power>
     <gpxtpx:TrackPointExtension>
      <gpxtpx:atemp>14</gpxtpx:atemp>
      <gpxtpx:hr>134</gpxtpx:hr>
      <gpxtpx:cad>89</gpxtpx:cad>
     </gpxtpx:TrackPointExtension>
    </extensions>
   </trkpt>
   <trkpt lat="38.5787200" lon="-121.4777590">
    <ele>9.8</ele>
    <time>2025-11-21T15:44:21Z</time>
    <extensions>
     <power>215</power>
     <gpxtpx:TrackPointExtension>
      <gpxtpx:atemp>14</gpxtpx:atemp>
      <gpxtpx:hr>134</gpxtpx:hr>
      <gpxtpx:cad>89</gpxtpx:cad>
     </gpxtpx:TrackPointExtension>
    </extensions>
   </trkpt>
   <trkpt lat="38.5787250" lon="-121.4777850">
    <ele>9.8</ele>
    <time>2025-11-21T15:44:22Z</time>
    <extensions>
     <power>226</power>
     <gpxtpx:TrackPointExtension>
      <gpxtpx:atemp>14</gpxtpx:atemp>
      <gpxtpx:hr>134</gpxtpx:hr>
      <gpxtpx:cad>89</gpxtpx:cad>
     </gpxtpx:TrackPointExtension>
    </extensions>
   </trkpt>
   <trkpt lat="38.5787310" lon="-121.4778160">
    <ele>10.0</ele>
    <time>2025-11-21T15:44:23Z</time>
    <extensions>
     <power>233</power>
     <gpxtpx:TrackPointExtension>
      <gpxtpx:atemp>14</gpxtpx:atemp>
      <gpxtpx:hr>134</gpxtpx:hr>
      <gpxtpx:cad>89</gpxtpx:cad>
     </gpxtpx:TrackPointExtension>
    </extensions>
   </trkpt>
   <trkpt lat="38.5787390" lon="-121.4778400">
    <ele>10.0</ele>
    <time>2025-11-21T15:44:24Z</time>
    <extensions>
     <power>236</power>
     <gpxtpx:TrackPointExtension>
      <gpxtpx:atemp>14</gpxtpx:atemp>
      <gpxtpx:hr>133</gpxtpx:hr>
      <gpxtpx:cad>90</gpxtpx:cad>
     </gpxtpx:TrackPointExtension>
    </extensions>
   </trkpt>
   <trkpt lat="38.5787480" lon="-121.4778680">
    <ele>10.0</ele>
    <time>2025-11-21T15:44:25Z</time>
    <extensions>
     <power>216</power>
     <gpxtpx:TrackPointExtension>
      <gpxtpx:atemp>14</gpxtpx:atemp>
      <gpxtpx:hr>133</gpxtpx:hr>
      <gpxtpx:cad>90</gpxtpx:cad>
     </gpxtpx:TrackPointExtension>
    </extensions>
   </trkpt>
   <trkpt lat="38.5787550" lon="-121.4778910">
    <ele>10.0</ele>
    <time>2025-11-21T15:44:26Z</time>
    <extensions>
     <power>213</power>
     <gpxtpx:TrackPointExtension>
      <gpxtpx:atemp>14</gpxtpx:atemp>
      <gpxtpx:hr>133</gpxtpx:hr>
      <gpxtpx:cad>89</gpxtpx:cad>
     </gpxtpx:TrackPointExtension>
    </extensions>
   </trkpt>
   <trkpt lat="38.5787620" lon="-121.4779220">
    <ele>10.0</ele>
    <time>2025-11-21T15:44:27Z</time>
    <extensions>
     <power>211</power>
     <gpxtpx:TrackPointExtension>
      <gpxtpx:atemp>14</gpxtpx:atemp>
      <gpxtpx:hr>133</gpxtpx:hr>
      <gpxtpx:cad>89</gpxtpx:cad>
     </gpxtpx:TrackPointExtension>
    </extensions>
   </trkpt>
   <trkpt lat="38.5787690" lon="-121.4779480">
    <ele>10.0</ele>
    <time>2025-11-21T15:44:28Z</time>
    <extensions>
     <power>209</power>
     <gpxtpx:TrackPointExtension>
      <gpxtpx:atemp>14</gpxtpx:atemp>
      <gpxtpx:hr>134</gpxtpx:hr>
      <gpxtpx:cad>90</gpxtpx:cad>
     </gpxtpx:TrackPointExtension>
    </extensions>
   </trkpt>
   <trkpt lat="38.5787760" lon="-121.4779780">
    <ele>10.0</ele>
    <time>2025-11-21T15:44:29Z</time>
    <extensions>
     <power>209</power>
     <gpxtpx:TrackPointExtension>
      <gpxtpx:atemp>14</gpxtpx:atemp>
      <gpxtpx:hr>134</gpxtpx:hr>
      <gpxtpx:cad>90</gpxtpx:cad>
     </gpxtpx:TrackPointExtension>
    </extensions>
   </trkpt>
   <trkpt lat="38.5787780" lon="-121.4780050">
    <ele>9.8</ele>
    <time>2025-11-21T15:44:30Z</time>
    <extensions>
     <power>210</power>
     <gpxtpx:TrackPointExtension>
      <gpxtpx:atemp>14</gpxtpx:atemp>
      <gpxtpx:hr>134</gpxtpx:hr>
      <gpxtpx:cad>90</gpxtpx:cad>
     </gpxtpx:TrackPointExtension>
    </extensions>
   </trkpt>
   <trkpt lat="38.5787860" lon="-121.4780360">
    <ele>9.8</ele>
    <time>2025-11-21T15:44:31Z</time>
    <extensions>
     <power>210</power>
     <gpxtpx:TrackPointExtension>
      <gpxtpx:atemp>14</gpxtpx:atemp>
      <gpxtpx:hr>134</gpxtpx:hr>
      <gpxtpx:cad>90</gpxtpx:cad>
     </gpxtpx:TrackPointExtension>
    </extensions>
   </trkpt>
   <trkpt lat="38.5787940" lon="-121.4780630">
    <ele>9.8</ele>
    <time>2025-11-21T15:44:32Z</time>
    <extensions>
     <power>210</power>
     <gpxtpx:TrackPointExtension>
      <gpxtpx:atemp>14</gpxtpx:atemp>
      <gpxtpx:hr>133</gpxtpx:hr>
      <gpxtpx:cad>90</gpxtpx:cad>
     </gpxtpx:TrackPointExtension>
    </extensions>
   </trkpt>
   <trkpt lat="38.5788000" lon="-121.4780950">
    <ele>9.8</ele>
    <time>2025-11-21T15:44:33Z</time>
    <extensions>
     <power>210</power>
     <gpxtpx:TrackPointExtension>
      <gpxtpx:atemp>14</gpxtpx:atemp>
      <gpxtpx:hr>134</gpxtpx:hr>
      <gpxtpx:cad>90</gpxtpx:cad>
     </gpxtpx:TrackPointExtension>
    </extensions>
   </trkpt>
   <trkpt lat="38.5788060" lon="-121.4781260">
    <ele>9.8</ele>
    <time>2025-11-21T15:44:34Z</time>
    <extensions>
     <power>210</power>
     <gpxtpx:TrackPointExtension>
      <gpxtpx:atemp>14</gpxtpx:atemp>
      <gpxtpx:hr>133</gpxtpx:hr>
      <gpxtpx:cad>89</gpxtpx:cad>
     </gpxtpx:TrackPointExtension>
    </extensions>
   </trkpt>
   <trkpt lat="38.5788080" lon="-121.4781630">
    <ele>9.8</ele>
    <time>2025-11-21T15:44:35Z</time>
    <extensions>
     <power>215</power>
     <gpxtpx:TrackPointExtension>
      <gpxtpx:atemp>14</gpxtpx:atemp>
      <gpxtpx:hr>133</gpxtpx:hr>
      <gpxtpx:cad>88</gpxtpx:cad>
     </gpxtpx:TrackPointExtension>
    </extensions>
   </trkpt>
   <trkpt lat="38.5788220" lon="-121.4781910">
    <ele>9.8</ele>
    <time>2025-11-21T15:44:36Z</time>
    <extensions>
     <power>217</power>
     <gpxtpx:TrackPointExtension>
      <gpxtpx:atemp>14</gpxtpx:atemp>
      <gpxtpx:hr>133</gpxtpx:hr>
      <gpxtpx:cad>88</gpxtpx:cad>
     </gpxtpx:TrackPointExtension>
    </extensions>
   </trkpt>
   <trkpt lat="38.5788260" lon="-121.4782220">
    <ele>9.8</ele>
    <time>2025-11-21T15:44:37Z</time>
    <extensions>
     <power>223</power>
     <gpxtpx:TrackPointExtension>
      <gpxtpx:atemp>14</gpxtpx:atemp>
      <gpxtpx:hr>133</gpxtpx:hr>
      <gpxtpx:cad>89</gpxtpx:cad>
     </gpxtpx:TrackPointExtension>
    </extensions>
   </trkpt>
   <trkpt lat="38.5788340" lon="-121.4782500">
    <ele>9.8</ele>
    <time>2025-11-21T15:44:38Z</time>
    <extensions>
     <power>223</power>
     <gpxtpx:TrackPointExtension>
      <gpxtpx:atemp>14</gpxtpx:atemp>
      <gpxtpx:hr>133</gpxtpx:hr>
      <gpxtpx:cad>89</gpxtpx:cad>
     </gpxtpx:TrackPointExtension>
    </extensions>
   </trkpt>
   <trkpt lat="38.5788380" lon="-121.4782770">
    <ele>9.8</ele>
    <time>2025-11-21T15:44:39Z</time>
    <extensions>
     <power>223</power>
     <gpxtpx:TrackPointExtension>
      <gpxtpx:atemp>14</gpxtpx:atemp>
      <gpxtpx:hr>134</gpxtpx:hr>
      <gpxtpx:cad>89</gpxtpx:cad>
     </gpxtpx:TrackPointExtension>
    </extensions>
   </trkpt>
   <trkpt lat="38.5788500" lon="-121.4783090">
    <ele>9.8</ele>
    <time>2025-11-21T15:44:40Z</time>
    <extensions>
     <power>223</power>
     <gpxtpx:TrackPointExtension>
      <gpxtpx:atemp>14</gpxtpx:atemp>
      <gpxtpx:hr>133</gpxtpx:hr>
      <gpxtpx:cad>89</gpxtpx:cad>
     </gpxtpx:TrackPointExtension>
    </extensions>
   </trkpt>
   <trkpt lat="38.5788570" lon="-121.4783430">
    <ele>9.8</ele>
    <time>2025-11-21T15:44:41Z</time>
    <extensions>
     <power>219</power>
     <gpxtpx:TrackPointExtension>
      <gpxtpx:atemp>14</gpxtpx:atemp>
      <gpxtpx:hr>133</gpxtpx:hr>
      <gpxtpx:cad>89</gpxtpx:cad>
     </gpxtpx:TrackPointExtension>
    </extensions>
   </trkpt>
   <trkpt lat="38.5788660" lon="-121.4783710">
    <ele>9.8</ele>
    <time>2025-11-21T15:44:42Z</time>
    <extensions>
     <power>219</power>
     <gpxtpx:TrackPointExtension>
      <gpxtpx:atemp>14</gpxtpx:atemp>
      <gpxtpx:hr>134</gpxtpx:hr>
      <gpxtpx:cad>89</gpxtpx:cad>
     </gpxtpx:TrackPointExtension>
    </extensions>
   </trkpt>
   <trkpt lat="38.5788720" lon="-121.4783980">
    <ele>9.8</ele>
    <time>2025-11-21T15:44:43Z</time>
    <extensions>
     <power>226</power>
     <gpxtpx:TrackPointExtension>
      <gpxtpx:atemp>14</gpxtpx:atemp>
      <gpxtpx:hr>134</gpxtpx:hr>
      <gpxtpx:cad>89</gpxtpx:cad>
     </gpxtpx:TrackPointExtension>
    </extensions>
   </trkpt>
   <trkpt lat="38.5788850" lon="-121.4784270">
    <ele>9.8</ele>
    <time>2025-11-21T15:44:44Z</time>
    <extensions>
     <power>226</power>
     <gpxtpx:TrackPointExtension>
      <gpxtpx:atemp>14</gpxtpx:atemp>
      <gpxtpx:hr>134</gpxtpx:hr>
      <gpxtpx:cad>89</gpxtpx:cad>
     </gpxtpx:TrackPointExtension>
    </extensions>
   </trkpt>
   <trkpt lat="38.5788920" lon="-121.4784570">
    <ele>9.8</ele>
    <time>2025-11-21T15:44:45Z</time>
    <extensions>
     <power>225</power>
     <gpxtpx:TrackPointExtension>
      <gpxtpx:atemp>14</gpxtpx:atemp>
      <gpxtpx:hr>134</gpxtpx:hr>
      <gpxtpx:cad>89</gpxtpx:cad>
     </gpxtpx:TrackPointExtension>
    </extensions>
   </trkpt>
   <trkpt lat="38.5789020" lon="-121.4784870">
    <ele>9.8</ele>
    <time>2025-11-21T15:44:46Z</time>
    <extensions>
     <power>225</power>
     <gpxtpx:TrackPointExtension>
      <gpxtpx:atemp>14</gpxtpx:atemp>
      <gpxtpx:hr>134</gpxtpx:hr>
      <gpxtpx:cad>88</gpxtpx:cad>
     </gpxtpx:TrackPointExtension>
    </extensions>
   </trkpt>
   <trkpt lat="38.5789080" lon="-121.4785150">
    <ele>9.8</ele>
    <time>2025-11-21T15:44:47Z</time>
    <extensions>
     <power>226</power>
     <gpxtpx:TrackPointExtension>
      <gpxtpx:atemp>14</gpxtpx:atemp>
      <gpxtpx:hr>134</gpxtpx:hr>
      <gpxtpx:cad>88</gpxtpx:cad>
     </gpxtpx:TrackPointExtension>
    </extensions>
   </trkpt>
   <trkpt lat="38.5789200" lon="-121.4785480">
    <ele>9.6</ele>
    <time>2025-11-21T15:44:48Z</time>
    <extensions>
     <power>226</power>
     <gpxtpx:TrackPointExtension>
      <gpxtpx:atemp>14</gpxtpx:atemp>
      <gpxtpx:hr>134</gpxtpx:hr>
      <gpxtpx:cad>88</gpxtpx:cad>
     </gpxtpx:TrackPointExtension>
    </extensions>
   </trkpt>
   <trkpt lat="38.5789250" lon="-121.4785830">
    <ele>9.6</ele>
    <time>2025-11-21T15:44:49Z</time>
    <extensions>
     <power>227</power>
     <gpxtpx:TrackPointExtension>
      <gpxtpx:atemp>14</gpxtpx:atemp>
      <gpxtpx:hr>134</gpxtpx:hr>
      <gpxtpx:cad>89</gpxtpx:cad>
     </gpxtpx:TrackPointExtension>
    </extensions>
   </trkpt>
   <trkpt lat="38.5789400" lon="-121.4786220">
    <ele>9.6</ele>
    <time>2025-11-21T15:44:50Z</time>
    <extensions>
     <power>226</power>
     <gpxtpx:TrackPointExtension>
      <gpxtpx:atemp>14</gpxtpx:atemp>
      <gpxtpx:hr>134</gpxtpx:hr>
      <gpxtpx:cad>89</gpxtpx:cad>
     </gpxtpx:TrackPointExtension>
    </extensions>
   </trkpt>
   <trkpt lat="38.5789450" lon="-121.4786480">
    <ele>9.6</ele>
    <time>2025-11-21T15:44:51Z</time>
    <extensions>
     <power>230</power>
     <gpxtpx:TrackPointExtension>
      <gpxtpx:atemp>14</gpxtpx:atemp>
      <gpxtpx:hr>134</gpxtpx:hr>
      <gpxtpx:cad>89</gpxtpx:cad>
     </gpxtpx:TrackPointExtension>
    </extensions>
   </trkpt>
   <trkpt lat="38.5789530" lon="-121.4786830">
    <ele>9.6</ele>
    <time>2025-11-21T15:44:52Z</time>
    <extensions>
     <power>230</power>
     <gpxtpx:TrackPointExtension>
      <gpxtpx:atemp>14</gpxtpx:atemp>
      <gpxtpx:hr>134</gpxtpx:hr>
      <gpxtpx:cad>89</gpxtpx:cad>
     </gpxtpx:TrackPointExtension>
    </extensions>
   </trkpt>
   <trkpt lat="38.5789590" lon="-121.4787090">
    <ele>9.8</ele>
    <time>2025-11-21T15:44:53Z</time>
    <extensions>
     <power>230</power>
     <gpxtpx:TrackPointExtension>
      <gpxtpx:atemp>14</gpxtpx:atemp>
      <gpxtpx:hr>134</gpxtpx:hr>
      <gpxtpx:cad>89</gpxtpx:cad>
     </gpxtpx:TrackPointExtension>
    </extensions>
   </trkpt>
   <trkpt lat="38.5789610" lon="-121.4787370">
    <ele>9.8</ele>
    <time>2025-11-21T15:44:54Z</time>
    <extensions>
     <power>230</power>
     <gpxtpx:TrackPointExtension>
      <gpxtpx:atemp>14</gpxtpx:atemp>
      <gpxtpx:hr>134</gpxtpx:hr>
      <gpxtpx:cad>88</gpxtpx:cad>
     </gpxtpx:TrackPointExtension>
    </extensions>
   </trkpt>
   <trkpt lat="38.5789710" lon="-121.4787650">
    <ele>9.8</ele>
    <time>2025-11-21T15:44:55Z</time>
    <extensions>
     <power>229</power>
     <gpxtpx:TrackPointExtension>
      <gpxtpx:atemp>14</gpxtpx:atemp>
      <gpxtpx:hr>134</gpxtpx:hr>
      <gpxtpx:cad>88</gpxtpx:cad>
     </gpxtpx:TrackPointExtension>
    </extensions>
   </trkpt>
   <trkpt lat="38.5789810" lon="-121.4787890">
    <ele>9.8</ele>
    <time>2025-11-21T15:44:56Z</time>
    <extensions>
     <power>230</power>
     <gpxtpx:TrackPointExtension>
      <gpxtpx:atemp>14</gpxtpx:atemp>
      <gpxtpx:hr>135</gpxtpx:hr>
      <gpxtpx:cad>87</gpxtpx:cad>
     </gpxtpx:TrackPointExtension>
    </extensions>
   </trkpt>
   <trkpt lat="38.5789950" lon="-121.4788210">
    <ele>9.8</ele>
    <time>2025-11-21T15:44:57Z</time>
    <extensions>
     <power>229</power>
     <gpxtpx:TrackPointExtension>
      <gpxtpx:atemp>14</gpxtpx:atemp>
      <gpxtpx:hr>134</gpxtpx:hr>
      <gpxtpx:cad>86</gpxtpx:cad>
     </gpxtpx:TrackPointExtension>
    </extensions>
   </trkpt>
   <trkpt lat="38.5789990" lon="-121.4788450">
    <ele>9.6</ele>
    <time>2025-11-21T15:44:58Z</time>
    <extensions>
     <power>229</power>
     <gpxtpx:TrackPointExtension>
      <gpxtpx:atemp>14</gpxtpx:atemp>
      <gpxtpx:hr>134</gpxtpx:hr>
      <gpxtpx:cad>86</gpxtpx:cad>
     </gpxtpx:TrackPointExtension>
    </extensions>
   </trkpt>
   <trkpt lat="38.5790070" lon="-121.4788710">
    <ele>9.6</ele>
    <time>2025-11-21T15:44:59Z</time>
    <extensions>
     <power>228</power>
     <gpxtpx:TrackPointExtension>
      <gpxtpx:atemp>14</gpxtpx:atemp>
      <gpxtpx:hr>135</gpxtpx:hr>
      <gpxtpx:cad>84</gpxtpx:cad>
     </gpxtpx:TrackPointExtension>
    </extensions>
   </trkpt>
   <trkpt lat="38.5790180" lon="-121.4789010">
    <ele>9.6</ele>
    <time>2025-11-21T15:45:00Z</time>
    <extensions>
     <power>231</power>
     <gpxtpx:TrackPointExtension>
      <gpxtpx:atemp>14</gpxtpx:atemp>
      <gpxtpx:hr>135</gpxtpx:hr>
      <gpxtpx:cad>84</gpxtpx:cad>
     </gpxtpx:TrackPointExtension>
    </extensions>
   </trkpt>
   <trkpt lat="38.5790250" lon="-121.4789400">
    <ele>9.6</ele>
    <time>2025-11-21T15:45:01Z</time>
    <extensions>
     <power>229</power>
     <gpxtpx:TrackPointExtension>
      <gpxtpx:atemp>14</gpxtpx:atemp>
      <gpxtpx:hr>135</gpxtpx:hr>
      <gpxtpx:cad>87</gpxtpx:cad>
     </gpxtpx:TrackPointExtension>
    </extensions>
   </trkpt>
   <trkpt lat="38.5790300" lon="-121.4789740">
    <ele>9.6</ele>
    <time>2025-11-21T15:45:02Z</time>
    <extensions>
     <power>225</power>
     <gpxtpx:TrackPointExtension>
      <gpxtpx:atemp>14</gpxtpx:atemp>
      <gpxtpx:hr>135</gpxtpx:hr>
      <gpxtpx:cad>88</gpxtpx:cad>
     </gpxtpx:TrackPointExtension>
    </extensions>
   </trkpt>
   <trkpt lat="38.5790360" lon="-121.4790050">
    <ele>9.6</ele>
    <time>2025-11-21T15:45:03Z</time>
    <extensions>
     <power>231</power>
     <gpxtpx:TrackPointExtension>
      <gpxtpx:atemp>14</gpxtpx:atemp>
      <gpxtpx:hr>134</gpxtpx:hr>
      <gpxtpx:cad>89</gpxtpx:cad>
     </gpxtpx:TrackPointExtension>
    </extensions>
   </trkpt>
   <trkpt lat="38.5790410" lon="-121.4790330">
    <ele>9.8</ele>
    <time>2025-11-21T15:45:04Z</time>
    <extensions>
     <power>233</power>
     <gpxtpx:TrackPointExtension>
      <gpxtpx:atemp>14</gpxtpx:atemp>
      <gpxtpx:hr>135</gpxtpx:hr>
      <gpxtpx:cad>90</gpxtpx:cad>
     </gpxtpx:TrackPointExtension>
    </extensions>
   </trkpt>
   <trkpt lat="38.5790500" lon="-121.4790600">
    <ele>9.8</ele>
    <time>2025-11-21T15:45:05Z</time>
    <extensions>
     <power>234</power>
     <gpxtpx:TrackPointExtension>
      <gpxtpx:atemp>14</gpxtpx:atemp>
      <gpxtpx:hr>135</gpxtpx:hr>
      <gpxtpx:cad>90</gpxtpx:cad>
     </gpxtpx:TrackPointExtension>
    </extensions>
   </trkpt>
   <trkpt lat="38.5790560" lon="-121.4790890">
    <ele>9.8</ele>
    <time>2025-11-21T15:45:06Z</time>
    <extensions>
     <power>234</power>
     <gpxtpx:TrackPointExtension>
      <gpxtpx:atemp>14</gpxtpx:atemp>
      <gpxtpx:hr>135</gpxtpx:hr>
      <gpxtpx:cad>90</gpxtpx:cad>
     </gpxtpx:TrackPointExtension>
    </extensions>
   </trkpt>
   <trkpt lat="38.5790650" lon="-121.4791140">
    <ele>9.8</ele>
    <time>2025-11-21T15:45:07Z</time>
    <extensions>
     <power>232</power>
     <gpxtpx:TrackPointExtension>
      <gpxtpx:atemp>14</gpxtpx:atemp>
      <gpxtpx:hr>134</gpxtpx:hr>
      <gpxtpx:cad>91</gpxtpx:cad>
     </gpxtpx:TrackPointExtension>
    </extensions>
   </trkpt>
   <trkpt lat="38.5790740" lon="-121.4791380">
    <ele>9.8</ele>
    <time>2025-11-21T15:45:08Z</time>
    <extensions>
     <power>230</power>
     <gpxtpx:TrackPointExtension>
      <gpxtpx:atemp>14</gpxtpx:atemp>
      <gpxtpx:hr>135</gpxtpx:hr>
      <gpxtpx:cad>91</gpxtpx:cad>
     </gpxtpx:TrackPointExtension>
    </extensions>
   </trkpt>
   <trkpt lat="38.5790850" lon="-121.4791670">
    <ele>9.8</ele>
    <time>2025-11-21T15:45:09Z</time>
    <extensions>
     <power>232</power>
     <gpxtpx:TrackPointExtension>
      <gpxtpx:atemp>14</gpxtpx:atemp>
      <gpxtpx:hr>135</gpxtpx:hr>
      <gpxtpx:cad>91</gpxtpx:cad>
     </gpxtpx:TrackPointExtension>
    </extensions>
   </trkpt>
   <trkpt lat="38.5790910" lon="-121.4791950">
    <ele>9.8</ele>
    <time>2025-11-21T15:45:10Z</time>
    <extensions>
     <power>229</power>
     <gpxtpx:TrackPointExtension>
      <gpxtpx:atemp>14</gpxtpx:atemp>
      <gpxtpx:hr>135</gpxtpx:hr>
      <gpxtpx:cad>91</gpxtpx:cad>
     </gpxtpx:TrackPointExtension>
    </extensions>
   </trkpt>
   <trkpt lat="38.5791000" lon="-121.4792250">
    <ele>9.8</ele>
    <time>2025-11-21T15:45:11Z</time>
    <extensions>
     <power>229</power>
     <gpxtpx:TrackPointExtension>
      <gpxtpx:atemp>14</gpxtpx:atemp>
      <gpxtpx:hr>135</gpxtpx:hr>
      <gpxtpx:cad>89</gpxtpx:cad>
     </gpxtpx:TrackPointExtension>
    </extensions>
   </trkpt>
   <trkpt lat="38.5791070" lon="-121.4792510">
    <ele>9.8</ele>
    <time>2025-11-21T15:45:12Z</time>
    <extensions>
     <power>229</power>
     <gpxtpx:TrackPointExtension>
      <gpxtpx:atemp>14</gpxtpx:atemp>
      <gpxtpx:hr>135</gpxtpx:hr>
      <gpxtpx:cad>89</gpxtpx:cad>
     </gpxtpx:TrackPointExtension>
    </extensions>
   </trkpt>
   <trkpt lat="38.5791030" lon="-121.4792750">
    <ele>9.8</ele>
    <time>2025-11-21T15:45:13Z</time>
    <extensions>
     <power>229</power>
     <gpxtpx:TrackPointExtension>
      <gpxtpx:atemp>14</gpxtpx:atemp>
      <gpxtpx:hr>135</gpxtpx:hr>
      <gpxtpx:cad>89</gpxtpx:cad>
     </gpxtpx:TrackPointExtension>
    </extensions>
   </trkpt>
   <trkpt lat="38.5791050" lon="-121.4793060">
    <ele>9.8</ele>
    <time>2025-11-21T15:45:14Z</time>
    <extensions>
     <power>227</power>
     <gpxtpx:TrackPointExtension>
      <gpxtpx:atemp>14</gpxtpx:atemp>
      <gpxtpx:hr>135</gpxtpx:hr>
      <gpxtpx:cad>89</gpxtpx:cad>
     </gpxtpx:TrackPointExtension>
    </extensions>
   </trkpt>
   <trkpt lat="38.5791110" lon="-121.4793380">
    <ele>9.8</ele>
    <time>2025-11-21T15:45:15Z</time>
    <extensions>
     <power>226</power>
     <gpxtpx:TrackPointExtension>
      <gpxtpx:atemp>14</gpxtpx:atemp>
      <gpxtpx:hr>135</gpxtpx:hr>
      <gpxtpx:cad>89</gpxtpx:cad>
     </gpxtpx:TrackPointExtension>
    </extensions>
   </trkpt>
   <trkpt lat="38.5791160" lon="-121.4793640">
    <ele>9.6</ele>
    <time>2025-11-21T15:45:16Z</time>
    <extensions>
     <power>225</power>
     <gpxtpx:TrackPointExtension>
      <gpxtpx:atemp>14</gpxtpx:atemp>
      <gpxtpx:hr>135</gpxtpx:hr>
      <gpxtpx:cad>89</gpxtpx:cad>
     </gpxtpx:TrackPointExtension>
    </extensions>
   </trkpt>
   <trkpt lat="38.5791230" lon="-121.4794000">
    <ele>9.6</ele>
    <time>2025-11-21T15:45:17Z</time>
    <extensions>
     <power>225</power>
     <gpxtpx:TrackPointExtension>
      <gpxtpx:atemp>14</gpxtpx:atemp>
      <gpxtpx:hr>134</gpxtpx:hr>
      <gpxtpx:cad>89</gpxtpx:cad>
     </gpxtpx:TrackPointExtension>
    </extensions>
   </trkpt>
   <trkpt lat="38.5791300" lon="-121.4794280">
    <ele>9.6</ele>
    <time>2025-11-21T15:45:18Z</time>
    <extensions>
     <power>225</power>
     <gpxtpx:TrackPointExtension>
      <gpxtpx:atemp>14</gpxtpx:atemp>
      <gpxtpx:hr>134</gpxtpx:hr>
      <gpxtpx:cad>89</gpxtpx:cad>
     </gpxtpx:TrackPointExtension>
    </extensions>
   </trkpt>
   <trkpt lat="38.5791390" lon="-121.4794570">
    <ele>9.6</ele>
    <time>2025-11-21T15:45:19Z</time>
    <extensions>
     <power>225</power>
     <gpxtpx:TrackPointExtension>
      <gpxtpx:atemp>14</gpxtpx:atemp>
      <gpxtpx:hr>134</gpxtpx:hr>
      <gpxtpx:cad>89</gpxtpx:cad>
     </gpxtpx:TrackPointExtension>
    </extensions>
   </trkpt>
   <trkpt lat="38.5791480" lon="-121.4794830">
    <ele>9.6</ele>
    <time>2025-11-21T15:45:20Z</time>
    <extensions>
     <power>226</power>
     <gpxtpx:TrackPointExtension>
      <gpxtpx:atemp>14</gpxtpx:atemp>
      <gpxtpx:hr>134</gpxtpx:hr>
      <gpxtpx:cad>88</gpxtpx:cad>
     </gpxtpx:TrackPointExtension>
    </extensions>
   </trkpt>
   <trkpt lat="38.5791560" lon="-121.4795160">
    <ele>9.6</ele>
    <time>2025-11-21T15:45:21Z</time>
    <extensions>
     <power>226</power>
     <gpxtpx:TrackPointExtension>
      <gpxtpx:atemp>14</gpxtpx:atemp>
      <gpxtpx:hr>134</gpxtpx:hr>
      <gpxtpx:cad>88</gpxtpx:cad>
     </gpxtpx:TrackPointExtension>
    </extensions>
   </trkpt>
   <trkpt lat="38.5791650" lon="-121.4795450">
    <ele>9.6</ele>
    <time>2025-11-21T15:45:22Z</time>
    <extensions>
     <power>227</power>
     <gpxtpx:TrackPointExtension>
      <gpxtpx:atemp>14</gpxtpx:atemp>
      <gpxtpx:hr>134</gpxtpx:hr>
      <gpxtpx:cad>88</gpxtpx:cad>
     </gpxtpx:TrackPointExtension>
    </extensions>
   </trkpt>
   <trkpt lat="38.5791740" lon="-121.4795820">
    <ele>9.6</ele>
    <time>2025-11-21T15:45:23Z</time>
    <extensions>
     <power>227</power>
     <gpxtpx:TrackPointExtension>
      <gpxtpx:atemp>14</gpxtpx:atemp>
      <gpxtpx:hr>134</gpxtpx:hr>
      <gpxtpx:cad>88</gpxtpx:cad>
     </gpxtpx:TrackPointExtension>
    </extensions>
   </trkpt>
   <trkpt lat="38.5791860" lon="-121.4796100">
    <ele>9.4</ele>
    <time>2025-11-21T15:45:24Z</time>
    <extensions>
     <power>227</power>
     <gpxtpx:TrackPointExtension>
      <gpxtpx:atemp>14</gpxtpx:atemp>
      <gpxtpx:hr>134</gpxtpx:hr>
      <gpxtpx:cad>88</gpxtpx:cad>
     </gpxtpx:TrackPointExtension>
    </extensions>
   </trkpt>
   <trkpt lat="38.5791970" lon="-121.4796390">
    <ele>9.4</ele>
    <time>2025-11-21T15:45:25Z</time>
    <extensions>
     <power>226</power>
     <gpxtpx:TrackPointExtension>
      <gpxtpx:atemp>14</gpxtpx:atemp>
      <gpxtpx:hr>134</gpxtpx:hr>
      <gpxtpx:cad>88</gpxtpx:cad>
     </gpxtpx:TrackPointExtension>
    </extensions>
   </trkpt>
   <trkpt lat="38.5792060" lon="-121.4796690">
    <ele>9.4</ele>
    <time>2025-11-21T15:45:26Z</time>
    <extensions>
     <power>227</power>
     <gpxtpx:TrackPointExtension>
      <gpxtpx:atemp>14</gpxtpx:atemp>
      <gpxtpx:hr>134</gpxtpx:hr>
      <gpxtpx:cad>88</gpxtpx:cad>
     </gpxtpx:TrackPointExtension>
    </extensions>
   </trkpt>
   <trkpt lat="38.5792130" lon="-121.4796980">
    <ele>9.4</ele>
    <time>2025-11-21T15:45:27Z</time>
    <extensions>
     <power>229</power>
     <gpxtpx:TrackPointExtension>
      <gpxtpx:atemp>14</gpxtpx:atemp>
      <gpxtpx:hr>134</gpxtpx:hr>
      <gpxtpx:cad>90</gpxtpx:cad>
     </gpxtpx:TrackPointExtension>
    </extensions>
   </trkpt>
   <trkpt lat="38.5792230" lon="-121.4797240">
    <ele>9.4</ele>
    <time>2025-11-21T15:45:28Z</time>
    <extensions>
     <power>228</power>
     <gpxtpx:TrackPointExtension>
      <gpxtpx:atemp>14</gpxtpx:atemp>
      <gpxtpx:hr>134</gpxtpx:hr>
      <gpxtpx:cad>90</gpxtpx:cad>
     </gpxtpx:TrackPointExtension>
    </extensions>
   </trkpt>
   <trkpt lat="38.5792320" lon="-121.4797530">
    <ele>9.4</ele>
    <time>2025-11-21T15:45:29Z</time>
    <extensions>
     <power>227</power>
     <gpxtpx:TrackPointExtension>
      <gpxtpx:atemp>14</gpxtpx:atemp>
      <gpxtpx:hr>135</gpxtpx:hr>
      <gpxtpx:cad>90</gpxtpx:cad>
     </gpxtpx:TrackPointExtension>
    </extensions>
   </trkpt>
   <trkpt lat="38.5792410" lon="-121.4797780">
    <ele>9.4</ele>
    <time>2025-11-21T15:45:30Z</time>
    <extensions>
     <power>227</power>
     <gpxtpx:TrackPointExtension>
      <gpxtpx:atemp>14</gpxtpx:atemp>
      <gpxtpx:hr>134</gpxtpx:hr>
      <gpxtpx:cad>90</gpxtpx:cad>
     </gpxtpx:TrackPointExtension>
    </extensions>
   </trkpt>
   <trkpt lat="38.5792500" lon="-121.4798090">
    <ele>9.4</ele>
    <time>2025-11-21T15:45:31Z</time>
    <extensions>
     <power>226</power>
     <gpxtpx:TrackPointExtension>
      <gpxtpx:atemp>14</gpxtpx:atemp>
      <gpxtpx:hr>134</gpxtpx:hr>
      <gpxtpx:cad>90</gpxtpx:cad>
     </gpxtpx:TrackPointExtension>
    </extensions>
   </trkpt>
   <trkpt lat="38.5792580" lon="-121.4798360">
    <ele>9.4</ele>
    <time>2025-11-21T15:45:32Z</time>
    <extensions>
     <power>226</power>
     <gpxtpx:TrackPointExtension>
      <gpxtpx:atemp>14</gpxtpx:atemp>
      <gpxtpx:hr>134</gpxtpx:hr>
      <gpxtpx:cad>90</gpxtpx:cad>
     </gpxtpx:TrackPointExtension>
    </extensions>
   </trkpt>
   <trkpt lat="38.5792650" lon="-121.4798660">
    <ele>9.4</ele>
    <time>2025-11-21T15:45:33Z</time>
    <extensions>
     <power>226</power>
     <gpxtpx:TrackPointExtension>
      <gpxtpx:atemp>14</gpxtpx:atemp>
      <gpxtpx:hr>135</gpxtpx:hr>
      <gpxtpx:cad>89</gpxtpx:cad>
     </gpxtpx:TrackPointExtension>
    </extensions>
   </trkpt>
   <trkpt lat="38.5792720" lon="-121.4798920">
    <ele>9.4</ele>
    <time>2025-11-21T15:45:34Z</time>
    <extensions>
     <power>228</power>
     <gpxtpx:TrackPointExtension>
      <gpxtpx:atemp>14</gpxtpx:atemp>
      <gpxtpx:hr>134</gpxtpx:hr>
      <gpxtpx:cad>89</gpxtpx:cad>
     </gpxtpx:TrackPointExtension>
    </extensions>
   </trkpt>
   <trkpt lat="38.5792760" lon="-121.4799200">
    <ele>9.6</ele>
    <time>2025-11-21T15:45:35Z</time>
    <extensions>
     <power>228</power>
     <gpxtpx:TrackPointExtension>
      <gpxtpx:atemp>14</gpxtpx:atemp>
      <gpxtpx:hr>134</gpxtpx:hr>
      <gpxtpx:cad>88</gpxtpx:cad>
     </gpxtpx:TrackPointExtension>
    </extensions>
   </trkpt>
   <trkpt lat="38.5792840" lon="-121.4799430">
    <ele>9.6</ele>
    <time>2025-11-21T15:45:36Z</time>
    <extensions>
     <power>229</power>
     <gpxtpx:TrackPointExtension>
      <gpxtpx:atemp>14</gpxtpx:atemp>
      <gpxtpx:hr>134</gpxtpx:hr>
      <gpxtpx:cad>88</gpxtpx:cad>
     </gpxtpx:TrackPointExtension>
    </extensions>
   </trkpt>
   <trkpt lat="38.5792870" lon="-121.4799690">
    <ele>9.6</ele>
    <time>2025-11-21T15:45:37Z</time>
    <extensions>
     <power>228</power>
     <gpxtpx:TrackPointExtension>
      <gpxtpx:atemp>14</gpxtpx:atemp>
      <gpxtpx:hr>134</gpxtpx:hr>
      <gpxtpx:cad>88</gpxtpx:cad>
     </gpxtpx:TrackPointExtension>
    </extensions>
   </trkpt>
   <trkpt lat="38.5792930" lon="-121.4799920">
    <ele>9.6</ele>
    <time>2025-11-21T15:45:38Z</time>
    <extensions>
     <power>228</power>
     <gpxtpx:TrackPointExtension>
      <gpxtpx:atemp>14</gpxtpx:atemp>
      <gpxtpx:hr>134</gpxtpx:hr>
      <gpxtpx:cad>88</gpxtpx:cad>
     </gpxtpx:TrackPointExtension>
    </extensions>
   </trkpt>
   <trkpt lat="38.5792980" lon="-121.4800190">
    <ele>9.6</ele>
    <time>2025-11-21T15:45:39Z</time>
    <extensions>
     <power>227</power>
     <gpxtpx:TrackPointExtension>
      <gpxtpx:atemp>14</gpxtpx:atemp>
      <gpxtpx:hr>134</gpxtpx:hr>
      <gpxtpx:cad>88</gpxtpx:cad>
     </gpxtpx:TrackPointExtension>
    </extensions>
   </trkpt>
   <trkpt lat="38.5793060" lon="-121.4800500">
    <ele>9.6</ele>
    <time>2025-11-21T15:45:40Z</time>
    <extensions>
     <power>227</power>
     <gpxtpx:TrackPointExtension>
      <gpxtpx:atemp>14</gpxtpx:atemp>
      <gpxtpx:hr>134</gpxtpx:hr>
      <gpxtpx:cad>88</gpxtpx:cad>
     </gpxtpx:TrackPointExtension>
    </extensions>
   </trkpt>
   <trkpt lat="38.5793120" lon="-121.4800720">
    <ele>9.6</ele>
    <time>2025-11-21T15:45:41Z</time>
    <extensions>
     <power>227</power>
     <gpxtpx:TrackPointExtension>
      <gpxtpx:atemp>14</gpxtpx:atemp>
      <gpxtpx:hr>135</gpxtpx:hr>
      <gpxtpx:cad>89</gpxtpx:cad>
     </gpxtpx:TrackPointExtension>
    </extensions>
   </trkpt>
   <trkpt lat="38.5793190" lon="-121.4800990">
    <ele>9.8</ele>
    <time>2025-11-21T15:45:42Z</time>
    <extensions>
     <power>226</power>
     <gpxtpx:TrackPointExtension>
      <gpxtpx:atemp>14</gpxtpx:atemp>
      <gpxtpx:hr>134</gpxtpx:hr>
      <gpxtpx:cad>89</gpxtpx:cad>
     </gpxtpx:TrackPointExtension>
    </extensions>
   </trkpt>
   <trkpt lat="38.5793250" lon="-121.4801190">
    <ele>9.8</ele>
    <time>2025-11-21T15:45:43Z</time>
    <extensions>
     <power>225</power>
     <gpxtpx:TrackPointExtension>
      <gpxtpx:atemp>14</gpxtpx:atemp>
      <gpxtpx:hr>134</gpxtpx:hr>
      <gpxtpx:cad>89</gpxtpx:cad>
     </gpxtpx:TrackPointExtension>
    </extensions>
   </trkpt>
   <trkpt lat="38.5793340" lon="-121.4801500">
    <ele>9.8</ele>
    <time>2025-11-21T15:45:44Z</time>
    <extensions>
     <power>225</power>
     <gpxtpx:TrackPointExtension>
      <gpxtpx:atemp>14</gpxtpx:atemp>
      <gpxtpx:hr>134</gpxtpx:hr>
      <gpxtpx:cad>89</gpxtpx:cad>
     </gpxtpx:TrackPointExtension>
    </extensions>
   </trkpt>
   <trkpt lat="38.5793410" lon="-121.4801760">
    <ele>9.6</ele>
    <time>2025-11-21T15:45:45Z</time>
    <extensions>
     <power>223</power>
     <gpxtpx:TrackPointExtension>
      <gpxtpx:atemp>14</gpxtpx:atemp>
      <gpxtpx:hr>134</gpxtpx:hr>
      <gpxtpx:cad>89</gpxtpx:cad>
     </gpxtpx:TrackPointExtension>
    </extensions>
   </trkpt>
   <trkpt lat="38.5793490" lon="-121.4802060">
    <ele>9.6</ele>
    <time>2025-11-21T15:45:46Z</time>
    <extensions>
     <power>222</power>
     <gpxtpx:TrackPointExtension>
      <gpxtpx:atemp>14</gpxtpx:atemp>
      <gpxtpx:hr>134</gpxtpx:hr>
      <gpxtpx:cad>89</gpxtpx:cad>
     </gpxtpx:TrackPointExtension>
    </extensions>
   </trkpt>
   <trkpt lat="38.5793580" lon="-121.4802340">
    <ele>9.4</ele>
    <time>2025-11-21T15:45:47Z</time>
    <extensions>
     <power>222</power>
     <gpxtpx:TrackPointExtension>
      <gpxtpx:atemp>14</gpxtpx:atemp>
      <gpxtpx:hr>134</gpxtpx:hr>
      <gpxtpx:cad>86</gpxtpx:cad>
     </gpxtpx:TrackPointExtension>
    </extensions>
   </trkpt>
   <trkpt lat="38.5793660" lon="-121.4802640">
    <ele>9.4</ele>
    <time>2025-11-21T15:45:48Z</time>
    <extensions>
     <power>226</power>
     <gpxtpx:TrackPointExtension>
      <gpxtpx:atemp>14</gpxtpx:atemp>
      <gpxtpx:hr>134</gpxtpx:hr>
      <gpxtpx:cad>86</gpxtpx:cad>
     </gpxtpx:TrackPointExtension>
    </extensions>
   </trkpt>
   <trkpt lat="38.5793770" lon="-121.4803000">
    <ele>9.4</ele>
    <time>2025-11-21T15:45:49Z</time>
    <extensions>
     <power>225</power>
     <gpxtpx:TrackPointExtension>
      <gpxtpx:atemp>14</gpxtpx:atemp>
      <gpxtpx:hr>134</gpxtpx:hr>
      <gpxtpx:cad>86</gpxtpx:cad>
     </gpxtpx:TrackPointExtension>
    </extensions>
   </trkpt>
   <trkpt lat="38.5793800" lon="-121.4803280">
    <ele>9.4</ele>
    <time>2025-11-21T15:45:50Z</time>
    <extensions>
     <power>225</power>
     <gpxtpx:TrackPointExtension>
      <gpxtpx:atemp>14</gpxtpx:atemp>
      <gpxtpx:hr>134</gpxtpx:hr>
      <gpxtpx:cad>86</gpxtpx:cad>
     </gpxtpx:TrackPointExtension>
    </extensions>
   </trkpt>
   <trkpt lat="38.5793760" lon="-121.4803530">
    <ele>9.4</ele>
    <time>2025-11-21T15:45:51Z</time>
    <extensions>
     <power>225</power>
     <gpxtpx:TrackPointExtension>
      <gpxtpx:atemp>14</gpxtpx:atemp>
      <gpxtpx:hr>134</gpxtpx:hr>
      <gpxtpx:cad>87</gpxtpx:cad>
     </gpxtpx:TrackPointExtension>
    </extensions>
   </trkpt>
   <trkpt lat="38.5793560" lon="-121.4803670">
    <ele>9.4</ele>
    <time>2025-11-21T15:45:52Z</time>
    <extensions>
     <power>224</power>
     <gpxtpx:TrackPointExtension>
      <gpxtpx:atemp>14</gpxtpx:atemp>
      <gpxtpx:hr>135</gpxtpx:hr>
      <gpxtpx:cad>87</gpxtpx:cad>
     </gpxtpx:TrackPointExtension>
    </extensions>
   </trkpt>
   <trkpt lat="38.5793320" lon="-121.4803830">
    <ele>9.4</ele>
    <time>2025-11-21T15:45:53Z</time>
    <extensions>
     <power>221</power>
     <gpxtpx:TrackPointExtension>
      <gpxtpx:atemp>14</gpxtpx:atemp>
      <gpxtpx:hr>134</gpxtpx:hr>
      <gpxtpx:cad>87</gpxtpx:cad>
     </gpxtpx:TrackPointExtension>
    </extensions>
   </trkpt>
   <trkpt lat="38.5793110" lon="-121.4803950">
    <ele>9.6</ele>
    <time>2025-11-21T15:45:54Z</time>
    <extensions>
     <power>218</power>
     <gpxtpx:TrackPointExtension>
      <gpxtpx:atemp>14</gpxtpx:atemp>
      <gpxtpx:hr>134</gpxtpx:hr>
      <gpxtpx:cad>83</gpxtpx:cad>
     </gpxtpx:TrackPointExtension>
    </extensions>
   </trkpt>
   <trkpt lat="38.5792830" lon="-121.4804070">
    <ele>9.8</ele>
    <time>2025-11-21T15:45:55Z</time>
    <extensions>
     <power>223</power>
     <gpxtpx:TrackPointExtension>
      <gpxtpx:atemp>14</gpxtpx:atemp>
      <gpxtpx:hr>134</gpxtpx:hr>
      <gpxtpx:cad>83</gpxtpx:cad>
     </gpxtpx:TrackPointExtension>
    </extensions>
   </trkpt>
   <trkpt lat="38.5792620" lon="-121.4804190">
    <ele>9.8</ele>
    <time>2025-11-21T15:45:56Z</time>
    <extensions>
     <power>224</power>
     <gpxtpx:TrackPointExtension>
      <gpxtpx:atemp>14</gpxtpx:atemp>
      <gpxtpx:hr>134</gpxtpx:hr>
      <gpxtpx:cad>80</gpxtpx:cad>
     </gpxtpx:TrackPointExtension>
    </extensions>
   </trkpt>
   <trkpt lat="38.5792330" lon="-121.4804280">
    <ele>9.8</ele>
    <time>2025-11-21T15:45:57Z</time>
    <extensions>
     <power>231</power>
     <gpxtpx:TrackPointExtension>
      <gpxtpx:atemp>14</gpxtpx:atemp>
      <gpxtpx:hr>134</gpxtpx:hr>
      <gpxtpx:cad>80</gpxtpx:cad>
     </gpxtpx:TrackPointExtension>
    </extensions>
   </trkpt>
   <trkpt lat="38.5792100" lon="-121.4804410">
    <ele>9.8</ele>
    <time>2025-11-21T15:45:58Z</time>
    <extensions>
     <power>233</power>
     <gpxtpx:TrackPointExtension>
      <gpxtpx:atemp>14</gpxtpx:atemp>
      <gpxtpx:hr>134</gpxtpx:hr>
      <gpxtpx:cad>86</gpxtpx:cad>
     </gpxtpx:TrackPointExtension>
    </extensions>
   </trkpt>
   <trkpt lat="38.5791860" lon="-121.4804490">
    <ele>9.6</ele>
    <time>2025-11-21T15:45:59Z</time>
    <extensions>
     <power>233</power>
     <gpxtpx:TrackPointExtension>
      <gpxtpx:atemp>14</gpxtpx:atemp>
      <gpxtpx:hr>134</gpxtpx:hr>
      <gpxtpx:cad>86</gpxtpx:cad>
     </gpxtpx:TrackPointExtension>
    </extensions>
   </trkpt>
   <trkpt lat="38.5791640" lon="-121.4804600">
    <ele>9.4</ele>
    <time>2025-11-21T15:46:00Z</time>
    <extensions>
     <power>234</power>
     <gpxtpx:TrackPointExtension>
      <gpxtpx:atemp>14</gpxtpx:atemp>
      <gpxtpx:hr>134</gpxtpx:hr>
      <gpxtpx:cad>86</gpxtpx:cad>
     </gpxtpx:TrackPointExtension>
    </extensions>
   </trkpt>
   <trkpt lat="38.5791400" lon="-121.4804700">
    <ele>9.2</ele>
    <time>2025-11-21T15:46:01Z</time>
    <extensions>
     <power>231</power>
     <gpxtpx:TrackPointExtension>
      <gpxtpx:atemp>14</gpxtpx:atemp>
      <gpxtpx:hr>134</gpxtpx:hr>
      <gpxtpx:cad>86</gpxtpx:cad>
     </gpxtpx:TrackPointExtension>
    </extensions>
   </trkpt>
   <trkpt lat="38.5791140" lon="-121.4804820">
    <ele>9.2</ele>
    <time>2025-11-21T15:46:02Z</time>
    <extensions>
     <power>228</power>
     <gpxtpx:TrackPointExtension>
      <gpxtpx:atemp>14</gpxtpx:atemp>
      <gpxtpx:hr>134</gpxtpx:hr>
      <gpxtpx:cad>86</gpxtpx:cad>
     </gpxtpx:TrackPointExtension>
    </extensions>
   </trkpt>
   <trkpt lat="38.5790920" lon="-121.4804900">
    <ele>9.4</ele>
    <time>2025-11-21T15:46:03Z</time>
    <extensions>
     <power>226</power>
     <gpxtpx:TrackPointExtension>
      <gpxtpx:atemp>14</gpxtpx:atemp>
      <gpxtpx:hr>134</gpxtpx:hr>
      <gpxtpx:cad>88</gpxtpx:cad>
     </gpxtpx:TrackPointExtension>
    </extensions>
   </trkpt>
   <trkpt lat="38.5790690" lon="-121.4805020">
    <ele>9.4</ele>
    <time>2025-11-21T15:46:04Z</time>
    <extensions>
     <power>225</power>
     <gpxtpx:TrackPointExtension>
      <gpxtpx:atemp>14</gpxtpx:atemp>
      <gpxtpx:hr>134</gpxtpx:hr>
      <gpxtpx:cad>89</gpxtpx:cad>
     </gpxtpx:TrackPointExtension>
    </extensions>
   </trkpt>
   <trkpt lat="38.5790460" lon="-121.4805110">
    <ele>9.4</ele>
    <time>2025-11-21T15:46:05Z</time>
    <extensions>
     <power>223</power>
     <gpxtpx:TrackPointExtension>
      <gpxtpx:atemp>14</gpxtpx:atemp>
      <gpxtpx:hr>133</gpxtpx:hr>
      <gpxtpx:cad>89</gpxtpx:cad>
     </gpxtpx:TrackPointExtension>
    </extensions>
   </trkpt>
   <trkpt lat="38.5790210" lon="-121.4805220">
    <ele>9.6</ele>
    <time>2025-11-21T15:46:06Z</time>
    <extensions>
     <power>222</power>
     <gpxtpx:TrackPointExtension>
      <gpxtpx:atemp>14</gpxtpx:atemp>
      <gpxtpx:hr>133</gpxtpx:hr>
      <gpxtpx:cad>88</gpxtpx:cad>
     </gpxtpx:TrackPointExtension>
    </extensions>
   </trkpt>
   <trkpt lat="38.5790010" lon="-121.4805310">
    <ele>9.6</ele>
    <time>2025-11-21T15:46:07Z</time>
    <extensions>
     <power>223</power>
     <gpxtpx:TrackPointExtension>
      <gpxtpx:atemp>14</gpxtpx:atemp>
      <gpxtpx:hr>133</gpxtpx:hr>
      <gpxtpx:cad>88</gpxtpx:cad>
     </gpxtpx:TrackPointExtension>
    </extensions>
   </trkpt>
   <trkpt lat="38.5789790" lon="-121.4805440">
    <ele>9.4</ele>
    <time>2025-11-21T15:46:08Z</time>
    <extensions>
     <power>223</power>
     <gpxtpx:TrackPointExtension>
      <gpxtpx:atemp>14</gpxtpx:atemp>
      <gpxtpx:hr>133</gpxtpx:hr>
      <gpxtpx:cad>88</gpxtpx:cad>
     </gpxtpx:TrackPointExtension>
    </extensions>
   </trkpt>
   <trkpt lat="38.5789570" lon="-121.4805510">
    <ele>9.4</ele>
    <time>2025-11-21T15:46:09Z</time>
    <extensions>
     <power>223</power>
     <gpxtpx:TrackPointExtension>
      <gpxtpx:atemp>14</gpxtpx:atemp>
      <gpxtpx:hr>134</gpxtpx:hr>
      <gpxtpx:cad>88</gpxtpx:cad>
     </gpxtpx:TrackPointExtension>
    </extensions>
   </trkpt>
   <trkpt lat="38.5789350" lon="-121.4805620">
    <ele>9.4</ele>
    <time>2025-11-21T15:46:10Z</time>
    <extensions>
     <power>224</power>
     <gpxtpx:TrackPointExtension>
      <gpxtpx:atemp>14</gpxtpx:atemp>
      <gpxtpx:hr>133</gpxtpx:hr>
      <gpxtpx:cad>88</gpxtpx:cad>
     </gpxtpx:TrackPointExtension>
    </extensions>
   </trkpt>
   <trkpt lat="38.5789150" lon="-121.4805720">
    <ele>9.4</ele>
    <time>2025-11-21T15:46:11Z</time>
    <extensions>
     <power>223</power>
     <gpxtpx:TrackPointExtension>
      <gpxtpx:atemp>14</gpxtpx:atemp>
      <gpxtpx:hr>133</gpxtpx:hr>
      <gpxtpx:cad>89</gpxtpx:cad>
     </gpxtpx:TrackPointExtension>
    </extensions>
   </trkpt>
   <trkpt lat="38.5788900" lon="-121.4805850">
    <ele>9.4</ele>
    <time>2025-11-21T15:46:12Z</time>
    <extensions>
     <power>222</power>
     <gpxtpx:TrackPointExtension>
      <gpxtpx:atemp>14</gpxtpx:atemp>
      <gpxtpx:hr>133</gpxtpx:hr>
      <gpxtpx:cad>89</gpxtpx:cad>
     </gpxtpx:TrackPointExtension>
    </extensions>
   </trkpt>
   <trkpt lat="38.5788690" lon="-121.4805920">
    <ele>9.4</ele>
    <time>2025-11-21T15:46:13Z</time>
    <extensions>
     <power>221</power>
     <gpxtpx:TrackPointExtension>
      <gpxtpx:atemp>14</gpxtpx:atemp>
      <gpxtpx:hr>132</gpxtpx:hr>
      <gpxtpx:cad>89</gpxtpx:cad>
     </gpxtpx:TrackPointExtension>
    </extensions>
   </trkpt>
   <trkpt lat="38.5788450" lon="-121.4806000">
    <ele>9.4</ele>
    <time>2025-11-21T15:46:14Z</time>
    <extensions>
     <power>221</power>
     <gpxtpx:TrackPointExtension>
      <gpxtpx:atemp>14</gpxtpx:atemp>
      <gpxtpx:hr>132</gpxtpx:hr>
      <gpxtpx:cad>89</gpxtpx:cad>
     </gpxtpx:TrackPointExtension>
    </extensions>
   </trkpt>
   <trkpt lat="38.5788220" lon="-121.4806090">
    <ele>9.4</ele>
    <time>2025-11-21T15:46:15Z</time>
    <extensions>
     <power>221</power>
     <gpxtpx:TrackPointExtension>
      <gpxtpx:atemp>14</gpxtpx:atemp>
      <gpxtpx:hr>131</gpxtpx:hr>
      <gpxtpx:cad>89</gpxtpx:cad>
     </gpxtpx:TrackPointExtension>
    </extensions>
   </trkpt>
   <trkpt lat="38.5788010" lon="-121.4806190">
    <ele>9.4</ele>
    <time>2025-11-21T15:46:16Z</time>
    <extensions>
     <power>220</power>
     <gpxtpx:TrackPointExtension>
      <gpxtpx:atemp>14</gpxtpx:atemp>
      <gpxtpx:hr>131</gpxtpx:hr>
      <gpxtpx:cad>89</gpxtpx:cad>
     </gpxtpx:TrackPointExtension>
    </extensions>
   </trkpt>
   <trkpt lat="38.5787810" lon="-121.4806280">
    <ele>9.4</ele>
    <time>2025-11-21T15:46:17Z</time>
    <extensions>
     <power>219</power>
     <gpxtpx:TrackPointExtension>
      <gpxtpx:atemp>14</gpxtpx:atemp>
      <gpxtpx:hr>131</gpxtpx:hr>
      <gpxtpx:cad>89</gpxtpx:cad>
     </gpxtpx:TrackPointExtension>
    </extensions>
   </trkpt>
   <trkpt lat="38.5787580" lon="-121.4806370">
    <ele>9.4</ele>
    <time>2025-11-21T15:46:18Z</time>
    <extensions>
     <power>219</power>
     <gpxtpx:TrackPointExtension>
      <gpxtpx:atemp>14</gpxtpx:atemp>
      <gpxtpx:hr>131</gpxtpx:hr>
      <gpxtpx:cad>89</gpxtpx:cad>
     </gpxtpx:TrackPointExtension>
    </extensions>
   </trkpt>
   <trkpt lat="38.5787340" lon="-121.4806490">
    <ele>9.4</ele>
    <time>2025-11-21T15:46:19Z</time>
    <extensions>
     <power>218</power>
     <gpxtpx:TrackPointExtension>
      <gpxtpx:atemp>14</gpxtpx:atemp>
      <gpxtpx:hr>130</gpxtpx:hr>
      <gpxtpx:cad>89</gpxtpx:cad>
     </gpxtpx:TrackPointExtension>
    </extensions>
   </trkpt>
   <trkpt lat="38.5787110" lon="-121.4806590">
    <ele>9.4</ele>
    <time>2025-11-21T15:46:20Z</time>
    <extensions>
     <power>218</power>
     <gpxtpx:TrackPointExtension>
      <gpxtpx:atemp>14</gpxtpx:atemp>
      <gpxtpx:hr>130</gpxtpx:hr>
      <gpxtpx:cad>89</gpxtpx:cad>
     </gpxtpx:TrackPointExtension>
    </extensions>
   </trkpt>
   <trkpt lat="38.5786890" lon="-121.4806680">
    <ele>9.4</ele>
    <time>2025-11-21T15:46:21Z</time>
    <extensions>
     <power>218</power>
     <gpxtpx:TrackPointExtension>
      <gpxtpx:atemp>14</gpxtpx:atemp>
      <gpxtpx:hr>130</gpxtpx:hr>
      <gpxtpx:cad>89</gpxtpx:cad>
     </gpxtpx:TrackPointExtension>
    </extensions>
   </trkpt>
   <trkpt lat="38.5786680" lon="-121.4806790">
    <ele>9.4</ele>
    <time>2025-11-21T15:46:22Z</time>
    <extensions>
     <power>218</power>
     <gpxtpx:TrackPointExtension>
      <gpxtpx:atemp>14</gpxtpx:atemp>
      <gpxtpx:hr>130</gpxtpx:hr>
      <gpxtpx:cad>89</gpxtpx:cad>
     </gpxtpx:TrackPointExtension>
    </extensions>
   </trkpt>
   <trkpt lat="38.5786460" lon="-121.4806850">
    <ele>9.4</ele>
    <time>2025-11-21T15:46:23Z</time>
    <extensions>
     <power>218</power>
     <gpxtpx:TrackPointExtension>
      <gpxtpx:atemp>14</gpxtpx:atemp>
      <gpxtpx:hr>131</gpxtpx:hr>
      <gpxtpx:cad>89</gpxtpx:cad>
     </gpxtpx:TrackPointExtension>
    </extensions>
   </trkpt>
   <trkpt lat="38.5786260" lon="-121.4806910">
    <ele>9.4</ele>
    <time>2025-11-21T15:46:24Z</time>
    <extensions>
     <power>218</power>
     <gpxtpx:TrackPointExtension>
      <gpxtpx:atemp>14</gpxtpx:atemp>
      <gpxtpx:hr>130</gpxtpx:hr>
      <gpxtpx:cad>89</gpxtpx:cad>
     </gpxtpx:TrackPointExtension>
    </extensions>
   </trkpt>
   <trkpt lat="38.5786020" lon="-121.4807010">
    <ele>9.4</ele>
    <time>2025-11-21T15:46:25Z</time>
    <extensions>
     <power>218</power>
     <gpxtpx:TrackPointExtension>
      <gpxtpx:atemp>14</gpxtpx:atemp>
      <gpxtpx:hr>130</gpxtpx:hr>
      <gpxtpx:cad>89</gpxtpx:cad>
     </gpxtpx:TrackPointExtension>
    </extensions>
   </trkpt>
   <trkpt lat="38.5785840" lon="-121.4807130">
    <ele>9.4</ele>
    <time>2025-11-21T15:46:26Z</time>
    <extensions>
     <power>219</power>
     <gpxtpx:TrackPointExtension>
      <gpxtpx:atemp>14</gpxtpx:atemp>
      <gpxtpx:hr>131</gpxtpx:hr>
      <gpxtpx:cad>89</gpxtpx:cad>
     </gpxtpx:TrackPointExtension>
    </extensions>
   </trkpt>
   <trkpt lat="38.5785610" lon="-121.4807310">
    <ele>9.4</ele>
    <time>2025-11-21T15:46:27Z</time>
    <extensions>
     <power>219</power>
     <gpxtpx:TrackPointExtension>
      <gpxtpx:atemp>14</gpxtpx:atemp>
      <gpxtpx:hr>131</gpxtpx:hr>
      <gpxtpx:cad>89</gpxtpx:cad>
     </gpxtpx:TrackPointExtension>
    </extensions>
   </trkpt>
   <trkpt lat="38.5785390" lon="-121.4807450">
    <ele>9.4</ele>
    <time>2025-11-21T15:46:28Z</time>
    <extensions>
     <power>219</power>
     <gpxtpx:TrackPointExtension>
      <gpxtpx:atemp>14</gpxtpx:atemp>
      <gpxtpx:hr>131</gpxtpx:hr>
      <gpxtpx:cad>91</gpxtpx:cad>
     </gpxtpx:TrackPointExtension>
    </extensions>
   </trkpt>
   <trkpt lat="38.5785160" lon="-121.4807490">
    <ele>9.6</ele>
    <time>2025-11-21T15:46:29Z</time>
    <extensions>
     <power>219</power>
     <gpxtpx:TrackPointExtension>
      <gpxtpx:atemp>14</gpxtpx:atemp>
      <gpxtpx:hr>131</gpxtpx:hr>
      <gpxtpx:cad>91</gpxtpx:cad>
     </gpxtpx:TrackPointExtension>
    </extensions>
   </trkpt>
   <trkpt lat="38.5784870" lon="-121.4807620">
    <ele>9.4</ele>
    <time>2025-11-21T15:46:30Z</time>
    <extensions>
     <power>218</power>
     <gpxtpx:TrackPointExtension>
      <gpxtpx:atemp>14</gpxtpx:atemp>
      <gpxtpx:hr>131</gpxtpx:hr>
      <gpxtpx:cad>91</gpxtpx:cad>
     </gpxtpx:TrackPointExtension>
    </extensions>
   </trkpt>
   <trkpt lat="38.5784560" lon="-121.4807780">
    <ele>9.4</ele>
    <time>2025-11-21T15:46:31Z</time>
    <extensions>
     <power>218</power>
     <gpxtpx:TrackPointExtension>
      <gpxtpx:atemp>14</gpxtpx:atemp>
      <gpxtpx:hr>132</gpxtpx:hr>
      <gpxtpx:cad>91</gpxtpx:cad>
     </gpxtpx:TrackPointExtension>
    </extensions>
   </trkpt>
   <trkpt lat="38.5784320" lon="-121.4807850">
    <ele>9.4</ele>
    <time>2025-11-21T15:46:32Z</time>
    <extensions>
     <power>220</power>
     <gpxtpx:TrackPointExtension>
      <gpxtpx:atemp>14</gpxtpx:atemp>
      <gpxtpx:hr>132</gpxtpx:hr>
      <gpxtpx:cad>91</gpxtpx:cad>
     </gpxtpx:TrackPointExtension>
    </extensions>
   </trkpt>
   <trkpt lat="38.5784080" lon="-121.4807900">
    <ele>9.4</ele>
    <time>2025-11-21T15:46:33Z</time>
    <extensions>
     <power>223</power>
     <gpxtpx:TrackPointExtension>
      <gpxtpx:atemp>14</gpxtpx:atemp>
      <gpxtpx:hr>132</gpxtpx:hr>
      <gpxtpx:cad>91</gpxtpx:cad>
     </gpxtpx:TrackPointExtension>
    </extensions>
   </trkpt>
   <trkpt lat="38.5783810" lon="-121.4808020">
    <ele>9.4</ele>
    <time>2025-11-21T15:46:34Z</time>
    <extensions>
     <power>223</power>
     <gpxtpx:TrackPointExtension>
      <gpxtpx:atemp>14</gpxtpx:atemp>
      <gpxtpx:hr>132</gpxtpx:hr>
      <gpxtpx:cad>91</gpxtpx:cad>
     </gpxtpx:TrackPointExtension>
    </extensions>
   </trkpt>
   <trkpt lat="38.5783550" lon="-121.4808050">
    <ele>9.6</ele>
    <time>2025-11-21T15:46:35Z</time>
    <extensions>
     <power>224</power>
     <gpxtpx:TrackPointExtension>
      <gpxtpx:atemp>14</gpxtpx:atemp>
      <gpxtpx:hr>132</gpxtpx:hr>
      <gpxtpx:cad>91</gpxtpx:cad>
     </gpxtpx:TrackPointExtension>
    </extensions>
   </trkpt>
   <trkpt lat="38.5783330" lon="-121.4808130">
    <ele>9.6</ele>
    <time>2025-11-21T15:46:36Z</time>
    <extensions>
     <power>225</power>
     <gpxtpx:TrackPointExtension>
      <gpxtpx:atemp>14</gpxtpx:atemp>
      <gpxtpx:hr>132</gpxtpx:hr>
      <gpxtpx:cad>91</gpxtpx:cad>
     </gpxtpx:TrackPointExtension>
    </extensions>
   </trkpt>
   <trkpt lat="38.5783080" lon="-121.4808250">
    <ele>9.6</ele>
    <time>2025-11-21T15:46:37Z</time>
    <extensions>
     <power>226</power>
     <gpxtpx:TrackPointExtension>
      <gpxtpx:atemp>14</gpxtpx:atemp>
      <gpxtpx:hr>132</gpxtpx:hr>
      <gpxtpx:cad>91</gpxtpx:cad>
     </gpxtpx:TrackPointExtension>
    </extensions>
   </trkpt>
   <trkpt lat="38.5782870" lon="-121.4808300">
    <ele>9.8</ele>
    <time>2025-11-21T15:46:38Z</time>
    <extensions>
     <power>226</power>
     <gpxtpx:TrackPointExtension>
      <gpxtpx:atemp>14</gpxtpx:atemp>
      <gpxtpx:hr>132</gpxtpx:hr>
      <gpxtpx:cad>91</gpxtpx:cad>
     </gpxtpx:TrackPointExtension>
    </extensions>
   </trkpt>
   <trkpt lat="38.5782600" lon="-121.4808390">
    <ele>9.8</ele>
    <time>2025-11-21T15:46:39Z</time>
    <extensions>
     <power>226</power>
     <gpxtpx:TrackPointExtension>
      <gpxtpx:atemp>14</gpxtpx:atemp>
      <gpxtpx:hr>132</gpxtpx:hr>
      <gpxtpx:cad>91</gpxtpx:cad>
     </gpxtpx:TrackPointExtension>
    </extensions>
   </trkpt>
   <trkpt lat="38.5782370" lon="-121.4808490">
    <ele>9.6</ele>
    <time>2025-11-21T15:46:40Z</time>
    <extensions>
     <power>226</power>
     <gpxtpx:TrackPointExtension>
      <gpxtpx:atemp>14</gpxtpx:atemp>
      <gpxtpx:hr>132</gpxtpx:hr>
      <gpxtpx:cad>91</gpxtpx:cad>
     </gpxtpx:TrackPointExtension>
    </extensions>
   </trkpt>
   <trkpt lat="38.5782130" lon="-121.4808600">
    <ele>9.4</ele>
    <time>2025-11-21T15:46:41Z</time>
    <extensions>
     <power>225</power>
     <gpxtpx:TrackPointExtension>
      <gpxtpx:atemp>14</gpxtpx:atemp>
      <gpxtpx:hr>132</gpxtpx:hr>
      <gpxtpx:cad>88</gpxtpx:cad>
     </gpxtpx:TrackPointExtension>
    </extensions>
   </trkpt>
   <trkpt lat="38.5781920" lon="-121.4808680">
    <ele>9.4</ele>
    <time>2025-11-21T15:46:42Z</time>
    <extensions>
     <power>228</power>
     <gpxtpx:TrackPointExtension>
      <gpxtpx:atemp>14</gpxtpx:atemp>
      <gpxtpx:hr>131</gpxtpx:hr>
      <gpxtpx:cad>88</gpxtpx:cad>
     </gpxtpx:TrackPointExtension>
    </extensions>
   </trkpt>
   <trkpt lat="38.5781680" lon="-121.4808800">
    <ele>9.4</ele>
    <time>2025-11-21T15:46:43Z</time>
    <extensions>
     <power>228</power>
     <gpxtpx:TrackPointExtension>
      <gpxtpx:atemp>14</gpxtpx:atemp>
      <gpxtpx:hr>132</gpxtpx:hr>
      <gpxtpx:cad>88</gpxtpx:cad>
     </gpxtpx:TrackPointExtension>
    </extensions>
   </trkpt>
   <trkpt lat="38.5781440" lon="-121.4808910">
    <ele>9.2</ele>
    <time>2025-11-21T15:46:44Z</time>
    <extensions>
     <power>228</power>
     <gpxtpx:TrackPointExtension>
      <gpxtpx:atemp>14</gpxtpx:atemp>
      <gpxtpx:hr>132</gpxtpx:hr>
      <gpxtpx:cad>88</gpxtpx:cad>
     </gpxtpx:TrackPointExtension>
    </extensions>
   </trkpt>
   <trkpt lat="38.5781240" lon="-121.4808980">
    <ele>9.2</ele>
    <time>2025-11-21T15:46:45Z</time>
    <extensions>
     <power>226</power>
     <gpxtpx:TrackPointExtension>
      <gpxtpx:atemp>14</gpxtpx:atemp>
      <gpxtpx:hr>132</gpxtpx:hr>
      <gpxtpx:cad>88</gpxtpx:cad>
     </gpxtpx:TrackPointExtension>
    </extensions>
   </trkpt>
   <trkpt lat="38.5781050" lon="-121.4809130">
    <ele>9.2</ele>
    <time>2025-11-21T15:46:46Z</time>
    <extensions>
     <power>226</power>
     <gpxtpx:TrackPointExtension>
      <gpxtpx:atemp>14</gpxtpx:atemp>
      <gpxtpx:hr>132</gpxtpx:hr>
      <gpxtpx:cad>88</gpxtpx:cad>
     </gpxtpx:TrackPointExtension>
    </extensions>
   </trkpt>
   <trkpt lat="38.5780920" lon="-121.4809250">
    <ele>9.2</ele>
    <time>2025-11-21T15:46:47Z</time>
    <extensions>
     <power>225</power>
     <gpxtpx:TrackPointExtension>
      <gpxtpx:atemp>14</gpxtpx:atemp>
      <gpxtpx:hr>132</gpxtpx:hr>
      <gpxtpx:cad>87</gpxtpx:cad>
     </gpxtpx:TrackPointExtension>
    </extensions>
   </trkpt>
   <trkpt lat="38.5780710" lon="-121.4809370">
    <ele>9.2</ele>
    <time>2025-11-21T15:46:48Z</time>
    <extensions>
     <power>226</power>
     <gpxtpx:TrackPointExtension>
      <gpxtpx:atemp>14</gpxtpx:atemp>
      <gpxtpx:hr>133</gpxtpx:hr>
      <gpxtpx:cad>86</gpxtpx:cad>
     </gpxtpx:TrackPointExtension>
    </extensions>
   </trkpt>
   <trkpt lat="38.5780510" lon="-121.4809450">
    <ele>9.4</ele>
    <time>2025-11-21T15:46:49Z</time>
    <extensions>
     <power>225</power>
     <gpxtpx:TrackPointExtension>
      <gpxtpx:atemp>14</gpxtpx:atemp>
      <gpxtpx:hr>132</gpxtpx:hr>
      <gpxtpx:cad>86</gpxtpx:cad>
     </gpxtpx:TrackPointExtension>
    </extensions>
   </trkpt>
   <trkpt lat="38.5780300" lon="-121.4809600">
    <ele>9.4</ele>
    <time>2025-11-21T15:46:50Z</time>
    <extensions>
     <power>224</power>
     <gpxtpx:TrackPointExtension>
      <gpxtpx:atemp>14</gpxtpx:atemp>
      <gpxtpx:hr>132</gpxtpx:hr>
      <gpxtpx:cad>86</gpxtpx:cad>
     </gpxtpx:TrackPointExtension>
    </extensions>
   </trkpt>
   <trkpt lat="38.5780120" lon="-121.4809700">
    <ele>9.6</ele>
    <time>2025-11-21T15:46:51Z</time>
    <extensions>
     <power>222</power>
     <gpxtpx:TrackPointExtension>
      <gpxtpx:atemp>14</gpxtpx:atemp>
      <gpxtpx:hr>131</gpxtpx:hr>
      <gpxtpx:cad>86</gpxtpx:cad>
     </gpxtpx:TrackPointExtension>
    </extensions>
   </trkpt>
   <trkpt lat="38.5779910" lon="-121.4809830">
    <ele>9.6</ele>
    <time>2025-11-21T15:46:52Z</time>
    <extensions>
     <power>222</power>
     <gpxtpx:TrackPointExtension>
      <gpxtpx:atemp>14</gpxtpx:atemp>
      <gpxtpx:hr>131</gpxtpx:hr>
      <gpxtpx:cad>87</gpxtpx:cad>
     </gpxtpx:TrackPointExtension>
    </extensions>
   </trkpt>
   <trkpt lat="38.5779720" lon="-121.4809930">
    <ele>9.6</ele>
    <time>2025-11-21T15:46:53Z</time>
    <extensions>
     <power>221</power>
     <gpxtpx:TrackPointExtension>
      <gpxtpx:atemp>14</gpxtpx:atemp>
      <gpxtpx:hr>131</gpxtpx:hr>
      <gpxtpx:cad>87</gpxtpx:cad>
     </gpxtpx:TrackPointExtension>
    </extensions>
   </trkpt>
   <trkpt lat="38.5779460" lon="-121.4810040">
    <ele>9.6</ele>
    <time>2025-11-21T15:46:54Z</time>
    <extensions>
     <power>221</power>
     <gpxtpx:TrackPointExtension>
      <gpxtpx:atemp>14</gpxtpx:atemp>
      <gpxtpx:hr>131</gpxtpx:hr>
      <gpxtpx:cad>87</gpxtpx:cad>
     </gpxtpx:TrackPointExtension>
    </extensions>
   </trkpt>
   <trkpt lat="38.5779260" lon="-121.4810140">
    <ele>9.6</ele>
    <time>2025-11-21T15:46:55Z</time>
    <extensions>
     <power>219</power>
     <gpxtpx:TrackPointExtension>
      <gpxtpx:atemp>14</gpxtpx:atemp>
      <gpxtpx:hr>131</gpxtpx:hr>
      <gpxtpx:cad>88</gpxtpx:cad>
     </gpxtpx:TrackPointExtension>
    </extensions>
   </trkpt>
   <trkpt lat="38.5779030" lon="-121.4810220">
    <ele>9.4</ele>
    <time>2025-11-21T15:46:56Z</time>
    <extensions>
     <power>217</power>
     <gpxtpx:TrackPointExtension>
      <gpxtpx:atemp>14</gpxtpx:atemp>
      <gpxtpx:hr>131</gpxtpx:hr>
      <gpxtpx:cad>88</gpxtpx:cad>
     </gpxtpx:TrackPointExtension>
    </extensions>
   </trkpt>
   <trkpt lat="38.5778800" lon="-121.4810310">
    <ele>9.4</ele>
    <time>2025-11-21T15:46:57Z</time>
    <extensions>
     <power>217</power>
     <gpxtpx:TrackPointExtension>
      <gpxtpx:atemp>14</gpxtpx:atemp>
      <gpxtpx:hr>131</gpxtpx:hr>
      <gpxtpx:cad>88</gpxtpx:cad>
     </gpxtpx:TrackPointExtension>
    </extensions>
   </trkpt>
   <trkpt lat="38.5778590" lon="-121.4810380">
    <ele>9.4</ele>
    <time>2025-11-21T15:46:58Z</time>
    <extensions>
     <power>216</power>
     <gpxtpx:TrackPointExtension>
      <gpxtpx:atemp>14</gpxtpx:atemp>
      <gpxtpx:hr>131</gpxtpx:hr>
      <gpxtpx:cad>88</gpxtpx:cad>
     </gpxtpx:TrackPointExtension>
    </extensions>
   </trkpt>
   <trkpt lat="38.5778370" lon="-121.4810450">
    <ele>9.4</ele>
    <time>2025-11-21T15:46:59Z</time>
    <extensions>
     <power>216</power>
     <gpxtpx:TrackPointExtension>
      <gpxtpx:atemp>14</gpxtpx:atemp>
      <gpxtpx:hr>131</gpxtpx:hr>
      <gpxtpx:cad>88</gpxtpx:cad>
     </gpxtpx:TrackPointExtension>
    </extensions>
   </trkpt>
   <trkpt lat="38.5778150" lon="-121.4810540">
    <ele>9.4</ele>
    <time>2025-11-21T15:47:00Z</time>
    <extensions>
     <power>215</power>
     <gpxtpx:TrackPointExtension>
      <gpxtpx:atemp>14</gpxtpx:atemp>
      <gpxtpx:hr>131</gpxtpx:hr>
      <gpxtpx:cad>89</gpxtpx:cad>
     </gpxtpx:TrackPointExtension>
    </extensions>
   </trkpt>
   <trkpt lat="38.5777910" lon="-121.4810610">
    <ele>9.4</ele>
    <time>2025-11-21T15:47:01Z</time>
    <extensions>
     <power>214</power>
     <gpxtpx:TrackPointExtension>
      <gpxtpx:atemp>14</gpxtpx:atemp>
      <gpxtpx:hr>131</gpxtpx:hr>
      <gpxtpx:cad>89</gpxtpx:cad>
     </gpxtpx:TrackPointExtension>
    </extensions>
   </trkpt>
   <trkpt lat="38.5777710" lon="-121.4810730">
    <ele>9.4</ele>
    <time>2025-11-21T15:47:02Z</time>
    <extensions>
     <power>214</power>
     <gpxtpx:TrackPointExtension>
      <gpxtpx:atemp>14</gpxtpx:atemp>
      <gpxtpx:hr>131</gpxtpx:hr>
      <gpxtpx:cad>89</gpxtpx:cad>
     </gpxtpx:TrackPointExtension>
    </extensions>
   </trkpt>
   <trkpt lat="38.5777460" lon="-121.4810860">
    <ele>9.4</ele>
    <time>2025-11-21T15:47:03Z</time>
    <extensions>
     <power>214</power>
     <gpxtpx:TrackPointExtension>
      <gpxtpx:atemp>14</gpxtpx:atemp>
      <gpxtpx:hr>131</gpxtpx:hr>
      <gpxtpx:cad>89</gpxtpx:cad>
     </gpxtpx:TrackPointExtension>
    </extensions>
   </trkpt>
   <trkpt lat="38.5777250" lon="-121.4810920">
    <ele>9.4</ele>
    <time>2025-11-21T15:47:04Z</time>
    <extensions>
     <power>214</power>
     <gpxtpx:TrackPointExtension>
      <gpxtpx:atemp>14</gpxtpx:atemp>
      <gpxtpx:hr>131</gpxtpx:hr>
      <gpxtpx:cad>89</gpxtpx:cad>
     </gpxtpx:TrackPointExtension>
    </extensions>
   </trkpt>
   <trkpt lat="38.5776990" lon="-121.4811010">
    <ele>9.4</ele>
    <time>2025-11-21T15:47:05Z</time>
    <extensions>
     <power>215</power>
     <gpxtpx:TrackPointExtension>
      <gpxtpx:atemp>14</gpxtpx:atemp>
      <gpxtpx:hr>131</gpxtpx:hr>
      <gpxtpx:cad>89</gpxtpx:cad>
     </gpxtpx:TrackPointExtension>
    </extensions>
   </trkpt>
   <trkpt lat="38.5776790" lon="-121.4811060">
    <ele>9.6</ele>
    <time>2025-11-21T15:47:06Z</time>
    <extensions>
     <power>215</power>
     <gpxtpx:TrackPointExtension>
      <gpxtpx:atemp>14</gpxtpx:atemp>
      <gpxtpx:hr>132</gpxtpx:hr>
      <gpxtpx:cad>89</gpxtpx:cad>
     </gpxtpx:TrackPointExtension>
    </extensions>
   </trkpt>
   <trkpt lat="38.5776600" lon="-121.4811200">
    <ele>9.6</ele>
    <time>2025-11-21T15:47:07Z</time>
    <extensions>
     <power>217</power>
     <gpxtpx:TrackPointExtension>
      <gpxtpx:atemp>14</gpxtpx:atemp>
      <gpxtpx:hr>131</gpxtpx:hr>
      <gpxtpx:cad>88</gpxtpx:cad>
     </gpxtpx:TrackPointExtension>
    </extensions>
   </trkpt>
   <trkpt lat="38.5776420" lon="-121.4811290">
    <ele>9.8</ele>
    <time>2025-11-21T15:47:08Z</time>
    <extensions>
     <power>219</power>
     <gpxtpx:TrackPointExtension>
      <gpxtpx:atemp>14</gpxtpx:atemp>
      <gpxtpx:hr>131</gpxtpx:hr>
      <gpxtpx:cad>88</gpxtpx:cad>
     </gpxtpx:TrackPointExtension>
    </extensions>
   </trkpt>
   <trkpt lat="38.5776170" lon="-121.4811400">
    <ele>9.8</ele>
    <time>2025-11-21T15:47:09Z</time>
    <extensions>
     <power>220</power>
     <gpxtpx:TrackPointExtension>
      <gpxtpx:atemp>14</gpxtpx:atemp>
      <gpxtpx:hr>131</gpxtpx:hr>
      <gpxtpx:cad>88</gpxtpx:cad>
     </gpxtpx:TrackPointExtension>
    </extensions>
   </trkpt>
   <trkpt lat="38.5776000" lon="-121.4811480">
    <ele>9.8</ele>
    <time>2025-11-21T15:47:10Z</time>
    <extensions>
     <power>221</power>
     <gpxtpx:TrackPointExtension>
      <gpxtpx:atemp>14</gpxtpx:atemp>
      <gpxtpx:hr>131</gpxtpx:hr>
      <gpxtpx:cad>88</gpxtpx:cad>
     </gpxtpx:TrackPointExtension>
    </extensions>
   </trkpt>
   <trkpt lat="38.5775770" lon="-121.4811540">
    <ele>9.8</ele>
    <time>2025-11-21T15:47:11Z</time>
    <extensions>
     <power>221</power>
     <gpxtpx:TrackPointExtension>
      <gpxtpx:atemp>14</gpxtpx:atemp>
      <gpxtpx:hr>131</gpxtpx:hr>
      <gpxtpx:cad>88</gpxtpx:cad>
     </gpxtpx:TrackPointExtension>
    </extensions>
   </trkpt>
   <trkpt lat="38.5775620" lon="-121.4811560">
    <ele>9.8</ele>
    <time>2025-11-21T15:47:12Z</time>
    <extensions>
     <power>224</power>
     <gpxtpx:TrackPointExtension>
      <gpxtpx:atemp>14</gpxtpx:atemp>
      <gpxtpx:hr>131</gpxtpx:hr>
      <gpxtpx:cad>88</gpxtpx:cad>
     </gpxtpx:TrackPointExtension>
    </extensions>
   </trkpt>
   <trkpt lat="38.5775400" lon="-121.4811590">
    <ele>10.0</ele>
    <time>2025-11-21T15:47:13Z</time>
    <extensions>
     <power>224</power>
     <gpxtpx:TrackPointExtension>
      <gpxtpx:atemp>14</gpxtpx:atemp>
      <gpxtpx:hr>131</gpxtpx:hr>
      <gpxtpx:cad>87</gpxtpx:cad>
     </gpxtpx:TrackPointExtension>
    </extensions>
   </trkpt>
   <trkpt lat="38.5775200" lon="-121.4811650">
    <ele>10.0</ele>
    <time>2025-11-21T15:47:14Z</time>
    <extensions>
     <power>226</power>
     <gpxtpx:TrackPointExtension>
      <gpxtpx:atemp>14</gpxtpx:atemp>
      <gpxtpx:hr>131</gpxtpx:hr>
      <gpxtpx:cad>87</gpxtpx:cad>
     </gpxtpx:TrackPointExtension>
    </extensions>
   </trkpt>
   <trkpt lat="38.5774980" lon="-121.4811670">
    <ele>10.0</ele>
    <time>2025-11-21T15:47:15Z</time>
    <extensions>
     <power>226</power>
     <gpxtpx:TrackPointExtension>
      <gpxtpx:atemp>14</gpxtpx:atemp>
      <gpxtpx:hr>132</gpxtpx:hr>
      <gpxtpx:cad>87</gpxtpx:cad>
     </gpxtpx:TrackPointExtension>
    </extensions>
   </trkpt>
   <trkpt lat="38.5774740" lon="-121.4811680">
    <ele>10.0</ele>
    <time>2025-11-21T15:47:16Z</time>
    <extensions>
     <power>225</power>
     <gpxtpx:TrackPointExtension>
      <gpxtpx:atemp>14</gpxtpx:atemp>
      <gpxtpx:hr>131</gpxtpx:hr>
      <gpxtpx:cad>86</gpxtpx:cad>
     </gpxtpx:TrackPointExtension>
    </extensions>
   </trkpt>
   <trkpt lat="38.5774580" lon="-121.4811670">
    <ele>10.0</ele>
    <time>2025-11-21T15:47:17Z</time>
    <extensions>
     <power>226</power>
     <gpxtpx:TrackPointExtension>
      <gpxtpx:atemp>14</gpxtpx:atemp>
      <gpxtpx:hr>131</gpxtpx:hr>
      <gpxtpx:cad>86</gpxtpx:cad>
     </gpxtpx:TrackPointExtension>
    </extensions>
   </trkpt>
   <trkpt lat="38.5774360" lon="-121.4811650">
    <ele>9.8</ele>
    <time>2025-11-21T15:47:18Z</time>
    <extensions>
     <power>226</power>
     <gpxtpx:TrackPointExtension>
      <gpxtpx:atemp>14</gpxtpx:atemp>
      <gpxtpx:hr>131</gpxtpx:hr>
      <gpxtpx:cad>86</gpxtpx:cad>
     </gpxtpx:TrackPointExtension>
    </extensions>
   </trkpt>
   <trkpt lat="38.5774160" lon="-121.4811670">
    <ele>9.8</ele>
    <time>2025-11-21T15:47:19Z</time>
    <extensions>
     <power>224</power>
     <gpxtpx:TrackPointExtension>
      <gpxtpx:atemp>14</gpxtpx:atemp>
      <gpxtpx:hr>132</gpxtpx:hr>
      <gpxtpx:cad>86</gpxtpx:cad>
     </gpxtpx:TrackPointExtension>
    </extensions>
   </trkpt>
   <trkpt lat="38.5773930" lon="-121.4811760">
    <ele>9.8</ele>
    <time>2025-11-21T15:47:20Z</time>
    <extensions>
     <power>223</power>
     <gpxtpx:TrackPointExtension>
      <gpxtpx:atemp>14</gpxtpx:atemp>
      <gpxtpx:hr>131</gpxtpx:hr>
      <gpxtpx:cad>87</gpxtpx:cad>
     </gpxtpx:TrackPointExtension>
    </extensions>
   </trkpt>
   <trkpt lat="38.5773720" lon="-121.4811840">
    <ele>9.8</ele>
    <time>2025-11-21T15:47:21Z</time>
    <extensions>
     <power>220</power>
     <gpxtpx:TrackPointExtension>
      <gpxtpx:atemp>14</gpxtpx:atemp>
      <gpxtpx:hr>131</gpxtpx:hr>
      <gpxtpx:cad>86</gpxtpx:cad>
     </gpxtpx:TrackPointExtension>
    </extensions>
   </trkpt>
   <trkpt lat="38.5773490" lon="-121.4811950">
    <ele>9.8</ele>
    <time>2025-11-21T15:47:22Z</time>
    <extensions>
     <power>221</power>
     <gpxtpx:TrackPointExtension>
      <gpxtpx:atemp>14</gpxtpx:atemp>
      <gpxtpx:hr>131</gpxtpx:hr>
      <gpxtpx:cad>87</gpxtpx:cad>
     </gpxtpx:TrackPointExtension>
    </extensions>
   </trkpt>
   <trkpt lat="38.5773280" lon="-121.4812080">
    <ele>9.8</ele>
    <time>2025-11-21T15:47:23Z</time>
    <extensions>
     <power>219</power>
     <gpxtpx:TrackPointExtension>
      <gpxtpx:atemp>14</gpxtpx:atemp>
      <gpxtpx:hr>132</gpxtpx:hr>
      <gpxtpx:cad>87</gpxtpx:cad>
     </gpxtpx:TrackPointExtension>
    </extensions>
   </trkpt>
   <trkpt lat="38.5773100" lon="-121.4812120">
    <ele>9.8</ele>
    <time>2025-11-21T15:47:24Z</time>
    <extensions>
     <power>219</power>
     <gpxtpx:TrackPointExtension>
      <gpxtpx:atemp>14</gpxtpx:atemp>
      <gpxtpx:hr>131</gpxtpx:hr>
      <gpxtpx:cad>88</gpxtpx:cad>
     </gpxtpx:TrackPointExtension>
    </extensions>
   </trkpt>
   <trkpt lat="38.5772920" lon="-121.4812200">
    <ele>9.8</ele>
    <time>2025-11-21T15:47:25Z</time>
    <extensions>
     <power>218</power>
     <gpxtpx:TrackPointExtension>
      <gpxtpx:atemp>14</gpxtpx:atemp>
      <gpxtpx:hr>131</gpxtpx:hr>
      <gpxtpx:cad>88</gpxtpx:cad>
     </gpxtpx:TrackPointExtension>
    </extensions>
   </trkpt>
   <trkpt lat="38.5772800" lon="-121.4812250">
    <ele>9.8</ele>
    <time>2025-11-21T15:47:26Z</time>
    <extensions>
     <power>217</power>
     <gpxtpx:TrackPointExtension>
      <gpxtpx:atemp>14</gpxtpx:atemp>
      <gpxtpx:hr>131</gpxtpx:hr>
      <gpxtpx:cad>88</gpxtpx:cad>
     </gpxtpx:TrackPointExtension>
    </extensions>
   </trkpt>
   <trkpt lat="38.5772560" lon="-121.4812400">
    <ele>9.8</ele>
    <time>2025-11-21T15:47:27Z</time>
    <extensions>
     <power>216</power>
     <gpxtpx:TrackPointExtension>
      <gpxtpx:atemp>14</gpxtpx:atemp>
      <gpxtpx:hr>131</gpxtpx:hr>
      <gpxtpx:cad>88</gpxtpx:cad>
     </gpxtpx:TrackPointExtension>
    </extensions>
   </trkpt>
   <trkpt lat="38.5772440" lon="-121.4812570">
    <ele>9.8</ele>
    <time>2025-11-21T15:47:28Z</time>
    <extensions>
     <power>214</power>
     <gpxtpx:TrackPointExtension>
      <gpxtpx:atemp>14</gpxtpx:atemp>
      <gpxtpx:hr>131</gpxtpx:hr>
      <gpxtpx:cad>87</gpxtpx:cad>
     </gpxtpx:TrackPointExtension>
    </extensions>
   </trkpt>
   <trkpt lat="38.5772340" lon="-121.4812770">
    <ele>9.8</ele>
    <time>2025-11-21T15:47:29Z</time>
    <extensions>
     <power>216</power>
     <gpxtpx:TrackPointExtension>
      <gpxtpx:atemp>14</gpxtpx:atemp>
      <gpxtpx:hr>131</gpxtpx:hr>
      <gpxtpx:cad>87</gpxtpx:cad>
     </gpxtpx:TrackPointExtension>
    </extensions>
   </trkpt>
   <trkpt lat="38.5772240" lon="-121.4812950">
    <ele>9.8</ele>
    <time>2025-11-21T15:47:30Z</time>
    <extensions>
     <power>215</power>
     <gpxtpx:TrackPointExtension>
      <gpxtpx:atemp>14</gpxtpx:atemp>
      <gpxtpx:hr>130</gpxtpx:hr>
      <gpxtpx:cad>87</gpxtpx:cad>
     </gpxtpx:TrackPointExtension>
    </extensions>
   </trkpt>
   <trkpt lat="38.5772130" lon="-121.4813040">
    <ele>10.0</ele>
    <time>2025-11-21T15:47:31Z</time>
    <extensions>
     <power>216</power>
     <gpxtpx:TrackPointExtension>
      <gpxtpx:atemp>14</gpxtpx:atemp>
      <gpxtpx:hr>131</gpxtpx:hr>
      <gpxtpx:cad>86</gpxtpx:cad>
     </gpxtpx:TrackPointExtension>
    </extensions>
   </trkpt>
   <trkpt lat="38.5772070" lon="-121.4813190">
    <ele>10.0</ele>
    <time>2025-11-21T15:47:32Z</time>
    <extensions>
     <power>215</power>
     <gpxtpx:TrackPointExtension>
      <gpxtpx:atemp>14</gpxtpx:atemp>
      <gpxtpx:hr>130</gpxtpx:hr>
      <gpxtpx:cad>86</gpxtpx:cad>
     </gpxtpx:TrackPointExtension>
    </extensions>
   </trkpt>
   <trkpt lat="38.5770960" lon="-121.4813640">
    <ele>9.4</ele>
    <time>2025-11-21T15:47:55Z</time>
    <extensions>
     <gpxtpx:TrackPointExtension>
      <gpxtpx:atemp>15</gpxtpx:atemp>
      <gpxtpx:hr>130</gpxtpx:hr>
      <gpxtpx:cad>0</gpxtpx:cad>
     </gpxtpx:TrackPointExtension>
    </extensions>
   </trkpt>
   <trkpt lat="38.5770680" lon="-121.4813730">
    <ele>9.4</ele>
    <time>2025-11-21T15:47:56Z</time>
    <extensions>
     <power>0</power>
     <gpxtpx:TrackPointExtension>
      <gpxtpx:atemp>15</gpxtpx:atemp>
      <gpxtpx:hr>130</gpxtpx:hr>
      <gpxtpx:cad>0</gpxtpx:cad>
     </gpxtpx:TrackPointExtension>
    </extensions>
   </trkpt>
   <trkpt lat="38.5770450" lon="-121.4813800">
    <ele>9.4</ele>
    <time>2025-11-21T15:47:57Z</time>
    <extensions>
     <power>0</power>
     <gpxtpx:TrackPointExtension>
      <gpxtpx:atemp>15</gpxtpx:atemp>
      <gpxtpx:hr>130</gpxtpx:hr>
      <gpxtpx:cad>0</gpxtpx:cad>
     </gpxtpx:TrackPointExtension>
    </extensions>
   </trkpt>
   <trkpt lat="38.5770130" lon="-121.4813900">
    <ele>9.4</ele>
    <time>2025-11-21T15:47:58Z</time>
    <extensions>
     <power>0</power>
     <gpxtpx:TrackPointExtension>
      <gpxtpx:atemp>15</gpxtpx:atemp>
      <gpxtpx:hr>130</gpxtpx:hr>
      <gpxtpx:cad>0</gpxtpx:cad>
     </gpxtpx:TrackPointExtension>
    </extensions>
   </trkpt>
   <trkpt lat="38.5769910" lon="-121.4813970">
    <ele>9.4</ele>
    <time>2025-11-21T15:47:59Z</time>
    <extensions>
     <power>0</power>
     <gpxtpx:TrackPointExtension>
      <gpxtpx:atemp>15</gpxtpx:atemp>
      <gpxtpx:hr>130</gpxtpx:hr>
      <gpxtpx:cad>0</gpxtpx:cad>
     </gpxtpx:TrackPointExtension>
    </extensions>
   </trkpt>
   <trkpt lat="38.5769670" lon="-121.4814080">
    <ele>9.4</ele>
    <time>2025-11-21T15:48:00Z</time>
    <extensions>
     <power>0</power>
     <gpxtpx:TrackPointExtension>
      <gpxtpx:atemp>15</gpxtpx:atemp>
      <gpxtpx:hr>130</gpxtpx:hr>
      <gpxtpx:cad>0</gpxtpx:cad>
     </gpxtpx:TrackPointExtension>
    </extensions>
   </trkpt>
   <trkpt lat="38.5769470" lon="-121.4814090">
    <ele>9.4</ele>
    <time>2025-11-21T15:48:01Z</time>
    <extensions>
     <power>0</power>
     <gpxtpx:TrackPointExtension>
      <gpxtpx:atemp>14</gpxtpx:atemp>
      <gpxtpx:hr>130</gpxtpx:hr>
      <gpxtpx:cad>0</gpxtpx:cad>
     </gpxtpx:TrackPointExtension>
    </extensions>
   </trkpt>
   <trkpt lat="38.5769210" lon="-121.4814210">
    <ele>9.4</ele>
    <time>2025-11-21T15:48:02Z</time>
    <extensions>
     <power>0</power>
     <gpxtpx:TrackPointExtension>
      <gpxtpx:atemp>15</gpxtpx:atemp>
      <gpxtpx:hr>130</gpxtpx:hr>
      <gpxtpx:cad>90</gpxtpx:cad>
     </gpxtpx:TrackPointExtension>
    </extensions>
   </trkpt>
   <trkpt lat="38.5768980" lon="-121.4814300">
    <ele>9.6</ele>
    <time>2025-11-21T15:48:03Z</time>
    <extensions>
     <power>223</power>
     <gpxtpx:TrackPointExtension>
      <gpxtpx:atemp>15</gpxtpx:atemp>
      <gpxtpx:hr>130</gpxtpx:hr>
      <gpxtpx:cad>90</gpxtpx:cad>
     </gpxtpx:TrackPointExtension>
    </extensions>
   </trkpt>
   <trkpt lat="38.5768750" lon="-121.4814390">
    <ele>9.6</ele>
    <time>2025-11-21T15:48:04Z</time>
    <extensions>
     <power>223</power>
     <gpxtpx:TrackPointExtension>
      <gpxtpx:atemp>15</gpxtpx:atemp>
      <gpxtpx:hr>130</gpxtpx:hr>
      <gpxtpx:cad>90</gpxtpx:cad>
     </gpxtpx:TrackPointExtension>
    </extensions>
   </trkpt>
   <trkpt lat="38.5768540" lon="-121.4814450">
    <ele>9.6</ele>
    <time>2025-11-21T15:48:05Z</time>
    <extensions>
     <power>226</power>
     <gpxtpx:TrackPointExtension>
      <gpxtpx:atemp>15</gpxtpx:atemp>
      <gpxtpx:hr>129</gpxtpx:hr>
      <gpxtpx:cad>89</gpxtpx:cad>
     </gpxtpx:TrackPointExtension>
    </extensions>
   </trkpt>
   <trkpt lat="38.5768330" lon="-121.4814590">
    <ele>9.6</ele>
    <time>2025-11-21T15:48:06Z</time>
    <extensions>
     <power>226</power>
     <gpxtpx:TrackPointExtension>
      <gpxtpx:atemp>15</gpxtpx:atemp>
      <gpxtpx:hr>129</gpxtpx:hr>
      <gpxtpx:cad>90</gpxtpx:cad>
     </gpxtpx:TrackPointExtension>
    </extensions>
   </trkpt>
   <trkpt lat="38.5768150" lon="-121.4814650">
    <ele>9.6</ele>
    <time>2025-11-21T15:48:07Z</time>
    <extensions>
     <power>219</power>
     <gpxtpx:TrackPointExtension>
      <gpxtpx:atemp>15</gpxtpx:atemp>
      <gpxtpx:hr>129</gpxtpx:hr>
      <gpxtpx:cad>89</gpxtpx:cad>
     </gpxtpx:TrackPointExtension>
    </extensions>
   </trkpt>
   <trkpt lat="38.5767930" lon="-121.4814830">
    <ele>9.6</ele>
    <time>2025-11-21T15:48:08Z</time>
    <extensions>
     <power>215</power>
     <gpxtpx:TrackPointExtension>
      <gpxtpx:atemp>15</gpxtpx:atemp>
      <gpxtpx:hr>130</gpxtpx:hr>
      <gpxtpx:cad>89</gpxtpx:cad>
     </gpxtpx:TrackPointExtension>
    </extensions>
   </trkpt>
   <trkpt lat="38.5767770" lon="-121.4814940">
    <ele>9.6</ele>
    <time>2025-11-21T15:48:09Z</time>
    <extensions>
     <power>215</power>
     <gpxtpx:TrackPointExtension>
      <gpxtpx:atemp>15</gpxtpx:atemp>
      <gpxtpx:hr>130</gpxtpx:hr>
      <gpxtpx:cad>89</gpxtpx:cad>
     </gpxtpx:TrackPointExtension>
    </extensions>
   </trkpt>
   <trkpt lat="38.5767590" lon="-121.4815080">
    <ele>9.4</ele>
    <time>2025-11-21T15:48:10Z</time>
    <extensions>
     <power>213</power>
     <gpxtpx:TrackPointExtension>
      <gpxtpx:atemp>15</gpxtpx:atemp>
      <gpxtpx:hr>130</gpxtpx:hr>
      <gpxtpx:cad>89</gpxtpx:cad>
     </gpxtpx:TrackPointExtension>
    </extensions>
   </trkpt>
   <trkpt lat="38.5767400" lon="-121.4815150">
    <ele>9.4</ele>
    <time>2025-11-21T15:48:11Z</time>
    <extensions>
     <power>205</power>
     <gpxtpx:TrackPointExtension>
      <gpxtpx:atemp>15</gpxtpx:atemp>
      <gpxtpx:hr>130</gpxtpx:hr>
      <gpxtpx:cad>89</gpxtpx:cad>
     </gpxtpx:TrackPointExtension>
    </extensions>
   </trkpt>
   <trkpt lat="38.5767210" lon="-121.4815130">
    <ele>9.4</ele>
    <time>2025-11-21T15:48:12Z</time>
    <extensions>
     <power>202</power>
     <gpxtpx:TrackPointExtension>
      <gpxtpx:atemp>15</gpxtpx:atemp>
      <gpxtpx:hr>131</gpxtpx:hr>
      <gpxtpx:cad>89</gpxtpx:cad>
     </gpxtpx:TrackPointExtension>
    </extensions>
   </trkpt>
   <trkpt lat="38.5767000" lon="-121.4815210">
    <ele>9.4</ele>
    <time>2025-11-21T15:48:13Z</time>
    <extensions>
     <power>198</power>
     <gpxtpx:TrackPointExtension>
      <gpxtpx:atemp>15</gpxtpx:atemp>
      <gpxtpx:hr>131</gpxtpx:hr>
      <gpxtpx:cad>88</gpxtpx:cad>
     </gpxtpx:TrackPointExtension>
    </extensions>
   </trkpt>
   <trkpt lat="38.5766800" lon="-121.4815300">
    <ele>9.4</ele>
    <time>2025-11-21T15:48:14Z</time>
    <extensions>
     <power>194</power>
     <gpxtpx:TrackPointExtension>
      <gpxtpx:atemp>15</gpxtpx:atemp>
      <gpxtpx:hr>132</gpxtpx:hr>
      <gpxtpx:cad>88</gpxtpx:cad>
     </gpxtpx:TrackPointExtension>
    </extensions>
   </trkpt>
   <trkpt lat="38.5766560" lon="-121.4815470">
    <ele>9.2</ele>
    <time>2025-11-21T15:48:15Z</time>
    <extensions>
     <power>194</power>
     <gpxtpx:TrackPointExtension>
      <gpxtpx:atemp>15</gpxtpx:atemp>
      <gpxtpx:hr>132</gpxtpx:hr>
      <gpxtpx:cad>87</gpxtpx:cad>
     </gpxtpx:TrackPointExtension>
    </extensions>
   </trkpt>
   <trkpt lat="38.5766310" lon="-121.4815530">
    <ele>9.2</ele>
    <time>2025-11-21T15:48:16Z</time>
    <extensions>
     <power>196</power>
     <gpxtpx:TrackPointExtension>
      <gpxtpx:atemp>15</gpxtpx:atemp>
      <gpxtpx:hr>132</gpxtpx:hr>
      <gpxtpx:cad>87</gpxtpx:cad>
     </gpxtpx:TrackPointExtension>
    </extensions>
   </trkpt>
   <trkpt lat="38.5766060" lon="-121.4815660">
    <ele>9.2</ele>
    <time>2025-11-21T15:48:17Z</time>
    <extensions>
     <power>198</power>
     <gpxtpx:TrackPointExtension>
      <gpxtpx:atemp>15</gpxtpx:atemp>
      <gpxtpx:hr>132</gpxtpx:hr>
      <gpxtpx:cad>88</gpxtpx:cad>
     </gpxtpx:TrackPointExtension>
    </extensions>
   </trkpt>
   <trkpt lat="38.5765890" lon="-121.4815760">
    <ele>9.2</ele>
    <time>2025-11-21T15:48:18Z</time>
    <extensions>
     <power>205</power>
     <gpxtpx:TrackPointExtension>
      <gpxtpx:atemp>15</gpxtpx:atemp>
      <gpxtpx:hr>132</gpxtpx:hr>
      <gpxtpx:cad>88</gpxtpx:cad>
     </gpxtpx:TrackPointExtension>
    </extensions>
   </trkpt>
   <trkpt lat="38.5765660" lon="-121.4815910">
    <ele>9.2</ele>
    <time>2025-11-21T15:48:19Z</time>
    <extensions>
     <power>206</power>
     <gpxtpx:TrackPointExtension>
      <gpxtpx:atemp>15</gpxtpx:atemp>
      <gpxtpx:hr>132</gpxtpx:hr>
      <gpxtpx:cad>88</gpxtpx:cad>
     </gpxtpx:TrackPointExtension>
    </extensions>
   </trkpt>
   <trkpt lat="38.5765440" lon="-121.4815980">
    <ele>9.2</ele>
    <time>2025-11-21T15:48:20Z</time>
    <extensions>
     <power>207</power>
     <gpxtpx:TrackPointExtension>
      <gpxtpx:atemp>15</gpxtpx:atemp>
      <gpxtpx:hr>132</gpxtpx:hr>
      <gpxtpx:cad>87</gpxtpx:cad>
     </gpxtpx:TrackPointExtension>
    </extensions>
   </trkpt>
   <trkpt lat="38.5765200" lon="-121.4816130">
    <ele>9.2</ele>
    <time>2025-11-21T15:48:21Z</time>
    <extensions>
     <power>207</power>
     <gpxtpx:TrackPointExtension>
      <gpxtpx:atemp>15</gpxtpx:atemp>
      <gpxtpx:hr>133</gpxtpx:hr>
      <gpxtpx:cad>87</gpxtpx:cad>
     </gpxtpx:TrackPointExtension>
    </extensions>
   </trkpt>
   <trkpt lat="38.5765000" lon="-121.4816260">
    <ele>9.2</ele>
    <time>2025-11-21T15:48:22Z</time>
    <extensions>
     <power>208</power>
     <gpxtpx:TrackPointExtension>
      <gpxtpx:atemp>15</gpxtpx:atemp>
      <gpxtpx:hr>132</gpxtpx:hr>
      <gpxtpx:cad>87</gpxtpx:cad>
     </gpxtpx:TrackPointExtension>
    </extensions>
   </trkpt>
   <trkpt lat="38.5764770" lon="-121.4816350">
    <ele>9.2</ele>
    <time>2025-11-21T15:48:23Z</time>
    <extensions>
     <power>209</power>
     <gpxtpx:TrackPointExtension>
      <gpxtpx:atemp>15</gpxtpx:atemp>
      <gpxtpx:hr>133</gpxtpx:hr>
      <gpxtpx:cad>88</gpxtpx:cad>
     </gpxtpx:TrackPointExtension>
    </extensions>
   </trkpt>
   <trkpt lat="38.5764530" lon="-121.4816450">
    <ele>9.2</ele>
    <time>2025-11-21T15:48:24Z</time>
    <extensions>
     <power>207</power>
     <gpxtpx:TrackPointExtension>
      <gpxtpx:atemp>15</gpxtpx:atemp>
      <gpxtpx:hr>133</gpxtpx:hr>
      <gpxtpx:cad>88</gpxtpx:cad>
     </gpxtpx:TrackPointExtension>
    </extensions>
   </trkpt>
   <trkpt lat="38.5764260" lon="-121.4816500">
    <ele>9.2</ele>
    <time>2025-11-21T15:48:25Z</time>
    <extensions>
     <power>208</power>
     <gpxtpx:TrackPointExtension>
      <gpxtpx:atemp>15</gpxtpx:atemp>
      <gpxtpx:hr>133</gpxtpx:hr>
      <gpxtpx:cad>88</gpxtpx:cad>
     </gpxtpx:TrackPointExtension>
    </extensions>
   </trkpt>
   <trkpt lat="38.5763990" lon="-121.4816660">
    <ele>9.2</ele>
    <time>2025-11-21T15:48:26Z</time>
    <extensions>
     <power>208</power>
     <gpxtpx:TrackPointExtension>
      <gpxtpx:atemp>15</gpxtpx:atemp>
      <gpxtpx:hr>133</gpxtpx:hr>
      <gpxtpx:cad>88</gpxtpx:cad>
     </gpxtpx:TrackPointExtension>
    </extensions>
   </trkpt>
   <trkpt lat="38.5763710" lon="-121.4816760">
    <ele>9.0</ele>
    <time>2025-11-21T15:48:27Z</time>
    <extensions>
     <power>212</power>
     <gpxtpx:TrackPointExtension>
      <gpxtpx:atemp>15</gpxtpx:atemp>
      <gpxtpx:hr>134</gpxtpx:hr>
      <gpxtpx:cad>88</gpxtpx:cad>
     </gpxtpx:TrackPointExtension>
    </extensions>
   </trkpt>
   <trkpt lat="38.5763440" lon="-121.4816940">
    <ele>9.0</ele>
    <time>2025-11-21T15:48:28Z</time>
    <extensions>
     <power>217</power>
     <gpxtpx:TrackPointExtension>
      <gpxtpx:atemp>15</gpxtpx:atemp>
      <gpxtpx:hr>134</gpxtpx:hr>
      <gpxtpx:cad>88</gpxtpx:cad>
     </gpxtpx:TrackPointExtension>
    </extensions>
   </trkpt>
   <trkpt lat="38.5763170" lon="-121.4817030">
    <ele>9.0</ele>
    <time>2025-11-21T15:48:29Z</time>
    <extensions>
     <power>220</power>
     <gpxtpx:TrackPointExtension>
      <gpxtpx:atemp>15</gpxtpx:atemp>
      <gpxtpx:hr>134</gpxtpx:hr>
      <gpxtpx:cad>88</gpxtpx:cad>
     </gpxtpx:TrackPointExtension>
    </extensions>
   </trkpt>
   <trkpt lat="38.5762900" lon="-121.4817200">
    <ele>9.0</ele>
    <time>2025-11-21T15:48:30Z</time>
    <extensions>
     <power>226</power>
     <gpxtpx:TrackPointExtension>
      <gpxtpx:atemp>15</gpxtpx:atemp>
      <gpxtpx:hr>134</gpxtpx:hr>
      <gpxtpx:cad>88</gpxtpx:cad>
     </gpxtpx:TrackPointExtension>
    </extensions>
   </trkpt>
   <trkpt lat="38.5762660" lon="-121.4817310">
    <ele>9.0</ele>
    <time>2025-11-21T15:48:31Z</time>
    <extensions>
     <power>229</power>
     <gpxtpx:TrackPointExtension>
      <gpxtpx:atemp>15</gpxtpx:atemp>
      <gpxtpx:hr>135</gpxtpx:hr>
      <gpxtpx:cad>88</gpxtpx:cad>
     </gpxtpx:TrackPointExtension>
    </extensions>
   </trkpt>
   <trkpt lat="38.5762400" lon="-121.4817450">
    <ele>9.0</ele>
    <time>2025-11-21T15:48:32Z</time>
    <extensions>
     <power>233</power>
     <gpxtpx:TrackPointExtension>
      <gpxtpx:atemp>15</gpxtpx:atemp>
      <gpxtpx:hr>135</gpxtpx:hr>
      <gpxtpx:cad>88</gpxtpx:cad>
     </gpxtpx:TrackPointExtension>
    </extensions>
   </trkpt>
   <trkpt lat="38.5762200" lon="-121.4817540">
    <ele>9.2</ele>
    <time>2025-11-21T15:48:33Z</time>
    <extensions>
     <power>235</power>
     <gpxtpx:TrackPointExtension>
      <gpxtpx:atemp>15</gpxtpx:atemp>
      <gpxtpx:hr>135</gpxtpx:hr>
      <gpxtpx:cad>89</gpxtpx:cad>
     </gpxtpx:TrackPointExtension>
    </extensions>
   </trkpt>
   <trkpt lat="38.5762000" lon="-121.4817660">
    <ele>9.2</ele>
    <time>2025-11-21T15:48:34Z</time>
    <extensions>
     <power>232</power>
     <gpxtpx:TrackPointExtension>
      <gpxtpx:atemp>15</gpxtpx:atemp>
      <gpxtpx:hr>135</gpxtpx:hr>
      <gpxtpx:cad>89</gpxtpx:cad>
     </gpxtpx:TrackPointExtension>
    </extensions>
   </trkpt>
   <trkpt lat="38.5761790" lon="-121.4817770">
    <ele>9.2</ele>
    <time>2025-11-21T15:48:35Z</time>
    <extensions>
     <power>225</power>
     <gpxtpx:TrackPointExtension>
      <gpxtpx:atemp>15</gpxtpx:atemp>
      <gpxtpx:hr>135</gpxtpx:hr>
      <gpxtpx:cad>90</gpxtpx:cad>
     </gpxtpx:TrackPointExtension>
    </extensions>
   </trkpt>
   <trkpt lat="38.5761560" lon="-121.4817880">
    <ele>9.2</ele>
    <time>2025-11-21T15:48:36Z</time>
    <extensions>
     <power>220</power>
     <gpxtpx:TrackPointExtension>
      <gpxtpx:atemp>15</gpxtpx:atemp>
      <gpxtpx:hr>135</gpxtpx:hr>
      <gpxtpx:cad>90</gpxtpx:cad>
     </gpxtpx:TrackPointExtension>
    </extensions>
   </trkpt>
   <trkpt lat="38.5761400" lon="-121.4817970">
    <ele>9.2</ele>
    <time>2025-11-21T15:48:37Z</time>
    <extensions>
     <power>218</power>
     <gpxtpx:TrackPointExtension>
      <gpxtpx:atemp>15</gpxtpx:atemp>
      <gpxtpx:hr>135</gpxtpx:hr>
      <gpxtpx:cad>90</gpxtpx:cad>
     </gpxtpx:TrackPointExtension>
    </extensions>
   </trkpt>
   <trkpt lat="38.5761240" lon="-121.4818070">
    <ele>9.2</ele>
    <time>2025-11-21T15:48:38Z</time>
    <extensions>
     <power>217</power>
     <gpxtpx:TrackPointExtension>
      <gpxtpx:atemp>15</gpxtpx:atemp>
      <gpxtpx:hr>135</gpxtpx:hr>
      <gpxtpx:cad>90</gpxtpx:cad>
     </gpxtpx:TrackPointExtension>
    </extensions>
   </trkpt>
   <trkpt lat="38.5760170" lon="-121.4818270">
    <ele>8.8</ele>
    <time>2025-11-21T15:49:17Z</time>
    <extensions>
     <gpxtpx:TrackPointExtension>
      <gpxtpx:atemp>15</gpxtpx:atemp>
      <gpxtpx:hr>123</gpxtpx:hr>
      <gpxtpx:cad>0</gpxtpx:cad>
     </gpxtpx:TrackPointExtension>
    </extensions>
   </trkpt>
   <trkpt lat="38.5759930" lon="-121.4818380">
    <ele>8.6</ele>
    <time>2025-11-21T15:49:18Z</time>
    <extensions>
     <power>0</power>
     <gpxtpx:TrackPointExtension>
      <gpxtpx:atemp>15</gpxtpx:atemp>
      <gpxtpx:hr>122</gpxtpx:hr>
      <gpxtpx:cad>0</gpxtpx:cad>
     </gpxtpx:TrackPointExtension>
    </extensions>
   </trkpt>
   <trkpt lat="38.5759710" lon="-121.4818410">
    <ele>8.6</ele>
    <time>2025-11-21T15:49:19Z</time>
    <extensions>
     <power>0</power>
     <gpxtpx:TrackPointExtension>
      <gpxtpx:atemp>15</gpxtpx:atemp>
      <gpxtpx:hr>122</gpxtpx:hr>
      <gpxtpx:cad>0</gpxtpx:cad>
     </gpxtpx:TrackPointExtension>
    </extensions>
   </trkpt>
   <trkpt lat="38.5759400" lon="-121.4818500">
    <ele>8.6</ele>
    <time>2025-11-21T15:49:20Z</time>
    <extensions>
     <power>0</power>
     <gpxtpx:TrackPointExtension>
      <gpxtpx:atemp>15</gpxtpx:atemp>
      <gpxtpx:hr>121</gpxtpx:hr>
      <gpxtpx:cad>0</gpxtpx:cad>
     </gpxtpx:TrackPointExtension>
    </extensions>
   </trkpt>
   <trkpt lat="38.5759210" lon="-121.4818590">
    <ele>8.6</ele>
    <time>2025-11-21T15:49:21Z</time>
    <extensions>
     <power>0</power>
     <gpxtpx:TrackPointExtension>
      <gpxtpx:atemp>15</gpxtpx:atemp>
      <gpxtpx:hr>121</gpxtpx:hr>
      <gpxtpx:cad>0</gpxtpx:cad>
     </gpxtpx:TrackPointExtension>
    </extensions>
   </trkpt>
   <trkpt lat="38.5758940" lon="-121.4818750">
    <ele>8.6</ele>
    <time>2025-11-21T15:49:22Z</time>
    <extensions>
     <power>0</power>
     <gpxtpx:TrackPointExtension>
      <gpxtpx:atemp>15</gpxtpx:atemp>
      <gpxtpx:hr>120</gpxtpx:hr>
      <gpxtpx:cad>0</gpxtpx:cad>
     </gpxtpx:TrackPointExtension>
    </extensions>
   </trkpt>
   <trkpt lat="38.5758730" lon="-121.4818790">
    <ele>8.6</ele>
    <time>2025-11-21T15:49:23Z</time>
    <extensions>
     <power>0</power>
     <gpxtpx:TrackPointExtension>
      <gpxtpx:atemp>15</gpxtpx:atemp>
      <gpxtpx:hr>120</gpxtpx:hr>
      <gpxtpx:cad>91</gpxtpx:cad>
     </gpxtpx:TrackPointExtension>
    </extensions>
   </trkpt>
   <trkpt lat="38.5758490" lon="-121.4818860">
    <ele>8.6</ele>
    <time>2025-11-21T15:49:24Z</time>
    <extensions>
     <power>222</power>
     <gpxtpx:TrackPointExtension>
      <gpxtpx:atemp>15</gpxtpx:atemp>
      <gpxtpx:hr>120</gpxtpx:hr>
      <gpxtpx:cad>91</gpxtpx:cad>
     </gpxtpx:TrackPointExtension>
    </extensions>
   </trkpt>
   <trkpt lat="38.5758280" lon="-121.4818900">
    <ele>8.8</ele>
    <time>2025-11-21T15:49:25Z</time>
    <extensions>
     <power>226</power>
     <gpxtpx:TrackPointExtension>
      <gpxtpx:atemp>15</gpxtpx:atemp>
      <gpxtpx:hr>120</gpxtpx:hr>
      <gpxtpx:cad>91</gpxtpx:cad>
     </gpxtpx:TrackPointExtension>
    </extensions>
   </trkpt>
   <trkpt lat="38.5758070" lon="-121.4818960">
    <ele>8.8</ele>
    <time>2025-11-21T15:49:26Z</time>
    <extensions>
     <power>220</power>
     <gpxtpx:TrackPointExtension>
      <gpxtpx:atemp>15</gpxtpx:atemp>
      <gpxtpx:hr>120</gpxtpx:hr>
      <gpxtpx:cad>91</gpxtpx:cad>
     </gpxtpx:TrackPointExtension>
    </extensions>
   </trkpt>
   <trkpt lat="38.5757890" lon="-121.4818960">
    <ele>8.6</ele>
    <time>2025-11-21T15:49:27Z</time>
    <extensions>
     <power>216</power>
     <gpxtpx:TrackPointExtension>
      <gpxtpx:atemp>15</gpxtpx:atemp>
      <gpxtpx:hr>120</gpxtpx:hr>
      <gpxtpx:cad>91</gpxtpx:cad>
     </gpxtpx:TrackPointExtension>
    </extensions>
   </trkpt>
   <trkpt lat="38.5757690" lon="-121.4819070">
    <ele>8.6</ele>
    <time>2025-11-21T15:49:28Z</time>
    <extensions>
     <power>200</power>
     <gpxtpx:TrackPointExtension>
      <gpxtpx:atemp>15</gpxtpx:atemp>
      <gpxtpx:hr>120</gpxtpx:hr>
      <gpxtpx:cad>91</gpxtpx:cad>
     </gpxtpx:TrackPointExtension>
    </extensions>
   </trkpt>
   <trkpt lat="38.5757500" lon="-121.4819170">
    <ele>8.6</ele>
    <time>2025-11-21T15:49:29Z</time>
    <extensions>
     <power>193</power>
     <gpxtpx:TrackPointExtension>
      <gpxtpx:atemp>15</gpxtpx:atemp>
      <gpxtpx:hr>119</gpxtpx:hr>
      <gpxtpx:cad>91</gpxtpx:cad>
     </gpxtpx:TrackPointExtension>
    </extensions>
   </trkpt>
   <trkpt lat="38.5757290" lon="-121.4819310">
    <ele>8.4</ele>
    <time>2025-11-21T15:49:30Z</time>
    <extensions>
     <power>192</power>
     <gpxtpx:TrackPointExtension>
      <gpxtpx:atemp>15</gpxtpx:atemp>
      <gpxtpx:hr>119</gpxtpx:hr>
      <gpxtpx:cad>90</gpxtpx:cad>
     </gpxtpx:TrackPointExtension>
    </extensions>
   </trkpt>
   <trkpt lat="38.5757140" lon="-121.4819390">
    <ele>8.4</ele>
    <time>2025-11-21T15:49:31Z</time>
    <extensions>
     <power>192</power>
     <gpxtpx:TrackPointExtension>
      <gpxtpx:atemp>15</gpxtpx:atemp>
      <gpxtpx:hr>119</gpxtpx:hr>
      <gpxtpx:cad>90</gpxtpx:cad>
     </gpxtpx:TrackPointExtension>
    </extensions>
   </trkpt>
   <trkpt lat="38.5756920" lon="-121.4819510">
    <ele>8.6</ele>
    <time>2025-11-21T15:49:32Z</time>
    <extensions>
     <power>192</power>
     <gpxtpx:TrackPointExtension>
      <gpxtpx:atemp>15</gpxtpx:atemp>
      <gpxtpx:hr>119</gpxtpx:hr>
      <gpxtpx:cad>90</gpxtpx:cad>
     </gpxtpx:TrackPointExtension>
    </extensions>
   </trkpt>
   <trkpt lat="38.5756770" lon="-121.4819600">
    <ele>8.6</ele>
    <time>2025-11-21T15:49:33Z</time>
    <extensions>
     <power>200</power>
     <gpxtpx:TrackPointExtension>
      <gpxtpx:atemp>15</gpxtpx:atemp>
      <gpxtpx:hr>119</gpxtpx:hr>
      <gpxtpx:cad>90</gpxtpx:cad>
     </gpxtpx:TrackPointExtension>
    </extensions>
   </trkpt>
   <trkpt lat="38.5756520" lon="-121.4819750">
    <ele>8.6</ele>
    <time>2025-11-21T15:49:34Z</time>
    <extensions>
     <power>191</power>
     <gpxtpx:TrackPointExtension>
      <gpxtpx:atemp>15</gpxtpx:atemp>
      <gpxtpx:hr>118</gpxtpx:hr>
      <gpxtpx:cad>90</gpxtpx:cad>
     </gpxtpx:TrackPointExtension>
    </extensions>
   </trkpt>
   <trkpt lat="38.5756350" lon="-121.4819800">
    <ele>8.6</ele>
    <time>2025-11-21T15:49:35Z</time>
    <extensions>
     <power>193</power>
     <gpxtpx:TrackPointExtension>
      <gpxtpx:atemp>15</gpxtpx:atemp>
      <gpxtpx:hr>119</gpxtpx:hr>
      <gpxtpx:cad>90</gpxtpx:cad>
     </gpxtpx:TrackPointExtension>
    </extensions>
   </trkpt>
   <trkpt lat="38.5756100" lon="-121.4819950">
    <ele>8.6</ele>
    <time>2025-11-21T15:49:36Z</time>
    <extensions>
     <power>192</power>
     <gpxtpx:TrackPointExtension>
      <gpxtpx:atemp>15</gpxtpx:atemp>
      <gpxtpx:hr>119</gpxtpx:hr>
      <gpxtpx:cad>90</gpxtpx:cad>
     </gpxtpx:TrackPointExtension>
    </extensions>
   </trkpt>
   <trkpt lat="38.5755910" lon="-121.4820000">
    <ele>8.6</ele>
    <time>2025-11-21T15:49:37Z</time>
    <extensions>
     <power>193</power>
     <gpxtpx:TrackPointExtension>
      <gpxtpx:atemp>15</gpxtpx:atemp>
      <gpxtpx:hr>119</gpxtpx:hr>
      <gpxtpx:cad>91</gpxtpx:cad>
     </gpxtpx:TrackPointExtension>
    </extensions>
   </trkpt>
   <trkpt lat="38.5755680" lon="-121.4820060">
    <ele>8.6</ele>
    <time>2025-11-21T15:49:38Z</time>
    <extensions>
     <power>197</power>
     <gpxtpx:TrackPointExtension>
      <gpxtpx:atemp>15</gpxtpx:atemp>
      <gpxtpx:hr>120</gpxtpx:hr>
      <gpxtpx:cad>91</gpxtpx:cad>
     </gpxtpx:TrackPointExtension>
    </extensions>
   </trkpt>
   <trkpt lat="38.5755490" lon="-121.4820060">
    <ele>8.6</ele>
    <time>2025-11-21T15:49:39Z</time>
    <extensions>
     <power>196</power>
     <gpxtpx:TrackPointExtension>
      <gpxtpx:atemp>15</gpxtpx:atemp>
      <gpxtpx:hr>120</gpxtpx:hr>
      <gpxtpx:cad>90</gpxtpx:cad>
     </gpxtpx:TrackPointExtension>
    </extensions>
   </trkpt>
   <trkpt lat="38.5755190" lon="-121.4820110">
    <ele>8.6</ele>
    <time>2025-11-21T15:49:40Z</time>
    <extensions>
     <power>198</power>
     <gpxtpx:TrackPointExtension>
      <gpxtpx:atemp>15</gpxtpx:atemp>
      <gpxtpx:hr>121</gpxtpx:hr>
      <gpxtpx:cad>89</gpxtpx:cad>
     </gpxtpx:TrackPointExtension>
    </extensions>
   </trkpt>
   <trkpt lat="38.5754960" lon="-121.4820140">
    <ele>8.4</ele>
    <time>2025-11-21T15:49:41Z</time>
    <extensions>
     <power>198</power>
     <gpxtpx:TrackPointExtension>
      <gpxtpx:atemp>15</gpxtpx:atemp>
      <gpxtpx:hr>121</gpxtpx:hr>
      <gpxtpx:cad>89</gpxtpx:cad>
     </gpxtpx:TrackPointExtension>
    </extensions>
   </trkpt>
   <trkpt lat="38.5754740" lon="-121.4820280">
    <ele>8.4</ele>
    <time>2025-11-21T15:49:42Z</time>
    <extensions>
     <power>201</power>
     <gpxtpx:TrackPointExtension>
      <gpxtpx:atemp>15</gpxtpx:atemp>
      <gpxtpx:hr>121</gpxtpx:hr>
      <gpxtpx:cad>89</gpxtpx:cad>
     </gpxtpx:TrackPointExtension>
    </extensions>
   </trkpt>
   <trkpt lat="38.5754500" lon="-121.4820340">
    <ele>8.2</ele>
    <time>2025-11-21T15:49:43Z</time>
    <extensions>
     <power>203</power>
     <gpxtpx:TrackPointExtension>
      <gpxtpx:atemp>15</gpxtpx:atemp>
      <gpxtpx:hr>122</gpxtpx:hr>
      <gpxtpx:cad>90</gpxtpx:cad>
     </gpxtpx:TrackPointExtension>
    </extensions>
   </trkpt>
   <trkpt lat="38.5754310" lon="-121.4820480">
    <ele>8.2</ele>
    <time>2025-11-21T15:49:44Z</time>
    <extensions>
     <power>206</power>
     <gpxtpx:TrackPointExtension>
      <gpxtpx:atemp>15</gpxtpx:atemp>
      <gpxtpx:hr>122</gpxtpx:hr>
      <gpxtpx:cad>90</gpxtpx:cad>
     </gpxtpx:TrackPointExtension>
    </extensions>
   </trkpt>
   <trkpt lat="38.5754140" lon="-121.4820540">
    <ele>8.4</ele>
    <time>2025-11-21T15:49:45Z</time>
    <extensions>
     <power>206</power>
     <gpxtpx:TrackPointExtension>
      <gpxtpx:atemp>15</gpxtpx:atemp>
      <gpxtpx:hr>122</gpxtpx:hr>
      <gpxtpx:cad>90</gpxtpx:cad>
     </gpxtpx:TrackPointExtension>
    </extensions>
   </trkpt>
   <trkpt lat="38.5753930" lon="-121.4820630">
    <ele>8.4</ele>
    <time>2025-11-21T15:49:46Z</time>
    <extensions>
     <power>205</power>
     <gpxtpx:TrackPointExtension>
      <gpxtpx:atemp>15</gpxtpx:atemp>
      <gpxtpx:hr>123</gpxtpx:hr>
      <gpxtpx:cad>90</gpxtpx:cad>
     </gpxtpx:TrackPointExtension>
    </extensions>
   </trkpt>
   <trkpt lat="38.5753730" lon="-121.4820710">
    <ele>8.6</ele>
    <time>2025-11-21T15:49:47Z</time>
    <extensions>
     <power>199</power>
     <gpxtpx:TrackPointExtension>
      <gpxtpx:atemp>15</gpxtpx:atemp>
      <gpxtpx:hr>123</gpxtpx:hr>
      <gpxtpx:cad>90</gpxtpx:cad>
     </gpxtpx:TrackPointExtension>
    </extensions>
   </trkpt>
   <trkpt lat="38.5753530" lon="-121.4820800">
    <ele>8.6</ele>
    <time>2025-11-21T15:49:48Z</time>
    <extensions>
     <power>198</power>
     <gpxtpx:TrackPointExtension>
      <gpxtpx:atemp>15</gpxtpx:atemp>
      <gpxtpx:hr>123</gpxtpx:hr>
      <gpxtpx:cad>90</gpxtpx:cad>
     </gpxtpx:TrackPointExtension>
    </extensions>
   </trkpt>
   <trkpt lat="38.5753320" lon="-121.4820840">
    <ele>8.6</ele>
    <time>2025-11-21T15:49:49Z</time>
    <extensions>
     <power>196</power>
     <gpxtpx:TrackPointExtension>
      <gpxtpx:atemp>15</gpxtpx:atemp>
      <gpxtpx:hr>124</gpxtpx:hr>
      <gpxtpx:cad>90</gpxtpx:cad>
     </gpxtpx:TrackPointExtension>
    </extensions>
   </trkpt>
   <trkpt lat="38.5753130" lon="-121.4820960">
    <ele>8.6</ele>
    <time>2025-11-21T15:49:50Z</time>
    <extensions>
     <power>195</power>
     <gpxtpx:TrackPointExtension>
      <gpxtpx:atemp>15</gpxtpx:atemp>
      <gpxtpx:hr>124</gpxtpx:hr>
      <gpxtpx:cad>90</gpxtpx:cad>
     </gpxtpx:TrackPointExtension>
    </extensions>
   </trkpt>
   <trkpt lat="38.5752920" lon="-121.4821010">
    <ele>8.6</ele>
    <time>2025-11-21T15:49:51Z</time>
    <extensions>
     <power>195</power>
     <gpxtpx:TrackPointExtension>
      <gpxtpx:atemp>15</gpxtpx:atemp>
      <gpxtpx:hr>125</gpxtpx:hr>
      <gpxtpx:cad>90</gpxtpx:cad>
     </gpxtpx:TrackPointExtension>
    </extensions>
   </trkpt>
   <trkpt lat="38.5752680" lon="-121.4821130">
    <ele>8.6</ele>
    <time>2025-11-21T15:49:52Z</time>
    <extensions>
     <power>195</power>
     <gpxtpx:TrackPointExtension>
      <gpxtpx:atemp>15</gpxtpx:atemp>
      <gpxtpx:hr>125</gpxtpx:hr>
      <gpxtpx:cad>90</gpxtpx:cad>
     </gpxtpx:TrackPointExtension>
    </extensions>
   </trkpt>
   <trkpt lat="38.5752460" lon="-121.4821200">
    <ele>8.4</ele>
    <time>2025-11-21T15:49:53Z</time>
    <extensions>
     <power>198</power>
     <gpxtpx:TrackPointExtension>
      <gpxtpx:atemp>15</gpxtpx:atemp>
      <gpxtpx:hr>125</gpxtpx:hr>
      <gpxtpx:cad>90</gpxtpx:cad>
     </gpxtpx:TrackPointExtension>
    </extensions>
   </trkpt>
   <trkpt lat="38.5752250" lon="-121.4821300">
    <ele>8.4</ele>
    <time>2025-11-21T15:49:54Z</time>
    <extensions>
     <power>200</power>
     <gpxtpx:TrackPointExtension>
      <gpxtpx:atemp>15</gpxtpx:atemp>
      <gpxtpx:hr>126</gpxtpx:hr>
      <gpxtpx:cad>90</gpxtpx:cad>
     </gpxtpx:TrackPointExtension>
    </extensions>
   </trkpt>
   <trkpt lat="38.5752010" lon="-121.4821400">
    <ele>8.4</ele>
    <time>2025-11-21T15:49:55Z</time>
    <extensions>
     <power>202</power>
     <gpxtpx:TrackPointExtension>
      <gpxtpx:atemp>15</gpxtpx:atemp>
      <gpxtpx:hr>126</gpxtpx:hr>
      <gpxtpx:cad>90</gpxtpx:cad>
     </gpxtpx:TrackPointExtension>
    </extensions>
   </trkpt>
   <trkpt lat="38.5751750" lon="-121.4821480">
    <ele>8.4</ele>
    <time>2025-11-21T15:49:56Z</time>
    <extensions>
     <power>202</power>
     <gpxtpx:TrackPointExtension>
      <gpxtpx:atemp>15</gpxtpx:atemp>
      <gpxtpx:hr>127</gpxtpx:hr>
      <gpxtpx:cad>90</gpxtpx:cad>
     </gpxtpx:TrackPointExtension>
    </extensions>
   </trkpt>
   <trkpt lat="38.5751520" lon="-121.4821620">
    <ele>8.4</ele>
    <time>2025-11-21T15:49:57Z</time>
    <extensions>
     <power>204</power>
     <gpxtpx:TrackPointExtension>
      <gpxtpx:atemp>15</gpxtpx:atemp>
      <gpxtpx:hr>127</gpxtpx:hr>
      <gpxtpx:cad>90</gpxtpx:cad>
     </gpxtpx:TrackPointExtension>
    </extensions>
   </trkpt>
   <trkpt lat="38.5751250" lon="-121.4821830">
    <ele>8.4</ele>
    <time>2025-11-21T15:49:58Z</time>
    <extensions>
     <power>204</power>
     <gpxtpx:TrackPointExtension>
      <gpxtpx:atemp>15</gpxtpx:atemp>
      <gpxtpx:hr>128</gpxtpx:hr>
      <gpxtpx:cad>89</gpxtpx:cad>
     </gpxtpx:TrackPointExtension>
    </extensions>
   </trkpt>
   <trkpt lat="38.5751040" lon="-121.4821860">
    <ele>8.4</ele>
    <time>2025-11-21T15:49:59Z</time>
    <extensions>
     <power>207</power>
     <gpxtpx:TrackPointExtension>
      <gpxtpx:atemp>15</gpxtpx:atemp>
      <gpxtpx:hr>128</gpxtpx:hr>
      <gpxtpx:cad>88</gpxtpx:cad>
     </gpxtpx:TrackPointExtension>
    </extensions>
   </trkpt>
   <trkpt lat="38.5750770" lon="-121.4821990">
    <ele>8.2</ele>
    <time>2025-11-21T15:50:00Z</time>
    <extensions>
     <power>211</power>
     <gpxtpx:TrackPointExtension>
      <gpxtpx:atemp>15</gpxtpx:atemp>
      <gpxtpx:hr>129</gpxtpx:hr>
      <gpxtpx:cad>88</gpxtpx:cad>
     </gpxtpx:TrackPointExtension>
    </extensions>
   </trkpt>
   <trkpt lat="38.5750540" lon="-121.4822070">
    <ele>8.2</ele>
    <time>2025-11-21T15:50:01Z</time>
    <extensions>
     <power>211</power>
     <gpxtpx:TrackPointExtension>
      <gpxtpx:atemp>15</gpxtpx:atemp>
      <gpxtpx:hr>129</gpxtpx:hr>
      <gpxtpx:cad>89</gpxtpx:cad>
     </gpxtpx:TrackPointExtension>
    </extensions>
   </trkpt>
   <trkpt lat="38.5750320" lon="-121.4822180">
    <ele>8.2</ele>
    <time>2025-11-21T15:50:02Z</time>
    <extensions>
     <power>213</power>
     <gpxtpx:TrackPointExtension>
      <gpxtpx:atemp>15</gpxtpx:atemp>
      <gpxtpx:hr>130</gpxtpx:hr>
      <gpxtpx:cad>89</gpxtpx:cad>
     </gpxtpx:TrackPointExtension>
    </extensions>
   </trkpt>
   <trkpt lat="38.5750120" lon="-121.4822230">
    <ele>8.4</ele>
    <time>2025-11-21T15:50:03Z</time>
    <extensions>
     <power>213</power>
     <gpxtpx:TrackPointExtension>
      <gpxtpx:atemp>15</gpxtpx:atemp>
      <gpxtpx:hr>130</gpxtpx:hr>
      <gpxtpx:cad>89</gpxtpx:cad>
     </gpxtpx:TrackPointExtension>
    </extensions>
   </trkpt>
   <trkpt lat="38.5749920" lon="-121.4822240">
    <ele>8.4</ele>
    <time>2025-11-21T15:50:04Z</time>
    <extensions>
     <power>213</power>
     <gpxtpx:TrackPointExtension>
      <gpxtpx:atemp>15</gpxtpx:atemp>
      <gpxtpx:hr>130</gpxtpx:hr>
      <gpxtpx:cad>89</gpxtpx:cad>
     </gpxtpx:TrackPointExtension>
    </extensions>
   </trkpt>
   <trkpt lat="38.5749820" lon="-121.4822180">
    <ele>8.4</ele>
    <time>2025-11-21T15:50:05Z</time>
    <extensions>
     <power>212</power>
     <gpxtpx:TrackPointExtension>
      <gpxtpx:atemp>15</gpxtpx:atemp>
      <gpxtpx:hr>130</gpxtpx:hr>
      <gpxtpx:cad>90</gpxtpx:cad>
     </gpxtpx:TrackPointExtension>
    </extensions>
   </trkpt>
   <trkpt lat="38.5749780" lon="-121.4822000">
    <ele>8.4</ele>
    <time>2025-11-21T15:50:06Z</time>
    <extensions>
     <power>209</power>
     <gpxtpx:TrackPointExtension>
      <gpxtpx:atemp>15</gpxtpx:atemp>
      <gpxtpx:hr>130</gpxtpx:hr>
      <gpxtpx:cad>90</gpxtpx:cad>
     </gpxtpx:TrackPointExtension>
    </extensions>
   </trkpt>
   <trkpt lat="38.5749690" lon="-121.4821800">
    <ele>8.2</ele>
    <time>2025-11-21T15:50:07Z</time>
    <extensions>
     <power>209</power>
     <gpxtpx:TrackPointExtension>
      <gpxtpx:atemp>15</gpxtpx:atemp>
      <gpxtpx:hr>131</gpxtpx:hr>
      <gpxtpx:cad>90</gpxtpx:cad>
     </gpxtpx:TrackPointExtension>
    </extensions>
   </trkpt>
   <trkpt lat="38.5749700" lon="-121.4821540">
    <ele>8.2</ele>
    <time>2025-11-21T15:50:08Z</time>
    <extensions>
     <power>209</power>
     <gpxtpx:TrackPointExtension>
      <gpxtpx:atemp>15</gpxtpx:atemp>
      <gpxtpx:hr>131</gpxtpx:hr>
      <gpxtpx:cad>90</gpxtpx:cad>
     </gpxtpx:TrackPointExtension>
    </extensions>
   </trkpt>
   <trkpt lat="38.5749660" lon="-121.4821330">
    <ele>8.0</ele>
    <time>2025-11-21T15:50:09Z</time>
    <extensions>
     <power>206</power>
     <gpxtpx:TrackPointExtension>
      <gpxtpx:atemp>15</gpxtpx:atemp>
      <gpxtpx:hr>131</gpxtpx:hr>
      <gpxtpx:cad>90</gpxtpx:cad>
     </gpxtpx:TrackPointExtension>
    </extensions>
   </trkpt>
   <trkpt lat="38.5749610" lon="-121.4821060">
    <ele>8.0</ele>
    <time>2025-11-21T15:50:10Z</time>
    <extensions>
     <power>206</power>
     <gpxtpx:TrackPointExtension>
      <gpxtpx:atemp>15</gpxtpx:atemp>
      <gpxtpx:hr>131</gpxtpx:hr>
      <gpxtpx:cad>90</gpxtpx:cad>
     </gpxtpx:TrackPointExtension>
    </extensions>
   </trkpt>
   <trkpt lat="38.5749610" lon="-121.4820910">
    <ele>8.0</ele>
    <time>2025-11-21T15:50:11Z</time>
    <extensions>
     <power>205</power>
     <gpxtpx:TrackPointExtension>
      <gpxtpx:atemp>15</gpxtpx:atemp>
      <gpxtpx:hr>131</gpxtpx:hr>
      <gpxtpx:cad>90</gpxtpx:cad>
     </gpxtpx:TrackPointExtension>
    </extensions>
   </trkpt>
   <trkpt lat="38.5749550" lon="-121.4820670">
    <ele>8.2</ele>
    <time>2025-11-21T15:50:12Z</time>
    <extensions>
     <power>202</power>
     <gpxtpx:TrackPointExtension>
      <gpxtpx:atemp>15</gpxtpx:atemp>
      <gpxtpx:hr>130</gpxtpx:hr>
      <gpxtpx:cad>90</gpxtpx:cad>
     </gpxtpx:TrackPointExtension>
    </extensions>
   </trkpt>
   <trkpt lat="38.5749410" lon="-121.4820570">
    <ele>8.2</ele>
    <time>2025-11-21T15:50:13Z</time>
    <extensions>
     <power>191</power>
     <gpxtpx:TrackPointExtension>
      <gpxtpx:atemp>15</gpxtpx:atemp>
      <gpxtpx:hr>131</gpxtpx:hr>
      <gpxtpx:cad>90</gpxtpx:cad>
     </gpxtpx:TrackPointExtension>
    </extensions>
   </trkpt>
   <trkpt lat="38.5749350" lon="-121.4820560">
    <ele>8.2</ele>
    <time>2025-11-21T15:50:14Z</time>
    <extensions>
     <power>166</power>
     <gpxtpx:TrackPointExtension>
      <gpxtpx:atemp>15</gpxtpx:atemp>
      <gpxtpx:hr>131</gpxtpx:hr>
      <gpxtpx:cad>75</gpxtpx:cad>
     </gpxtpx:TrackPointExtension>
    </extensions>
   </trkpt>
   <trkpt lat="38.5748240" lon="-121.4821100">
    <ele>7.8</ele>
    <time>2025-11-21T15:50:40Z</time>
    <extensions>
     <gpxtpx:TrackPointExtension>
      <gpxtpx:atemp>15</gpxtpx:atemp>
      <gpxtpx:hr>121</gpxtpx:hr>
      <gpxtpx:cad>0</gpxtpx:cad>
     </gpxtpx:TrackPointExtension>
    </extensions>
   </trkpt>
   <trkpt lat="38.5748090" lon="-121.4821110">
    <ele>8.0</ele>
    <time>2025-11-21T15:50:41Z</time>
    <extensions>
     <power>0</power>
     <gpxtpx:TrackPointExtension>
      <gpxtpx:atemp>15</gpxtpx:atemp>
      <gpxtpx:hr>120</gpxtpx:hr>
      <gpxtpx:cad>0</gpxtpx:cad>
     </gpxtpx:TrackPointExtension>
    </extensions>
   </trkpt>
   <trkpt lat="38.5747790" lon="-121.4821210">
    <ele>8.0</ele>
    <time>2025-11-21T15:50:42Z</time>
    <extensions>
     <power>0</power>
     <gpxtpx:TrackPointExtension>
      <gpxtpx:atemp>15</gpxtpx:atemp>
      <gpxtpx:hr>119</gpxtpx:hr>
      <gpxtpx:cad>88</gpxtpx:cad>
     </gpxtpx:TrackPointExtension>
    </extensions>
   </trkpt>
   <trkpt lat="38.5747600" lon="-121.4821250">
    <ele>7.8</ele>
    <time>2025-11-21T15:50:43Z</time>
    <extensions>
     <power>208</power>
     <gpxtpx:TrackPointExtension>
      <gpxtpx:atemp>15</gpxtpx:atemp>
      <gpxtpx:hr>117</gpxtpx:hr>
      <gpxtpx:cad>88</gpxtpx:cad>
     </gpxtpx:TrackPointExtension>
    </extensions>
   </trkpt>
   <trkpt lat="38.5747350" lon="-121.4821330">
    <ele>7.8</ele>
    <time>2025-11-21T15:50:44Z</time>
    <extensions>
     <power>198</power>
     <gpxtpx:TrackPointExtension>
      <gpxtpx:atemp>15</gpxtpx:atemp>
      <gpxtpx:hr>115</gpxtpx:hr>
      <gpxtpx:cad>88</gpxtpx:cad>
     </gpxtpx:TrackPointExtension>
    </extensions>
   </trkpt>
   <trkpt lat="38.5747130" lon="-121.4821420">
    <ele>7.8</ele>
    <time>2025-11-21T15:50:45Z</time>
    <extensions>
     <power>218</power>
     <gpxtpx:TrackPointExtension>
      <gpxtpx:atemp>15</gpxtpx:atemp>
      <gpxtpx:hr>113</gpxtpx:hr>
      <gpxtpx:cad>86</gpxtpx:cad>
     </gpxtpx:TrackPointExtension>
    </extensions>
   </trkpt>
   <trkpt lat="38.5747040" lon="-121.4821750">
    <ele>7.8</ele>
    <time>2025-11-21T15:50:46Z</time>
    <extensions>
     <power>246</power>
     <gpxtpx:TrackPointExtension>
      <gpxtpx:atemp>15</gpxtpx:atemp>
      <gpxtpx:hr>112</gpxtpx:hr>
      <gpxtpx:cad>86</gpxtpx:cad>
     </gpxtpx:TrackPointExtension>
    </extensions>
   </trkpt>
   <trkpt lat="38.5746920" lon="-121.4821890">
    <ele>7.8</ele>
    <time>2025-11-21T15:50:47Z</time>
    <extensions>
     <power>243</power>
     <gpxtpx:TrackPointExtension>
      <gpxtpx:atemp>15</gpxtpx:atemp>
      <gpxtpx:hr>112</gpxtpx:hr>
      <gpxtpx:cad>87</gpxtpx:cad>
     </gpxtpx:TrackPointExtension>
    </extensions>
   </trkpt>
   <trkpt lat="38.5746770" lon="-121.4822040">
    <ele>7.8</ele>
    <time>2025-11-21T15:50:48Z</time>
    <extensions>
     <power>225</power>
     <gpxtpx:TrackPointExtension>
      <gpxtpx:atemp>15</gpxtpx:atemp>
      <gpxtpx:hr>112</gpxtpx:hr>
      <gpxtpx:cad>87</gpxtpx:cad>
     </gpxtpx:TrackPointExtension>
    </extensions>
   </trkpt>
   <trkpt lat="38.5746600" lon="-121.4822160">
    <ele>7.8</ele>
    <time>2025-11-21T15:50:49Z</time>
    <extensions>
     <power>198</power>
     <gpxtpx:TrackPointExtension>
      <gpxtpx:atemp>15</gpxtpx:atemp>
      <gpxtpx:hr>113</gpxtpx:hr>
      <gpxtpx:cad>87</gpxtpx:cad>
     </gpxtpx:TrackPointExtension>
    </extensions>
   </trkpt>
   <trkpt lat="38.5746430" lon="-121.4822220">
    <ele>7.6</ele>
    <time>2025-11-21T15:50:50Z</time>
    <extensions>
     <power>188</power>
     <gpxtpx:TrackPointExtension>
      <gpxtpx:atemp>15</gpxtpx:atemp>
      <gpxtpx:hr>113</gpxtpx:hr>
      <gpxtpx:cad>87</gpxtpx:cad>
     </gpxtpx:TrackPointExtension>
    </extensions>
   </trkpt>
   <trkpt lat="38.5746240" lon="-121.4822260">
    <ele>7.6</ele>
    <time>2025-11-21T15:50:51Z</time>
    <extensions>
     <power>188</power>
     <gpxtpx:TrackPointExtension>
      <gpxtpx:atemp>15</gpxtpx:atemp>
      <gpxtpx:hr>113</gpxtpx:hr>
      <gpxtpx:cad>87</gpxtpx:cad>
     </gpxtpx:TrackPointExtension>
    </extensions>
   </trkpt>
   <trkpt lat="38.5746050" lon="-121.4822320">
    <ele>7.6</ele>
    <time>2025-11-21T15:50:52Z</time>
    <extensions>
     <power>177</power>
     <gpxtpx:TrackPointExtension>
      <gpxtpx:atemp>15</gpxtpx:atemp>
      <gpxtpx:hr>113</gpxtpx:hr>
      <gpxtpx:cad>87</gpxtpx:cad>
     </gpxtpx:TrackPointExtension>
    </extensions>
   </trkpt>
   <trkpt lat="38.5745850" lon="-121.4822430">
    <ele>7.6</ele>
    <time>2025-11-21T15:50:53Z</time>
    <extensions>
     <power>171</power>
     <gpxtpx:TrackPointExtension>
      <gpxtpx:atemp>15</gpxtpx:atemp>
      <gpxtpx:hr>114</gpxtpx:hr>
      <gpxtpx:cad>88</gpxtpx:cad>
     </gpxtpx:TrackPointExtension>
    </extensions>
   </trkpt>
   <trkpt lat="38.5745680" lon="-121.4822460">
    <ele>7.6</ele>
    <time>2025-11-21T15:50:54Z</time>
    <extensions>
     <power>171</power>
     <gpxtpx:TrackPointExtension>
      <gpxtpx:atemp>15</gpxtpx:atemp>
      <gpxtpx:hr>114</gpxtpx:hr>
      <gpxtpx:cad>89</gpxtpx:cad>
     </gpxtpx:TrackPointExtension>
    </extensions>
   </trkpt>
   <trkpt lat="38.5745510" lon="-121.4822610">
    <ele>7.6</ele>
    <time>2025-11-21T15:50:55Z</time>
    <extensions>
     <power>175</power>
     <gpxtpx:TrackPointExtension>
      <gpxtpx:atemp>15</gpxtpx:atemp>
      <gpxtpx:hr>114</gpxtpx:hr>
      <gpxtpx:cad>89</gpxtpx:cad>
     </gpxtpx:TrackPointExtension>
    </extensions>
   </trkpt>
   <trkpt lat="38.5745360" lon="-121.4822700">
    <ele>7.6</ele>
    <time>2025-11-21T15:50:56Z</time>
    <extensions>
     <power>182</power>
     <gpxtpx:TrackPointExtension>
      <gpxtpx:atemp>15</gpxtpx:atemp>
      <gpxtpx:hr>114</gpxtpx:hr>
      <gpxtpx:cad>88</gpxtpx:cad>
     </gpxtpx:TrackPointExtension>
    </extensions>
   </trkpt>
   <trkpt lat="38.5745140" lon="-121.4822820">
    <ele>7.6</ele>
    <time>2025-11-21T15:50:57Z</time>
    <extensions>
     <power>185</power>
     <gpxtpx:TrackPointExtension>
      <gpxtpx:atemp>15</gpxtpx:atemp>
      <gpxtpx:hr>114</gpxtpx:hr>
      <gpxtpx:cad>88</gpxtpx:cad>
     </gpxtpx:TrackPointExtension>
    </extensions>
   </trkpt>
   <trkpt lat="38.5744980" lon="-121.4822910">
    <ele>7.6</ele>
    <time>2025-11-21T15:50:58Z</time>
    <extensions>
     <power>185</power>
     <gpxtpx:TrackPointExtension>
      <gpxtpx:atemp>15</gpxtpx:atemp>
      <gpxtpx:hr>114</gpxtpx:hr>
      <gpxtpx:cad>88</gpxtpx:cad>
     </gpxtpx:TrackPointExtension>
    </extensions>
   </trkpt>
   <trkpt lat="38.5744760" lon="-121.4823090">
    <ele>7.6</ele>
    <time>2025-11-21T15:50:59Z</time>
    <extensions>
     <power>179</power>
     <gpxtpx:TrackPointExtension>
      <gpxtpx:atemp>15</gpxtpx:atemp>
      <gpxtpx:hr>115</gpxtpx:hr>
      <gpxtpx:cad>88</gpxtpx:cad>
     </gpxtpx:TrackPointExtension>
    </extensions>
   </trkpt>
   <trkpt lat="38.5744630" lon="-121.4823210">
    <ele>7.6</ele>
    <time>2025-11-21T15:51:00Z</time>
    <extensions>
     <power>181</power>
     <gpxtpx:TrackPointExtension>
      <gpxtpx:atemp>15</gpxtpx:atemp>
      <gpxtpx:hr>115</gpxtpx:hr>
      <gpxtpx:cad>88</gpxtpx:cad>
     </gpxtpx:TrackPointExtension>
    </extensions>
   </trkpt>
   <trkpt lat="38.5744450" lon="-121.4823270">
    <ele>7.6</ele>
    <time>2025-11-21T15:51:01Z</time>
    <extensions>
     <power>182</power>
     <gpxtpx:TrackPointExtension>
      <gpxtpx:atemp>15</gpxtpx:atemp>
      <gpxtpx:hr>115</gpxtpx:hr>
      <gpxtpx:cad>88</gpxtpx:cad>
     </gpxtpx:TrackPointExtension>
    </extensions>
   </trkpt>
   <trkpt lat="38.5744320" lon="-121.4823290">
    <ele>7.6</ele>
    <time>2025-11-21T15:51:02Z</time>
    <extensions>
     <power>182</power>
     <gpxtpx:TrackPointExtension>
      <gpxtpx:atemp>15</gpxtpx:atemp>
      <gpxtpx:hr>115</gpxtpx:hr>
      <gpxtpx:cad>88</gpxtpx:cad>
     </gpxtpx:TrackPointExtension>
    </extensions>
   </trkpt>
   <trkpt lat="38.5744100" lon="-121.4823310">
    <ele>7.8</ele>
    <time>2025-11-21T15:51:03Z</time>
    <extensions>
     <power>178</power>
     <gpxtpx:TrackPointExtension>
      <gpxtpx:atemp>15</gpxtpx:atemp>
      <gpxtpx:hr>115</gpxtpx:hr>
      <gpxtpx:cad>88</gpxtpx:cad>
     </gpxtpx:TrackPointExtension>
    </extensions>
   </trkpt>
   <trkpt lat="38.5743930" lon="-121.4823320">
    <ele>7.8</ele>
    <time>2025-11-21T15:51:04Z</time>
    <extensions>
     <power>177</power>
     <gpxtpx:TrackPointExtension>
      <gpxtpx:atemp>15</gpxtpx:atemp>
      <gpxtpx:hr>115</gpxtpx:hr>
      <gpxtpx:cad>88</gpxtpx:cad>
     </gpxtpx:TrackPointExtension>
    </extensions>
   </trkpt>
   <trkpt lat="38.5743680" lon="-121.4823380">
    <ele>7.8</ele>
    <time>2025-11-21T15:51:05Z</time>
    <extensions>
     <power>176</power>
     <gpxtpx:TrackPointExtension>
      <gpxtpx:atemp>15</gpxtpx:atemp>
      <gpxtpx:hr>115</gpxtpx:hr>
      <gpxtpx:cad>88</gpxtpx:cad>
     </gpxtpx:TrackPointExtension>
    </extensions>
   </trkpt>
   <trkpt lat="38.5743480" lon="-121.4823380">
    <ele>7.8</ele>
    <time>2025-11-21T15:51:06Z</time>
    <extensions>
     <power>176</power>
     <gpxtpx:TrackPointExtension>
      <gpxtpx:atemp>15</gpxtpx:atemp>
      <gpxtpx:hr>115</gpxtpx:hr>
      <gpxtpx:cad>88</gpxtpx:cad>
     </gpxtpx:TrackPointExtension>
    </extensions>
   </trkpt>
   <trkpt lat="38.5743330" lon="-121.4823190">
    <ele>7.6</ele>
    <time>2025-11-21T15:51:07Z</time>
    <extensions>
     <power>175</power>
     <gpxtpx:TrackPointExtension>
      <gpxtpx:atemp>15</gpxtpx:atemp>
      <gpxtpx:hr>116</gpxtpx:hr>
      <gpxtpx:cad>88</gpxtpx:cad>
     </gpxtpx:TrackPointExtension>
    </extensions>
   </trkpt>
   <trkpt lat="38.5743210" lon="-121.4823000">
    <ele>7.6</ele>
    <time>2025-11-21T15:51:08Z</time>
    <extensions>
     <power>175</power>
     <gpxtpx:TrackPointExtension>
      <gpxtpx:atemp>15</gpxtpx:atemp>
      <gpxtpx:hr>116</gpxtpx:hr>
      <gpxtpx:cad>88</gpxtpx:cad>
     </gpxtpx:TrackPointExtension>
    </extensions>
   </trkpt>
   <trkpt lat="38.5743110" lon="-121.4822800">
    <ele>7.6</ele>
    <time>2025-11-21T15:51:09Z</time>
    <extensions>
     <power>168</power>
     <gpxtpx:TrackPointExtension>
      <gpxtpx:atemp>15</gpxtpx:atemp>
      <gpxtpx:hr>116</gpxtpx:hr>
      <gpxtpx:cad>88</gpxtpx:cad>
     </gpxtpx:TrackPointExtension>
    </extensions>
   </trkpt>
   <trkpt lat="38.5742980" lon="-121.4822560">
    <ele>7.4</ele>
    <time>2025-11-21T15:51:10Z</time>
    <extensions>
     <power>167</power>
     <gpxtpx:TrackPointExtension>
      <gpxtpx:atemp>15</gpxtpx:atemp>
      <gpxtpx:hr>116</gpxtpx:hr>
      <gpxtpx:cad>88</gpxtpx:cad>
     </gpxtpx:TrackPointExtension>
    </extensions>
   </trkpt>
   <trkpt lat="38.5742900" lon="-121.4822310">
    <ele>7.4</ele>
    <time>2025-11-21T15:51:11Z</time>
    <extensions>
     <power>166</power>
     <gpxtpx:TrackPointExtension>
      <gpxtpx:atemp>15</gpxtpx:atemp>
      <gpxtpx:hr>116</gpxtpx:hr>
      <gpxtpx:cad>89</gpxtpx:cad>
     </gpxtpx:TrackPointExtension>
    </extensions>
   </trkpt>
   <trkpt lat="38.5742810" lon="-121.4822050">
    <ele>7.4</ele>
    <time>2025-11-21T15:51:12Z</time>
    <extensions>
     <power>167</power>
     <gpxtpx:TrackPointExtension>
      <gpxtpx:atemp>16</gpxtpx:atemp>
      <gpxtpx:hr>116</gpxtpx:hr>
      <gpxtpx:cad>89</gpxtpx:cad>
     </gpxtpx:TrackPointExtension>
    </extensions>
   </trkpt>
   <trkpt lat="38.5742710" lon="-121.4821740">
    <ele>7.4</ele>
    <time>2025-11-21T15:51:13Z</time>
    <extensions>
     <power>172</power>
     <gpxtpx:TrackPointExtension>
      <gpxtpx:atemp>15</gpxtpx:atemp>
      <gpxtpx:hr>117</gpxtpx:hr>
      <gpxtpx:cad>88</gpxtpx:cad>
     </gpxtpx:TrackPointExtension>
    </extensions>
   </trkpt>
   <trkpt lat="38.5742600" lon="-121.4821510">
    <ele>7.2</ele>
    <time>2025-11-21T15:51:14Z</time>
    <extensions>
     <power>176</power>
     <gpxtpx:TrackPointExtension>
      <gpxtpx:atemp>15</gpxtpx:atemp>
      <gpxtpx:hr>118</gpxtpx:hr>
      <gpxtpx:cad>88</gpxtpx:cad>
     </gpxtpx:TrackPointExtension>
    </extensions>
   </trkpt>
   <trkpt lat="38.5742530" lon="-121.4821280">
    <ele>7.2</ele>
    <time>2025-11-21T15:51:15Z</time>
    <extensions>
     <power>183</power>
     <gpxtpx:TrackPointExtension>
      <gpxtpx:atemp>15</gpxtpx:atemp>
      <gpxtpx:hr>118</gpxtpx:hr>
      <gpxtpx:cad>88</gpxtpx:cad>
     </gpxtpx:TrackPointExtension>
    </extensions>
   </trkpt>
   <trkpt lat="38.5742440" lon="-121.4821030">
    <ele>7.2</ele>
    <time>2025-11-21T15:51:16Z</time>
    <extensions>
     <power>185</power>
     <gpxtpx:TrackPointExtension>
      <gpxtpx:atemp>15</gpxtpx:atemp>
      <gpxtpx:hr>118</gpxtpx:hr>
      <gpxtpx:cad>88</gpxtpx:cad>
     </gpxtpx:TrackPointExtension>
    </extensions>
   </trkpt>
   <trkpt lat="38.5742380" lon="-121.4820700">
    <ele>7.2</ele>
    <time>2025-11-21T15:51:17Z</time>
    <extensions>
     <power>185</power>
     <gpxtpx:TrackPointExtension>
      <gpxtpx:atemp>15</gpxtpx:atemp>
      <gpxtpx:hr>119</gpxtpx:hr>
      <gpxtpx:cad>89</gpxtpx:cad>
     </gpxtpx:TrackPointExtension>
    </extensions>
   </trkpt>
   <trkpt lat="38.5742310" lon="-121.4820400">
    <ele>7.4</ele>
    <time>2025-11-21T15:51:18Z</time>
    <extensions>
     <power>186</power>
     <gpxtpx:TrackPointExtension>
      <gpxtpx:atemp>15</gpxtpx:atemp>
      <gpxtpx:hr>119</gpxtpx:hr>
      <gpxtpx:cad>90</gpxtpx:cad>
     </gpxtpx:TrackPointExtension>
    </extensions>
   </trkpt>
   <trkpt lat="38.5742270" lon="-121.4820130">
    <ele>7.4</ele>
    <time>2025-11-21T15:51:19Z</time>
    <extensions>
     <power>188</power>
     <gpxtpx:TrackPointExtension>
      <gpxtpx:atemp>15</gpxtpx:atemp>
      <gpxtpx:hr>119</gpxtpx:hr>
      <gpxtpx:cad>90</gpxtpx:cad>
     </gpxtpx:TrackPointExtension>
    </extensions>
   </trkpt>
   <trkpt lat="38.5742220" lon="-121.4819890">
    <ele>7.6</ele>
    <time>2025-11-21T15:51:20Z</time>
    <extensions>
     <power>188</power>
     <gpxtpx:TrackPointExtension>
      <gpxtpx:atemp>15</gpxtpx:atemp>
      <gpxtpx:hr>119</gpxtpx:hr>
      <gpxtpx:cad>90</gpxtpx:cad>
     </gpxtpx:TrackPointExtension>
    </extensions>
   </trkpt>
   <trkpt lat="38.5742200" lon="-121.4819670">
    <ele>7.6</ele>
    <time>2025-11-21T15:51:21Z</time>
    <extensions>
     <power>189</power>
     <gpxtpx:TrackPointExtension>
      <gpxtpx:atemp>15</gpxtpx:atemp>
      <gpxtpx:hr>119</gpxtpx:hr>
      <gpxtpx:cad>88</gpxtpx:cad>
     </gpxtpx:TrackPointExtension>
    </extensions>
   </trkpt>
   <trkpt lat="38.5742180" lon="-121.4819470">
    <ele>7.6</ele>
    <time>2025-11-21T15:51:22Z</time>
    <extensions>
     <power>192</power>
     <gpxtpx:TrackPointExtension>
      <gpxtpx:atemp>15</gpxtpx:atemp>
      <gpxtpx:hr>119</gpxtpx:hr>
      <gpxtpx:cad>88</gpxtpx:cad>
     </gpxtpx:TrackPointExtension>
    </extensions>
   </trkpt>
  </trkseg>
 </trk>
</gpx>
