<?xml version="1.0" encoding="UTF-8"?>
<gpx creator="StravaGPX" version="1.1" xmlns="http://www.topografix.com/GPX/1/1" xmlns:xsi="http://www.w3.org/2001/XMLSchema-instance" xsi:schemaLocation="http://www.topografix.com/GPX/1/1 http://www.topografix.com/GPX/1/1/gpx.xsd">
 <metadata>
  <name>SF50k 2025 Alt SF ranch draft</name>
  <author>
   <name>Clint Claassen</name>
   <link href="https://www.strava.com/athletes/11331"/>
  </author>
  <copyright author="OpenStreetMap contributors">
   <year>2020</year>
   <license>https://www.openstreetmap.org/copyright</license>
  </copyright>
  <link href="https://www.strava.com/routes/3284591432651848704"/>
 </metadata>
 <trk>
  <name>SF50k 2025 Alt SF ranch draft</name>
  <link href="https://www.strava.com/routes/3284591432651848704"/>
  <type>trail_running</type>
  <trkseg>
   <trkpt lat="38.82536" lon="-120.95618">
    <ele>230.10000000000002</ele>
   </trkpt>
   <trkpt lat="38.82492000372033" lon="-120.95710500556227">
    <ele>230.08</ele>
   </trkpt>
   <trkpt lat="38.82448" lon="-120.95803000000001">
    <ele>227.41000000000003</ele>
   </trkpt>
   <trkpt lat="38.82422000124717" lon="-120.9585600018337">
    <ele>226.73000000000002</ele>
   </trkpt>
   <trkpt lat="38.82396000000001" lon="-120.95909">
    <ele>226.67000000000002</ele>
   </trkpt>
   <trkpt lat="38.823510001767126" lon="-120.95974500422916">
    <ele>226.8</ele>
   </trkpt>
   <trkpt lat="38.823060000000005" lon="-120.9604">
    <ele>227.42000000000002</ele>
   </trkpt>
   <trkpt lat="38.823040000000006" lon="-120.96113000000001">
    <ele>225.57000000000002</ele>
   </trkpt>
   <trkpt lat="38.823040000000006" lon="-120.96114000000001">
    <ele>221.84</ele>
   </trkpt>
   <trkpt lat="38.82303" lon="-120.96129">
    <ele>221.26000000000002</ele>
   </trkpt>
   <trkpt lat="38.823040000000006" lon="-120.96151">
    <ele>220.61</ele>
   </trkpt>
   <trkpt lat="38.82296" lon="-120.96181000000001">
    <ele>218.46</ele>
   </trkpt>
   <trkpt lat="38.82296" lon="-120.96182">
    <ele>218.46</ele>
   </trkpt>
   <trkpt lat="38.82294" lon="-120.96188000000001">
    <ele>218.46</ele>
   </trkpt>
   <trkpt lat="38.82274" lon="-120.96227">
    <ele>215.16000000000003</ele>
   </trkpt>
   <trkpt lat="38.822700000000005" lon="-120.96229000000001">
    <ele>215.16000000000003</ele>
   </trkpt>
   <trkpt lat="38.82245" lon="-120.96232">
    <ele>213.25000000000003</ele>
   </trkpt>
   <trkpt lat="38.82229" lon="-120.96231000000002">
    <ele>211.78000000000003</ele>
   </trkpt>
   <trkpt lat="38.822190000000006" lon="-120.96232">
    <ele>211.17000000000002</ele>
   </trkpt>
   <trkpt lat="38.822190000000006" lon="-120.96245">
    <ele>208.63</ele>
   </trkpt>
   <trkpt lat="38.82242" lon="-120.96277">
    <ele>205.91</ele>
   </trkpt>
   <trkpt lat="38.822570000000006" lon="-120.96294">
    <ele>206.18000000000004</ele>
   </trkpt>
   <trkpt lat="38.82271" lon="-120.96307000000002">
    <ele>207.02</ele>
   </trkpt>
   <trkpt lat="38.82276" lon="-120.96308">
    <ele>207.49</ele>
   </trkpt>
   <trkpt lat="38.82282" lon="-120.96308">
    <ele>207.49</ele>
   </trkpt>
   <trkpt lat="38.822900000000004" lon="-120.96304">
    <ele>207.68</ele>
   </trkpt>
   <trkpt lat="38.823080000000004" lon="-120.96291000000001">
    <ele>207.1</ele>
   </trkpt>
   <trkpt lat="38.8232" lon="-120.96273000000001">
    <ele>205.65000000000003</ele>
   </trkpt>
   <trkpt lat="38.823280000000004" lon="-120.96267">
    <ele>205.65000000000003</ele>
   </trkpt>
   <trkpt lat="38.82341" lon="-120.96269000000001">
    <ele>204.62000000000003</ele>
   </trkpt>
   <trkpt lat="38.823600000000006" lon="-120.96312">
    <ele>203.77</ele>
   </trkpt>
   <trkpt lat="38.82397" lon="-120.96362">
    <ele>204.86</ele>
   </trkpt>
   <trkpt lat="38.82415" lon="-120.96393">
    <ele>205.32000000000002</ele>
   </trkpt>
   <trkpt lat="38.824160000000006" lon="-120.96402">
    <ele>205.61</ele>
   </trkpt>
   <trkpt lat="38.82405" lon="-120.96416">
    <ele>205.93000000000004</ele>
   </trkpt>
   <trkpt lat="38.82396000000001" lon="-120.96419000000002">
    <ele>206.47</ele>
   </trkpt>
   <trkpt lat="38.82383" lon="-120.96415">
    <ele>208.04000000000002</ele>
   </trkpt>
   <trkpt lat="38.82368" lon="-120.96415">
    <ele>209.41</ele>
   </trkpt>
   <trkpt lat="38.82336" lon="-120.96406">
    <ele>214.94000000000003</ele>
   </trkpt>
   <trkpt lat="38.823150000000005" lon="-120.96403000000001">
    <ele>214.94000000000003</ele>
   </trkpt>
   <trkpt lat="38.82307" lon="-120.96406">
    <ele>219.10000000000002</ele>
   </trkpt>
   <trkpt lat="38.82312" lon="-120.96415">
    <ele>219.10000000000002</ele>
   </trkpt>
   <trkpt lat="38.82325" lon="-120.96433">
    <ele>220.61</ele>
   </trkpt>
   <trkpt lat="38.823440000000005" lon="-120.96470000000001">
    <ele>224.93</ele>
   </trkpt>
   <trkpt lat="38.82325" lon="-120.96465">
    <ele>226.85000000000002</ele>
   </trkpt>
   <trkpt lat="38.823040000000006" lon="-120.96465">
    <ele>228.12</ele>
   </trkpt>
   <trkpt lat="38.82267" lon="-120.9646">
    <ele>231.82000000000002</ele>
   </trkpt>
   <trkpt lat="38.822610000000005" lon="-120.96464">
    <ele>232.31</ele>
   </trkpt>
   <trkpt lat="38.82262" lon="-120.96469">
    <ele>233.37</ele>
   </trkpt>
   <trkpt lat="38.8228" lon="-120.96490000000001">
    <ele>235.60000000000002</ele>
   </trkpt>
   <trkpt lat="38.822720000000004" lon="-120.96491">
    <ele>235.60000000000002</ele>
   </trkpt>
   <trkpt lat="38.82251" lon="-120.96486000000002">
    <ele>238.64000000000001</ele>
   </trkpt>
   <trkpt lat="38.82235" lon="-120.96477000000002">
    <ele>240.40000000000003</ele>
   </trkpt>
   <trkpt lat="38.82224" lon="-120.9646">
    <ele>243.55</ele>
   </trkpt>
   <trkpt lat="38.82217" lon="-120.96446000000002">
    <ele>245.1</ele>
   </trkpt>
   <trkpt lat="38.82206" lon="-120.96430000000001">
    <ele>246.32</ele>
   </trkpt>
   <trkpt lat="38.821580000000004" lon="-120.96397">
    <ele>251.52</ele>
   </trkpt>
   <trkpt lat="38.82137" lon="-120.96388">
    <ele>254.48000000000005</ele>
   </trkpt>
   <trkpt lat="38.821200000000005" lon="-120.96385000000001">
    <ele>255.32000000000005</ele>
   </trkpt>
   <trkpt lat="38.82096000000001" lon="-120.96394000000001">
    <ele>258.46000000000004</ele>
   </trkpt>
   <trkpt lat="38.82065" lon="-120.96412000000001">
    <ele>261.48</ele>
   </trkpt>
   <trkpt lat="38.8205" lon="-120.96430000000001">
    <ele>265.64000000000004</ele>
   </trkpt>
   <trkpt lat="38.82034" lon="-120.96437000000002">
    <ele>266.21</ele>
   </trkpt>
   <trkpt lat="38.820150000000005" lon="-120.96437000000002">
    <ele>268.6</ele>
   </trkpt>
   <trkpt lat="38.82" lon="-120.96433">
    <ele>270.17</ele>
   </trkpt>
   <trkpt lat="38.819860000000006" lon="-120.96424">
    <ele>271.65</ele>
   </trkpt>
   <trkpt lat="38.8198" lon="-120.96424">
    <ele>271.65</ele>
   </trkpt>
   <trkpt lat="38.8198" lon="-120.96433">
    <ele>273.74</ele>
   </trkpt>
   <trkpt lat="38.81998" lon="-120.96465">
    <ele>275.68</ele>
   </trkpt>
   <trkpt lat="38.81998" lon="-120.96473">
    <ele>277.49</ele>
   </trkpt>
   <trkpt lat="38.81993000000001" lon="-120.96487">
    <ele>278.36</ele>
   </trkpt>
   <trkpt lat="38.81993000000001" lon="-120.96491">
    <ele>278.75</ele>
   </trkpt>
   <trkpt lat="38.82002000000001" lon="-120.96537000000001">
    <ele>281.35</ele>
   </trkpt>
   <trkpt lat="38.82009" lon="-120.96564000000001">
    <ele>283.56</ele>
   </trkpt>
   <trkpt lat="38.82007" lon="-120.96585">
    <ele>284.29</ele>
   </trkpt>
   <trkpt lat="38.82001" lon="-120.96594">
    <ele>284.31</ele>
   </trkpt>
   <trkpt lat="38.81973" lon="-120.96603">
    <ele>283.76</ele>
   </trkpt>
   <trkpt lat="38.81964" lon="-120.96608">
    <ele>283.25</ele>
   </trkpt>
   <trkpt lat="38.81958" lon="-120.96621">
    <ele>283.1</ele>
   </trkpt>
   <trkpt lat="38.8196" lon="-120.96653">
    <ele>284.92</ele>
   </trkpt>
   <trkpt lat="38.81969" lon="-120.96676000000001">
    <ele>288.23</ele>
   </trkpt>
   <trkpt lat="38.81965" lon="-120.96684">
    <ele>288.75</ele>
   </trkpt>
   <trkpt lat="38.81958" lon="-120.96688">
    <ele>289.33000000000004</ele>
   </trkpt>
   <trkpt lat="38.81913" lon="-120.96702">
    <ele>287.13</ele>
   </trkpt>
   <trkpt lat="38.818430000000006" lon="-120.96764">
    <ele>277.85</ele>
   </trkpt>
   <trkpt lat="38.818200000000004" lon="-120.96806000000001">
    <ele>273.77</ele>
   </trkpt>
   <trkpt lat="38.81814" lon="-120.96831000000002">
    <ele>272.17</ele>
   </trkpt>
   <trkpt lat="38.81814" lon="-120.9685">
    <ele>271.06</ele>
   </trkpt>
   <trkpt lat="38.81824" lon="-120.96872">
    <ele>269.25000000000006</ele>
   </trkpt>
   <trkpt lat="38.81823" lon="-120.96885">
    <ele>267.64000000000004</ele>
   </trkpt>
   <trkpt lat="38.81819" lon="-120.96894">
    <ele>266.66</ele>
   </trkpt>
   <trkpt lat="38.818180000000005" lon="-120.96908">
    <ele>265.87</ele>
   </trkpt>
   <trkpt lat="38.818220000000004" lon="-120.9693">
    <ele>264.75000000000006</ele>
   </trkpt>
   <trkpt lat="38.81815" lon="-120.96944">
    <ele>264.06</ele>
   </trkpt>
   <trkpt lat="38.81808" lon="-120.96950000000001">
    <ele>263.74</ele>
   </trkpt>
   <trkpt lat="38.817710000000005" lon="-120.96952">
    <ele>260.8</ele>
   </trkpt>
   <trkpt lat="38.817280000000004" lon="-120.96944">
    <ele>256.63</ele>
   </trkpt>
   <trkpt lat="38.81701" lon="-120.96944">
    <ele>256.15999999999997</ele>
   </trkpt>
   <trkpt lat="38.81667" lon="-120.96966">
    <ele>253.0</ele>
   </trkpt>
   <trkpt lat="38.816570000000006" lon="-120.96979">
    <ele>252.09000000000003</ele>
   </trkpt>
   <trkpt lat="38.81653" lon="-120.96992000000002">
    <ele>249.63000000000002</ele>
   </trkpt>
   <trkpt lat="38.816700000000004" lon="-120.97057000000001">
    <ele>246.57</ele>
   </trkpt>
   <trkpt lat="38.81669" lon="-120.97070000000001">
    <ele>246.1</ele>
   </trkpt>
   <trkpt lat="38.81658" lon="-120.97076000000001">
    <ele>245.56000000000003</ele>
   </trkpt>
   <trkpt lat="38.816410000000005" lon="-120.9706">
    <ele>243.22000000000003</ele>
   </trkpt>
   <trkpt lat="38.81624" lon="-120.97037000000002">
    <ele>236.60000000000002</ele>
   </trkpt>
   <trkpt lat="38.816140000000004" lon="-120.9702">
    <ele>236.60000000000002</ele>
   </trkpt>
   <trkpt lat="38.81593" lon="-120.97006">
    <ele>231.52000000000004</ele>
   </trkpt>
   <trkpt lat="38.81557" lon="-120.97001000000002">
    <ele>225.28</ele>
   </trkpt>
   <trkpt lat="38.81542" lon="-120.96994000000001">
    <ele>222.78</ele>
   </trkpt>
   <trkpt lat="38.815020000000004" lon="-120.97007">
    <ele>213.68</ele>
   </trkpt>
   <trkpt lat="38.814930000000004" lon="-120.97015">
    <ele>211.55</ele>
   </trkpt>
   <trkpt lat="38.81488" lon="-120.97015">
    <ele>211.08</ele>
   </trkpt>
   <trkpt lat="38.814710000000005" lon="-120.96989">
    <ele>210.51000000000002</ele>
   </trkpt>
   <trkpt lat="38.81454" lon="-120.96975">
    <ele>211.39000000000001</ele>
   </trkpt>
   <trkpt lat="38.814150000000005" lon="-120.96953">
    <ele>217.3</ele>
   </trkpt>
   <trkpt lat="38.813880000000005" lon="-120.96957">
    <ele>218.42000000000002</ele>
   </trkpt>
   <trkpt lat="38.813120000000005" lon="-120.96998">
    <ele>229.91000000000003</ele>
   </trkpt>
   <trkpt lat="38.813010000000006" lon="-120.97011">
    <ele>231.83</ele>
   </trkpt>
   <trkpt lat="38.81269" lon="-120.97003000000001">
    <ele>238.67000000000002</ele>
   </trkpt>
   <trkpt lat="38.812540000000006" lon="-120.97002">
    <ele>240.45000000000002</ele>
   </trkpt>
   <trkpt lat="38.812380000000005" lon="-120.96985000000001">
    <ele>244.61</ele>
   </trkpt>
   <trkpt lat="38.81223000000001" lon="-120.96958000000001">
    <ele>249.58</ele>
   </trkpt>
   <trkpt lat="38.8121" lon="-120.96945000000001">
    <ele>251.45</ele>
   </trkpt>
   <trkpt lat="38.8119" lon="-120.96949000000001">
    <ele>252.79000000000002</ele>
   </trkpt>
   <trkpt lat="38.81179" lon="-120.96961">
    <ele>253.38</ele>
   </trkpt>
   <trkpt lat="38.811690000000006" lon="-120.96988">
    <ele>252.76999999999998</ele>
   </trkpt>
   <trkpt lat="38.811490000000006" lon="-120.97029">
    <ele>248.35000000000002</ele>
   </trkpt>
   <trkpt lat="38.81132" lon="-120.97051">
    <ele>246.32</ele>
   </trkpt>
   <trkpt lat="38.81109" lon="-120.9706">
    <ele>245.53000000000003</ele>
   </trkpt>
   <trkpt lat="38.81092" lon="-120.97056">
    <ele>245.56000000000003</ele>
   </trkpt>
   <trkpt lat="38.81064000000001" lon="-120.97047">
    <ele>246.62000000000003</ele>
   </trkpt>
   <trkpt lat="38.81053" lon="-120.97034000000001">
    <ele>246.71</ele>
   </trkpt>
   <trkpt lat="38.810460000000006" lon="-120.97015">
    <ele>246.08</ele>
   </trkpt>
   <trkpt lat="38.810390000000005" lon="-120.97002">
    <ele>245.59000000000003</ele>
   </trkpt>
   <trkpt lat="38.81029" lon="-120.97003000000001">
    <ele>245.01000000000002</ele>
   </trkpt>
   <trkpt lat="38.81013" lon="-120.97011">
    <ele>244.6</ele>
   </trkpt>
   <trkpt lat="38.810030000000005" lon="-120.97011">
    <ele>244.16000000000003</ele>
   </trkpt>
   <trkpt lat="38.80970000000001" lon="-120.96992000000002">
    <ele>239.72</ele>
   </trkpt>
   <trkpt lat="38.80948" lon="-120.96988">
    <ele>237.76000000000002</ele>
   </trkpt>
   <trkpt lat="38.80935" lon="-120.96988">
    <ele>235.92000000000002</ele>
   </trkpt>
   <trkpt lat="38.80926" lon="-120.96994000000001">
    <ele>235.92000000000002</ele>
   </trkpt>
   <trkpt lat="38.809050000000006" lon="-120.97034000000001">
    <ele>231.78</ele>
   </trkpt>
   <trkpt lat="38.80894" lon="-120.97047">
    <ele>230.52000000000004</ele>
   </trkpt>
   <trkpt lat="38.808780000000006" lon="-120.97073">
    <ele>228.20000000000002</ele>
   </trkpt>
   <trkpt lat="38.80847" lon="-120.97116000000001">
    <ele>223.69000000000003</ele>
   </trkpt>
   <trkpt lat="38.80843" lon="-120.97133000000001">
    <ele>220.43</ele>
   </trkpt>
   <trkpt lat="38.808420000000005" lon="-120.97158">
    <ele>219.39000000000001</ele>
   </trkpt>
   <trkpt lat="38.808460000000004" lon="-120.97194">
    <ele>216.79</ele>
   </trkpt>
   <trkpt lat="38.80841" lon="-120.97216000000002">
    <ele>215.97000000000003</ele>
   </trkpt>
   <trkpt lat="38.80827" lon="-120.97254000000001">
    <ele>214.07</ele>
   </trkpt>
   <trkpt lat="38.80818" lon="-120.97297">
    <ele>212.66000000000003</ele>
   </trkpt>
   <trkpt lat="38.8083" lon="-120.97333">
    <ele>211.27</ele>
   </trkpt>
   <trkpt lat="38.80829000000001" lon="-120.97333">
    <ele>211.27</ele>
   </trkpt>
   <trkpt lat="38.80838" lon="-120.97346">
    <ele>210.68</ele>
   </trkpt>
   <trkpt lat="38.8083" lon="-120.974">
    <ele>210.42000000000002</ele>
   </trkpt>
   <trkpt lat="38.8083" lon="-120.97432">
    <ele>210.59000000000003</ele>
   </trkpt>
   <trkpt lat="38.808440000000004" lon="-120.97458">
    <ele>210.20000000000002</ele>
   </trkpt>
   <trkpt lat="38.808640000000004" lon="-120.97482000000001">
    <ele>209.11</ele>
   </trkpt>
   <trkpt lat="38.808910000000004" lon="-120.97508">
    <ele>207.33</ele>
   </trkpt>
   <trkpt lat="38.809000000000005" lon="-120.97527000000001">
    <ele>207.27</ele>
   </trkpt>
   <trkpt lat="38.80903" lon="-120.97549000000001">
    <ele>206.97</ele>
   </trkpt>
   <trkpt lat="38.809000000000005" lon="-120.9757">
    <ele>206.44</ele>
   </trkpt>
   <trkpt lat="38.80888" lon="-120.97598">
    <ele>205.8</ele>
   </trkpt>
   <trkpt lat="38.80858500085022" lon="-120.97642500183326">
    <ele>205.46</ele>
   </trkpt>
   <trkpt lat="38.80829000000001" lon="-120.97687">
    <ele>206.41</ele>
   </trkpt>
   <trkpt lat="38.80827" lon="-120.97705">
    <ele>206.47</ele>
   </trkpt>
   <trkpt lat="38.8083" lon="-120.97723">
    <ele>206.22</ele>
   </trkpt>
   <trkpt lat="38.80852" lon="-120.97763">
    <ele>205.17000000000002</ele>
   </trkpt>
   <trkpt lat="38.80856" lon="-120.97785">
    <ele>204.94</ele>
   </trkpt>
   <trkpt lat="38.808800000000005" lon="-120.97818000000001">
    <ele>204.69</ele>
   </trkpt>
   <trkpt lat="38.808820000000004" lon="-120.97807000000002">
    <ele>205.94</ele>
   </trkpt>
   <trkpt lat="38.808870000000006" lon="-120.97799">
    <ele>208.07</ele>
   </trkpt>
   <trkpt lat="38.808980000000005" lon="-120.97803">
    <ele>209.34000000000003</ele>
   </trkpt>
   <trkpt lat="38.80906" lon="-120.97812">
    <ele>209.86</ele>
   </trkpt>
   <trkpt lat="38.809200000000004" lon="-120.97818000000001">
    <ele>211.20000000000002</ele>
   </trkpt>
   <trkpt lat="38.809360000000005" lon="-120.97836000000001">
    <ele>213.92000000000002</ele>
   </trkpt>
   <trkpt lat="38.809560000000005" lon="-120.97848">
    <ele>216.01</ele>
   </trkpt>
   <trkpt lat="38.80969" lon="-120.97849000000001">
    <ele>216.84</ele>
   </trkpt>
   <trkpt lat="38.80975" lon="-120.97857">
    <ele>217.95</ele>
   </trkpt>
   <trkpt lat="38.80979000000001" lon="-120.97871">
    <ele>219.73000000000002</ele>
   </trkpt>
   <trkpt lat="38.80988" lon="-120.97888">
    <ele>220.74</ele>
   </trkpt>
   <trkpt lat="38.8102" lon="-120.97911">
    <ele>222.00000000000003</ele>
   </trkpt>
   <trkpt lat="38.81027" lon="-120.9792">
    <ele>224.27</ele>
   </trkpt>
   <trkpt lat="38.81035" lon="-120.97942">
    <ele>224.97000000000003</ele>
   </trkpt>
   <trkpt lat="38.810480000000005" lon="-120.97951">
    <ele>226.17000000000002</ele>
   </trkpt>
   <trkpt lat="38.810660000000006" lon="-120.9796">
    <ele>229.68</ele>
   </trkpt>
   <trkpt lat="38.810840000000006" lon="-120.97961000000001">
    <ele>229.68</ele>
   </trkpt>
   <trkpt lat="38.811040000000006" lon="-120.9796">
    <ele>233.12</ele>
   </trkpt>
   <trkpt lat="38.811400000000006" lon="-120.97937">
    <ele>236.61</ele>
   </trkpt>
   <trkpt lat="38.81163" lon="-120.97924">
    <ele>239.81000000000003</ele>
   </trkpt>
   <trkpt lat="38.811890000000005" lon="-120.9792">
    <ele>241.61</ele>
   </trkpt>
   <trkpt lat="38.81195" lon="-120.97912000000001">
    <ele>242.44</ele>
   </trkpt>
   <trkpt lat="38.812050000000006" lon="-120.97893">
    <ele>242.88</ele>
   </trkpt>
   <trkpt lat="38.81208" lon="-120.9788">
    <ele>243.63</ele>
   </trkpt>
   <trkpt lat="38.812090000000005" lon="-120.97878000000001">
    <ele>243.63</ele>
   </trkpt>
   <trkpt lat="38.81212" lon="-120.97866">
    <ele>244.14000000000001</ele>
   </trkpt>
   <trkpt lat="38.8123" lon="-120.97821">
    <ele>246.9</ele>
   </trkpt>
   <trkpt lat="38.81235" lon="-120.97812">
    <ele>247.4</ele>
   </trkpt>
   <trkpt lat="38.812560000000005" lon="-120.97803">
    <ele>248.47000000000003</ele>
   </trkpt>
   <trkpt lat="38.81271" lon="-120.97785">
    <ele>249.63000000000002</ele>
   </trkpt>
   <trkpt lat="38.812850000000005" lon="-120.97754">
    <ele>252.70000000000002</ele>
   </trkpt>
   <trkpt lat="38.81302" lon="-120.97691">
    <ele>255.63000000000002</ele>
   </trkpt>
   <trkpt lat="38.813100000000006" lon="-120.97686000000002">
    <ele>257.28000000000003</ele>
   </trkpt>
   <trkpt lat="38.81326" lon="-120.97688000000001">
    <ele>258.05</ele>
   </trkpt>
   <trkpt lat="38.813660000000006" lon="-120.97704000000002">
    <ele>261.93</ele>
   </trkpt>
   <trkpt lat="38.81369" lon="-120.97709">
    <ele>261.93</ele>
   </trkpt>
   <trkpt lat="38.81378" lon="-120.97736">
    <ele>263.83</ele>
   </trkpt>
   <trkpt lat="38.81394" lon="-120.97763">
    <ele>266.35</ele>
   </trkpt>
   <trkpt lat="38.81409" lon="-120.97776">
    <ele>267.62</ele>
   </trkpt>
   <trkpt lat="38.81466" lon="-120.97803">
    <ele>270.53000000000003</ele>
   </trkpt>
   <trkpt lat="38.815020000000004" lon="-120.97817">
    <ele>272.56</ele>
   </trkpt>
   <trkpt lat="38.815160000000006" lon="-120.97826">
    <ele>274.89000000000004</ele>
   </trkpt>
   <trkpt lat="38.81532" lon="-120.97839">
    <ele>275.48</ele>
   </trkpt>
   <trkpt lat="38.815830000000005" lon="-120.97903000000001">
    <ele>278.78000000000003</ele>
   </trkpt>
   <trkpt lat="38.81626" lon="-120.97937">
    <ele>282.0</ele>
   </trkpt>
   <trkpt lat="38.816480000000006" lon="-120.97934000000001">
    <ele>283.89000000000004</ele>
   </trkpt>
   <trkpt lat="38.816680000000005" lon="-120.97956">
    <ele>286.96000000000004</ele>
   </trkpt>
   <trkpt lat="38.81676" lon="-120.9796">
    <ele>286.96000000000004</ele>
   </trkpt>
   <trkpt lat="38.81730000001026" lon="-120.97956000030304">
    <ele>290.72</ele>
   </trkpt>
   <trkpt lat="38.817840000000004" lon="-120.97952000000001">
    <ele>291.6</ele>
   </trkpt>
   <trkpt lat="38.81812" lon="-120.9796">
    <ele>292.81</ele>
   </trkpt>
   <trkpt lat="38.81835" lon="-120.97973">
    <ele>294.63</ele>
   </trkpt>
   <trkpt lat="38.81871" lon="-120.98004000000002">
    <ele>298.81</ele>
   </trkpt>
   <trkpt lat="38.818920000000006" lon="-120.98006000000001">
    <ele>300.25</ele>
   </trkpt>
   <trkpt lat="38.819590000000005" lon="-120.98009">
    <ele>305.05</ele>
   </trkpt>
   <trkpt lat="38.819750000000006" lon="-120.98005">
    <ele>305.97</ele>
   </trkpt>
   <trkpt lat="38.820220000000006" lon="-120.97988000000001">
    <ele>308.14000000000004</ele>
   </trkpt>
   <trkpt lat="38.82048" lon="-120.97973">
    <ele>310.64000000000004</ele>
   </trkpt>
   <trkpt lat="38.82076" lon="-120.97947">
    <ele>313.49000000000007</ele>
   </trkpt>
   <trkpt lat="38.82099" lon="-120.97906">
    <ele>314.3</ele>
   </trkpt>
   <trkpt lat="38.821110000000004" lon="-120.97900000000001">
    <ele>314.20000000000005</ele>
   </trkpt>
   <trkpt lat="38.82121" lon="-120.9792">
    <ele>313.89</ele>
   </trkpt>
   <trkpt lat="38.821340000000006" lon="-120.97959000000002">
    <ele>312.42</ele>
   </trkpt>
   <trkpt lat="38.821470000000005" lon="-120.98019000000001">
    <ele>310.19</ele>
   </trkpt>
   <trkpt lat="38.82153" lon="-120.98070000000001">
    <ele>308.97</ele>
   </trkpt>
   <trkpt lat="38.82153" lon="-120.98069000000001">
    <ele>308.97</ele>
   </trkpt>
   <trkpt lat="38.82159" lon="-120.98099">
    <ele>308.04</ele>
   </trkpt>
   <trkpt lat="38.821760000000005" lon="-120.98138000000002">
    <ele>306.74</ele>
   </trkpt>
   <trkpt lat="38.821830000000006" lon="-120.9817">
    <ele>306.20000000000005</ele>
   </trkpt>
   <trkpt lat="38.822120000000005" lon="-120.98202">
    <ele>305.04</ele>
   </trkpt>
   <trkpt lat="38.822860000000006" lon="-120.98261000000001">
    <ele>303.47</ele>
   </trkpt>
   <trkpt lat="38.82291" lon="-120.98270000000001">
    <ele>303.47</ele>
   </trkpt>
   <trkpt lat="38.82354" lon="-120.98349">
    <ele>302.02</ele>
   </trkpt>
   <trkpt lat="38.82356" lon="-120.98363">
    <ele>301.66</ele>
   </trkpt>
   <trkpt lat="38.82352" lon="-120.98371000000002">
    <ele>301.24</ele>
   </trkpt>
   <trkpt lat="38.82309" lon="-120.98376">
    <ele>299.00000000000006</ele>
   </trkpt>
   <trkpt lat="38.82291" lon="-120.98385">
    <ele>297.00000000000006</ele>
   </trkpt>
   <trkpt lat="38.822750000000006" lon="-120.98403">
    <ele>296.00000000000006</ele>
   </trkpt>
   <trkpt lat="38.822590000000005" lon="-120.98434">
    <ele>294.44000000000005</ele>
   </trkpt>
   <trkpt lat="38.822540000000004" lon="-120.98457">
    <ele>294.44000000000005</ele>
   </trkpt>
   <trkpt lat="38.822520000000004" lon="-120.98479">
    <ele>293.28000000000003</ele>
   </trkpt>
   <trkpt lat="38.82255" lon="-120.98512000000001">
    <ele>291.53000000000003</ele>
   </trkpt>
   <trkpt lat="38.82264" lon="-120.98551">
    <ele>290.72</ele>
   </trkpt>
   <trkpt lat="38.822630000000004" lon="-120.98601000000001">
    <ele>289.47</ele>
   </trkpt>
   <trkpt lat="38.82273" lon="-120.98636">
    <ele>288.6</ele>
   </trkpt>
   <trkpt lat="38.82303" lon="-120.98705000000001">
    <ele>288.6</ele>
   </trkpt>
   <trkpt lat="38.82348" lon="-120.98749000000001">
    <ele>286.31</ele>
   </trkpt>
   <trkpt lat="38.82405" lon="-120.98784">
    <ele>284.32</ele>
   </trkpt>
   <trkpt lat="38.82435" lon="-120.98818000000001">
    <ele>282.63000000000005</ele>
   </trkpt>
   <trkpt lat="38.82434000000001" lon="-120.98828">
    <ele>283.31</ele>
   </trkpt>
   <trkpt lat="38.824360000000006" lon="-120.98843000000001">
    <ele>283.31</ele>
   </trkpt>
   <trkpt lat="38.824490000000004" lon="-120.98873">
    <ele>284.83000000000004</ele>
   </trkpt>
   <trkpt lat="38.82482500119305" lon="-120.98922499789062">
    <ele>288.96000000000004</ele>
   </trkpt>
   <trkpt lat="38.825160000000004" lon="-120.98972">
    <ele>293.48</ele>
   </trkpt>
   <trkpt lat="38.825300000000006" lon="-120.99008">
    <ele>296.6</ele>
   </trkpt>
   <trkpt lat="38.825340000000004" lon="-120.99017">
    <ele>297.50000000000006</ele>
   </trkpt>
   <trkpt lat="38.825540000000004" lon="-120.99098000000001">
    <ele>306.22</ele>
   </trkpt>
   <trkpt lat="38.82565" lon="-120.99119">
    <ele>307.72</ele>
   </trkpt>
   <trkpt lat="38.825900000000004" lon="-120.99143000000001">
    <ele>310.70000000000005</ele>
   </trkpt>
   <trkpt lat="38.82602" lon="-120.99164">
    <ele>312.74</ele>
   </trkpt>
   <trkpt lat="38.826060000000005" lon="-120.99201000000001">
    <ele>317.94</ele>
   </trkpt>
   <trkpt lat="38.82591" lon="-120.99214">
    <ele>320.13</ele>
   </trkpt>
   <trkpt lat="38.82573" lon="-120.99213">
    <ele>322.72</ele>
   </trkpt>
   <trkpt lat="38.825590000000005" lon="-120.99205">
    <ele>324.96000000000004</ele>
   </trkpt>
   <trkpt lat="38.82533" lon="-120.99173">
    <ele>328.26000000000005</ele>
   </trkpt>
   <trkpt lat="38.82474000067481" lon="-120.9913249966272">
    <ele>334.22</ele>
   </trkpt>
   <trkpt lat="38.82415" lon="-120.99092000000002">
    <ele>340.42</ele>
   </trkpt>
   <trkpt lat="38.823930000000004" lon="-120.99079">
    <ele>347.04</ele>
   </trkpt>
   <trkpt lat="38.82358" lon="-120.99057">
    <ele>350.83000000000004</ele>
   </trkpt>
   <trkpt lat="38.823350000000005" lon="-120.99031000000001">
    <ele>353.84000000000003</ele>
   </trkpt>
   <trkpt lat="38.82316" lon="-120.99029000000002">
    <ele>356.96000000000004</ele>
   </trkpt>
   <trkpt lat="38.82274" lon="-120.99057">
    <ele>362.88000000000005</ele>
   </trkpt>
   <trkpt lat="38.822230000000005" lon="-120.99056000000002">
    <ele>368.21000000000004</ele>
   </trkpt>
   <trkpt lat="38.82184" lon="-120.99062">
    <ele>372.54</ele>
   </trkpt>
   <trkpt lat="38.82161" lon="-120.9907">
    <ele>374.64000000000004</ele>
   </trkpt>
   <trkpt lat="38.82141" lon="-120.99084">
    <ele>376.11000000000007</ele>
   </trkpt>
   <trkpt lat="38.82126" lon="-120.99107000000001">
    <ele>377.15000000000003</ele>
   </trkpt>
   <trkpt lat="38.821160000000006" lon="-120.99137">
    <ele>376.53000000000003</ele>
   </trkpt>
   <trkpt lat="38.821020000000004" lon="-120.99151">
    <ele>375.44000000000005</ele>
   </trkpt>
   <trkpt lat="38.820800000000006" lon="-120.99146">
    <ele>373.84</ele>
   </trkpt>
   <trkpt lat="38.82024500059801" lon="-120.99108499707637">
    <ele>366.68</ele>
   </trkpt>
   <trkpt lat="38.81969" lon="-120.99071">
    <ele>364.02</ele>
   </trkpt>
   <trkpt lat="38.819430000000004" lon="-120.99052">
    <ele>365.14</ele>
   </trkpt>
   <trkpt lat="38.81915" lon="-120.99039">
    <ele>367.69</ele>
   </trkpt>
   <trkpt lat="38.818870000000004" lon="-120.99040000000001">
    <ele>368.91</ele>
   </trkpt>
   <trkpt lat="38.81864" lon="-120.99048">
    <ele>367.37</ele>
   </trkpt>
   <trkpt lat="38.81832" lon="-120.99043">
    <ele>364.54</ele>
   </trkpt>
   <trkpt lat="38.818070000000006" lon="-120.9903">
    <ele>365.38000000000005</ele>
   </trkpt>
   <trkpt lat="38.8179" lon="-120.99020000000002">
    <ele>365.70000000000005</ele>
   </trkpt>
   <trkpt lat="38.81767" lon="-120.99021">
    <ele>366.72</ele>
   </trkpt>
   <trkpt lat="38.8173" lon="-120.99025">
    <ele>367.13</ele>
   </trkpt>
   <trkpt lat="38.816950000000006" lon="-120.99025">
    <ele>370.33000000000004</ele>
   </trkpt>
   <trkpt lat="38.81649" lon="-120.99016">
    <ele>372.44000000000005</ele>
   </trkpt>
   <trkpt lat="38.815990000000006" lon="-120.99004000000001">
    <ele>372.09000000000003</ele>
   </trkpt>
   <trkpt lat="38.815310000000004" lon="-120.99008">
    <ele>369.61</ele>
   </trkpt>
   <trkpt lat="38.814800000000005" lon="-120.99007">
    <ele>364.2</ele>
   </trkpt>
   <trkpt lat="38.81423" lon="-120.98995000000001">
    <ele>364.82000000000005</ele>
   </trkpt>
   <trkpt lat="38.813700000000004" lon="-120.98994">
    <ele>365.16</ele>
   </trkpt>
   <trkpt lat="38.813230000000004" lon="-120.99007">
    <ele>366.32000000000005</ele>
   </trkpt>
   <trkpt lat="38.81288" lon="-120.99003">
    <ele>369.1</ele>
   </trkpt>
   <trkpt lat="38.81246" lon="-120.98994">
    <ele>370.13</ele>
   </trkpt>
   <trkpt lat="38.811890000000005" lon="-120.98976">
    <ele>367.28000000000003</ele>
   </trkpt>
   <trkpt lat="38.811490000000006" lon="-120.98939000000001">
    <ele>367.00000000000006</ele>
   </trkpt>
   <trkpt lat="38.81118" lon="-120.98913">
    <ele>363.63</ele>
   </trkpt>
   <trkpt lat="38.81091" lon="-120.98901000000001">
    <ele>361.36</ele>
   </trkpt>
   <trkpt lat="38.81053" lon="-120.98891">
    <ele>360.15000000000003</ele>
   </trkpt>
   <trkpt lat="38.810230000000004" lon="-120.98873">
    <ele>357.77000000000004</ele>
   </trkpt>
   <trkpt lat="38.80993" lon="-120.98861000000001">
    <ele>355.91</ele>
   </trkpt>
   <trkpt lat="38.80964" lon="-120.98856">
    <ele>352.96000000000004</ele>
   </trkpt>
   <trkpt lat="38.809400000000004" lon="-120.98842">
    <ele>349.17</ele>
   </trkpt>
   <trkpt lat="38.80892" lon="-120.98842">
    <ele>346.35</ele>
   </trkpt>
   <trkpt lat="38.80863" lon="-120.98841000000002">
    <ele>346.78000000000003</ele>
   </trkpt>
   <trkpt lat="38.80841" lon="-120.98824">
    <ele>344.41</ele>
   </trkpt>
   <trkpt lat="38.80825" lon="-120.98832000000002">
    <ele>342.17</ele>
   </trkpt>
   <trkpt lat="38.808" lon="-120.98819">
    <ele>336.71</ele>
   </trkpt>
   <trkpt lat="38.80756" lon="-120.9881">
    <ele>330.61</ele>
   </trkpt>
   <trkpt lat="38.807140000000004" lon="-120.98788">
    <ele>326.78000000000003</ele>
   </trkpt>
   <trkpt lat="38.806630000000006" lon="-120.98757">
    <ele>326.22</ele>
   </trkpt>
   <trkpt lat="38.80621500057636" lon="-120.9871899977508">
    <ele>328.12</ele>
   </trkpt>
   <trkpt lat="38.805800000000005" lon="-120.98681">
    <ele>323.56</ele>
   </trkpt>
   <trkpt lat="38.80538000000001" lon="-120.98654">
    <ele>318.74</ele>
   </trkpt>
   <trkpt lat="38.80505" lon="-120.9864">
    <ele>315.05000000000007</ele>
   </trkpt>
   <trkpt lat="38.80442" lon="-120.98632">
    <ele>308.99</ele>
   </trkpt>
   <trkpt lat="38.80418" lon="-120.98624000000001">
    <ele>304.83000000000004</ele>
   </trkpt>
   <trkpt lat="38.803700000000006" lon="-120.98631">
    <ele>293.15000000000003</ele>
   </trkpt>
   <trkpt lat="38.80288" lon="-120.98623">
    <ele>289.90000000000003</ele>
   </trkpt>
   <trkpt lat="38.802440000000004" lon="-120.98605">
    <ele>289.92</ele>
   </trkpt>
   <trkpt lat="38.80216" lon="-120.98587">
    <ele>284.24000000000007</ele>
   </trkpt>
   <trkpt lat="38.801640000000006" lon="-120.98573">
    <ele>276.32</ele>
   </trkpt>
   <trkpt lat="38.801170000000006" lon="-120.98543000000001">
    <ele>270.98</ele>
   </trkpt>
   <trkpt lat="38.800830000000005" lon="-120.98502">
    <ele>264.87</ele>
   </trkpt>
   <trkpt lat="38.800700000000006" lon="-120.98458000000001">
    <ele>260.18</ele>
   </trkpt>
   <trkpt lat="38.80039" lon="-120.9843">
    <ele>255.04999999999998</ele>
   </trkpt>
   <trkpt lat="38.799580000000006" lon="-120.9843">
    <ele>243.03000000000003</ele>
   </trkpt>
   <trkpt lat="38.79937" lon="-120.98413000000001">
    <ele>238.95000000000002</ele>
   </trkpt>
   <trkpt lat="38.79912" lon="-120.98399">
    <ele>235.51000000000002</ele>
   </trkpt>
   <trkpt lat="38.79843" lon="-120.98381">
    <ele>233.10000000000002</ele>
   </trkpt>
   <trkpt lat="38.798280000000005" lon="-120.98376">
    <ele>233.60000000000002</ele>
   </trkpt>
   <trkpt lat="38.797880000000006" lon="-120.98349">
    <ele>234.65000000000003</ele>
   </trkpt>
   <trkpt lat="38.797470000000004" lon="-120.98314">
    <ele>231.78</ele>
   </trkpt>
   <trkpt lat="38.797360000000005" lon="-120.98309">
    <ele>231.14000000000001</ele>
   </trkpt>
   <trkpt lat="38.797070000000005" lon="-120.98305">
    <ele>229.79000000000002</ele>
   </trkpt>
   <trkpt lat="38.796800000000005" lon="-120.98282">
    <ele>227.25</ele>
   </trkpt>
   <trkpt lat="38.796640000000004" lon="-120.98273">
    <ele>226.27</ele>
   </trkpt>
   <trkpt lat="38.79636" lon="-120.98278">
    <ele>224.68</ele>
   </trkpt>
   <trkpt lat="38.796200000000006" lon="-120.98273">
    <ele>224.68</ele>
   </trkpt>
   <trkpt lat="38.795950000000005" lon="-120.98273">
    <ele>222.56</ele>
   </trkpt>
   <trkpt lat="38.79562000000001" lon="-120.98264">
    <ele>221.33</ele>
   </trkpt>
   <trkpt lat="38.794990000000006" lon="-120.98264">
    <ele>217.94000000000003</ele>
   </trkpt>
   <trkpt lat="38.79487" lon="-120.98269">
    <ele>217.28000000000003</ele>
   </trkpt>
   <trkpt lat="38.79477" lon="-120.98278">
    <ele>216.84</ele>
   </trkpt>
   <trkpt lat="38.79469" lon="-120.98288000000001">
    <ele>216.84</ele>
   </trkpt>
   <trkpt lat="38.794610000000006" lon="-120.98314">
    <ele>215.86</ele>
   </trkpt>
   <trkpt lat="38.79458" lon="-120.98318">
    <ele>215.39000000000001</ele>
   </trkpt>
   <trkpt lat="38.79451" lon="-120.98322">
    <ele>214.84000000000003</ele>
   </trkpt>
   <trkpt lat="38.794290000000004" lon="-120.98322">
    <ele>214.25000000000003</ele>
   </trkpt>
   <trkpt lat="38.794200000000004" lon="-120.98331">
    <ele>212.64000000000001</ele>
   </trkpt>
   <trkpt lat="38.793940000000006" lon="-120.98359">
    <ele>210.54</ele>
   </trkpt>
   <trkpt lat="38.793670000000006" lon="-120.98385">
    <ele>209.70000000000002</ele>
   </trkpt>
   <trkpt lat="38.793620000000004" lon="-120.98394">
    <ele>207.39000000000001</ele>
   </trkpt>
   <trkpt lat="38.793600000000005" lon="-120.98400000000001">
    <ele>207.39000000000001</ele>
   </trkpt>
   <trkpt lat="38.793620000000004" lon="-120.98416">
    <ele>207.39000000000001</ele>
   </trkpt>
   <trkpt lat="38.79366" lon="-120.98425">
    <ele>206.33</ele>
   </trkpt>
   <trkpt lat="38.79374" lon="-120.98438000000002">
    <ele>205.78</ele>
   </trkpt>
   <trkpt lat="38.79384" lon="-120.98448">
    <ele>204.81</ele>
   </trkpt>
   <trkpt lat="38.794050000000006" lon="-120.98466">
    <ele>202.95000000000002</ele>
   </trkpt>
   <trkpt lat="38.794430000000006" lon="-120.98511">
    <ele>199.17000000000002</ele>
   </trkpt>
   <trkpt lat="38.79475" lon="-120.98565">
    <ele>194.43</ele>
   </trkpt>
   <trkpt lat="38.79498" lon="-120.98595000000002">
    <ele>192.20000000000002</ele>
   </trkpt>
   <trkpt lat="38.795210000000004" lon="-120.98606000000001">
    <ele>192.23000000000002</ele>
   </trkpt>
   <trkpt lat="38.795390000000005" lon="-120.98613">
    <ele>192.82000000000002</ele>
   </trkpt>
   <trkpt lat="38.79551" lon="-120.98613">
    <ele>193.43</ele>
   </trkpt>
   <trkpt lat="38.795550000000006" lon="-120.98622">
    <ele>194.43</ele>
   </trkpt>
   <trkpt lat="38.795500000000004" lon="-120.98627">
    <ele>194.63000000000002</ele>
   </trkpt>
   <trkpt lat="38.79543" lon="-120.98627">
    <ele>194.70000000000002</ele>
   </trkpt>
   <trkpt lat="38.795100000000005" lon="-120.98622">
    <ele>192.06</ele>
   </trkpt>
   <trkpt lat="38.79464" lon="-120.98591">
    <ele>190.09</ele>
   </trkpt>
   <trkpt lat="38.79458" lon="-120.98591">
    <ele>190.09</ele>
   </trkpt>
   <trkpt lat="38.794340000000005" lon="-120.98569">
    <ele>189.78</ele>
   </trkpt>
   <trkpt lat="38.793730000000004" lon="-120.98525000000001">
    <ele>188.42</ele>
   </trkpt>
   <trkpt lat="38.793200000000006" lon="-120.98497">
    <ele>187.03</ele>
   </trkpt>
   <trkpt lat="38.79307" lon="-120.98488">
    <ele>187.69000000000003</ele>
   </trkpt>
   <trkpt lat="38.7929" lon="-120.98467000000001">
    <ele>188.37</ele>
   </trkpt>
   <trkpt lat="38.79278" lon="-120.98458000000001">
    <ele>191.44000000000003</ele>
   </trkpt>
   <trkpt lat="38.792680000000004" lon="-120.98457">
    <ele>191.44000000000003</ele>
   </trkpt>
   <trkpt lat="38.79254" lon="-120.98461">
    <ele>193.4</ele>
   </trkpt>
   <trkpt lat="38.792280000000005" lon="-120.98474000000002">
    <ele>194.76000000000002</ele>
   </trkpt>
   <trkpt lat="38.791810000000005" lon="-120.98479">
    <ele>195.67000000000002</ele>
   </trkpt>
   <trkpt lat="38.79153" lon="-120.9847">
    <ele>198.94</ele>
   </trkpt>
   <trkpt lat="38.790780000000005" lon="-120.9847">
    <ele>210.28000000000003</ele>
   </trkpt>
   <trkpt lat="38.790310000000005" lon="-120.98462">
    <ele>218.12</ele>
   </trkpt>
   <trkpt lat="38.7899" lon="-120.98443">
    <ele>223.01000000000002</ele>
   </trkpt>
   <trkpt lat="38.78947" lon="-120.98426">
    <ele>230.83</ele>
   </trkpt>
   <trkpt lat="38.789320000000004" lon="-120.98427000000001">
    <ele>231.85000000000002</ele>
   </trkpt>
   <trkpt lat="38.78905" lon="-120.98443">
    <ele>234.82000000000002</ele>
   </trkpt>
   <trkpt lat="38.78893" lon="-120.98448">
    <ele>235.95000000000002</ele>
   </trkpt>
   <trkpt lat="38.788540000000005" lon="-120.98457">
    <ele>240.67000000000002</ele>
   </trkpt>
   <trkpt lat="38.788430000000005" lon="-120.98453">
    <ele>241.00000000000003</ele>
   </trkpt>
   <trkpt lat="38.7884" lon="-120.98448">
    <ele>241.00000000000003</ele>
   </trkpt>
   <trkpt lat="38.788340000000005" lon="-120.98413000000001">
    <ele>241.91</ele>
   </trkpt>
   <trkpt lat="38.78831" lon="-120.98407000000002">
    <ele>242.70000000000002</ele>
   </trkpt>
   <trkpt lat="38.788140000000006" lon="-120.98395000000001">
    <ele>243.15000000000003</ele>
   </trkpt>
   <trkpt lat="38.787710000000004" lon="-120.98389000000002">
    <ele>243.97000000000003</ele>
   </trkpt>
   <trkpt lat="38.78732" lon="-120.98399">
    <ele>245.69000000000003</ele>
   </trkpt>
   <trkpt lat="38.787200000000006" lon="-120.98394">
    <ele>246.52</ele>
   </trkpt>
   <trkpt lat="38.786770000000004" lon="-120.98371000000002">
    <ele>254.41000000000003</ele>
   </trkpt>
   <trkpt lat="38.78645" lon="-120.98355000000001">
    <ele>258.19</ele>
   </trkpt>
   <trkpt lat="38.786100000000005" lon="-120.98354">
    <ele>259.90000000000003</ele>
   </trkpt>
   <trkpt lat="38.785970000000006" lon="-120.98354">
    <ele>259.88</ele>
   </trkpt>
   <trkpt lat="38.78582" lon="-120.98359">
    <ele>259.71</ele>
   </trkpt>
   <trkpt lat="38.785740000000004" lon="-120.98367">
    <ele>259.71</ele>
   </trkpt>
   <trkpt lat="38.78566" lon="-120.98377">
    <ele>259.87000000000006</ele>
   </trkpt>
   <trkpt lat="38.78555" lon="-120.98400000000001">
    <ele>260.39</ele>
   </trkpt>
   <trkpt lat="38.785450000000004" lon="-120.9843">
    <ele>261.59000000000003</ele>
   </trkpt>
   <trkpt lat="38.785410000000006" lon="-120.98435">
    <ele>261.59000000000003</ele>
   </trkpt>
   <trkpt lat="38.785340000000005" lon="-120.98439">
    <ele>261.86</ele>
   </trkpt>
   <trkpt lat="38.78529" lon="-120.98434">
    <ele>261.86</ele>
   </trkpt>
   <trkpt lat="38.785070000000005" lon="-120.98408">
    <ele>262.87000000000006</ele>
   </trkpt>
   <trkpt lat="38.78457" lon="-120.98367">
    <ele>264.3</ele>
   </trkpt>
   <trkpt lat="38.784380000000006" lon="-120.98362000000002">
    <ele>264.55</ele>
   </trkpt>
   <trkpt lat="38.78417" lon="-120.98363">
    <ele>264.96000000000004</ele>
   </trkpt>
   <trkpt lat="38.784040000000005" lon="-120.98367">
    <ele>265.04</ele>
   </trkpt>
   <trkpt lat="38.78394" lon="-120.98372">
    <ele>265.05</ele>
   </trkpt>
   <trkpt lat="38.783860000000004" lon="-120.98383000000001">
    <ele>264.31000000000006</ele>
   </trkpt>
   <trkpt lat="38.78379" lon="-120.98427000000001">
    <ele>260.66</ele>
   </trkpt>
   <trkpt lat="38.783680000000004" lon="-120.98461">
    <ele>256.59000000000003</ele>
   </trkpt>
   <trkpt lat="38.783620000000006" lon="-120.98497">
    <ele>254.97000000000003</ele>
   </trkpt>
   <trkpt lat="38.78354" lon="-120.98515">
    <ele>254.56</ele>
   </trkpt>
   <trkpt lat="38.78343" lon="-120.98524">
    <ele>254.82000000000005</ele>
   </trkpt>
   <trkpt lat="38.78332" lon="-120.9852">
    <ele>255.10999999999999</ele>
   </trkpt>
   <trkpt lat="38.783120000000004" lon="-120.98511">
    <ele>256.09000000000003</ele>
   </trkpt>
   <trkpt lat="38.783010000000004" lon="-120.98510000000002">
    <ele>257.25000000000006</ele>
   </trkpt>
   <trkpt lat="38.782790000000006" lon="-120.98511">
    <ele>258.27</ele>
   </trkpt>
   <trkpt lat="38.78266" lon="-120.9852">
    <ele>258.27</ele>
   </trkpt>
   <trkpt lat="38.782560000000004" lon="-120.98534000000001">
    <ele>259.18</ele>
   </trkpt>
   <trkpt lat="38.782500000000006" lon="-120.98547">
    <ele>259.73</ele>
   </trkpt>
   <trkpt lat="38.782410000000006" lon="-120.98578">
    <ele>261.70000000000005</ele>
   </trkpt>
   <trkpt lat="38.7824" lon="-120.98618">
    <ele>261.99</ele>
   </trkpt>
   <trkpt lat="38.78235" lon="-120.98649">
    <ele>260.82</ele>
   </trkpt>
   <trkpt lat="38.782360000000004" lon="-120.98671000000002">
    <ele>260.41</ele>
   </trkpt>
   <trkpt lat="38.78242" lon="-120.98695000000001">
    <ele>258.79</ele>
   </trkpt>
   <trkpt lat="38.78239000000001" lon="-120.98700000000001">
    <ele>258.18</ele>
   </trkpt>
   <trkpt lat="38.78235" lon="-120.98699">
    <ele>256.89</ele>
   </trkpt>
   <trkpt lat="38.782230000000006" lon="-120.98681">
    <ele>255.10999999999999</ele>
   </trkpt>
   <trkpt lat="38.78215" lon="-120.98673000000001">
    <ele>253.69000000000003</ele>
   </trkpt>
   <trkpt lat="38.782030000000006" lon="-120.98667">
    <ele>253.29000000000002</ele>
   </trkpt>
   <trkpt lat="38.78193" lon="-120.98658">
    <ele>251.79000000000002</ele>
   </trkpt>
   <trkpt lat="38.78177" lon="-120.98637000000001">
    <ele>249.73</ele>
   </trkpt>
   <trkpt lat="38.781470000000006" lon="-120.98613">
    <ele>246.33</ele>
   </trkpt>
   <trkpt lat="38.781400000000005" lon="-120.98609">
    <ele>246.33</ele>
   </trkpt>
   <trkpt lat="38.7813" lon="-120.98606000000001">
    <ele>245.06000000000003</ele>
   </trkpt>
   <trkpt lat="38.781220000000005" lon="-120.98610000000001">
    <ele>244.18</ele>
   </trkpt>
   <trkpt lat="38.78089000000001" lon="-120.98654">
    <ele>238.86</ele>
   </trkpt>
   <trkpt lat="38.780820000000006" lon="-120.98659">
    <ele>238.02</ele>
   </trkpt>
   <trkpt lat="38.78061" lon="-120.98663">
    <ele>236.56</ele>
   </trkpt>
   <trkpt lat="38.78045" lon="-120.98672">
    <ele>235.88</ele>
   </trkpt>
   <trkpt lat="38.780060000000006" lon="-120.98716">
    <ele>230.22</ele>
   </trkpt>
   <trkpt lat="38.77996" lon="-120.98735">
    <ele>228.76000000000002</ele>
   </trkpt>
   <trkpt lat="38.77991" lon="-120.98752">
    <ele>228.15</ele>
   </trkpt>
   <trkpt lat="38.77987" lon="-120.98779">
    <ele>225.78</ele>
   </trkpt>
   <trkpt lat="38.77985" lon="-120.98807000000001">
    <ele>223.12</ele>
   </trkpt>
   <trkpt lat="38.779860000000006" lon="-120.98846">
    <ele>220.77</ele>
   </trkpt>
   <trkpt lat="38.779720000000005" lon="-120.989">
    <ele>223.07000000000002</ele>
   </trkpt>
   <trkpt lat="38.779430000000005" lon="-120.98926000000002">
    <ele>228.59</ele>
   </trkpt>
   <trkpt lat="38.77931" lon="-120.98944000000002">
    <ele>230.28</ele>
   </trkpt>
   <trkpt lat="38.77929" lon="-120.98958">
    <ele>231.52000000000004</ele>
   </trkpt>
   <trkpt lat="38.77937" lon="-120.99000000000001">
    <ele>236.94</ele>
   </trkpt>
   <trkpt lat="38.779320000000006" lon="-120.99043">
    <ele>240.01000000000002</ele>
   </trkpt>
   <trkpt lat="38.77928" lon="-120.99061">
    <ele>242.46</ele>
   </trkpt>
   <trkpt lat="38.77919" lon="-120.99080000000001">
    <ele>244.1</ele>
   </trkpt>
   <trkpt lat="38.77917" lon="-120.99094000000001">
    <ele>245.05</ele>
   </trkpt>
   <trkpt lat="38.7792" lon="-120.9911">
    <ele>245.59000000000003</ele>
   </trkpt>
   <trkpt lat="38.77928" lon="-120.9912">
    <ele>246.04</ele>
   </trkpt>
   <trkpt lat="38.77931" lon="-120.99128">
    <ele>246.31000000000003</ele>
   </trkpt>
   <trkpt lat="38.77931" lon="-120.99168000000002">
    <ele>246.03000000000003</ele>
   </trkpt>
   <trkpt lat="38.77937" lon="-120.99196">
    <ele>244.75000000000003</ele>
   </trkpt>
   <trkpt lat="38.779410000000006" lon="-120.99205">
    <ele>244.42000000000002</ele>
   </trkpt>
   <trkpt lat="38.77953" lon="-120.99227">
    <ele>244.03000000000003</ele>
   </trkpt>
   <trkpt lat="38.77966" lon="-120.99263">
    <ele>244.82</ele>
   </trkpt>
   <trkpt lat="38.77973" lon="-120.99276">
    <ele>245.29</ele>
   </trkpt>
   <trkpt lat="38.779900000000005" lon="-120.9929">
    <ele>246.35</ele>
   </trkpt>
   <trkpt lat="38.77995000000001" lon="-120.99303">
    <ele>247.09000000000003</ele>
   </trkpt>
   <trkpt lat="38.77996" lon="-120.99321">
    <ele>248.26</ele>
   </trkpt>
   <trkpt lat="38.779990000000005" lon="-120.99339">
    <ele>248.70000000000002</ele>
   </trkpt>
   <trkpt lat="38.78005" lon="-120.99353">
    <ele>249.27</ele>
   </trkpt>
   <trkpt lat="38.780060000000006" lon="-120.99366">
    <ele>249.66000000000003</ele>
   </trkpt>
   <trkpt lat="38.78005" lon="-120.9937">
    <ele>249.66000000000003</ele>
   </trkpt>
   <trkpt lat="38.78" lon="-120.99371000000001">
    <ele>249.74</ele>
   </trkpt>
   <trkpt lat="38.779900000000005" lon="-120.9937">
    <ele>249.86</ele>
   </trkpt>
   <trkpt lat="38.77976" lon="-120.99365000000002">
    <ele>249.9</ele>
   </trkpt>
   <trkpt lat="38.77948000000001" lon="-120.99339">
    <ele>249.12</ele>
   </trkpt>
   <trkpt lat="38.779340000000005" lon="-120.99331000000001">
    <ele>248.34000000000003</ele>
   </trkpt>
   <trkpt lat="38.77917" lon="-120.9933">
    <ele>246.47000000000003</ele>
   </trkpt>
   <trkpt lat="38.77895" lon="-120.99334">
    <ele>245.29</ele>
   </trkpt>
   <trkpt lat="38.778800000000004" lon="-120.99343">
    <ele>244.48000000000002</ele>
   </trkpt>
   <trkpt lat="38.778740000000006" lon="-120.99357">
    <ele>243.89000000000001</ele>
   </trkpt>
   <trkpt lat="38.7787" lon="-120.99375">
    <ele>242.93</ele>
   </trkpt>
   <trkpt lat="38.778740000000006" lon="-120.99419">
    <ele>239.96</ele>
   </trkpt>
   <trkpt lat="38.779" lon="-120.99469">
    <ele>238.70000000000002</ele>
   </trkpt>
   <trkpt lat="38.77901000000001" lon="-120.99478">
    <ele>238.44</ele>
   </trkpt>
   <trkpt lat="38.77897" lon="-120.99510000000001">
    <ele>237.04000000000002</ele>
   </trkpt>
   <trkpt lat="38.779" lon="-120.99526000000002">
    <ele>237.04000000000002</ele>
   </trkpt>
   <trkpt lat="38.77913" lon="-120.99549">
    <ele>235.62000000000003</ele>
   </trkpt>
   <trkpt lat="38.779360000000004" lon="-120.99571000000002">
    <ele>234.28</ele>
   </trkpt>
   <trkpt lat="38.779430000000005" lon="-120.99581">
    <ele>234.01000000000002</ele>
   </trkpt>
   <trkpt lat="38.779450000000004" lon="-120.99589">
    <ele>233.71000000000004</ele>
   </trkpt>
   <trkpt lat="38.779410000000006" lon="-120.99603">
    <ele>233.46000000000004</ele>
   </trkpt>
   <trkpt lat="38.77928" lon="-120.99617">
    <ele>233.13000000000002</ele>
   </trkpt>
   <trkpt lat="38.779120000000006" lon="-120.99643">
    <ele>231.37</ele>
   </trkpt>
   <trkpt lat="38.779050000000005" lon="-120.99658000000001">
    <ele>229.69</ele>
   </trkpt>
   <trkpt lat="38.77901000000001" lon="-120.99675">
    <ele>228.58</ele>
   </trkpt>
   <trkpt lat="38.77904" lon="-120.99701">
    <ele>227.75</ele>
   </trkpt>
   <trkpt lat="38.77919" lon="-120.99746">
    <ele>225.19000000000003</ele>
   </trkpt>
   <trkpt lat="38.77919" lon="-120.9976">
    <ele>224.69000000000003</ele>
   </trkpt>
   <trkpt lat="38.77908" lon="-120.99777000000002">
    <ele>224.02</ele>
   </trkpt>
   <trkpt lat="38.779030000000006" lon="-120.99778">
    <ele>224.02</ele>
   </trkpt>
   <trkpt lat="38.778960000000005" lon="-120.99778">
    <ele>223.66000000000003</ele>
   </trkpt>
   <trkpt lat="38.778690000000005" lon="-120.99739000000001">
    <ele>220.49</ele>
   </trkpt>
   <trkpt lat="38.778580000000005" lon="-120.99730000000001">
    <ele>220.63000000000002</ele>
   </trkpt>
   <trkpt lat="38.778180000000006" lon="-120.99724">
    <ele>224.06</ele>
   </trkpt>
   <trkpt lat="38.77774" lon="-120.99697">
    <ele>229.34</ele>
   </trkpt>
   <trkpt lat="38.777480000000004" lon="-120.99697">
    <ele>230.91000000000003</ele>
   </trkpt>
   <trkpt lat="38.777210000000004" lon="-120.99701">
    <ele>232.5</ele>
   </trkpt>
   <trkpt lat="38.77709" lon="-120.99706">
    <ele>233.19</ele>
   </trkpt>
   <trkpt lat="38.77703" lon="-120.99715">
    <ele>234.72</ele>
   </trkpt>
   <trkpt lat="38.77702" lon="-120.99729">
    <ele>235.37</ele>
   </trkpt>
   <trkpt lat="38.77704000000001" lon="-120.99738">
    <ele>235.65000000000003</ele>
   </trkpt>
   <trkpt lat="38.7772" lon="-120.99782">
    <ele>237.41</ele>
   </trkpt>
   <trkpt lat="38.777240000000006" lon="-120.998">
    <ele>238.18000000000004</ele>
   </trkpt>
   <trkpt lat="38.77723" lon="-120.99813">
    <ele>238.66</ele>
   </trkpt>
   <trkpt lat="38.777080000000005" lon="-120.99845">
    <ele>239.51000000000002</ele>
   </trkpt>
   <trkpt lat="38.77703" lon="-120.99863">
    <ele>239.97</ele>
   </trkpt>
   <trkpt lat="38.77704000000001" lon="-120.99895000000001">
    <ele>240.81000000000003</ele>
   </trkpt>
   <trkpt lat="38.77693" lon="-120.99961">
    <ele>246.13000000000002</ele>
   </trkpt>
   <trkpt lat="38.776880000000006" lon="-120.99974000000002">
    <ele>246.58</ele>
   </trkpt>
   <trkpt lat="38.77667" lon="-120.99983">
    <ele>247.28000000000003</ele>
   </trkpt>
   <trkpt lat="38.77644" lon="-120.99997">
    <ele>246.43</ele>
   </trkpt>
   <trkpt lat="38.77635" lon="-121.0001">
    <ele>245.27</ele>
   </trkpt>
   <trkpt lat="38.776320000000005" lon="-121.0002">
    <ele>244.50000000000003</ele>
   </trkpt>
   <trkpt lat="38.77633" lon="-121.00037">
    <ele>244.15000000000003</ele>
   </trkpt>
   <trkpt lat="38.776410000000006" lon="-121.00052000000001">
    <ele>244.42000000000002</ele>
   </trkpt>
   <trkpt lat="38.77673" lon="-121.00079000000001">
    <ele>245.63000000000002</ele>
   </trkpt>
   <trkpt lat="38.77707" lon="-121.00099000000002">
    <ele>245.57</ele>
   </trkpt>
   <trkpt lat="38.77711" lon="-121.00104">
    <ele>245.07</ele>
   </trkpt>
   <trkpt lat="38.77713" lon="-121.00110000000001">
    <ele>245.07</ele>
   </trkpt>
   <trkpt lat="38.77713" lon="-121.00136">
    <ele>242.99</ele>
   </trkpt>
   <trkpt lat="38.77716" lon="-121.00154">
    <ele>242.32</ele>
   </trkpt>
   <trkpt lat="38.77731" lon="-121.0018">
    <ele>241.36</ele>
   </trkpt>
   <trkpt lat="38.77752" lon="-121.00198">
    <ele>240.54000000000002</ele>
   </trkpt>
   <trkpt lat="38.77763" lon="-121.00216">
    <ele>239.67000000000002</ele>
   </trkpt>
   <trkpt lat="38.77774" lon="-121.00279">
    <ele>236.06</ele>
   </trkpt>
   <trkpt lat="38.777750000000005" lon="-121.00297">
    <ele>235.40000000000003</ele>
   </trkpt>
   <trkpt lat="38.7777" lon="-121.00311">
    <ele>234.14000000000001</ele>
   </trkpt>
   <trkpt lat="38.77763" lon="-121.00323000000002">
    <ele>233.65</ele>
   </trkpt>
   <trkpt lat="38.77743" lon="-121.00343000000001">
    <ele>232.86</ele>
   </trkpt>
   <trkpt lat="38.77734" lon="-121.00356000000001">
    <ele>232.27000000000004</ele>
   </trkpt>
   <trkpt lat="38.77731" lon="-121.00373">
    <ele>230.99000000000004</ele>
   </trkpt>
   <trkpt lat="38.77732" lon="-121.00401000000001">
    <ele>228.99</ele>
   </trkpt>
   <trkpt lat="38.77736" lon="-121.00419000000001">
    <ele>227.83000000000004</ele>
   </trkpt>
   <trkpt lat="38.77743" lon="-121.00431">
    <ele>227.72</ele>
   </trkpt>
   <trkpt lat="38.777530000000006" lon="-121.0044">
    <ele>227.47</ele>
   </trkpt>
   <trkpt lat="38.7777" lon="-121.00448000000002">
    <ele>227.11</ele>
   </trkpt>
   <trkpt lat="38.777890000000006" lon="-121.00459000000001">
    <ele>226.18</ele>
   </trkpt>
   <trkpt lat="38.777950000000004" lon="-121.00467">
    <ele>224.9</ele>
   </trkpt>
   <trkpt lat="38.77812" lon="-121.00503">
    <ele>223.94000000000003</ele>
   </trkpt>
   <trkpt lat="38.77826" lon="-121.00517">
    <ele>224.35000000000002</ele>
   </trkpt>
   <trkpt lat="38.778290000000005" lon="-121.00525">
    <ele>224.55</ele>
   </trkpt>
   <trkpt lat="38.778290000000005" lon="-121.0053">
    <ele>224.79000000000002</ele>
   </trkpt>
   <trkpt lat="38.77825" lon="-121.00539">
    <ele>225.34</ele>
   </trkpt>
   <trkpt lat="38.778000000000006" lon="-121.00565">
    <ele>228.69000000000003</ele>
   </trkpt>
   <trkpt lat="38.77801" lon="-121.0057">
    <ele>229.15</ele>
   </trkpt>
   <trkpt lat="38.778330000000004" lon="-121.00593">
    <ele>231.60000000000002</ele>
   </trkpt>
   <trkpt lat="38.778420000000004" lon="-121.00607000000001">
    <ele>233.55</ele>
   </trkpt>
   <trkpt lat="38.77846" lon="-121.0062">
    <ele>233.92000000000002</ele>
   </trkpt>
   <trkpt lat="38.77845000000001" lon="-121.00633">
    <ele>235.32000000000002</ele>
   </trkpt>
   <trkpt lat="38.778380000000006" lon="-121.00664">
    <ele>236.11</ele>
   </trkpt>
   <trkpt lat="38.77837" lon="-121.00677">
    <ele>238.65000000000003</ele>
   </trkpt>
   <trkpt lat="38.778400000000005" lon="-121.00701000000001">
    <ele>240.0</ele>
   </trkpt>
   <trkpt lat="38.77845000000001" lon="-121.00718">
    <ele>241.05</ele>
   </trkpt>
   <trkpt lat="38.778510000000004" lon="-121.00731">
    <ele>243.33</ele>
   </trkpt>
   <trkpt lat="38.77855" lon="-121.00699000000002">
    <ele>246.46</ele>
   </trkpt>
   <trkpt lat="38.77857" lon="-121.00691">
    <ele>246.46</ele>
   </trkpt>
   <trkpt lat="38.778600000000004" lon="-121.00691">
    <ele>246.87000000000003</ele>
   </trkpt>
   <trkpt lat="38.778600000000004" lon="-121.00710000000001">
    <ele>247.50000000000003</ele>
   </trkpt>
   <trkpt lat="38.77863" lon="-121.00722">
    <ele>248.23000000000002</ele>
   </trkpt>
   <trkpt lat="38.778690000000005" lon="-121.00732">
    <ele>249.10000000000002</ele>
   </trkpt>
   <trkpt lat="38.77879" lon="-121.00745">
    <ele>250.10000000000005</ele>
   </trkpt>
   <trkpt lat="38.77897" lon="-121.00758">
    <ele>251.85000000000002</ele>
   </trkpt>
   <trkpt lat="38.77897" lon="-121.00768000000001">
    <ele>252.86</ele>
   </trkpt>
   <trkpt lat="38.77886" lon="-121.00803">
    <ele>255.62</ele>
   </trkpt>
   <trkpt lat="38.77891" lon="-121.00803">
    <ele>258.19</ele>
   </trkpt>
   <trkpt lat="38.779050000000005" lon="-121.00786000000001">
    <ele>260.66</ele>
   </trkpt>
   <trkpt lat="38.779090000000004" lon="-121.00785">
    <ele>260.66</ele>
   </trkpt>
   <trkpt lat="38.77911" lon="-121.00789">
    <ele>261.25000000000006</ele>
   </trkpt>
   <trkpt lat="38.778960000000005" lon="-121.00813000000001">
    <ele>262.55</ele>
   </trkpt>
   <trkpt lat="38.778960000000005" lon="-121.00839">
    <ele>264.48</ele>
   </trkpt>
   <trkpt lat="38.779090000000004" lon="-121.00879">
    <ele>267.18</ele>
   </trkpt>
   <trkpt lat="38.77922" lon="-121.00897">
    <ele>269.27</ele>
   </trkpt>
   <trkpt lat="38.77926" lon="-121.00906">
    <ele>269.91</ele>
   </trkpt>
   <trkpt lat="38.779300000000006" lon="-121.00952000000001">
    <ele>272.09</ele>
   </trkpt>
   <trkpt lat="38.77935" lon="-121.00969">
    <ele>273.07000000000005</ele>
   </trkpt>
   <trkpt lat="38.77937" lon="-121.00990000000002">
    <ele>274.89000000000004</ele>
   </trkpt>
   <trkpt lat="38.77942" lon="-121.01004">
    <ele>275.23</ele>
   </trkpt>
   <trkpt lat="38.779500000000006" lon="-121.01017000000002">
    <ele>275.78000000000003</ele>
   </trkpt>
   <trkpt lat="38.77957" lon="-121.01036">
    <ele>276.14</ele>
   </trkpt>
   <trkpt lat="38.77957" lon="-121.01049">
    <ele>277.1</ele>
   </trkpt>
   <trkpt lat="38.779300000000006" lon="-121.01129000000002">
    <ele>277.91</ele>
   </trkpt>
   <trkpt lat="38.77933" lon="-121.01179">
    <ele>275.18</ele>
   </trkpt>
   <trkpt lat="38.7794" lon="-121.0121">
    <ele>274.04</ele>
   </trkpt>
   <trkpt lat="38.77944" lon="-121.01256000000001">
    <ele>275.53</ele>
   </trkpt>
   <trkpt lat="38.779520000000005" lon="-121.01291">
    <ele>276.23</ele>
   </trkpt>
   <trkpt lat="38.77948000000001" lon="-121.013">
    <ele>276.11</ele>
   </trkpt>
   <trkpt lat="38.77938" lon="-121.01310000000001">
    <ele>276.0</ele>
   </trkpt>
   <trkpt lat="38.77924" lon="-121.01313">
    <ele>276.09</ele>
   </trkpt>
   <trkpt lat="38.77919" lon="-121.01318">
    <ele>276.24</ele>
   </trkpt>
   <trkpt lat="38.7789" lon="-121.01358">
    <ele>280.03</ele>
   </trkpt>
   <trkpt lat="38.77882" lon="-121.01367">
    <ele>280.64</ele>
   </trkpt>
   <trkpt lat="38.77873" lon="-121.01371">
    <ele>281.5</ele>
   </trkpt>
   <trkpt lat="38.778560000000006" lon="-121.01394">
    <ele>282.79</ele>
   </trkpt>
   <trkpt lat="38.77843" lon="-121.01407">
    <ele>284.46000000000004</ele>
   </trkpt>
   <trkpt lat="38.77837" lon="-121.01416">
    <ele>285.75</ele>
   </trkpt>
   <trkpt lat="38.77834" lon="-121.0143">
    <ele>287.27000000000004</ele>
   </trkpt>
   <trkpt lat="38.77834" lon="-121.01448">
    <ele>289.73</ele>
   </trkpt>
   <trkpt lat="38.778290000000005" lon="-121.01466">
    <ele>292.69</ele>
   </trkpt>
   <trkpt lat="38.778310000000005" lon="-121.01475">
    <ele>293.36</ele>
   </trkpt>
   <trkpt lat="38.77835" lon="-121.01479">
    <ele>294.62000000000006</ele>
   </trkpt>
   <trkpt lat="38.77857" lon="-121.01487000000002">
    <ele>297.23</ele>
   </trkpt>
   <trkpt lat="38.778650000000006" lon="-121.01492">
    <ele>298.07</ele>
   </trkpt>
   <trkpt lat="38.778690000000005" lon="-121.01502">
    <ele>298.86</ele>
   </trkpt>
   <trkpt lat="38.77873" lon="-121.01533">
    <ele>300.31</ele>
   </trkpt>
   <trkpt lat="38.778760000000005" lon="-121.01542">
    <ele>300.31</ele>
   </trkpt>
   <trkpt lat="38.778780000000005" lon="-121.01568">
    <ele>301.59000000000003</ele>
   </trkpt>
   <trkpt lat="38.778760000000005" lon="-121.01623000000001">
    <ele>305.35</ele>
   </trkpt>
   <trkpt lat="38.778800000000004" lon="-121.01653">
    <ele>306.13</ele>
   </trkpt>
   <trkpt lat="38.77892000000001" lon="-121.01698">
    <ele>305.08</ele>
   </trkpt>
   <trkpt lat="38.77904" lon="-121.0173">
    <ele>302.31</ele>
   </trkpt>
   <trkpt lat="38.779090000000004" lon="-121.01756">
    <ele>298.41</ele>
   </trkpt>
   <trkpt lat="38.779360000000004" lon="-121.01796000000002">
    <ele>293.39000000000004</ele>
   </trkpt>
   <trkpt lat="38.7794" lon="-121.01806">
    <ele>292.15000000000003</ele>
   </trkpt>
   <trkpt lat="38.779430000000005" lon="-121.01824">
    <ele>291.18000000000006</ele>
   </trkpt>
   <trkpt lat="38.779450000000004" lon="-121.01864">
    <ele>290.55</ele>
   </trkpt>
   <trkpt lat="38.77948000000001" lon="-121.01886">
    <ele>291.16</ele>
   </trkpt>
   <trkpt lat="38.77948000000001" lon="-121.01927">
    <ele>292.45000000000005</ele>
   </trkpt>
   <trkpt lat="38.77951" lon="-121.01957000000002">
    <ele>291.95000000000005</ele>
   </trkpt>
   <trkpt lat="38.779500000000006" lon="-121.01985">
    <ele>290.73</ele>
   </trkpt>
   <trkpt lat="38.77953" lon="-121.02025">
    <ele>288.89000000000004</ele>
   </trkpt>
   <trkpt lat="38.779520000000005" lon="-121.02056">
    <ele>287.18000000000006</ele>
   </trkpt>
   <trkpt lat="38.77962" lon="-121.02119">
    <ele>279.31</ele>
   </trkpt>
   <trkpt lat="38.77957" lon="-121.02134000000001">
    <ele>278.51000000000005</ele>
   </trkpt>
   <trkpt lat="38.77948000000001" lon="-121.0215">
    <ele>277.19000000000005</ele>
   </trkpt>
   <trkpt lat="38.77947" lon="-121.0216">
    <ele>276.42</ele>
   </trkpt>
   <trkpt lat="38.779790000000006" lon="-121.02231">
    <ele>267.82</ele>
   </trkpt>
   <trkpt lat="38.77984" lon="-121.02253">
    <ele>265.72</ele>
   </trkpt>
   <trkpt lat="38.77984" lon="-121.0228">
    <ele>264.94</ele>
   </trkpt>
   <trkpt lat="38.779860000000006" lon="-121.02294">
    <ele>262.95</ele>
   </trkpt>
   <trkpt lat="38.779900000000005" lon="-121.02308000000001">
    <ele>262.38</ele>
   </trkpt>
   <trkpt lat="38.77996" lon="-121.02317000000001">
    <ele>261.77</ele>
   </trkpt>
   <trkpt lat="38.780150000000006" lon="-121.02334">
    <ele>257.41</ele>
   </trkpt>
   <trkpt lat="38.78029" lon="-121.02351000000002">
    <ele>256.11</ele>
   </trkpt>
   <trkpt lat="38.780350000000006" lon="-121.02361">
    <ele>256.12</ele>
   </trkpt>
   <trkpt lat="38.780330000000006" lon="-121.02374">
    <ele>256.38</ele>
   </trkpt>
   <trkpt lat="38.78032" lon="-121.02374">
    <ele>256.38</ele>
   </trkpt>
   <trkpt lat="38.78027" lon="-121.02379">
    <ele>257.04</ele>
   </trkpt>
   <trkpt lat="38.77998" lon="-121.02393000000001">
    <ele>260.53000000000003</ele>
   </trkpt>
   <trkpt lat="38.77969" lon="-121.02432">
    <ele>261.51</ele>
   </trkpt>
   <trkpt lat="38.779630000000004" lon="-121.02441">
    <ele>261.51</ele>
   </trkpt>
   <trkpt lat="38.779520000000005" lon="-121.02490000000002">
    <ele>263.64000000000004</ele>
   </trkpt>
   <trkpt lat="38.77922" lon="-121.02531">
    <ele>270.23</ele>
   </trkpt>
   <trkpt lat="38.7791" lon="-121.02544">
    <ele>274.51000000000005</ele>
   </trkpt>
   <trkpt lat="38.77906" lon="-121.02550000000001">
    <ele>276.38</ele>
   </trkpt>
   <trkpt lat="38.779120000000006" lon="-121.02576">
    <ele>274.1</ele>
   </trkpt>
   <trkpt lat="38.77915" lon="-121.02625">
    <ele>271.44</ele>
   </trkpt>
   <trkpt lat="38.77917" lon="-121.02626000000001">
    <ele>270.88</ele>
   </trkpt>
   <trkpt lat="38.779210000000006" lon="-121.02625">
    <ele>270.88</ele>
   </trkpt>
   <trkpt lat="38.779250000000005" lon="-121.02622000000001">
    <ele>269.66</ele>
   </trkpt>
   <trkpt lat="38.779300000000006" lon="-121.02612">
    <ele>268.41</ele>
   </trkpt>
   <trkpt lat="38.779320000000006" lon="-121.02612">
    <ele>268.41</ele>
   </trkpt>
   <trkpt lat="38.77942" lon="-121.02633000000002">
    <ele>266.29</ele>
   </trkpt>
   <trkpt lat="38.77947" lon="-121.02656">
    <ele>262.15</ele>
   </trkpt>
   <trkpt lat="38.77946" lon="-121.02692">
    <ele>260.94</ele>
   </trkpt>
   <trkpt lat="38.77947" lon="-121.0271">
    <ele>260.66</ele>
   </trkpt>
   <trkpt lat="38.7796" lon="-121.0275">
    <ele>257.65999999999997</ele>
   </trkpt>
   <trkpt lat="38.77964" lon="-121.02756000000001">
    <ele>257.14000000000004</ele>
   </trkpt>
   <trkpt lat="38.779700000000005" lon="-121.02755">
    <ele>256.57</ele>
   </trkpt>
   <trkpt lat="38.779740000000004" lon="-121.0275">
    <ele>255.35000000000002</ele>
   </trkpt>
   <trkpt lat="38.779770000000006" lon="-121.02741">
    <ele>254.79000000000002</ele>
   </trkpt>
   <trkpt lat="38.77978" lon="-121.02684">
    <ele>252.51000000000002</ele>
   </trkpt>
   <trkpt lat="38.77985" lon="-121.02651000000002">
    <ele>251.91000000000003</ele>
   </trkpt>
   <trkpt lat="38.77996" lon="-121.0262">
    <ele>250.54000000000005</ele>
   </trkpt>
   <trkpt lat="38.77998" lon="-121.0262">
    <ele>250.16</ele>
   </trkpt>
   <trkpt lat="38.78002" lon="-121.02634">
    <ele>248.75000000000003</ele>
   </trkpt>
   <trkpt lat="38.780150000000006" lon="-121.02733">
    <ele>243.58</ele>
   </trkpt>
   <trkpt lat="38.78025" lon="-121.02756000000001">
    <ele>241.81000000000003</ele>
   </trkpt>
   <trkpt lat="38.78032" lon="-121.02755">
    <ele>240.72</ele>
   </trkpt>
   <trkpt lat="38.78042000000001" lon="-121.02741">
    <ele>239.36</ele>
   </trkpt>
   <trkpt lat="38.78058" lon="-121.02706">
    <ele>236.95000000000002</ele>
   </trkpt>
   <trkpt lat="38.78072" lon="-121.02684">
    <ele>236.18000000000004</ele>
   </trkpt>
   <trkpt lat="38.780770000000004" lon="-121.0267">
    <ele>236.05</ele>
   </trkpt>
   <trkpt lat="38.78076" lon="-121.02653000000001">
    <ele>235.75</ele>
   </trkpt>
   <trkpt lat="38.78079" lon="-121.02634">
    <ele>235.35000000000002</ele>
   </trkpt>
   <trkpt lat="38.78078" lon="-121.02608000000001">
    <ele>233.59</ele>
   </trkpt>
   <trkpt lat="38.7809" lon="-121.02584000000002">
    <ele>231.29000000000002</ele>
   </trkpt>
   <trkpt lat="38.78097" lon="-121.02553">
    <ele>229.76000000000002</ele>
   </trkpt>
   <trkpt lat="38.78096" lon="-121.02535">
    <ele>229.12</ele>
   </trkpt>
   <trkpt lat="38.780910000000006" lon="-121.02504">
    <ele>226.59</ele>
   </trkpt>
   <trkpt lat="38.78092" lon="-121.025">
    <ele>226.59</ele>
   </trkpt>
   <trkpt lat="38.78096" lon="-121.025">
    <ele>225.38000000000002</ele>
   </trkpt>
   <trkpt lat="38.78101" lon="-121.02504">
    <ele>224.82000000000002</ele>
   </trkpt>
   <trkpt lat="38.78107" lon="-121.02517">
    <ele>223.64000000000001</ele>
   </trkpt>
   <trkpt lat="38.78125" lon="-121.0258">
    <ele>222.27</ele>
   </trkpt>
   <trkpt lat="38.7813" lon="-121.02589">
    <ele>221.55</ele>
   </trkpt>
   <trkpt lat="38.781470000000006" lon="-121.02643">
    <ele>216.27</ele>
   </trkpt>
   <trkpt lat="38.7815" lon="-121.02643">
    <ele>216.27</ele>
   </trkpt>
   <trkpt lat="38.78154" lon="-121.02638">
    <ele>214.1</ele>
   </trkpt>
   <trkpt lat="38.781690000000005" lon="-121.02616">
    <ele>211.4</ele>
   </trkpt>
   <trkpt lat="38.78182" lon="-121.02607">
    <ele>210.57</ele>
   </trkpt>
   <trkpt lat="38.782250000000005" lon="-121.02612">
    <ele>210.34000000000003</ele>
   </trkpt>
   <trkpt lat="38.78231" lon="-121.02616">
    <ele>210.64000000000001</ele>
   </trkpt>
   <trkpt lat="38.78242" lon="-121.02634">
    <ele>210.8</ele>
   </trkpt>
   <trkpt lat="38.78244" lon="-121.02643">
    <ele>210.87000000000003</ele>
   </trkpt>
   <trkpt lat="38.782430000000005" lon="-121.02652">
    <ele>211.15</ele>
   </trkpt>
   <trkpt lat="38.782340000000005" lon="-121.0267">
    <ele>211.24</ele>
   </trkpt>
   <trkpt lat="38.782320000000006" lon="-121.02683">
    <ele>211.22000000000003</ele>
   </trkpt>
   <trkpt lat="38.782300000000006" lon="-121.02719">
    <ele>211.29</ele>
   </trkpt>
   <trkpt lat="38.782320000000006" lon="-121.02741">
    <ele>211.51</ele>
   </trkpt>
   <trkpt lat="38.782360000000004" lon="-121.0276">
    <ele>211.64000000000001</ele>
   </trkpt>
   <trkpt lat="38.782410000000006" lon="-121.02774000000001">
    <ele>211.94000000000003</ele>
   </trkpt>
   <trkpt lat="38.782590000000006" lon="-121.028">
    <ele>210.55</ele>
   </trkpt>
   <trkpt lat="38.782610000000005" lon="-121.02805000000001">
    <ele>210.55</ele>
   </trkpt>
   <trkpt lat="38.782610000000005" lon="-121.02813">
    <ele>210.22000000000003</ele>
   </trkpt>
   <trkpt lat="38.78242" lon="-121.0284">
    <ele>209.21</ele>
   </trkpt>
   <trkpt lat="38.78215" lon="-121.02916">
    <ele>204.97</ele>
   </trkpt>
   <trkpt lat="38.78197" lon="-121.02979">
    <ele>203.09</ele>
   </trkpt>
   <trkpt lat="38.781850000000006" lon="-121.03054000000002">
    <ele>201.66</ele>
   </trkpt>
   <trkpt lat="38.78184" lon="-121.03057000000001">
    <ele>201.66</ele>
   </trkpt>
   <trkpt lat="38.781800000000004" lon="-121.03073">
    <ele>201.37</ele>
   </trkpt>
   <trkpt lat="38.78168" lon="-121.03092000000001">
    <ele>200.26000000000002</ele>
   </trkpt>
   <trkpt lat="38.781650000000006" lon="-121.03101000000001">
    <ele>199.94</ele>
   </trkpt>
   <trkpt lat="38.78164" lon="-121.03112000000002">
    <ele>199.67000000000002</ele>
   </trkpt>
   <trkpt lat="38.78164" lon="-121.03117">
    <ele>199.66</ele>
   </trkpt>
   <trkpt lat="38.78166" lon="-121.03162">
    <ele>199.44</ele>
   </trkpt>
   <trkpt lat="38.781650000000006" lon="-121.03177000000001">
    <ele>199.44</ele>
   </trkpt>
   <trkpt lat="38.781560000000006" lon="-121.03245000000001">
    <ele>199.61</ele>
   </trkpt>
   <trkpt lat="38.781420000000004" lon="-121.03327000000002">
    <ele>198.18</ele>
   </trkpt>
   <trkpt lat="38.78144" lon="-121.03355">
    <ele>198.34</ele>
   </trkpt>
   <trkpt lat="38.78154" lon="-121.03408">
    <ele>200.65</ele>
   </trkpt>
   <trkpt lat="38.78146" lon="-121.03444">
    <ele>201.89000000000001</ele>
   </trkpt>
   <trkpt lat="38.78143" lon="-121.03477000000001">
    <ele>202.98000000000002</ele>
   </trkpt>
   <trkpt lat="38.781400000000005" lon="-121.03485">
    <ele>203.56</ele>
   </trkpt>
   <trkpt lat="38.781380000000006" lon="-121.03484000000002">
    <ele>202.53</ele>
   </trkpt>
   <trkpt lat="38.781180000000006" lon="-121.03499000000001">
    <ele>201.24000000000004</ele>
   </trkpt>
   <trkpt lat="38.781000000000006" lon="-121.03494">
    <ele>198.72</ele>
   </trkpt>
   <trkpt lat="38.78085" lon="-121.03524000000002">
    <ele>198.08</ele>
   </trkpt>
   <trkpt lat="38.78087" lon="-121.03569000000002">
    <ele>201.5</ele>
   </trkpt>
   <trkpt lat="38.78092" lon="-121.03586000000001">
    <ele>203.54000000000002</ele>
   </trkpt>
   <trkpt lat="38.78083" lon="-121.03611000000001">
    <ele>204.22</ele>
   </trkpt>
   <trkpt lat="38.78065" lon="-121.03639000000001">
    <ele>206.25</ele>
   </trkpt>
   <trkpt lat="38.78058" lon="-121.03677">
    <ele>207.04000000000002</ele>
   </trkpt>
   <trkpt lat="38.780620000000006" lon="-121.03741000000001">
    <ele>207.22</ele>
   </trkpt>
   <trkpt lat="38.78043" lon="-121.03773000000001">
    <ele>209.37000000000003</ele>
   </trkpt>
   <trkpt lat="38.78043" lon="-121.03778000000001">
    <ele>212.07</ele>
   </trkpt>
   <trkpt lat="38.78032" lon="-121.03784000000002">
    <ele>213.35</ele>
   </trkpt>
   <trkpt lat="38.78031" lon="-121.03817000000001">
    <ele>214.65</ele>
   </trkpt>
   <trkpt lat="38.780330000000006" lon="-121.03842000000002">
    <ele>217.4</ele>
   </trkpt>
   <trkpt lat="38.7805" lon="-121.03865">
    <ele>219.10000000000002</ele>
   </trkpt>
   <trkpt lat="38.78061" lon="-121.03891000000002">
    <ele>221.52</ele>
   </trkpt>
   <trkpt lat="38.78074" lon="-121.03880000000001">
    <ele>221.35000000000002</ele>
   </trkpt>
   <trkpt lat="38.781090000000006" lon="-121.03860000000002">
    <ele>221.45000000000002</ele>
   </trkpt>
   <trkpt lat="38.78143" lon="-121.03786000000001">
    <ele>222.83</ele>
   </trkpt>
   <trkpt lat="38.78152" lon="-121.03776">
    <ele>223.82000000000002</ele>
   </trkpt>
   <trkpt lat="38.78163" lon="-121.03776">
    <ele>224.03</ele>
   </trkpt>
   <trkpt lat="38.78201" lon="-121.03807">
    <ele>225.42000000000002</ele>
   </trkpt>
   <trkpt lat="38.782140000000005" lon="-121.03803">
    <ele>226.51000000000002</ele>
   </trkpt>
   <trkpt lat="38.7822" lon="-121.03793">
    <ele>227.76000000000002</ele>
   </trkpt>
   <trkpt lat="38.78219" lon="-121.03768000000001">
    <ele>228.99</ele>
   </trkpt>
   <trkpt lat="38.782120000000006" lon="-121.03743000000001">
    <ele>229.88000000000002</ele>
   </trkpt>
   <trkpt lat="38.78197" lon="-121.03699">
    <ele>230.60000000000002</ele>
   </trkpt>
   <trkpt lat="38.781890000000004" lon="-121.03668">
    <ele>232.20000000000002</ele>
   </trkpt>
   <trkpt lat="38.781890000000004" lon="-121.03646">
    <ele>233.21000000000004</ele>
   </trkpt>
   <trkpt lat="38.781980000000004" lon="-121.03618000000002">
    <ele>234.68000000000004</ele>
   </trkpt>
   <trkpt lat="38.782180000000004" lon="-121.03585000000001">
    <ele>236.06</ele>
   </trkpt>
   <trkpt lat="38.782270000000004" lon="-121.03575000000001">
    <ele>236.23000000000002</ele>
   </trkpt>
   <trkpt lat="38.782120000000006" lon="-121.03605">
    <ele>238.02</ele>
   </trkpt>
   <trkpt lat="38.782070000000004" lon="-121.03624">
    <ele>238.02</ele>
   </trkpt>
   <trkpt lat="38.78208" lon="-121.03655">
    <ele>241.56000000000003</ele>
   </trkpt>
   <trkpt lat="38.7822" lon="-121.03687000000001">
    <ele>242.85</ele>
   </trkpt>
   <trkpt lat="38.78231" lon="-121.03708">
    <ele>243.99</ele>
   </trkpt>
   <trkpt lat="38.782630000000005" lon="-121.0374">
    <ele>245.83</ele>
   </trkpt>
   <trkpt lat="38.782680000000006" lon="-121.03769000000001">
    <ele>247.32</ele>
   </trkpt>
   <trkpt lat="38.782680000000006" lon="-121.03768000000001">
    <ele>247.32</ele>
   </trkpt>
   <trkpt lat="38.782790000000006" lon="-121.03790000000001">
    <ele>248.48000000000002</ele>
   </trkpt>
   <trkpt lat="38.782920000000004" lon="-121.03811">
    <ele>249.12</ele>
   </trkpt>
   <trkpt lat="38.78318" lon="-121.03829">
    <ele>250.62</ele>
   </trkpt>
   <trkpt lat="38.78322" lon="-121.03842000000002">
    <ele>250.78</ele>
   </trkpt>
   <trkpt lat="38.78304" lon="-121.03905">
    <ele>254.26999999999998</ele>
   </trkpt>
   <trkpt lat="38.78305" lon="-121.03920000000001">
    <ele>255.38</ele>
   </trkpt>
   <trkpt lat="38.7832" lon="-121.03943000000001">
    <ele>257.78000000000003</ele>
   </trkpt>
   <trkpt lat="38.78331" lon="-121.03964">
    <ele>257.73</ele>
   </trkpt>
   <trkpt lat="38.78331" lon="-121.03981000000002">
    <ele>256.65000000000003</ele>
   </trkpt>
   <trkpt lat="38.7834" lon="-121.03999">
    <ele>255.84</ele>
   </trkpt>
   <trkpt lat="38.78338" lon="-121.04014000000001">
    <ele>255.84</ele>
   </trkpt>
   <trkpt lat="38.78343" lon="-121.04027">
    <ele>253.82999999999998</ele>
   </trkpt>
   <trkpt lat="38.78341" lon="-121.04039000000002">
    <ele>253.82999999999998</ele>
   </trkpt>
   <trkpt lat="38.783440000000006" lon="-121.04053">
    <ele>253.19000000000003</ele>
   </trkpt>
   <trkpt lat="38.78341" lon="-121.04058">
    <ele>252.52</ele>
   </trkpt>
   <trkpt lat="38.7834" lon="-121.04067">
    <ele>251.8</ele>
   </trkpt>
   <trkpt lat="38.78347" lon="-121.04076">
    <ele>250.99000000000004</ele>
   </trkpt>
   <trkpt lat="38.783460000000005" lon="-121.04081000000001">
    <ele>250.99000000000004</ele>
   </trkpt>
   <trkpt lat="38.78342000000001" lon="-121.04084">
    <ele>250.54000000000005</ele>
   </trkpt>
   <trkpt lat="38.783350000000006" lon="-121.0408">
    <ele>249.59000000000003</ele>
   </trkpt>
   <trkpt lat="38.783300000000004" lon="-121.04093">
    <ele>247.87</ele>
   </trkpt>
   <trkpt lat="38.783370000000005" lon="-121.04115000000002">
    <ele>245.81000000000003</ele>
   </trkpt>
   <trkpt lat="38.783370000000005" lon="-121.04134">
    <ele>244.56000000000003</ele>
   </trkpt>
   <trkpt lat="38.783440000000006" lon="-121.04152">
    <ele>243.19000000000003</ele>
   </trkpt>
   <trkpt lat="38.78341" lon="-121.04166000000001">
    <ele>242.35</ele>
   </trkpt>
   <trkpt lat="38.78332" lon="-121.04174">
    <ele>241.23000000000002</ele>
   </trkpt>
   <trkpt lat="38.78333000000001" lon="-121.04174">
    <ele>241.23000000000002</ele>
   </trkpt>
   <trkpt lat="38.78332" lon="-121.04183">
    <ele>240.33</ele>
   </trkpt>
   <trkpt lat="38.78342000000001" lon="-121.04196">
    <ele>238.76000000000002</ele>
   </trkpt>
   <trkpt lat="38.78342000000001" lon="-121.0421">
    <ele>238.37000000000003</ele>
   </trkpt>
   <trkpt lat="38.783300000000004" lon="-121.04214">
    <ele>236.92000000000002</ele>
   </trkpt>
   <trkpt lat="38.78323" lon="-121.04218000000002">
    <ele>236.34</ele>
   </trkpt>
   <trkpt lat="38.7832" lon="-121.04228">
    <ele>234.47</ele>
   </trkpt>
   <trkpt lat="38.783240000000006" lon="-121.04246">
    <ele>232.37</ele>
   </trkpt>
   <trkpt lat="38.783300000000004" lon="-121.04259">
    <ele>232.37</ele>
   </trkpt>
   <trkpt lat="38.783280000000005" lon="-121.04268">
    <ele>232.37</ele>
   </trkpt>
   <trkpt lat="38.78322" lon="-121.04277">
    <ele>228.61</ele>
   </trkpt>
   <trkpt lat="38.78318" lon="-121.04291">
    <ele>228.61</ele>
   </trkpt>
   <trkpt lat="38.783030000000004" lon="-121.04304">
    <ele>226.65</ele>
   </trkpt>
   <trkpt lat="38.78293" lon="-121.04317">
    <ele>224.87</ele>
   </trkpt>
   <trkpt lat="38.782770000000006" lon="-121.04314000000001">
    <ele>222.17000000000002</ele>
   </trkpt>
   <trkpt lat="38.782610000000005" lon="-121.04299">
    <ele>219.63000000000002</ele>
   </trkpt>
   <trkpt lat="38.78247" lon="-121.04317">
    <ele>217.89000000000001</ele>
   </trkpt>
   <trkpt lat="38.782250000000005" lon="-121.04326">
    <ele>214.6</ele>
   </trkpt>
   <trkpt lat="38.782120000000006" lon="-121.0434">
    <ele>210.91</ele>
   </trkpt>
   <trkpt lat="38.782000000000004" lon="-121.04335">
    <ele>209.65000000000003</ele>
   </trkpt>
   <trkpt lat="38.782000000000004" lon="-121.04322">
    <ele>208.31000000000003</ele>
   </trkpt>
   <trkpt lat="38.782160000000005" lon="-121.04305000000001">
    <ele>208.05</ele>
   </trkpt>
   <trkpt lat="38.782210000000006" lon="-121.04286">
    <ele>208.65000000000003</ele>
   </trkpt>
   <trkpt lat="38.782140000000005" lon="-121.04286">
    <ele>208.55</ele>
   </trkpt>
   <trkpt lat="38.78201" lon="-121.04299">
    <ele>206.83</ele>
   </trkpt>
   <trkpt lat="38.781220000000005" lon="-121.0429">
    <ele>200.26000000000002</ele>
   </trkpt>
   <trkpt lat="38.78103" lon="-121.04260000000001">
    <ele>198.68</ele>
   </trkpt>
   <trkpt lat="38.78076" lon="-121.04228">
    <ele>196.83</ele>
   </trkpt>
   <trkpt lat="38.78074" lon="-121.04215">
    <ele>196.5</ele>
   </trkpt>
   <trkpt lat="38.78072" lon="-121.04214">
    <ele>196.5</ele>
   </trkpt>
   <trkpt lat="38.7807" lon="-121.04218000000002">
    <ele>196.07000000000002</ele>
   </trkpt>
   <trkpt lat="38.780710000000006" lon="-121.0425">
    <ele>191.35999999999999</ele>
   </trkpt>
   <trkpt lat="38.780910000000006" lon="-121.04317">
    <ele>184.91000000000003</ele>
   </trkpt>
   <trkpt lat="38.781000000000006" lon="-121.04322">
    <ele>184.4</ele>
   </trkpt>
   <trkpt lat="38.781110000000005" lon="-121.0434">
    <ele>181.95000000000002</ele>
   </trkpt>
   <trkpt lat="38.78112" lon="-121.04349">
    <ele>181.31000000000003</ele>
   </trkpt>
   <trkpt lat="38.7811" lon="-121.04349">
    <ele>179.95000000000002</ele>
   </trkpt>
   <trkpt lat="38.78101" lon="-121.04348000000002">
    <ele>179.34000000000003</ele>
   </trkpt>
   <trkpt lat="38.78089000000001" lon="-121.0434">
    <ele>178.01</ele>
   </trkpt>
   <trkpt lat="38.78074" lon="-121.04336">
    <ele>176.82</ele>
   </trkpt>
   <trkpt lat="38.780680000000004" lon="-121.04332000000001">
    <ele>176.82</ele>
   </trkpt>
   <trkpt lat="38.78058" lon="-121.04322">
    <ele>175.89000000000001</ele>
   </trkpt>
   <trkpt lat="38.78051000000001" lon="-121.04322">
    <ele>175.25</ele>
   </trkpt>
   <trkpt lat="38.78041" lon="-121.04335">
    <ele>174.14000000000001</ele>
   </trkpt>
   <trkpt lat="38.780330000000006" lon="-121.0434">
    <ele>173.51000000000002</ele>
   </trkpt>
   <trkpt lat="38.78025" lon="-121.04339000000002">
    <ele>173.14000000000001</ele>
   </trkpt>
   <trkpt lat="38.780210000000004" lon="-121.04331">
    <ele>173.05</ele>
   </trkpt>
   <trkpt lat="38.780150000000006" lon="-121.04329000000001">
    <ele>173.01000000000002</ele>
   </trkpt>
   <trkpt lat="38.780060000000006" lon="-121.04339000000002">
    <ele>173.04000000000002</ele>
   </trkpt>
   <trkpt lat="38.77995000000001" lon="-121.0434">
    <ele>172.65000000000003</ele>
   </trkpt>
   <trkpt lat="38.779900000000005" lon="-121.04363000000001">
    <ele>171.11</ele>
   </trkpt>
   <trkpt lat="38.779770000000006" lon="-121.04375">
    <ele>169.20000000000002</ele>
   </trkpt>
   <trkpt lat="38.77962" lon="-121.04403">
    <ele>167.07000000000002</ele>
   </trkpt>
   <trkpt lat="38.779610000000005" lon="-121.04429">
    <ele>164.24</ele>
   </trkpt>
   <trkpt lat="38.779540000000004" lon="-121.04447">
    <ele>163.52</ele>
   </trkpt>
   <trkpt lat="38.779210000000006" lon="-121.04486000000001">
    <ele>160.65</ele>
   </trkpt>
   <trkpt lat="38.77904" lon="-121.04497">
    <ele>157.10000000000002</ele>
   </trkpt>
   <trkpt lat="38.7791" lon="-121.04529000000001">
    <ele>157.52</ele>
   </trkpt>
   <trkpt lat="38.77908" lon="-121.04555">
    <ele>158.01000000000002</ele>
   </trkpt>
   <trkpt lat="38.77902" lon="-121.04586">
    <ele>158.22</ele>
   </trkpt>
   <trkpt lat="38.778830000000006" lon="-121.04644">
    <ele>160.0</ele>
   </trkpt>
   <trkpt lat="38.77859" lon="-121.04684">
    <ele>163.39000000000001</ele>
   </trkpt>
   <trkpt lat="38.778330000000004" lon="-121.04716">
    <ele>168.22</ele>
   </trkpt>
   <trkpt lat="38.77825" lon="-121.04739000000001">
    <ele>169.3</ele>
   </trkpt>
   <trkpt lat="38.77835" lon="-121.04774">
    <ele>172.72</ele>
   </trkpt>
   <trkpt lat="38.77834" lon="-121.04787">
    <ele>172.72</ele>
   </trkpt>
   <trkpt lat="38.77819" lon="-121.04788">
    <ele>174.39000000000001</ele>
   </trkpt>
   <trkpt lat="38.77801" lon="-121.04787">
    <ele>176.03000000000003</ele>
   </trkpt>
   <trkpt lat="38.77783" lon="-121.04791000000002">
    <ele>178.65</ele>
   </trkpt>
   <trkpt lat="38.777660000000004" lon="-121.04814">
    <ele>180.38</ele>
   </trkpt>
   <trkpt lat="38.7777" lon="-121.04836000000002">
    <ele>181.81000000000003</ele>
   </trkpt>
   <trkpt lat="38.778040000000004" lon="-121.04868">
    <ele>185.25000000000003</ele>
   </trkpt>
   <trkpt lat="38.77806" lon="-121.04904">
    <ele>187.34</ele>
   </trkpt>
   <trkpt lat="38.77816" lon="-121.04949">
    <ele>190.06</ele>
   </trkpt>
   <trkpt lat="38.777730000000005" lon="-121.04959000000001">
    <ele>191.39000000000001</ele>
   </trkpt>
   <trkpt lat="38.77738" lon="-121.04949">
    <ele>191.49</ele>
   </trkpt>
   <trkpt lat="38.777060000000006" lon="-121.04954000000001">
    <ele>192.43</ele>
   </trkpt>
   <trkpt lat="38.77678" lon="-121.04950000000001">
    <ele>193.08</ele>
   </trkpt>
   <trkpt lat="38.77647" lon="-121.04966">
    <ele>193.62</ele>
   </trkpt>
   <trkpt lat="38.776300000000006" lon="-121.04989">
    <ele>193.85000000000002</ele>
   </trkpt>
   <trkpt lat="38.776230000000005" lon="-121.05008000000001">
    <ele>194.08</ele>
   </trkpt>
   <trkpt lat="38.77622" lon="-121.05025">
    <ele>194.27</ele>
   </trkpt>
   <trkpt lat="38.77617" lon="-121.05034">
    <ele>194.27</ele>
   </trkpt>
   <trkpt lat="38.77555" lon="-121.05038">
    <ele>193.20000000000002</ele>
   </trkpt>
   <trkpt lat="38.775420000000004" lon="-121.05052">
    <ele>193.54000000000002</ele>
   </trkpt>
   <trkpt lat="38.77526" lon="-121.05083">
    <ele>194.5</ele>
   </trkpt>
   <trkpt lat="38.775240000000004" lon="-121.05172">
    <ele>196.75</ele>
   </trkpt>
   <trkpt lat="38.77519" lon="-121.05208">
    <ele>198.45000000000002</ele>
   </trkpt>
   <trkpt lat="38.77467" lon="-121.05249">
    <ele>200.62</ele>
   </trkpt>
   <trkpt lat="38.774280000000005" lon="-121.05259000000001">
    <ele>200.67000000000002</ele>
   </trkpt>
   <trkpt lat="38.774060000000006" lon="-121.05271">
    <ele>199.42000000000002</ele>
   </trkpt>
   <trkpt lat="38.774060000000006" lon="-121.05290000000001">
    <ele>197.95000000000002</ele>
   </trkpt>
   <trkpt lat="38.77427" lon="-121.0532">
    <ele>194.31</ele>
   </trkpt>
   <trkpt lat="38.774550000000005" lon="-121.05334">
    <ele>189.94000000000003</ele>
   </trkpt>
   <trkpt lat="38.77501" lon="-121.0532">
    <ele>181.25000000000003</ele>
   </trkpt>
   <trkpt lat="38.77516" lon="-121.05325">
    <ele>181.25000000000003</ele>
   </trkpt>
   <trkpt lat="38.775330000000004" lon="-121.05334">
    <ele>176.86</ele>
   </trkpt>
   <trkpt lat="38.77543" lon="-121.05334">
    <ele>175.71</ele>
   </trkpt>
   <trkpt lat="38.77552" lon="-121.05329">
    <ele>174.84000000000003</ele>
   </trkpt>
   <trkpt lat="38.775670000000005" lon="-121.05316">
    <ele>172.84000000000003</ele>
   </trkpt>
   <trkpt lat="38.77575" lon="-121.05315000000002">
    <ele>172.84000000000003</ele>
   </trkpt>
   <trkpt lat="38.77581" lon="-121.05326000000001">
    <ele>172.11</ele>
   </trkpt>
   <trkpt lat="38.77581" lon="-121.05344000000001">
    <ele>170.86</ele>
   </trkpt>
   <trkpt lat="38.775850000000005" lon="-121.05366000000001">
    <ele>168.75</ele>
   </trkpt>
   <trkpt lat="38.77593" lon="-121.05387">
    <ele>165.26000000000002</ele>
   </trkpt>
   <trkpt lat="38.77624" lon="-121.05429000000001">
    <ele>158.85999999999999</ele>
   </trkpt>
   <trkpt lat="38.776410000000006" lon="-121.05457000000001">
    <ele>155.08</ele>
   </trkpt>
   <trkpt lat="38.77622" lon="-121.05455">
    <ele>153.76</ele>
   </trkpt>
   <trkpt lat="38.776070000000004" lon="-121.05463">
    <ele>152.52</ele>
   </trkpt>
   <trkpt lat="38.775890000000004" lon="-121.05463">
    <ele>152.55</ele>
   </trkpt>
   <trkpt lat="38.775690000000004" lon="-121.05459">
    <ele>153.89</ele>
   </trkpt>
   <trkpt lat="38.7755" lon="-121.05463">
    <ele>154.67</ele>
   </trkpt>
   <trkpt lat="38.775130000000004" lon="-121.05472">
    <ele>150.45</ele>
   </trkpt>
   <trkpt lat="38.77497" lon="-121.05472">
    <ele>149.42000000000002</ele>
   </trkpt>
   <trkpt lat="38.774750000000004" lon="-121.05477">
    <ele>147.59</ele>
   </trkpt>
   <trkpt lat="38.77445" lon="-121.05472">
    <ele>146.4</ele>
   </trkpt>
   <trkpt lat="38.774530000000006" lon="-121.05467000000002">
    <ele>146.46</ele>
   </trkpt>
   <trkpt lat="38.774570000000004" lon="-121.05454">
    <ele>147.02</ele>
   </trkpt>
   <trkpt lat="38.77447" lon="-121.05446">
    <ele>148.4</ele>
   </trkpt>
   <trkpt lat="38.77413000000001" lon="-121.05446">
    <ele>148.59</ele>
   </trkpt>
   <trkpt lat="38.773880000000005" lon="-121.0545">
    <ele>148.43</ele>
   </trkpt>
   <trkpt lat="38.773410000000005" lon="-121.05432">
    <ele>146.84</ele>
   </trkpt>
   <trkpt lat="38.77329" lon="-121.05422000000002">
    <ele>146.54</ele>
   </trkpt>
   <trkpt lat="38.77308" lon="-121.0541">
    <ele>145.65</ele>
   </trkpt>
   <trkpt lat="38.77286" lon="-121.05405">
    <ele>145.42000000000002</ele>
   </trkpt>
   <trkpt lat="38.77268" lon="-121.05397">
    <ele>145.42000000000002</ele>
   </trkpt>
   <trkpt lat="38.772270000000006" lon="-121.05392">
    <ele>146.17000000000002</ele>
   </trkpt>
   <trkpt lat="38.772180000000006" lon="-121.05383">
    <ele>147.37</ele>
   </trkpt>
   <trkpt lat="38.772110000000005" lon="-121.05357000000001">
    <ele>149.32</ele>
   </trkpt>
   <trkpt lat="38.772110000000005" lon="-121.05334">
    <ele>150.78000000000003</ele>
   </trkpt>
   <trkpt lat="38.77219" lon="-121.05316">
    <ele>150.56</ele>
   </trkpt>
   <trkpt lat="38.772270000000006" lon="-121.05253">
    <ele>146.46</ele>
   </trkpt>
   <trkpt lat="38.772450000000006" lon="-121.05222">
    <ele>145.03000000000003</ele>
   </trkpt>
   <trkpt lat="38.772850000000005" lon="-121.05163">
    <ele>144.32</ele>
   </trkpt>
   <trkpt lat="38.773070001763294" lon="-121.05100500164649">
    <ele>144.66</ele>
   </trkpt>
   <trkpt lat="38.77329" lon="-121.05038">
    <ele>144.6</ele>
   </trkpt>
   <trkpt lat="38.77338" lon="-121.0498">
    <ele>144.66</ele>
   </trkpt>
   <trkpt lat="38.77353" lon="-121.04949">
    <ele>144.9</ele>
   </trkpt>
   <trkpt lat="38.77378" lon="-121.04935">
    <ele>145.17000000000002</ele>
   </trkpt>
   <trkpt lat="38.77451000000001" lon="-121.04917">
    <ele>145.77</ele>
   </trkpt>
   <trkpt lat="38.774750000000004" lon="-121.04908">
    <ele>145.52</ele>
   </trkpt>
   <trkpt lat="38.77505" lon="-121.04886">
    <ele>145.21</ele>
   </trkpt>
   <trkpt lat="38.775600000000004" lon="-121.04869000000001">
    <ele>145.54</ele>
   </trkpt>
   <trkpt lat="38.77604" lon="-121.04819">
    <ele>145.96</ele>
   </trkpt>
   <trkpt lat="38.77637" lon="-121.04766000000001">
    <ele>145.70000000000002</ele>
   </trkpt>
   <trkpt lat="38.77671" lon="-121.04733000000002">
    <ele>145.86</ele>
   </trkpt>
   <trkpt lat="38.77687" lon="-121.04725">
    <ele>146.68</ele>
   </trkpt>
   <trkpt lat="38.77693" lon="-121.04707">
    <ele>147.13</ele>
   </trkpt>
   <trkpt lat="38.77662" lon="-121.04684">
    <ele>151.12</ele>
   </trkpt>
   <trkpt lat="38.776030000000006" lon="-121.04672000000001">
    <ele>158.48000000000002</ele>
   </trkpt>
   <trkpt lat="38.775920000000006" lon="-121.04676">
    <ele>159.95000000000002</ele>
   </trkpt>
   <trkpt lat="38.775670000000005" lon="-121.04693">
    <ele>160.9</ele>
   </trkpt>
   <trkpt lat="38.77555" lon="-121.04715000000002">
    <ele>161.07999999999998</ele>
   </trkpt>
   <trkpt lat="38.775470000000006" lon="-121.04733000000002">
    <ele>161.18</ele>
   </trkpt>
   <trkpt lat="38.77514" lon="-121.04765">
    <ele>161.09</ele>
   </trkpt>
   <trkpt lat="38.77492" lon="-121.04769">
    <ele>161.35000000000002</ele>
   </trkpt>
   <trkpt lat="38.77478" lon="-121.04765">
    <ele>161.42000000000002</ele>
   </trkpt>
   <trkpt lat="38.774440000000006" lon="-121.04752">
    <ele>161.46</ele>
   </trkpt>
   <trkpt lat="38.7742" lon="-121.04747">
    <ele>161.66000000000003</ele>
   </trkpt>
   <trkpt lat="38.774100000000004" lon="-121.04729">
    <ele>161.63000000000002</ele>
   </trkpt>
   <trkpt lat="38.77389" lon="-121.04716">
    <ele>161.68</ele>
   </trkpt>
   <trkpt lat="38.773720000000004" lon="-121.04698">
    <ele>161.97</ele>
   </trkpt>
   <trkpt lat="38.77371" lon="-121.04685">
    <ele>161.97</ele>
   </trkpt>
   <trkpt lat="38.77375" lon="-121.04671">
    <ele>162.03</ele>
   </trkpt>
   <trkpt lat="38.77373" lon="-121.04662">
    <ele>162.03</ele>
   </trkpt>
   <trkpt lat="38.773680000000006" lon="-121.04662">
    <ele>161.91000000000003</ele>
   </trkpt>
   <trkpt lat="38.77364" lon="-121.04654000000001">
    <ele>161.91000000000003</ele>
   </trkpt>
   <trkpt lat="38.77357000000001" lon="-121.04649">
    <ele>161.91000000000003</ele>
   </trkpt>
   <trkpt lat="38.77347" lon="-121.04635">
    <ele>161.88000000000002</ele>
   </trkpt>
   <trkpt lat="38.77342" lon="-121.04608">
    <ele>161.93</ele>
   </trkpt>
   <trkpt lat="38.77346" lon="-121.04511000000001">
    <ele>162.14000000000001</ele>
   </trkpt>
   <trkpt lat="38.77353" lon="-121.04479">
    <ele>162.42000000000002</ele>
   </trkpt>
   <trkpt lat="38.773720000000004" lon="-121.04461">
    <ele>162.47</ele>
   </trkpt>
   <trkpt lat="38.773810000000005" lon="-121.04456">
    <ele>162.49</ele>
   </trkpt>
   <trkpt lat="38.773860000000006" lon="-121.04443">
    <ele>162.49</ele>
   </trkpt>
   <trkpt lat="38.773860000000006" lon="-121.04407">
    <ele>162.65</ele>
   </trkpt>
   <trkpt lat="38.773950000000006" lon="-121.04357000000002">
    <ele>162.77</ele>
   </trkpt>
   <trkpt lat="38.77407" lon="-121.04313">
    <ele>162.95000000000002</ele>
   </trkpt>
   <trkpt lat="38.77409" lon="-121.04287000000001">
    <ele>162.99</ele>
   </trkpt>
   <trkpt lat="38.77414" lon="-121.04268">
    <ele>162.99</ele>
   </trkpt>
   <trkpt lat="38.774150000000006" lon="-121.04237">
    <ele>163.19</ele>
   </trkpt>
   <trkpt lat="38.774100000000004" lon="-121.04214">
    <ele>163.01000000000002</ele>
   </trkpt>
   <trkpt lat="38.77414" lon="-121.04201">
    <ele>163.0</ele>
   </trkpt>
   <trkpt lat="38.774150000000006" lon="-121.04147">
    <ele>163.21</ele>
   </trkpt>
   <trkpt lat="38.774190000000004" lon="-121.04129">
    <ele>163.53</ele>
   </trkpt>
   <trkpt lat="38.774280000000005" lon="-121.04121">
    <ele>163.57000000000002</ele>
   </trkpt>
   <trkpt lat="38.77431" lon="-121.04116">
    <ele>163.57000000000002</ele>
   </trkpt>
   <trkpt lat="38.774280000000005" lon="-121.04102">
    <ele>163.57000000000002</ele>
   </trkpt>
   <trkpt lat="38.774210000000004" lon="-121.04093">
    <ele>163.60000000000002</ele>
   </trkpt>
   <trkpt lat="38.77429" lon="-121.04063000000001">
    <ele>163.84</ele>
   </trkpt>
   <trkpt lat="38.77436" lon="-121.04057000000002">
    <ele>163.87</ele>
   </trkpt>
   <trkpt lat="38.77432" lon="-121.04049">
    <ele>163.87</ele>
   </trkpt>
   <trkpt lat="38.77431" lon="-121.04031">
    <ele>163.88000000000002</ele>
   </trkpt>
   <trkpt lat="38.774260000000005" lon="-121.04014000000001">
    <ele>163.95000000000002</ele>
   </trkpt>
   <trkpt lat="38.77429" lon="-121.04004">
    <ele>163.95000000000002</ele>
   </trkpt>
   <trkpt lat="38.774260000000005" lon="-121.0399">
    <ele>163.98000000000002</ele>
   </trkpt>
   <trkpt lat="38.77427" lon="-121.03968">
    <ele>164.04000000000002</ele>
   </trkpt>
   <trkpt lat="38.774330000000006" lon="-121.03960000000001">
    <ele>164.06</ele>
   </trkpt>
   <trkpt lat="38.774390000000004" lon="-121.03959">
    <ele>164.03</ele>
   </trkpt>
   <trkpt lat="38.77441" lon="-121.0395">
    <ele>164.03</ele>
   </trkpt>
   <trkpt lat="38.77436" lon="-121.03928">
    <ele>163.9</ele>
   </trkpt>
   <trkpt lat="38.774370000000005" lon="-121.03914">
    <ele>163.89000000000001</ele>
   </trkpt>
   <trkpt lat="38.774420000000006" lon="-121.03896">
    <ele>164.08</ele>
   </trkpt>
   <trkpt lat="38.77451000000001" lon="-121.03875000000001">
    <ele>164.46</ele>
   </trkpt>
   <trkpt lat="38.7745" lon="-121.03865">
    <ele>164.45000000000002</ele>
   </trkpt>
   <trkpt lat="38.77445" lon="-121.03856">
    <ele>164.38000000000002</ele>
   </trkpt>
   <trkpt lat="38.77434" lon="-121.03856">
    <ele>164.05</ele>
   </trkpt>
   <trkpt lat="38.774240000000006" lon="-121.03852">
    <ele>163.87</ele>
   </trkpt>
   <trkpt lat="38.77416" lon="-121.03847">
    <ele>163.86</ele>
   </trkpt>
   <trkpt lat="38.773970000000006" lon="-121.03798">
    <ele>164.60000000000002</ele>
   </trkpt>
   <trkpt lat="38.77393" lon="-121.03775000000002">
    <ele>166.27</ele>
   </trkpt>
   <trkpt lat="38.77394" lon="-121.03754">
    <ele>168.15</ele>
   </trkpt>
   <trkpt lat="38.773880000000005" lon="-121.03714000000001">
    <ele>165.55</ele>
   </trkpt>
   <trkpt lat="38.77389" lon="-121.03699">
    <ele>164.8</ele>
   </trkpt>
   <trkpt lat="38.77396" lon="-121.03668">
    <ele>164.47</ele>
   </trkpt>
   <trkpt lat="38.773920000000004" lon="-121.03616000000001">
    <ele>162.51000000000002</ele>
   </trkpt>
   <trkpt lat="38.77365" lon="-121.03583">
    <ele>159.9</ele>
   </trkpt>
   <trkpt lat="38.77358" lon="-121.0357">
    <ele>158.56</ele>
   </trkpt>
   <trkpt lat="38.773720000000004" lon="-121.03543">
    <ele>157.35999999999999</ele>
   </trkpt>
   <trkpt lat="38.77378" lon="-121.03535000000001">
    <ele>157.35999999999999</ele>
   </trkpt>
   <trkpt lat="38.773830000000004" lon="-121.03532000000001">
    <ele>157.35999999999999</ele>
   </trkpt>
   <trkpt lat="38.774150000000006" lon="-121.03493000000002">
    <ele>154.47000000000003</ele>
   </trkpt>
   <trkpt lat="38.77411" lon="-121.03485">
    <ele>154.47000000000003</ele>
   </trkpt>
   <trkpt lat="38.77405" lon="-121.03481000000001">
    <ele>152.71</ele>
   </trkpt>
   <trkpt lat="38.77382" lon="-121.03502">
    <ele>151.06</ele>
   </trkpt>
   <trkpt lat="38.773630000000004" lon="-121.03524000000002">
    <ele>149.66000000000003</ele>
   </trkpt>
   <trkpt lat="38.77347" lon="-121.03550000000001">
    <ele>149.11</ele>
   </trkpt>
   <trkpt lat="38.77309500451389" lon="-121.03652500528608">
    <ele>148.04</ele>
   </trkpt>
   <trkpt lat="38.77272" lon="-121.03755000000001">
    <ele>147.1</ele>
   </trkpt>
   <trkpt lat="38.77264" lon="-121.03785">
    <ele>147.74</ele>
   </trkpt>
   <trkpt lat="38.77262" lon="-121.03826000000001">
    <ele>149.65</ele>
   </trkpt>
   <trkpt lat="38.77263000000001" lon="-121.0387">
    <ele>151.54</ele>
   </trkpt>
   <trkpt lat="38.77261" lon="-121.03893000000001">
    <ele>154.36</ele>
   </trkpt>
   <trkpt lat="38.772540000000006" lon="-121.03915">
    <ele>155.64</ele>
   </trkpt>
   <trkpt lat="38.77244" lon="-121.03936000000002">
    <ele>157.13000000000002</ele>
   </trkpt>
   <trkpt lat="38.772130000000004" lon="-121.03977">
    <ele>160.72</ele>
   </trkpt>
   <trkpt lat="38.77217" lon="-121.03992000000001">
    <ele>161.34</ele>
   </trkpt>
   <trkpt lat="38.77215" lon="-121.04004">
    <ele>161.49</ele>
   </trkpt>
   <trkpt lat="38.77185" lon="-121.04044">
    <ele>160.77</ele>
   </trkpt>
   <trkpt lat="38.77178" lon="-121.04076">
    <ele>159.63000000000002</ele>
   </trkpt>
   <trkpt lat="38.771730000000005" lon="-121.04151000000002">
    <ele>155.87</ele>
   </trkpt>
   <trkpt lat="38.77176" lon="-121.04191000000002">
    <ele>154.00000000000003</ele>
   </trkpt>
   <trkpt lat="38.77178" lon="-121.04283000000001">
    <ele>147.29</ele>
   </trkpt>
   <trkpt lat="38.77158" lon="-121.04299">
    <ele>146.92000000000002</ele>
   </trkpt>
   <trkpt lat="38.77129" lon="-121.04327">
    <ele>146.83</ele>
   </trkpt>
   <trkpt lat="38.77109" lon="-121.04336">
    <ele>146.24</ele>
   </trkpt>
   <trkpt lat="38.770970000000005" lon="-121.04350000000001">
    <ele>145.48</ele>
   </trkpt>
   <trkpt lat="38.77085" lon="-121.04357000000002">
    <ele>145.56000000000003</ele>
   </trkpt>
   <trkpt lat="38.77044" lon="-121.04358">
    <ele>146.01</ele>
   </trkpt>
   <trkpt lat="38.7704" lon="-121.04362">
    <ele>145.95000000000002</ele>
   </trkpt>
   <trkpt lat="38.77038" lon="-121.04367">
    <ele>145.96</ele>
   </trkpt>
   <trkpt lat="38.7704" lon="-121.04377000000001">
    <ele>146.1</ele>
   </trkpt>
   <trkpt lat="38.770500000000006" lon="-121.04393">
    <ele>146.46</ele>
   </trkpt>
   <trkpt lat="38.770570000000006" lon="-121.0442">
    <ele>146.70000000000002</ele>
   </trkpt>
   <trkpt lat="38.7706" lon="-121.0447">
    <ele>145.24</ele>
   </trkpt>
   <trkpt lat="38.77055" lon="-121.04501">
    <ele>144.81000000000003</ele>
   </trkpt>
   <trkpt lat="38.77064" lon="-121.04536000000002">
    <ele>148.42000000000002</ele>
   </trkpt>
   <trkpt lat="38.77064" lon="-121.04541">
    <ele>148.42000000000002</ele>
   </trkpt>
   <trkpt lat="38.77055" lon="-121.04555">
    <ele>149.19000000000003</ele>
   </trkpt>
   <trkpt lat="38.770540000000004" lon="-121.04563000000002">
    <ele>149.42000000000002</ele>
   </trkpt>
   <trkpt lat="38.77056" lon="-121.04565000000001">
    <ele>149.56</ele>
   </trkpt>
   <trkpt lat="38.77082" lon="-121.04577">
    <ele>149.92000000000002</ele>
   </trkpt>
   <trkpt lat="38.770970000000005" lon="-121.04587000000001">
    <ele>150.45</ele>
   </trkpt>
   <trkpt lat="38.77129" lon="-121.04604">
    <ele>150.85000000000002</ele>
   </trkpt>
   <trkpt lat="38.771620000000006" lon="-121.04645000000001">
    <ele>148.50000000000003</ele>
   </trkpt>
   <trkpt lat="38.77168" lon="-121.04662">
    <ele>147.12</ele>
   </trkpt>
   <trkpt lat="38.771710000000006" lon="-121.0468">
    <ele>146.82</ele>
   </trkpt>
   <trkpt lat="38.77169000000001" lon="-121.04707">
    <ele>147.87</ele>
   </trkpt>
   <trkpt lat="38.77160000000001" lon="-121.04747">
    <ele>149.59</ele>
   </trkpt>
   <trkpt lat="38.771530000000006" lon="-121.04769">
    <ele>152.29</ele>
   </trkpt>
   <trkpt lat="38.7715" lon="-121.04818000000002">
    <ele>155.51000000000002</ele>
   </trkpt>
   <trkpt lat="38.77147" lon="-121.04836000000002">
    <ele>157.01000000000002</ele>
   </trkpt>
   <trkpt lat="38.771480000000004" lon="-121.0485">
    <ele>158.99</ele>
   </trkpt>
   <trkpt lat="38.7714" lon="-121.04878000000001">
    <ele>162.29999999999998</ele>
   </trkpt>
   <trkpt lat="38.771300000000004" lon="-121.04904">
    <ele>164.89000000000001</ele>
   </trkpt>
   <trkpt lat="38.771240000000006" lon="-121.04913">
    <ele>165.53</ele>
   </trkpt>
   <trkpt lat="38.77087" lon="-121.04935">
    <ele>167.25</ele>
   </trkpt>
   <trkpt lat="38.770790000000005" lon="-121.0494">
    <ele>167.0</ele>
   </trkpt>
   <trkpt lat="38.770720000000004" lon="-121.04949">
    <ele>166.93</ele>
   </trkpt>
   <trkpt lat="38.770540000000004" lon="-121.05007">
    <ele>167.09</ele>
   </trkpt>
   <trkpt lat="38.770480000000006" lon="-121.0502">
    <ele>167.45000000000002</ele>
   </trkpt>
   <trkpt lat="38.77035" lon="-121.05033000000002">
    <ele>168.13</ele>
   </trkpt>
   <trkpt lat="38.770250000000004" lon="-121.05047">
    <ele>166.04000000000002</ele>
   </trkpt>
   <trkpt lat="38.770140000000005" lon="-121.05087">
    <ele>160.23000000000002</ele>
   </trkpt>
   <trkpt lat="38.77002" lon="-121.05114">
    <ele>156.41000000000003</ele>
   </trkpt>
   <trkpt lat="38.76991" lon="-121.05124">
    <ele>155.13000000000002</ele>
   </trkpt>
   <trkpt lat="38.76979" lon="-121.05132">
    <ele>153.34</ele>
   </trkpt>
   <trkpt lat="38.769600000000004" lon="-121.05133000000001">
    <ele>151.32</ele>
   </trkpt>
   <trkpt lat="38.76955" lon="-121.05141">
    <ele>148.87</ele>
   </trkpt>
   <trkpt lat="38.76953" lon="-121.0515">
    <ele>148.28000000000003</ele>
   </trkpt>
   <trkpt lat="38.769600000000004" lon="-121.05168">
    <ele>147.12</ele>
   </trkpt>
   <trkpt lat="38.769600000000004" lon="-121.05186">
    <ele>146.96</ele>
   </trkpt>
   <trkpt lat="38.76952" lon="-121.05213">
    <ele>147.34</ele>
   </trkpt>
   <trkpt lat="38.769450000000006" lon="-121.05231">
    <ele>148.06000000000003</ele>
   </trkpt>
   <trkpt lat="38.769420000000004" lon="-121.05244">
    <ele>148.54</ele>
   </trkpt>
   <trkpt lat="38.76934" lon="-121.05257">
    <ele>149.81</ele>
   </trkpt>
   <trkpt lat="38.769110000000005" lon="-121.05281000000001">
    <ele>152.91000000000003</ele>
   </trkpt>
   <trkpt lat="38.76906" lon="-121.05290000000001">
    <ele>153.55</ele>
   </trkpt>
   <trkpt lat="38.768910000000005" lon="-121.05334">
    <ele>154.13000000000002</ele>
   </trkpt>
   <trkpt lat="38.76877" lon="-121.05355000000002">
    <ele>153.43</ele>
   </trkpt>
   <trkpt lat="38.76878000000001" lon="-121.05352">
    <ele>153.43</ele>
   </trkpt>
   <trkpt lat="38.76872" lon="-121.05364000000002">
    <ele>152.93</ele>
   </trkpt>
   <trkpt lat="38.76818" lon="-121.05414">
    <ele>154.96</ele>
   </trkpt>
   <trkpt lat="38.76762" lon="-121.05445000000002">
    <ele>153.02</ele>
   </trkpt>
   <trkpt lat="38.767540000000004" lon="-121.0545">
    <ele>152.22000000000003</ele>
   </trkpt>
   <trkpt lat="38.7674" lon="-121.05472">
    <ele>149.97000000000003</ele>
   </trkpt>
   <trkpt lat="38.76728000000001" lon="-121.05477">
    <ele>147.87</ele>
   </trkpt>
   <trkpt lat="38.767140000000005" lon="-121.05478000000001">
    <ele>146.8</ele>
   </trkpt>
   <trkpt lat="38.767010000000006" lon="-121.05487000000001">
    <ele>147.31000000000003</ele>
   </trkpt>
   <trkpt lat="38.76697" lon="-121.05513">
    <ele>147.64000000000001</ele>
   </trkpt>
   <trkpt lat="38.76691" lon="-121.05531">
    <ele>147.65</ele>
   </trkpt>
   <trkpt lat="38.766780000000004" lon="-121.05545000000001">
    <ele>147.85</ele>
   </trkpt>
   <trkpt lat="38.76655" lon="-121.05567">
    <ele>147.51</ele>
   </trkpt>
   <trkpt lat="38.76634000000001" lon="-121.05571">
    <ele>147.70000000000002</ele>
   </trkpt>
   <trkpt lat="38.76623" lon="-121.05566">
    <ele>147.76</ele>
   </trkpt>
   <trkpt lat="38.76615" lon="-121.05557">
    <ele>148.18</ele>
   </trkpt>
   <trkpt lat="38.76597" lon="-121.05549">
    <ele>148.92000000000002</ele>
   </trkpt>
   <trkpt lat="38.76577" lon="-121.05558">
    <ele>148.64000000000001</ele>
   </trkpt>
   <trkpt lat="38.765570000000004" lon="-121.05581000000001">
    <ele>147.32</ele>
   </trkpt>
   <trkpt lat="38.76547" lon="-121.05585">
    <ele>147.14000000000001</ele>
   </trkpt>
   <trkpt lat="38.76529" lon="-121.05584">
    <ele>147.19000000000003</ele>
   </trkpt>
   <trkpt lat="38.76512" lon="-121.05575">
    <ele>146.96</ele>
   </trkpt>
   <trkpt lat="38.76505" lon="-121.05567">
    <ele>146.96</ele>
   </trkpt>
   <trkpt lat="38.765060000000005" lon="-121.05548">
    <ele>147.46</ele>
   </trkpt>
   <trkpt lat="38.765130000000006" lon="-121.05526">
    <ele>148.64000000000001</ele>
   </trkpt>
   <trkpt lat="38.765170000000005" lon="-121.0549">
    <ele>147.20000000000002</ele>
   </trkpt>
   <trkpt lat="38.76505" lon="-121.05486">
    <ele>147.06000000000003</ele>
   </trkpt>
   <trkpt lat="38.76494" lon="-121.05495">
    <ele>147.32</ele>
   </trkpt>
   <trkpt lat="38.76475000000001" lon="-121.05491">
    <ele>148.00000000000003</ele>
   </trkpt>
   <trkpt lat="38.76453" lon="-121.05505000000001">
    <ele>146.81000000000003</ele>
   </trkpt>
   <trkpt lat="38.76437000000001" lon="-121.05522">
    <ele>146.49</ele>
   </trkpt>
   <trkpt lat="38.76406" lon="-121.05503000000002">
    <ele>146.08</ele>
   </trkpt>
   <trkpt lat="38.763960000000004" lon="-121.05508">
    <ele>147.12</ele>
   </trkpt>
   <trkpt lat="38.7638" lon="-121.05504">
    <ele>149.42000000000002</ele>
   </trkpt>
   <trkpt lat="38.76359" lon="-121.05526">
    <ele>150.99</ele>
   </trkpt>
   <trkpt lat="38.763380000000005" lon="-121.05530000000002">
    <ele>152.61</ele>
   </trkpt>
   <trkpt lat="38.763180000000006" lon="-121.05544">
    <ele>152.34</ele>
   </trkpt>
   <trkpt lat="38.763020000000004" lon="-121.05548">
    <ele>151.32</ele>
   </trkpt>
   <trkpt lat="38.76288" lon="-121.05545000000001">
    <ele>150.03000000000003</ele>
   </trkpt>
   <trkpt lat="38.76263" lon="-121.05522">
    <ele>147.00000000000003</ele>
   </trkpt>
   <trkpt lat="38.762420000000006" lon="-121.05477">
    <ele>147.33</ele>
   </trkpt>
   <trkpt lat="38.762330000000006" lon="-121.05482">
    <ele>147.36</ele>
   </trkpt>
   <trkpt lat="38.762420000000006" lon="-121.05513">
    <ele>145.53000000000003</ele>
   </trkpt>
   <trkpt lat="38.76240000000001" lon="-121.05548">
    <ele>144.78000000000003</ele>
   </trkpt>
   <trkpt lat="38.76218" lon="-121.05579000000002">
    <ele>145.86</ele>
   </trkpt>
   <trkpt lat="38.76182" lon="-121.05593">
    <ele>146.3</ele>
   </trkpt>
   <trkpt lat="38.761500000000005" lon="-121.05584">
    <ele>148.65</ele>
   </trkpt>
   <trkpt lat="38.76126" lon="-121.05522">
    <ele>150.72000000000003</ele>
   </trkpt>
   <trkpt lat="38.76113" lon="-121.05530000000002">
    <ele>150.1</ele>
   </trkpt>
   <trkpt lat="38.761050000000004" lon="-121.05562">
    <ele>149.65</ele>
   </trkpt>
   <trkpt lat="38.76084" lon="-121.05594">
    <ele>147.96</ele>
   </trkpt>
   <trkpt lat="38.760470000000005" lon="-121.05602">
    <ele>150.08</ele>
   </trkpt>
   <trkpt lat="38.760110000000005" lon="-121.05567">
    <ele>152.29</ele>
   </trkpt>
   <trkpt lat="38.75936" lon="-121.05574000000001">
    <ele>146.61</ele>
   </trkpt>
   <trkpt lat="38.75889" lon="-121.05570000000002">
    <ele>149.32</ele>
   </trkpt>
   <trkpt lat="38.75851" lon="-121.05575">
    <ele>150.74</ele>
   </trkpt>
   <trkpt lat="38.75784" lon="-121.05576">
    <ele>148.35</ele>
   </trkpt>
   <trkpt lat="38.757380000000005" lon="-121.05593">
    <ele>148.74</ele>
   </trkpt>
   <trkpt lat="38.756890000000006" lon="-121.0558">
    <ele>145.08</ele>
   </trkpt>
   <trkpt lat="38.756840000000004" lon="-121.05535">
    <ele>144.4</ele>
   </trkpt>
   <trkpt lat="38.756870000000006" lon="-121.05503000000002">
    <ele>144.71</ele>
   </trkpt>
   <trkpt lat="38.756780000000006" lon="-121.05495">
    <ele>144.42000000000002</ele>
   </trkpt>
   <trkpt lat="38.756620000000005" lon="-121.05508">
    <ele>144.17000000000002</ele>
   </trkpt>
   <trkpt lat="38.756280000000004" lon="-121.05513">
    <ele>144.11</ele>
   </trkpt>
   <trkpt lat="38.75602000000001" lon="-121.055">
    <ele>143.99</ele>
   </trkpt>
   <trkpt lat="38.75602000000001" lon="-121.05469000000001">
    <ele>144.11</ele>
   </trkpt>
   <trkpt lat="38.75612" lon="-121.05437">
    <ele>143.95000000000002</ele>
   </trkpt>
   <trkpt lat="38.756370000000004" lon="-121.05382000000002">
    <ele>145.42000000000002</ele>
   </trkpt>
   <trkpt lat="38.75649000000001" lon="-121.05333000000002">
    <ele>145.16</ele>
   </trkpt>
   <trkpt lat="38.756660000000004" lon="-121.05325">
    <ele>146.06000000000003</ele>
   </trkpt>
   <trkpt lat="38.756780000000006" lon="-121.05303">
    <ele>148.22000000000003</ele>
   </trkpt>
   <trkpt lat="38.756840000000004" lon="-121.05276">
    <ele>149.85</ele>
   </trkpt>
   <trkpt lat="38.75676" lon="-121.05249">
    <ele>150.13000000000002</ele>
   </trkpt>
   <trkpt lat="38.75674" lon="-121.05226">
    <ele>150.34</ele>
   </trkpt>
   <trkpt lat="38.756620000000005" lon="-121.05221000000002">
    <ele>150.3</ele>
   </trkpt>
   <trkpt lat="38.75634" lon="-121.05226">
    <ele>149.25000000000003</ele>
   </trkpt>
   <trkpt lat="38.756130000000006" lon="-121.05217">
    <ele>147.56000000000003</ele>
   </trkpt>
   <trkpt lat="38.755950000000006" lon="-121.05196000000001">
    <ele>145.38</ele>
   </trkpt>
   <trkpt lat="38.75567" lon="-121.05178000000001">
    <ele>144.71</ele>
   </trkpt>
   <trkpt lat="38.755500000000005" lon="-121.05137">
    <ele>145.09000000000003</ele>
   </trkpt>
   <trkpt lat="38.75553" lon="-121.05114">
    <ele>144.66</ele>
   </trkpt>
   <trkpt lat="38.75571" lon="-121.05093000000001">
    <ele>143.66</ele>
   </trkpt>
   <trkpt lat="38.75603" lon="-121.05069">
    <ele>144.38</ele>
   </trkpt>
   <trkpt lat="38.75601" lon="-121.05056">
    <ele>144.34000000000003</ele>
   </trkpt>
   <trkpt lat="38.7556" lon="-121.0506">
    <ele>144.43</ele>
   </trkpt>
   <trkpt lat="38.75509" lon="-121.05074">
    <ele>143.39000000000001</ele>
   </trkpt>
   <trkpt lat="38.754810000000006" lon="-121.0506">
    <ele>143.57</ele>
   </trkpt>
   <trkpt lat="38.75455" lon="-121.05026000000001">
    <ele>143.83</ele>
   </trkpt>
   <trkpt lat="38.754470000000005" lon="-121.05002">
    <ele>143.64000000000001</ele>
   </trkpt>
   <trkpt lat="38.7545" lon="-121.04926">
    <ele>143.65</ele>
   </trkpt>
   <trkpt lat="38.75432" lon="-121.04887000000001">
    <ele>144.16</ele>
   </trkpt>
   <trkpt lat="38.75404" lon="-121.04899">
    <ele>144.95000000000002</ele>
   </trkpt>
   <trkpt lat="38.753870000000006" lon="-121.04886">
    <ele>146.09000000000003</ele>
   </trkpt>
   <trkpt lat="38.75365" lon="-121.04906000000001">
    <ele>146.36</ele>
   </trkpt>
   <trkpt lat="38.75361" lon="-121.04922">
    <ele>145.68</ele>
   </trkpt>
   <trkpt lat="38.75363" lon="-121.04958">
    <ele>143.8</ele>
   </trkpt>
   <trkpt lat="38.75358000000001" lon="-121.04966">
    <ele>143.54</ele>
   </trkpt>
   <trkpt lat="38.7535" lon="-121.04967">
    <ele>142.82</ele>
   </trkpt>
   <trkpt lat="38.75345" lon="-121.04966">
    <ele>142.82</ele>
   </trkpt>
   <trkpt lat="38.75318" lon="-121.04972000000001">
    <ele>140.95000000000002</ele>
   </trkpt>
   <trkpt lat="38.752990000000004" lon="-121.04989">
    <ele>140.45000000000002</ele>
   </trkpt>
   <trkpt lat="38.75294" lon="-121.05002">
    <ele>140.09</ele>
   </trkpt>
   <trkpt lat="38.75292" lon="-121.05011">
    <ele>140.03</ele>
   </trkpt>
   <trkpt lat="38.75283" lon="-121.05025">
    <ele>140.24</ele>
   </trkpt>
   <trkpt lat="38.75276" lon="-121.05065">
    <ele>141.52</ele>
   </trkpt>
   <trkpt lat="38.752680000000005" lon="-121.05082000000002">
    <ele>142.5</ele>
   </trkpt>
   <trkpt lat="38.75267" lon="-121.05091000000002">
    <ele>143.73000000000002</ele>
   </trkpt>
   <trkpt lat="38.752790000000005" lon="-121.05119">
    <ele>149.03000000000003</ele>
   </trkpt>
   <trkpt lat="38.752880000000005" lon="-121.05129000000001">
    <ele>150.62</ele>
   </trkpt>
   <trkpt lat="38.75294" lon="-121.05132">
    <ele>151.24</ele>
   </trkpt>
   <trkpt lat="38.7531" lon="-121.05132">
    <ele>152.14000000000001</ele>
   </trkpt>
   <trkpt lat="38.75323" lon="-121.05137">
    <ele>151.66000000000003</ele>
   </trkpt>
   <trkpt lat="38.75336" lon="-121.05154">
    <ele>150.29</ele>
   </trkpt>
   <trkpt lat="38.753460000000004" lon="-121.05163">
    <ele>149.95</ele>
   </trkpt>
   <trkpt lat="38.753620000000005" lon="-121.05187000000001">
    <ele>149.22000000000003</ele>
   </trkpt>
   <trkpt lat="38.75368" lon="-121.05213">
    <ele>149.28000000000003</ele>
   </trkpt>
   <trkpt lat="38.753820000000005" lon="-121.05248000000002">
    <ele>149.24</ele>
   </trkpt>
   <trkpt lat="38.754270000000005" lon="-121.05312">
    <ele>155.64</ele>
   </trkpt>
   <trkpt lat="38.754360000000005" lon="-121.05334">
    <ele>157.69000000000003</ele>
   </trkpt>
   <trkpt lat="38.754290000000005" lon="-121.05369">
    <ele>161.82000000000002</ele>
   </trkpt>
   <trkpt lat="38.7543" lon="-121.05405">
    <ele>160.92000000000002</ele>
   </trkpt>
   <trkpt lat="38.754380000000005" lon="-121.05432">
    <ele>155.60000000000002</ele>
   </trkpt>
   <trkpt lat="38.75435" lon="-121.05442000000001">
    <ele>154.68</ele>
   </trkpt>
   <trkpt lat="38.75432" lon="-121.05447000000001">
    <ele>153.9</ele>
   </trkpt>
   <trkpt lat="38.75419" lon="-121.0545">
    <ele>152.84</ele>
   </trkpt>
   <trkpt lat="38.754070000000006" lon="-121.05446">
    <ele>153.69000000000003</ele>
   </trkpt>
   <trkpt lat="38.754000000000005" lon="-121.05438000000001">
    <ele>154.52</ele>
   </trkpt>
   <trkpt lat="38.75395" lon="-121.05441">
    <ele>154.8</ele>
   </trkpt>
   <trkpt lat="38.753820000000005" lon="-121.0545">
    <ele>154.77</ele>
   </trkpt>
   <trkpt lat="38.753710000000005" lon="-121.0545">
    <ele>154.34</ele>
   </trkpt>
   <trkpt lat="38.75336" lon="-121.05469000000001">
    <ele>153.68</ele>
   </trkpt>
   <trkpt lat="38.75312" lon="-121.05481">
    <ele>154.54000000000002</ele>
   </trkpt>
   <trkpt lat="38.753080000000004" lon="-121.05486">
    <ele>154.86</ele>
   </trkpt>
   <trkpt lat="38.75309" lon="-121.05495">
    <ele>155.25</ele>
   </trkpt>
   <trkpt lat="38.753130000000006" lon="-121.055">
    <ele>156.60999999999999</ele>
   </trkpt>
   <trkpt lat="38.75334" lon="-121.05514000000001">
    <ele>157.25</ele>
   </trkpt>
   <trkpt lat="38.753550000000004" lon="-121.05535">
    <ele>157.05</ele>
   </trkpt>
   <trkpt lat="38.753620000000005" lon="-121.05548">
    <ele>156.77</ele>
   </trkpt>
   <trkpt lat="38.75365" lon="-121.05566">
    <ele>156.74</ele>
   </trkpt>
   <trkpt lat="38.75361" lon="-121.05581000000001">
    <ele>157.15</ele>
   </trkpt>
   <trkpt lat="38.7535" lon="-121.05598">
    <ele>158.35999999999999</ele>
   </trkpt>
   <trkpt lat="38.75348" lon="-121.05611">
    <ele>158.65</ele>
   </trkpt>
   <trkpt lat="38.753330000000005" lon="-121.05634">
    <ele>158.60000000000002</ele>
   </trkpt>
   <trkpt lat="38.75327" lon="-121.05653000000001">
    <ele>158.59</ele>
   </trkpt>
   <trkpt lat="38.753220000000006" lon="-121.0566">
    <ele>158.55</ele>
   </trkpt>
   <trkpt lat="38.753150000000005" lon="-121.05664000000002">
    <ele>158.26000000000002</ele>
   </trkpt>
   <trkpt lat="38.75298" lon="-121.05696">
    <ele>154.69000000000003</ele>
   </trkpt>
   <trkpt lat="38.75294" lon="-121.05714">
    <ele>154.06</ele>
   </trkpt>
   <trkpt lat="38.752970000000005" lon="-121.05719">
    <ele>154.06</ele>
   </trkpt>
   <trkpt lat="38.752970000000005" lon="-121.05732">
    <ele>153.17</ele>
   </trkpt>
   <trkpt lat="38.75289" lon="-121.05733000000001">
    <ele>153.08</ele>
   </trkpt>
   <trkpt lat="38.752750000000006" lon="-121.05742000000001">
    <ele>152.85000000000002</ele>
   </trkpt>
   <trkpt lat="38.75254" lon="-121.05773">
    <ele>151.51</ele>
   </trkpt>
   <trkpt lat="38.75247" lon="-121.05777">
    <ele>151.35000000000002</ele>
   </trkpt>
   <trkpt lat="38.752430000000004" lon="-121.05782">
    <ele>151.10000000000002</ele>
   </trkpt>
   <trkpt lat="38.75244" lon="-121.05786">
    <ele>150.77</ele>
   </trkpt>
   <trkpt lat="38.75253" lon="-121.05795">
    <ele>149.47000000000003</ele>
   </trkpt>
   <trkpt lat="38.75215" lon="-121.05866">
    <ele>148.68</ele>
   </trkpt>
   <trkpt lat="38.75179" lon="-121.05902">
    <ele>151.17</ele>
   </trkpt>
   <trkpt lat="38.75168" lon="-121.05916">
    <ele>151.58</ele>
   </trkpt>
   <trkpt lat="38.75164" lon="-121.05929">
    <ele>151.58</ele>
   </trkpt>
   <trkpt lat="38.75164" lon="-121.05934">
    <ele>152.2</ele>
   </trkpt>
   <trkpt lat="38.751670000000004" lon="-121.05942">
    <ele>152.2</ele>
   </trkpt>
   <trkpt lat="38.751760000000004" lon="-121.05947">
    <ele>152.2</ele>
   </trkpt>
   <trkpt lat="38.75191" lon="-121.05948000000001">
    <ele>152.69000000000003</ele>
   </trkpt>
   <trkpt lat="38.752030000000005" lon="-121.05956">
    <ele>153.37</ele>
   </trkpt>
   <trkpt lat="38.75233" lon="-121.05978">
    <ele>154.41000000000003</ele>
   </trkpt>
   <trkpt lat="38.75265" lon="-121.0601">
    <ele>158.45000000000002</ele>
   </trkpt>
   <trkpt lat="38.75289" lon="-121.0605">
    <ele>161.12</ele>
   </trkpt>
   <trkpt lat="38.75298" lon="-121.06059">
    <ele>161.69</ele>
   </trkpt>
   <trkpt lat="38.75309" lon="-121.06068">
    <ele>161.71</ele>
   </trkpt>
   <trkpt lat="38.75327" lon="-121.06076000000002">
    <ele>161.01000000000002</ele>
   </trkpt>
   <trkpt lat="38.753350000000005" lon="-121.06077">
    <ele>161.01000000000002</ele>
   </trkpt>
   <trkpt lat="38.75358000000001" lon="-121.06059">
    <ele>162.0</ele>
   </trkpt>
   <trkpt lat="38.75376" lon="-121.06060000000001">
    <ele>164.34</ele>
   </trkpt>
   <trkpt lat="38.75395" lon="-121.06059">
    <ele>165.36</ele>
   </trkpt>
   <trkpt lat="38.754110000000004" lon="-121.0605">
    <ele>168.18</ele>
   </trkpt>
   <trkpt lat="38.754310000000004" lon="-121.06023">
    <ele>169.03</ele>
   </trkpt>
   <trkpt lat="38.754380000000005" lon="-121.06023">
    <ele>169.57000000000002</ele>
   </trkpt>
   <trkpt lat="38.754430000000006" lon="-121.06027000000002">
    <ele>170.0</ele>
   </trkpt>
   <trkpt lat="38.75448" lon="-121.06032">
    <ele>170.53</ele>
   </trkpt>
   <trkpt lat="38.754540000000006" lon="-121.06045">
    <ele>172.23000000000002</ele>
   </trkpt>
   <trkpt lat="38.75455" lon="-121.06059">
    <ele>173.39000000000001</ele>
   </trkpt>
   <trkpt lat="38.75453" lon="-121.06081">
    <ele>172.59</ele>
   </trkpt>
   <trkpt lat="38.754430000000006" lon="-121.06105000000001">
    <ele>170.35</ele>
   </trkpt>
   <trkpt lat="38.75433" lon="-121.06141000000001">
    <ele>168.15</ele>
   </trkpt>
   <trkpt lat="38.7543" lon="-121.06162">
    <ele>168.37</ele>
   </trkpt>
   <trkpt lat="38.7543" lon="-121.06197000000002">
    <ele>171.45000000000002</ele>
   </trkpt>
   <trkpt lat="38.754220000000004" lon="-121.06226000000001">
    <ele>172.67000000000002</ele>
   </trkpt>
   <trkpt lat="38.75419" lon="-121.06248000000001">
    <ele>172.75</ele>
   </trkpt>
   <trkpt lat="38.75406" lon="-121.06293000000001">
    <ele>172.23000000000002</ele>
   </trkpt>
   <trkpt lat="38.75394" lon="-121.06323">
    <ele>171.3</ele>
   </trkpt>
   <trkpt lat="38.753840000000004" lon="-121.06336">
    <ele>170.03</ele>
   </trkpt>
   <trkpt lat="38.75347" lon="-121.06369000000001">
    <ele>169.37</ele>
   </trkpt>
   <trkpt lat="38.753400000000006" lon="-121.06372">
    <ele>169.65</ele>
   </trkpt>
   <trkpt lat="38.75323" lon="-121.06368">
    <ele>169.54000000000002</ele>
   </trkpt>
   <trkpt lat="38.75309" lon="-121.06377">
    <ele>169.13</ele>
   </trkpt>
   <trkpt lat="38.75292" lon="-121.06399">
    <ele>168.39000000000001</ele>
   </trkpt>
   <trkpt lat="38.75289" lon="-121.06405000000001">
    <ele>168.17000000000002</ele>
   </trkpt>
   <trkpt lat="38.75287" lon="-121.06422">
    <ele>167.05</ele>
   </trkpt>
   <trkpt lat="38.752880000000005" lon="-121.0643">
    <ele>167.05</ele>
   </trkpt>
   <trkpt lat="38.75296" lon="-121.06453">
    <ele>166.29000000000002</ele>
   </trkpt>
   <trkpt lat="38.752950000000006" lon="-121.06490000000001">
    <ele>165.4</ele>
   </trkpt>
   <trkpt lat="38.75301" lon="-121.06529">
    <ele>162.0</ele>
   </trkpt>
   <trkpt lat="38.75301" lon="-121.06539000000001">
    <ele>161.09</ele>
   </trkpt>
   <trkpt lat="38.75289" lon="-121.06619">
    <ele>158.66000000000003</ele>
   </trkpt>
   <trkpt lat="38.752840000000006" lon="-121.06641">
    <ele>158.60000000000002</ele>
   </trkpt>
   <trkpt lat="38.752680000000005" lon="-121.06686">
    <ele>159.51000000000002</ele>
   </trkpt>
   <trkpt lat="38.75273" lon="-121.06726">
    <ele>161.48000000000002</ele>
   </trkpt>
   <trkpt lat="38.752720000000004" lon="-121.06757">
    <ele>162.07000000000002</ele>
   </trkpt>
   <trkpt lat="38.75262" lon="-121.06829">
    <ele>158.59</ele>
   </trkpt>
   <trkpt lat="38.75265" lon="-121.06838">
    <ele>157.69000000000003</ele>
   </trkpt>
   <trkpt lat="38.75285" lon="-121.06856">
    <ele>156.2</ele>
   </trkpt>
   <trkpt lat="38.753150000000005" lon="-121.0686">
    <ele>157.28</ele>
   </trkpt>
   <trkpt lat="38.753620000000005" lon="-121.06838">
    <ele>158.95000000000002</ele>
   </trkpt>
   <trkpt lat="38.75376" lon="-121.06824">
    <ele>159.03</ele>
   </trkpt>
   <trkpt lat="38.75386" lon="-121.06807">
    <ele>158.46</ele>
   </trkpt>
   <trkpt lat="38.753960000000006" lon="-121.06799000000001">
    <ele>157.54000000000002</ele>
   </trkpt>
   <trkpt lat="38.75404" lon="-121.06802">
    <ele>157.02</ele>
   </trkpt>
   <trkpt lat="38.75414000000001" lon="-121.06811">
    <ele>156.56</ele>
   </trkpt>
   <trkpt lat="38.75441" lon="-121.06873000000002">
    <ele>156.07000000000002</ele>
   </trkpt>
   <trkpt lat="38.754540000000006" lon="-121.06883">
    <ele>154.83</ele>
   </trkpt>
   <trkpt lat="38.754740000000005" lon="-121.0691">
    <ele>153.59</ele>
   </trkpt>
   <trkpt lat="38.75509" lon="-121.06936">
    <ele>150.39000000000001</ele>
   </trkpt>
   <trkpt lat="38.75555000045934" lon="-121.06960999849375">
    <ele>149.17000000000002</ele>
   </trkpt>
   <trkpt lat="38.75601" lon="-121.06986">
    <ele>145.03000000000003</ele>
   </trkpt>
   <trkpt lat="38.75607" lon="-121.06991000000001">
    <ele>145.03000000000003</ele>
   </trkpt>
   <trkpt lat="38.756080000000004" lon="-121.06995">
    <ele>145.03000000000003</ele>
   </trkpt>
   <trkpt lat="38.75612" lon="-121.07021">
    <ele>144.54</ele>
   </trkpt>
   <trkpt lat="38.756170000000004" lon="-121.07035">
    <ele>144.58</ele>
   </trkpt>
   <trkpt lat="38.7563" lon="-121.07049">
    <ele>144.68</ele>
   </trkpt>
   <trkpt lat="38.756310000000006" lon="-121.07059000000001">
    <ele>144.68</ele>
   </trkpt>
   <trkpt lat="38.756310000000006" lon="-121.07057">
    <ele>144.68</ele>
   </trkpt>
   <trkpt lat="38.75629" lon="-121.07071">
    <ele>144.79</ele>
   </trkpt>
   <trkpt lat="38.75621" lon="-121.07075">
    <ele>144.79</ele>
   </trkpt>
   <trkpt lat="38.75614" lon="-121.07075">
    <ele>144.97</ele>
   </trkpt>
   <trkpt lat="38.75598" lon="-121.07066">
    <ele>145.62</ele>
   </trkpt>
   <trkpt lat="38.75553" lon="-121.07035">
    <ele>146.51</ele>
   </trkpt>
   <trkpt lat="38.75522" lon="-121.07018000000001">
    <ele>146.09000000000003</ele>
   </trkpt>
   <trkpt lat="38.75461000000001" lon="-121.06995">
    <ele>145.81000000000003</ele>
   </trkpt>
   <trkpt lat="38.754340000000006" lon="-121.06981">
    <ele>147.29</ele>
   </trkpt>
   <trkpt lat="38.75419" lon="-121.06981">
    <ele>147.29</ele>
   </trkpt>
   <trkpt lat="38.75395" lon="-121.0699">
    <ele>148.88</ele>
   </trkpt>
   <trkpt lat="38.753800000000005" lon="-121.07005000000001">
    <ele>150.81</ele>
   </trkpt>
   <trkpt lat="38.753640000000004" lon="-121.07039">
    <ele>155.07000000000002</ele>
   </trkpt>
   <trkpt lat="38.75354" lon="-121.07048">
    <ele>156.17</ele>
   </trkpt>
   <trkpt lat="38.75339" lon="-121.07053">
    <ele>158.76000000000002</ele>
   </trkpt>
   <trkpt lat="38.75309" lon="-121.07053">
    <ele>165.96</ele>
   </trkpt>
   <trkpt lat="38.75296" lon="-121.07057">
    <ele>167.8</ele>
   </trkpt>
   <trkpt lat="38.75289" lon="-121.07062">
    <ele>168.64000000000001</ele>
   </trkpt>
   <trkpt lat="38.75283" lon="-121.07072000000001">
    <ele>170.90000000000003</ele>
   </trkpt>
   <trkpt lat="38.7528" lon="-121.07089">
    <ele>172.70000000000002</ele>
   </trkpt>
   <trkpt lat="38.752790000000005" lon="-121.07111">
    <ele>173.61</ele>
   </trkpt>
   <trkpt lat="38.752750000000006" lon="-121.0712">
    <ele>173.75</ele>
   </trkpt>
   <trkpt lat="38.75229" lon="-121.0716">
    <ele>175.91</ele>
   </trkpt>
   <trkpt lat="38.75213" lon="-121.07169">
    <ele>177.23000000000002</ele>
   </trkpt>
   <trkpt lat="38.752" lon="-121.07183">
    <ele>177.23000000000002</ele>
   </trkpt>
   <trkpt lat="38.751830000000005" lon="-121.07209">
    <ele>178.77</ele>
   </trkpt>
   <trkpt lat="38.75173" lon="-121.07237">
    <ele>177.83</ele>
   </trkpt>
   <trkpt lat="38.75159" lon="-121.0729">
    <ele>174.83</ele>
   </trkpt>
   <trkpt lat="38.7515" lon="-121.07303">
    <ele>174.36</ele>
   </trkpt>
   <trkpt lat="38.75095" lon="-121.07364000000001">
    <ele>167.77</ele>
   </trkpt>
   <trkpt lat="38.75097" lon="-121.07363000000001">
    <ele>167.77</ele>
   </trkpt>
   <trkpt lat="38.75088" lon="-121.07366">
    <ele>166.3</ele>
   </trkpt>
   <trkpt lat="38.75077" lon="-121.07367">
    <ele>164.91</ele>
   </trkpt>
   <trkpt lat="38.75065" lon="-121.07366">
    <ele>162.41000000000003</ele>
   </trkpt>
   <trkpt lat="38.750440000000005" lon="-121.07354000000001">
    <ele>160.20000000000002</ele>
   </trkpt>
   <trkpt lat="38.75036" lon="-121.07344">
    <ele>159.27</ele>
   </trkpt>
   <trkpt lat="38.7501" lon="-121.07291000000001">
    <ele>155.54000000000002</ele>
   </trkpt>
   <trkpt lat="38.75003" lon="-121.07287000000001">
    <ele>155.82000000000002</ele>
   </trkpt>
   <trkpt lat="38.74983" lon="-121.0729">
    <ele>157.74</ele>
   </trkpt>
   <trkpt lat="38.74965" lon="-121.07269000000001">
    <ele>159.89000000000001</ele>
   </trkpt>
   <trkpt lat="38.74947" lon="-121.07260000000001">
    <ele>160.46</ele>
   </trkpt>
   <trkpt lat="38.74944" lon="-121.07254">
    <ele>160.45000000000002</ele>
   </trkpt>
   <trkpt lat="38.749390000000005" lon="-121.07249000000002">
    <ele>160.35000000000002</ele>
   </trkpt>
   <trkpt lat="38.748960000000004" lon="-121.07222000000002">
    <ele>158.76000000000002</ele>
   </trkpt>
   <trkpt lat="38.74884" lon="-121.07205">
    <ele>159.73000000000002</ele>
   </trkpt>
   <trkpt lat="38.748830000000005" lon="-121.07196">
    <ele>161.13000000000002</ele>
   </trkpt>
   <trkpt lat="38.74886" lon="-121.07187">
    <ele>161.53</ele>
   </trkpt>
   <trkpt lat="38.749050000000004" lon="-121.0716">
    <ele>162.36</ele>
   </trkpt>
   <trkpt lat="38.749230000000004" lon="-121.07142">
    <ele>162.24</ele>
   </trkpt>
   <trkpt lat="38.74933" lon="-121.07129">
    <ele>161.29000000000002</ele>
   </trkpt>
   <trkpt lat="38.749410000000005" lon="-121.07112000000001">
    <ele>158.33</ele>
   </trkpt>
   <trkpt lat="38.74945" lon="-121.07098">
    <ele>157.25</ele>
   </trkpt>
   <trkpt lat="38.74945" lon="-121.07088000000002">
    <ele>157.25</ele>
   </trkpt>
   <trkpt lat="38.74942" lon="-121.07076">
    <ele>155.35000000000002</ele>
   </trkpt>
   <trkpt lat="38.749120000000005" lon="-121.07008">
    <ele>153.32000000000002</ele>
   </trkpt>
   <trkpt lat="38.749" lon="-121.06987000000001">
    <ele>150.56</ele>
   </trkpt>
   <trkpt lat="38.748900000000006" lon="-121.06978000000001">
    <ele>148.96</ele>
   </trkpt>
   <trkpt lat="38.748760000000004" lon="-121.06972">
    <ele>146.98</ele>
   </trkpt>
   <trkpt lat="38.74866" lon="-121.06972">
    <ele>145.98</ele>
   </trkpt>
   <trkpt lat="38.7486" lon="-121.06977">
    <ele>145.78000000000003</ele>
   </trkpt>
   <trkpt lat="38.74846" lon="-121.06995">
    <ele>145.35</ele>
   </trkpt>
   <trkpt lat="38.748340000000006" lon="-121.07004">
    <ele>145.24</ele>
   </trkpt>
   <trkpt lat="38.74817" lon="-121.07008">
    <ele>144.78000000000003</ele>
   </trkpt>
   <trkpt lat="38.748110000000004" lon="-121.07004">
    <ele>144.61</ele>
   </trkpt>
   <trkpt lat="38.74783" lon="-121.06946">
    <ele>144.66</ele>
   </trkpt>
   <trkpt lat="38.747730000000004" lon="-121.06906000000001">
    <ele>146.22000000000003</ele>
   </trkpt>
   <trkpt lat="38.747780000000006" lon="-121.06887">
    <ele>146.43</ele>
   </trkpt>
   <trkpt lat="38.74775" lon="-121.06875000000001">
    <ele>146.04</ele>
   </trkpt>
   <trkpt lat="38.747690000000006" lon="-121.06868000000001">
    <ele>144.87</ele>
   </trkpt>
   <trkpt lat="38.747490000000006" lon="-121.06866000000001">
    <ele>143.62000000000003</ele>
   </trkpt>
   <trkpt lat="38.74743" lon="-121.06864000000002">
    <ele>143.5</ele>
   </trkpt>
   <trkpt lat="38.74736" lon="-121.06848000000001">
    <ele>143.68</ele>
   </trkpt>
   <trkpt lat="38.74736" lon="-121.06825">
    <ele>144.62</ele>
   </trkpt>
   <trkpt lat="38.74729000000001" lon="-121.06799000000001">
    <ele>146.00000000000003</ele>
   </trkpt>
   <trkpt lat="38.74723" lon="-121.06798">
    <ele>146.00000000000003</ele>
   </trkpt>
   <trkpt lat="38.747170000000004" lon="-121.06802">
    <ele>146.35</ele>
   </trkpt>
   <trkpt lat="38.74687" lon="-121.06878">
    <ele>147.67000000000002</ele>
   </trkpt>
   <trkpt lat="38.7468" lon="-121.06905">
    <ele>148.4</ele>
   </trkpt>
   <trkpt lat="38.7468" lon="-121.06931000000002">
    <ele>147.68</ele>
   </trkpt>
   <trkpt lat="38.74651" lon="-121.06954">
    <ele>146.91</ele>
   </trkpt>
   <trkpt lat="38.7464" lon="-121.06959">
    <ele>146.97000000000003</ele>
   </trkpt>
   <trkpt lat="38.746300000000005" lon="-121.06958000000002">
    <ele>147.26</ele>
   </trkpt>
   <trkpt lat="38.746120000000005" lon="-121.0695">
    <ele>146.99</ele>
   </trkpt>
   <trkpt lat="38.74604" lon="-121.0695">
    <ele>146.96</ele>
   </trkpt>
   <trkpt lat="38.745830000000005" lon="-121.06954">
    <ele>147.19000000000003</ele>
   </trkpt>
   <trkpt lat="38.74555" lon="-121.06968">
    <ele>148.08</ele>
   </trkpt>
   <trkpt lat="38.745340000000006" lon="-121.06973">
    <ele>148.84</ele>
   </trkpt>
   <trkpt lat="38.74526" lon="-121.06969000000001">
    <ele>149.51</ele>
   </trkpt>
   <trkpt lat="38.74521" lon="-121.0695">
    <ele>149.93</ele>
   </trkpt>
   <trkpt lat="38.745160000000006" lon="-121.06945">
    <ele>149.49</ele>
   </trkpt>
   <trkpt lat="38.74494" lon="-121.06932">
    <ele>147.38</ele>
   </trkpt>
   <trkpt lat="38.74483" lon="-121.0691">
    <ele>146.76</ele>
   </trkpt>
   <trkpt lat="38.74483" lon="-121.06902000000001">
    <ele>146.8</ele>
   </trkpt>
   <trkpt lat="38.744980000000005" lon="-121.06865">
    <ele>148.47000000000003</ele>
   </trkpt>
   <trkpt lat="38.744960000000006" lon="-121.06833">
    <ele>149.00000000000003</ele>
   </trkpt>
   <trkpt lat="38.74494" lon="-121.06817000000001">
    <ele>148.78000000000003</ele>
   </trkpt>
   <trkpt lat="38.7449" lon="-121.06802">
    <ele>148.14000000000001</ele>
   </trkpt>
   <trkpt lat="38.74479" lon="-121.06772000000001">
    <ele>147.97000000000003</ele>
   </trkpt>
   <trkpt lat="38.744710000000005" lon="-121.06761000000002">
    <ele>148.17000000000002</ele>
   </trkpt>
   <trkpt lat="38.74466" lon="-121.06757">
    <ele>148.21</ele>
   </trkpt>
   <trkpt lat="38.74459" lon="-121.06757">
    <ele>148.23</ele>
   </trkpt>
   <trkpt lat="38.74419" lon="-121.06802">
    <ele>147.29</ele>
   </trkpt>
   <trkpt lat="38.74409" lon="-121.06808000000001">
    <ele>147.08</ele>
   </trkpt>
   <trkpt lat="38.74398" lon="-121.06812000000001">
    <ele>147.22000000000003</ele>
   </trkpt>
   <trkpt lat="38.74387" lon="-121.06811">
    <ele>147.74</ele>
   </trkpt>
   <trkpt lat="38.74372" lon="-121.06793">
    <ele>149.75000000000003</ele>
   </trkpt>
   <trkpt lat="38.7436" lon="-121.06766">
    <ele>150.68</ele>
   </trkpt>
   <trkpt lat="38.74362" lon="-121.06743000000002">
    <ele>150.38000000000002</ele>
   </trkpt>
   <trkpt lat="38.743570000000005" lon="-121.06739">
    <ele>150.38000000000002</ele>
   </trkpt>
   <trkpt lat="38.74347" lon="-121.06744">
    <ele>150.04</ele>
   </trkpt>
   <trkpt lat="38.74335000000001" lon="-121.06802">
    <ele>147.83</ele>
   </trkpt>
   <trkpt lat="38.74335000000001" lon="-121.06842">
    <ele>146.55</ele>
   </trkpt>
   <trkpt lat="38.743410000000004" lon="-121.06866000000001">
    <ele>145.67000000000002</ele>
   </trkpt>
   <trkpt lat="38.74354" lon="-121.06892">
    <ele>146.3</ele>
   </trkpt>
   <trkpt lat="38.74356" lon="-121.06901">
    <ele>147.04</ele>
   </trkpt>
   <trkpt lat="38.74353" lon="-121.06918">
    <ele>147.76</ele>
   </trkpt>
   <trkpt lat="38.743460000000006" lon="-121.06938000000001">
    <ele>148.00000000000003</ele>
   </trkpt>
   <trkpt lat="38.743390000000005" lon="-121.06958000000002">
    <ele>148.08</ele>
   </trkpt>
   <trkpt lat="38.74336" lon="-121.06959">
    <ele>148.07</ele>
   </trkpt>
   <trkpt lat="38.74331" lon="-121.06958000000002">
    <ele>148.00000000000003</ele>
   </trkpt>
   <trkpt lat="38.74326000000001" lon="-121.0695">
    <ele>147.88</ele>
   </trkpt>
   <trkpt lat="38.74266" lon="-121.06919">
    <ele>147.48</ele>
   </trkpt>
   <trkpt lat="38.74255" lon="-121.06909000000002">
    <ele>148.04</ele>
   </trkpt>
   <trkpt lat="38.742470000000004" lon="-121.06879">
    <ele>147.70000000000002</ele>
   </trkpt>
   <trkpt lat="38.742380000000004" lon="-121.06865">
    <ele>147.02</ele>
   </trkpt>
   <trkpt lat="38.742020000000004" lon="-121.06839000000001">
    <ele>145.03000000000003</ele>
   </trkpt>
   <trkpt lat="38.741870000000006" lon="-121.06838">
    <ele>144.66</ele>
   </trkpt>
   <trkpt lat="38.74166" lon="-121.06874">
    <ele>144.9</ele>
   </trkpt>
   <trkpt lat="38.741510000000005" lon="-121.06883">
    <ele>144.99</ele>
   </trkpt>
   <trkpt lat="38.741460000000004" lon="-121.06879">
    <ele>144.99</ele>
   </trkpt>
   <trkpt lat="38.741420000000005" lon="-121.0687">
    <ele>144.99</ele>
   </trkpt>
   <trkpt lat="38.74138000000001" lon="-121.06838">
    <ele>145.09000000000003</ele>
   </trkpt>
   <trkpt lat="38.741240000000005" lon="-121.06785">
    <ele>147.76</ele>
   </trkpt>
   <trkpt lat="38.74119" lon="-121.06757">
    <ele>148.96</ele>
   </trkpt>
   <trkpt lat="38.74112" lon="-121.06748">
    <ele>148.96</ele>
   </trkpt>
   <trkpt lat="38.74101" lon="-121.06744">
    <ele>149.61</ele>
   </trkpt>
   <trkpt lat="38.74078" lon="-121.06744">
    <ele>150.47000000000003</ele>
   </trkpt>
   <trkpt lat="38.74072" lon="-121.06735">
    <ele>151.75000000000003</ele>
   </trkpt>
   <trkpt lat="38.740770000000005" lon="-121.06700000000001">
    <ele>152.15</ele>
   </trkpt>
   <trkpt lat="38.740750000000006" lon="-121.0669">
    <ele>151.88000000000002</ele>
   </trkpt>
   <trkpt lat="38.74071" lon="-121.06681">
    <ele>150.77</ele>
   </trkpt>
   <trkpt lat="38.740640000000006" lon="-121.06678000000001">
    <ele>150.46</ele>
   </trkpt>
   <trkpt lat="38.740590000000005" lon="-121.06678000000001">
    <ele>150.22000000000003</ele>
   </trkpt>
   <trkpt lat="38.74036" lon="-121.06694000000002">
    <ele>149.50000000000003</ele>
   </trkpt>
   <trkpt lat="38.740080000000006" lon="-121.06735">
    <ele>149.37</ele>
   </trkpt>
   <trkpt lat="38.73997000000001" lon="-121.06766">
    <ele>148.77</ele>
   </trkpt>
   <trkpt lat="38.739340000000006" lon="-121.06847">
    <ele>151.19000000000003</ele>
   </trkpt>
   <trkpt lat="38.7391" lon="-121.06847">
    <ele>148.87</ele>
   </trkpt>
   <trkpt lat="38.73903" lon="-121.06852">
    <ele>148.08</ele>
   </trkpt>
   <trkpt lat="38.73883" lon="-121.06878">
    <ele>149.9</ele>
   </trkpt>
   <trkpt lat="38.73875" lon="-121.06878">
    <ele>152.62</ele>
   </trkpt>
   <trkpt lat="38.738600000000005" lon="-121.06865">
    <ele>154.73</ele>
   </trkpt>
   <trkpt lat="38.738490000000006" lon="-121.0686">
    <ele>155.44000000000003</ele>
   </trkpt>
   <trkpt lat="38.73838000000001" lon="-121.0686">
    <ele>155.55</ele>
   </trkpt>
   <trkpt lat="38.73814" lon="-121.06865">
    <ele>154.41000000000003</ele>
   </trkpt>
   <trkpt lat="38.738040000000005" lon="-121.06864000000002">
    <ele>154.24</ele>
   </trkpt>
   <trkpt lat="38.73781" lon="-121.06847">
    <ele>155.22000000000003</ele>
   </trkpt>
   <trkpt lat="38.73772" lon="-121.06843">
    <ele>155.29000000000002</ele>
   </trkpt>
   <trkpt lat="38.737570000000005" lon="-121.06851">
    <ele>155.29000000000002</ele>
   </trkpt>
   <trkpt lat="38.737320000000004" lon="-121.06842">
    <ele>156.85000000000002</ele>
   </trkpt>
   <trkpt lat="38.737170000000006" lon="-121.06844000000001">
    <ele>156.76000000000002</ele>
   </trkpt>
   <trkpt lat="38.73697000000001" lon="-121.0686">
    <ele>155.5</ele>
   </trkpt>
   <trkpt lat="38.736880000000006" lon="-121.0686">
    <ele>153.77</ele>
   </trkpt>
   <trkpt lat="38.736630000000005" lon="-121.06851">
    <ele>152.35000000000002</ele>
   </trkpt>
   <trkpt lat="38.73650000000001" lon="-121.06839000000001">
    <ele>151.77</ele>
   </trkpt>
   <trkpt lat="38.73628" lon="-121.06830000000001">
    <ele>152.2</ele>
   </trkpt>
   <trkpt lat="38.73599" lon="-121.06833">
    <ele>153.27</ele>
   </trkpt>
   <trkpt lat="38.73581" lon="-121.06852">
    <ele>153.36</ele>
   </trkpt>
   <trkpt lat="38.73563" lon="-121.06865">
    <ele>153.19000000000003</ele>
   </trkpt>
   <trkpt lat="38.73539" lon="-121.06873000000002">
    <ele>153.42</ele>
   </trkpt>
   <trkpt lat="38.735040000000005" lon="-121.06875000000001">
    <ele>154.49</ele>
   </trkpt>
   <trkpt lat="38.73478" lon="-121.06887">
    <ele>153.64</ele>
   </trkpt>
   <trkpt lat="38.73467" lon="-121.06896">
    <ele>151.81</ele>
   </trkpt>
   <trkpt lat="38.73418" lon="-121.06892">
    <ele>148.61</ele>
   </trkpt>
   <trkpt lat="38.73398" lon="-121.06882000000002">
    <ele>150.21</ele>
   </trkpt>
   <trkpt lat="38.73382" lon="-121.06869">
    <ele>150.96</ele>
   </trkpt>
   <trkpt lat="38.733670000000004" lon="-121.06864000000002">
    <ele>151.03000000000003</ele>
   </trkpt>
   <trkpt lat="38.733630000000005" lon="-121.06887">
    <ele>150.22000000000003</ele>
   </trkpt>
   <trkpt lat="38.733630000000005" lon="-121.06901">
    <ele>149.88000000000002</ele>
   </trkpt>
   <trkpt lat="38.73368" lon="-121.06945">
    <ele>147.43</ele>
   </trkpt>
   <trkpt lat="38.73366" lon="-121.06959">
    <ele>147.08</ele>
   </trkpt>
   <trkpt lat="38.733560000000004" lon="-121.06972">
    <ele>146.44</ele>
   </trkpt>
   <trkpt lat="38.733470000000004" lon="-121.06981">
    <ele>146.34000000000003</ele>
   </trkpt>
   <trkpt lat="38.7334" lon="-121.06985000000002">
    <ele>146.44</ele>
   </trkpt>
   <trkpt lat="38.73324" lon="-121.06981">
    <ele>146.89000000000001</ele>
   </trkpt>
   <trkpt lat="38.73277" lon="-121.06963">
    <ele>147.09</ele>
   </trkpt>
   <trkpt lat="38.73261" lon="-121.0695">
    <ele>147.88</ele>
   </trkpt>
   <trkpt lat="38.73241" lon="-121.06927">
    <ele>148.18</ele>
   </trkpt>
   <trkpt lat="38.73232" lon="-121.06920000000001">
    <ele>148.17000000000002</ele>
   </trkpt>
   <trkpt lat="38.732130000000005" lon="-121.06914">
    <ele>148.83</ele>
   </trkpt>
   <trkpt lat="38.73201" lon="-121.06901">
    <ele>150.36</ele>
   </trkpt>
   <trkpt lat="38.73199" lon="-121.06892">
    <ele>150.74</ele>
   </trkpt>
   <trkpt lat="38.73199" lon="-121.06861">
    <ele>151.59</ele>
   </trkpt>
   <trkpt lat="38.73192" lon="-121.06847">
    <ele>151.22000000000003</ele>
   </trkpt>
   <trkpt lat="38.731860000000005" lon="-121.06842">
    <ele>150.93</ele>
   </trkpt>
   <trkpt lat="38.73176" lon="-121.06847">
    <ele>149.9</ele>
   </trkpt>
   <trkpt lat="38.7316" lon="-121.06861">
    <ele>149.11</ele>
   </trkpt>
   <trkpt lat="38.73158" lon="-121.06869">
    <ele>148.77</ele>
   </trkpt>
   <trkpt lat="38.73158" lon="-121.06878">
    <ele>148.32</ele>
   </trkpt>
   <trkpt lat="38.73162000000001" lon="-121.06892">
    <ele>148.18</ele>
   </trkpt>
   <trkpt lat="38.73172" lon="-121.06914">
    <ele>149.28000000000003</ele>
   </trkpt>
   <trkpt lat="38.731730000000006" lon="-121.06923">
    <ele>149.56</ele>
   </trkpt>
   <trkpt lat="38.73172" lon="-121.06954">
    <ele>150.82</ele>
   </trkpt>
   <trkpt lat="38.73151" lon="-121.06977">
    <ele>150.83</ele>
   </trkpt>
   <trkpt lat="38.73143" lon="-121.06982">
    <ele>150.77</ele>
   </trkpt>
   <trkpt lat="38.731280000000005" lon="-121.06986">
    <ele>151.26</ele>
   </trkpt>
   <trkpt lat="38.73116" lon="-121.06984000000001">
    <ele>151.60000000000002</ele>
   </trkpt>
   <trkpt lat="38.73067" lon="-121.06968">
    <ele>150.09</ele>
   </trkpt>
   <trkpt lat="38.73022" lon="-121.06932">
    <ele>149.25000000000003</ele>
   </trkpt>
   <trkpt lat="38.7299" lon="-121.06927">
    <ele>148.13</ele>
   </trkpt>
   <trkpt lat="38.72968" lon="-121.06909000000002">
    <ele>147.68</ele>
   </trkpt>
   <trkpt lat="38.72955" lon="-121.06901">
    <ele>147.47000000000003</ele>
   </trkpt>
   <trkpt lat="38.72932" lon="-121.0691">
    <ele>147.58</ele>
   </trkpt>
   <trkpt lat="38.72917" lon="-121.06908000000001">
    <ele>146.19</ele>
   </trkpt>
   <trkpt lat="38.72914" lon="-121.06918">
    <ele>146.19</ele>
   </trkpt>
   <trkpt lat="38.72908" lon="-121.06923">
    <ele>145.78000000000003</ele>
   </trkpt>
   <trkpt lat="38.729020000000006" lon="-121.06924000000001">
    <ele>145.78000000000003</ele>
   </trkpt>
   <trkpt lat="38.72887" lon="-121.06923">
    <ele>145.44</ele>
   </trkpt>
   <trkpt lat="38.72881" lon="-121.06927">
    <ele>145.44</ele>
   </trkpt>
   <trkpt lat="38.728770000000004" lon="-121.06936">
    <ele>145.26</ele>
   </trkpt>
   <trkpt lat="38.728750000000005" lon="-121.06981">
    <ele>145.35</ele>
   </trkpt>
   <trkpt lat="38.728770000000004" lon="-121.06987000000001">
    <ele>145.45000000000002</ele>
   </trkpt>
   <trkpt lat="38.72883" lon="-121.06995">
    <ele>145.79</ele>
   </trkpt>
   <trkpt lat="38.72898" lon="-121.07004">
    <ele>146.68</ele>
   </trkpt>
   <trkpt lat="38.72939" lon="-121.07004">
    <ele>147.42000000000002</ele>
   </trkpt>
   <trkpt lat="38.72974000000001" lon="-121.07017">
    <ele>148.77</ele>
   </trkpt>
   <trkpt lat="38.72981" lon="-121.07021">
    <ele>148.50000000000003</ele>
   </trkpt>
   <trkpt lat="38.7299" lon="-121.0703">
    <ele>148.39000000000001</ele>
   </trkpt>
   <trkpt lat="38.73031" lon="-121.07102">
    <ele>150.77</ele>
   </trkpt>
   <trkpt lat="38.730430000000005" lon="-121.07130000000001">
    <ele>153.76</ele>
   </trkpt>
   <trkpt lat="38.73046" lon="-121.07147">
    <ele>154.54000000000002</ele>
   </trkpt>
   <trkpt lat="38.730470000000004" lon="-121.0717">
    <ele>156.10000000000002</ele>
   </trkpt>
   <trkpt lat="38.730430000000005" lon="-121.07200000000002">
    <ele>157.46</ele>
   </trkpt>
   <trkpt lat="38.73044" lon="-121.07206000000001">
    <ele>157.66000000000003</ele>
   </trkpt>
   <trkpt lat="38.730470000000004" lon="-121.07209">
    <ele>157.82000000000002</ele>
   </trkpt>
   <trkpt lat="38.73053" lon="-121.07211000000001">
    <ele>157.95000000000002</ele>
   </trkpt>
   <trkpt lat="38.7308" lon="-121.07201">
    <ele>158.66000000000003</ele>
   </trkpt>
   <trkpt lat="38.730880000000006" lon="-121.07202000000001">
    <ele>158.66000000000003</ele>
   </trkpt>
   <trkpt lat="38.730940000000004" lon="-121.07205">
    <ele>158.81</ele>
   </trkpt>
   <trkpt lat="38.731010000000005" lon="-121.07214">
    <ele>158.89</ele>
   </trkpt>
   <trkpt lat="38.731030000000004" lon="-121.07219">
    <ele>158.89</ele>
   </trkpt>
   <trkpt lat="38.73105" lon="-121.07231000000002">
    <ele>158.94000000000003</ele>
   </trkpt>
   <trkpt lat="38.73105" lon="-121.0725">
    <ele>159.22</ele>
   </trkpt>
   <trkpt lat="38.731080000000006" lon="-121.07259">
    <ele>159.27</ele>
   </trkpt>
   <trkpt lat="38.73115000000001" lon="-121.07259">
    <ele>159.20000000000002</ele>
   </trkpt>
   <trkpt lat="38.731370000000005" lon="-121.07254">
    <ele>158.79000000000002</ele>
   </trkpt>
   <trkpt lat="38.73158" lon="-121.07254">
    <ele>158.45000000000002</ele>
   </trkpt>
   <trkpt lat="38.73189" lon="-121.07259">
    <ele>157.13000000000002</ele>
   </trkpt>
   <trkpt lat="38.73205" lon="-121.07268">
    <ele>156.46</ele>
   </trkpt>
   <trkpt lat="38.732130000000005" lon="-121.07268">
    <ele>156.46</ele>
   </trkpt>
   <trkpt lat="38.732240000000004" lon="-121.07259">
    <ele>155.98000000000002</ele>
   </trkpt>
   <trkpt lat="38.73243" lon="-121.07223">
    <ele>154.83</ele>
   </trkpt>
   <trkpt lat="38.732490000000006" lon="-121.07215000000001">
    <ele>154.72000000000003</ele>
   </trkpt>
   <trkpt lat="38.732780000000005" lon="-121.07205">
    <ele>154.45</ele>
   </trkpt>
   <trkpt lat="38.73293" lon="-121.07205">
    <ele>153.93</ele>
   </trkpt>
   <trkpt lat="38.73333" lon="-121.07215000000001">
    <ele>152.15</ele>
   </trkpt>
   <trkpt lat="38.73368" lon="-121.07197000000001">
    <ele>150.2</ele>
   </trkpt>
   <trkpt lat="38.733740000000004" lon="-121.07188000000001">
    <ele>149.59</ele>
   </trkpt>
   <trkpt lat="38.73377" lon="-121.07179000000001">
    <ele>149.45</ele>
   </trkpt>
   <trkpt lat="38.73393" lon="-121.07174">
    <ele>150.46</ele>
   </trkpt>
   <trkpt lat="38.734370000000006" lon="-121.07148000000001">
    <ele>152.54</ele>
   </trkpt>
   <trkpt lat="38.735040000000005" lon="-121.07157000000001">
    <ele>156.5</ele>
   </trkpt>
   <trkpt lat="38.73534" lon="-121.07169">
    <ele>159.72</ele>
   </trkpt>
   <trkpt lat="38.73545" lon="-121.07178">
    <ele>159.48000000000002</ele>
   </trkpt>
   <trkpt lat="38.73575" lon="-121.07223">
    <ele>156.46</ele>
   </trkpt>
   <trkpt lat="38.73583" lon="-121.07228">
    <ele>156.27</ele>
   </trkpt>
   <trkpt lat="38.735890000000005" lon="-121.07231000000002">
    <ele>156.3</ele>
   </trkpt>
   <trkpt lat="38.736070000000005" lon="-121.07222000000002">
    <ele>158.0</ele>
   </trkpt>
   <trkpt lat="38.73642" lon="-121.07187">
    <ele>158.34</ele>
   </trkpt>
   <trkpt lat="38.73649" lon="-121.07183">
    <ele>157.59</ele>
   </trkpt>
   <trkpt lat="38.73664" lon="-121.07178">
    <ele>157.16000000000003</ele>
   </trkpt>
   <trkpt lat="38.73702" lon="-121.07178">
    <ele>155.47000000000003</ele>
   </trkpt>
   <trkpt lat="38.737460000000006" lon="-121.07191000000002">
    <ele>157.19000000000003</ele>
   </trkpt>
   <trkpt lat="38.737680000000005" lon="-121.07205">
    <ele>155.75</ele>
   </trkpt>
   <trkpt lat="38.73774" lon="-121.07218">
    <ele>155.39</ele>
   </trkpt>
   <trkpt lat="38.73776" lon="-121.07232">
    <ele>155.28</ele>
   </trkpt>
   <trkpt lat="38.737730000000006" lon="-121.07254">
    <ele>155.37</ele>
   </trkpt>
   <trkpt lat="38.73769" lon="-121.07263">
    <ele>155.45</ele>
   </trkpt>
   <trkpt lat="38.737370000000006" lon="-121.07295">
    <ele>157.12</ele>
   </trkpt>
   <trkpt lat="38.73736" lon="-121.07303">
    <ele>157.31</ele>
   </trkpt>
   <trkpt lat="38.73743" lon="-121.07309000000001">
    <ele>157.54000000000002</ele>
   </trkpt>
   <trkpt lat="38.737700000000004" lon="-121.07313">
    <ele>158.75</ele>
   </trkpt>
   <trkpt lat="38.7379" lon="-121.0733">
    <ele>159.35000000000002</ele>
   </trkpt>
   <trkpt lat="38.737950000000005" lon="-121.0733">
    <ele>159.42000000000002</ele>
   </trkpt>
   <trkpt lat="38.73803" lon="-121.0733">
    <ele>159.34</ele>
   </trkpt>
   <trkpt lat="38.7383" lon="-121.07305000000001">
    <ele>157.77</ele>
   </trkpt>
   <trkpt lat="38.738510000000005" lon="-121.07291000000001">
    <ele>154.93</ele>
   </trkpt>
   <trkpt lat="38.738800000000005" lon="-121.0729">
    <ele>153.39000000000001</ele>
   </trkpt>
   <trkpt lat="38.73888" lon="-121.07286">
    <ele>153.26</ele>
   </trkpt>
   <trkpt lat="38.73912" lon="-121.07245">
    <ele>154.10000000000002</ele>
   </trkpt>
   <trkpt lat="38.73935" lon="-121.07223">
    <ele>155.55</ele>
   </trkpt>
   <trkpt lat="38.73946" lon="-121.07218">
    <ele>155.55</ele>
   </trkpt>
   <trkpt lat="38.73969" lon="-121.07215000000001">
    <ele>154.56</ele>
   </trkpt>
   <trkpt lat="38.73997000000001" lon="-121.07219">
    <ele>153.34</ele>
   </trkpt>
   <trkpt lat="38.74015" lon="-121.07218">
    <ele>152.85000000000002</ele>
   </trkpt>
   <trkpt lat="38.74027" lon="-121.07219">
    <ele>152.92</ele>
   </trkpt>
   <trkpt lat="38.74044000000001" lon="-121.07231000000002">
    <ele>152.08</ele>
   </trkpt>
   <trkpt lat="38.74049" lon="-121.07241">
    <ele>151.58</ele>
   </trkpt>
   <trkpt lat="38.740520000000004" lon="-121.07268">
    <ele>148.87</ele>
   </trkpt>
   <trkpt lat="38.740660000000005" lon="-121.07268">
    <ele>147.82</ele>
   </trkpt>
   <trkpt lat="38.74105" lon="-121.07259">
    <ele>149.11</ele>
   </trkpt>
   <trkpt lat="38.741240000000005" lon="-121.07246">
    <ele>150.82</ele>
   </trkpt>
   <trkpt lat="38.741440000000004" lon="-121.07237">
    <ele>154.44000000000003</ele>
   </trkpt>
   <trkpt lat="38.74152" lon="-121.07228">
    <ele>155.22000000000003</ele>
   </trkpt>
   <trkpt lat="38.74159" lon="-121.07209">
    <ele>155.12</ele>
   </trkpt>
   <trkpt lat="38.741870000000006" lon="-121.0721">
    <ele>155.7</ele>
   </trkpt>
   <trkpt lat="38.74195" lon="-121.07211000000001">
    <ele>156.10000000000002</ele>
   </trkpt>
   <trkpt lat="38.74217" lon="-121.07228">
    <ele>157.3</ele>
   </trkpt>
   <trkpt lat="38.7423" lon="-121.07233000000001">
    <ele>158.33</ele>
   </trkpt>
   <trkpt lat="38.74271" lon="-121.07277">
    <ele>158.77</ele>
   </trkpt>
   <trkpt lat="38.74297" lon="-121.07295">
    <ele>158.26000000000002</ele>
   </trkpt>
   <trkpt lat="38.74333" lon="-121.07317">
    <ele>155.43</ele>
   </trkpt>
   <trkpt lat="38.74342" lon="-121.07325000000002">
    <ele>153.82000000000002</ele>
   </trkpt>
   <trkpt lat="38.74358" lon="-121.07357">
    <ele>150.11</ele>
   </trkpt>
   <trkpt lat="38.74356" lon="-121.07390000000001">
    <ele>148.32</ele>
   </trkpt>
   <trkpt lat="38.743500000000004" lon="-121.07421000000001">
    <ele>147.15</ele>
   </trkpt>
   <trkpt lat="38.74344" lon="-121.07438">
    <ele>147.04</ele>
   </trkpt>
   <trkpt lat="38.743860000000005" lon="-121.07452">
    <ele>148.61</ele>
   </trkpt>
   <trkpt lat="38.74421" lon="-121.07457000000001">
    <ele>148.63</ele>
   </trkpt>
   <trkpt lat="38.74437" lon="-121.07465">
    <ele>148.31000000000003</ele>
   </trkpt>
   <trkpt lat="38.744730000000004" lon="-121.07496">
    <ele>147.39000000000001</ele>
   </trkpt>
   <trkpt lat="38.745200000000004" lon="-121.07554">
    <ele>147.4</ele>
   </trkpt>
   <trkpt lat="38.745380000000004" lon="-121.07591000000001">
    <ele>148.27</ele>
   </trkpt>
   <trkpt lat="38.74548" lon="-121.0763">
    <ele>153.02</ele>
   </trkpt>
   <trkpt lat="38.745490000000004" lon="-121.07662">
    <ele>155.68</ele>
   </trkpt>
   <trkpt lat="38.74539" lon="-121.07671">
    <ele>156.82000000000002</ele>
   </trkpt>
   <trkpt lat="38.74526" lon="-121.07676000000001">
    <ele>157.56</ele>
   </trkpt>
   <trkpt lat="38.745110000000004" lon="-121.07689">
    <ele>155.58</ele>
   </trkpt>
   <trkpt lat="38.744960000000006" lon="-121.07706">
    <ele>153.89</ele>
   </trkpt>
   <trkpt lat="38.74488" lon="-121.07711">
    <ele>153.37</ele>
   </trkpt>
   <trkpt lat="38.74484" lon="-121.07724">
    <ele>152.95</ele>
   </trkpt>
   <trkpt lat="38.74495" lon="-121.07733">
    <ele>152.66000000000003</ele>
   </trkpt>
   <trkpt lat="38.745200000000004" lon="-121.07765">
    <ele>153.91000000000003</ele>
   </trkpt>
   <trkpt lat="38.74544" lon="-121.07813000000002">
    <ele>155.36</ele>
   </trkpt>
   <trkpt lat="38.74555" lon="-121.07845">
    <ele>157.58</ele>
   </trkpt>
   <trkpt lat="38.745650000000005" lon="-121.0789">
    <ele>161.16000000000003</ele>
   </trkpt>
   <trkpt lat="38.74564" lon="-121.07913">
    <ele>160.4</ele>
   </trkpt>
   <trkpt lat="38.74557" lon="-121.07935">
    <ele>158.73000000000002</ele>
   </trkpt>
   <trkpt lat="38.74532000000001" lon="-121.07966">
    <ele>152.85000000000002</ele>
   </trkpt>
   <trkpt lat="38.74526" lon="-121.07997">
    <ele>149.84</ele>
   </trkpt>
   <trkpt lat="38.74526" lon="-121.08011">
    <ele>149.48</ele>
   </trkpt>
   <trkpt lat="38.7453" lon="-121.08047">
    <ele>150.34</ele>
   </trkpt>
   <trkpt lat="38.745070000000005" lon="-121.08117000000001">
    <ele>153.56</ele>
   </trkpt>
   <trkpt lat="38.745070000000005" lon="-121.08118">
    <ele>153.56</ele>
   </trkpt>
   <trkpt lat="38.744800000000005" lon="-121.08141">
    <ele>153.48</ele>
   </trkpt>
   <trkpt lat="38.74423" lon="-121.08159">
    <ele>149.66000000000003</ele>
   </trkpt>
   <trkpt lat="38.74389" lon="-121.08177">
    <ele>148.66000000000003</ele>
   </trkpt>
   <trkpt lat="38.74354" lon="-121.08185">
    <ele>148.96</ele>
   </trkpt>
   <trkpt lat="38.742850000000004" lon="-121.08208">
    <ele>145.95000000000002</ele>
   </trkpt>
   <trkpt lat="38.74266" lon="-121.08208">
    <ele>145.8</ele>
   </trkpt>
   <trkpt lat="38.74231" lon="-121.08198000000002">
    <ele>146.87</ele>
   </trkpt>
   <trkpt lat="38.74215" lon="-121.08194">
    <ele>145.50000000000003</ele>
   </trkpt>
   <trkpt lat="38.741620000000005" lon="-121.0819">
    <ele>146.41</ele>
   </trkpt>
   <trkpt lat="38.74139" lon="-121.08185">
    <ele>148.56000000000003</ele>
   </trkpt>
   <trkpt lat="38.741290000000006" lon="-121.08177">
    <ele>148.8</ele>
   </trkpt>
   <trkpt lat="38.74101" lon="-121.08163">
    <ele>147.97000000000003</ele>
   </trkpt>
   <trkpt lat="38.741080000000004" lon="-121.08177">
    <ele>146.75000000000003</ele>
   </trkpt>
   <trkpt lat="38.74127" lon="-121.08199">
    <ele>144.78000000000003</ele>
   </trkpt>
   <trkpt lat="38.741460000000004" lon="-121.08213">
    <ele>144.13</ele>
   </trkpt>
   <trkpt lat="38.741510000000005" lon="-121.08222">
    <ele>144.31000000000003</ele>
   </trkpt>
   <trkpt lat="38.74163" lon="-121.08262">
    <ele>147.25000000000003</ele>
   </trkpt>
   <trkpt lat="38.74163" lon="-121.08279">
    <ele>148.31000000000003</ele>
   </trkpt>
   <trkpt lat="38.74138000000001" lon="-121.08307">
    <ele>149.55</ele>
   </trkpt>
   <trkpt lat="38.74132" lon="-121.08312000000001">
    <ele>149.50000000000003</ele>
   </trkpt>
   <trkpt lat="38.74076" lon="-121.08329">
    <ele>147.62</ele>
   </trkpt>
   <trkpt lat="38.74045" lon="-121.08319000000002">
    <ele>151.46</ele>
   </trkpt>
   <trkpt lat="38.740320000000004" lon="-121.08324">
    <ele>151.71</ele>
   </trkpt>
   <trkpt lat="38.7402" lon="-121.08347">
    <ele>152.92</ele>
   </trkpt>
   <trkpt lat="38.74007" lon="-121.08387">
    <ele>158.35000000000002</ele>
   </trkpt>
   <trkpt lat="38.74002" lon="-121.08423">
    <ele>158.42000000000002</ele>
   </trkpt>
   <trkpt lat="38.73997000000001" lon="-121.08445">
    <ele>155.13000000000002</ele>
   </trkpt>
   <trkpt lat="38.73998" lon="-121.08477">
    <ele>150.18</ele>
   </trkpt>
   <trkpt lat="38.740100000000005" lon="-121.0853">
    <ele>151.81</ele>
   </trkpt>
   <trkpt lat="38.74015" lon="-121.08539">
    <ele>153.35000000000002</ele>
   </trkpt>
   <trkpt lat="38.7402" lon="-121.08557">
    <ele>156.81</ele>
   </trkpt>
   <trkpt lat="38.74018" lon="-121.08581000000001">
    <ele>159.99</ele>
   </trkpt>
   <trkpt lat="38.74022" lon="-121.08615">
    <ele>163.4</ele>
   </trkpt>
   <trkpt lat="38.740300000000005" lon="-121.08656">
    <ele>163.45000000000002</ele>
   </trkpt>
   <trkpt lat="38.74016" lon="-121.08661000000001">
    <ele>162.56</ele>
   </trkpt>
   <trkpt lat="38.739940000000004" lon="-121.08666000000001">
    <ele>161.82000000000002</ele>
   </trkpt>
   <trkpt lat="38.73948" lon="-121.08665">
    <ele>162.14000000000001</ele>
   </trkpt>
   <trkpt lat="38.739000000000004" lon="-121.08642">
    <ele>158.3</ele>
   </trkpt>
   <trkpt lat="38.738800000000005" lon="-121.08637000000002">
    <ele>157.97</ele>
   </trkpt>
   <trkpt lat="38.73872" lon="-121.08629">
    <ele>158.73000000000002</ele>
   </trkpt>
   <trkpt lat="38.738620000000004" lon="-121.08624">
    <ele>159.64000000000001</ele>
   </trkpt>
   <trkpt lat="38.73827" lon="-121.08611">
    <ele>159.73000000000002</ele>
   </trkpt>
   <trkpt lat="38.73796" lon="-121.08593">
    <ele>155.77</ele>
   </trkpt>
   <trkpt lat="38.73774" lon="-121.08557">
    <ele>150.41000000000003</ele>
   </trkpt>
   <trkpt lat="38.73762" lon="-121.0853">
    <ele>146.25000000000003</ele>
   </trkpt>
   <trkpt lat="38.73758" lon="-121.08517">
    <ele>144.32</ele>
   </trkpt>
   <trkpt lat="38.7376" lon="-121.08489000000002">
    <ele>143.02</ele>
   </trkpt>
   <trkpt lat="38.737460000000006" lon="-121.08455000000001">
    <ele>142.63</ele>
   </trkpt>
   <trkpt lat="38.73725" lon="-121.08454">
    <ele>142.38</ele>
   </trkpt>
   <trkpt lat="38.737080000000006" lon="-121.08454">
    <ele>142.36</ele>
   </trkpt>
   <trkpt lat="38.736760000000004" lon="-121.08441">
    <ele>142.61</ele>
   </trkpt>
   <trkpt lat="38.736540000000005" lon="-121.08436">
    <ele>142.96</ele>
   </trkpt>
   <trkpt lat="38.73621" lon="-121.08431000000002">
    <ele>142.41</ele>
   </trkpt>
   <trkpt lat="38.73615" lon="-121.08437">
    <ele>142.32</ele>
   </trkpt>
   <trkpt lat="38.735910000000004" lon="-121.08459">
    <ele>142.46</ele>
   </trkpt>
   <trkpt lat="38.73579" lon="-121.08454">
    <ele>142.46</ele>
   </trkpt>
   <trkpt lat="38.73555" lon="-121.08424000000001">
    <ele>144.05</ele>
   </trkpt>
   <trkpt lat="38.7353" lon="-121.08418">
    <ele>143.93</ele>
   </trkpt>
   <trkpt lat="38.73519" lon="-121.08423">
    <ele>143.8</ele>
   </trkpt>
   <trkpt lat="38.735150000000004" lon="-121.08427">
    <ele>143.35</ele>
   </trkpt>
   <trkpt lat="38.73509000000001" lon="-121.08445">
    <ele>143.38</ele>
   </trkpt>
   <trkpt lat="38.73481" lon="-121.08458000000002">
    <ele>149.19000000000003</ele>
   </trkpt>
   <trkpt lat="38.734700000000004" lon="-121.08472">
    <ele>150.81</ele>
   </trkpt>
   <trkpt lat="38.73469" lon="-121.08481">
    <ele>151.77</ele>
   </trkpt>
   <trkpt lat="38.73476" lon="-121.08501000000001">
    <ele>152.31</ele>
   </trkpt>
   <trkpt lat="38.73476" lon="-121.08539">
    <ele>151.29</ele>
   </trkpt>
   <trkpt lat="38.73453000000001" lon="-121.08575">
    <ele>148.6</ele>
   </trkpt>
   <trkpt lat="38.734480000000005" lon="-121.08579">
    <ele>148.23</ele>
   </trkpt>
   <trkpt lat="38.73398" lon="-121.08593">
    <ele>147.37</ele>
   </trkpt>
   <trkpt lat="38.73364" lon="-121.08611">
    <ele>145.38</ele>
   </trkpt>
   <trkpt lat="38.73328" lon="-121.08621000000001">
    <ele>145.42000000000002</ele>
   </trkpt>
   <trkpt lat="38.73304" lon="-121.08625">
    <ele>145.08</ele>
   </trkpt>
   <trkpt lat="38.7329" lon="-121.08617000000001">
    <ele>145.33</ele>
   </trkpt>
   <trkpt lat="38.73299" lon="-121.08629">
    <ele>145.76</ele>
   </trkpt>
   <trkpt lat="38.73328" lon="-121.08656">
    <ele>146.97000000000003</ele>
   </trkpt>
   <trkpt lat="38.733380000000004" lon="-121.08669">
    <ele>147.27</ele>
   </trkpt>
   <trkpt lat="38.73346" lon="-121.08683">
    <ele>147.55</ele>
   </trkpt>
   <trkpt lat="38.733520000000006" lon="-121.08688000000001">
    <ele>148.29</ele>
   </trkpt>
   <trkpt lat="38.73389" lon="-121.08701">
    <ele>148.24</ele>
   </trkpt>
   <trkpt lat="38.73411" lon="-121.08719">
    <ele>146.95000000000002</ele>
   </trkpt>
   <trkpt lat="38.734210000000004" lon="-121.08732">
    <ele>146.79</ele>
   </trkpt>
   <trkpt lat="38.734350000000006" lon="-121.08763">
    <ele>147.14000000000001</ele>
   </trkpt>
   <trkpt lat="38.73483" lon="-121.08818000000001">
    <ele>148.36</ele>
   </trkpt>
   <trkpt lat="38.734950000000005" lon="-121.08845000000001">
    <ele>147.97000000000003</ele>
   </trkpt>
   <trkpt lat="38.734950000000005" lon="-121.08853">
    <ele>147.97000000000003</ele>
   </trkpt>
   <trkpt lat="38.73489" lon="-121.08888">
    <ele>147.57</ele>
   </trkpt>
   <trkpt lat="38.73472" lon="-121.08939000000001">
    <ele>147.33</ele>
   </trkpt>
   <trkpt lat="38.734750000000005" lon="-121.08951">
    <ele>147.32</ele>
   </trkpt>
   <trkpt lat="38.73481" lon="-121.08952000000001">
    <ele>147.32</ele>
   </trkpt>
   <trkpt lat="38.734880000000004" lon="-121.08951">
    <ele>147.4</ele>
   </trkpt>
   <trkpt lat="38.73527" lon="-121.08933">
    <ele>147.02</ele>
   </trkpt>
   <trkpt lat="38.735380000000006" lon="-121.08930000000001">
    <ele>147.76</ele>
   </trkpt>
   <trkpt lat="38.735420000000005" lon="-121.08938">
    <ele>148.11</ele>
   </trkpt>
   <trkpt lat="38.735350000000004" lon="-121.08969">
    <ele>150.37</ele>
   </trkpt>
   <trkpt lat="38.735290000000006" lon="-121.09009">
    <ele>151.28000000000003</ele>
   </trkpt>
   <trkpt lat="38.735260000000004" lon="-121.09014">
    <ele>151.34</ele>
   </trkpt>
   <trkpt lat="38.735200000000006" lon="-121.09022000000002">
    <ele>151.44000000000003</ele>
   </trkpt>
   <trkpt lat="38.73474" lon="-121.09032">
    <ele>151.79</ele>
   </trkpt>
   <trkpt lat="38.734700000000004" lon="-121.09041">
    <ele>151.4</ele>
   </trkpt>
   <trkpt lat="38.73471" lon="-121.0905">
    <ele>150.48</ele>
   </trkpt>
   <trkpt lat="38.73483" lon="-121.09068">
    <ele>148.00000000000003</ele>
   </trkpt>
   <trkpt lat="38.73485" lon="-121.09076">
    <ele>146.89000000000001</ele>
   </trkpt>
   <trkpt lat="38.734860000000005" lon="-121.09081">
    <ele>146.89000000000001</ele>
   </trkpt>
   <trkpt lat="38.73483" lon="-121.09099">
    <ele>145.57</ele>
   </trkpt>
   <trkpt lat="38.73487" lon="-121.09103">
    <ele>145.49</ele>
   </trkpt>
   <trkpt lat="38.73498" lon="-121.09108">
    <ele>145.74</ele>
   </trkpt>
   <trkpt lat="38.735020000000006" lon="-121.09112">
    <ele>146.38</ele>
   </trkpt>
   <trkpt lat="38.73499" lon="-121.09148">
    <ele>149.28000000000003</ele>
   </trkpt>
   <trkpt lat="38.735040000000005" lon="-121.09154000000001">
    <ele>149.36</ele>
   </trkpt>
   <trkpt lat="38.735170000000004" lon="-121.09166">
    <ele>148.37</ele>
   </trkpt>
   <trkpt lat="38.735220000000005" lon="-121.09175">
    <ele>148.03000000000003</ele>
   </trkpt>
   <trkpt lat="38.73523" lon="-121.09184">
    <ele>148.03000000000003</ele>
   </trkpt>
   <trkpt lat="38.735150000000004" lon="-121.09206">
    <ele>149.07</ele>
   </trkpt>
   <trkpt lat="38.7351" lon="-121.09230000000001">
    <ele>151.45</ele>
   </trkpt>
   <trkpt lat="38.734950000000005" lon="-121.09264">
    <ele>157.35000000000002</ele>
   </trkpt>
   <trkpt lat="38.73487" lon="-121.09274">
    <ele>158.89</ele>
   </trkpt>
   <trkpt lat="38.734730000000006" lon="-121.09282">
    <ele>161.63000000000002</ele>
   </trkpt>
   <trkpt lat="38.734390000000005" lon="-121.09285000000001">
    <ele>163.69</ele>
   </trkpt>
   <trkpt lat="38.734260000000006" lon="-121.09291">
    <ele>163.04000000000002</ele>
   </trkpt>
   <trkpt lat="38.73397000000001" lon="-121.093">
    <ele>159.55</ele>
   </trkpt>
   <trkpt lat="38.733720000000005" lon="-121.09301">
    <ele>155.21</ele>
   </trkpt>
   <trkpt lat="38.73368" lon="-121.09305">
    <ele>154.75000000000003</ele>
   </trkpt>
   <trkpt lat="38.73366" lon="-121.09345">
    <ele>156.37</ele>
   </trkpt>
   <trkpt lat="38.73357" lon="-121.09382000000001">
    <ele>160.41000000000003</ele>
   </trkpt>
   <trkpt lat="38.7334" lon="-121.09408">
    <ele>160.59</ele>
   </trkpt>
   <trkpt lat="38.733160000000005" lon="-121.0943">
    <ele>159.55</ele>
   </trkpt>
   <trkpt lat="38.733050000000006" lon="-121.09435">
    <ele>158.39</ele>
   </trkpt>
   <trkpt lat="38.73284" lon="-121.09439">
    <ele>155.71</ele>
   </trkpt>
   <trkpt lat="38.73264" lon="-121.09445000000001">
    <ele>153.83</ele>
   </trkpt>
   <trkpt lat="38.73254" lon="-121.09445000000001">
    <ele>153.83</ele>
   </trkpt>
   <trkpt lat="38.732290000000006" lon="-121.09435">
    <ele>150.92</ele>
   </trkpt>
   <trkpt lat="38.732200000000006" lon="-121.09435">
    <ele>149.36</ele>
   </trkpt>
   <trkpt lat="38.73201" lon="-121.09448">
    <ele>147.63</ele>
   </trkpt>
   <trkpt lat="38.7319" lon="-121.09449000000001">
    <ele>147.38</ele>
   </trkpt>
   <trkpt lat="38.73174" lon="-121.09448">
    <ele>147.38</ele>
   </trkpt>
   <trkpt lat="38.731570000000005" lon="-121.09452">
    <ele>147.07</ele>
   </trkpt>
   <trkpt lat="38.73149" lon="-121.09452">
    <ele>147.07</ele>
   </trkpt>
   <trkpt lat="38.73125" lon="-121.09439">
    <ele>147.62</ele>
   </trkpt>
   <trkpt lat="38.73102" lon="-121.09445000000001">
    <ele>148.33</ele>
   </trkpt>
   <trkpt lat="38.73087" lon="-121.09448">
    <ele>149.83</ele>
   </trkpt>
   <trkpt lat="38.730610000000006" lon="-121.09436000000001">
    <ele>150.86</ele>
   </trkpt>
   <trkpt lat="38.7303" lon="-121.09452">
    <ele>151.52</ele>
   </trkpt>
   <trkpt lat="38.73001" lon="-121.09465000000002">
    <ele>153.13000000000002</ele>
   </trkpt>
   <trkpt lat="38.72986" lon="-121.09474000000002">
    <ele>153.49</ele>
   </trkpt>
   <trkpt lat="38.72973" lon="-121.09484">
    <ele>154.15</ele>
   </trkpt>
   <trkpt lat="38.729580000000006" lon="-121.09501000000002">
    <ele>156.09</ele>
   </trkpt>
   <trkpt lat="38.729470000000006" lon="-121.09515">
    <ele>156.67</ele>
   </trkpt>
   <trkpt lat="38.729470000000006" lon="-121.0952">
    <ele>156.67</ele>
   </trkpt>
   <trkpt lat="38.7295" lon="-121.09524">
    <ele>156.75</ele>
   </trkpt>
   <trkpt lat="38.72977" lon="-121.09524">
    <ele>157.01000000000002</ele>
   </trkpt>
   <trkpt lat="38.72988" lon="-121.09528000000002">
    <ele>158.21</ele>
   </trkpt>
   <trkpt lat="38.73006" lon="-121.09538">
    <ele>160.75</ele>
   </trkpt>
   <trkpt lat="38.730270000000004" lon="-121.09542">
    <ele>162.82000000000002</ele>
   </trkpt>
   <trkpt lat="38.7306" lon="-121.09565">
    <ele>166.17000000000002</ele>
   </trkpt>
   <trkpt lat="38.730700000000006" lon="-121.09578">
    <ele>169.06</ele>
   </trkpt>
   <trkpt lat="38.730740000000004" lon="-121.09587">
    <ele>169.77</ele>
   </trkpt>
   <trkpt lat="38.73078" lon="-121.09614">
    <ele>173.38</ele>
   </trkpt>
   <trkpt lat="38.73084" lon="-121.09627">
    <ele>173.62000000000003</ele>
   </trkpt>
   <trkpt lat="38.73104" lon="-121.09636">
    <ele>172.11</ele>
   </trkpt>
   <trkpt lat="38.73138" lon="-121.09636">
    <ele>171.33</ele>
   </trkpt>
   <trkpt lat="38.73163" lon="-121.09640000000002">
    <ele>171.41</ele>
   </trkpt>
   <trkpt lat="38.73201" lon="-121.09641">
    <ele>171.08</ele>
   </trkpt>
   <trkpt lat="38.73234" lon="-121.0965">
    <ele>170.56</ele>
   </trkpt>
   <trkpt lat="38.73243" lon="-121.09655000000001">
    <ele>169.93000000000004</ele>
   </trkpt>
   <trkpt lat="38.732600000000005" lon="-121.09672">
    <ele>168.46000000000004</ele>
   </trkpt>
   <trkpt lat="38.733050000000006" lon="-121.09699">
    <ele>166.51000000000002</ele>
   </trkpt>
   <trkpt lat="38.73315" lon="-121.09712">
    <ele>165.20000000000002</ele>
   </trkpt>
   <trkpt lat="38.73328" lon="-121.09736000000001">
    <ele>162.53</ele>
   </trkpt>
   <trkpt lat="38.73331" lon="-121.09752">
    <ele>161.11</ele>
   </trkpt>
   <trkpt lat="38.7333" lon="-121.09802">
    <ele>156.35999999999999</ele>
   </trkpt>
   <trkpt lat="38.73326" lon="-121.09812000000001">
    <ele>155.33</ele>
   </trkpt>
   <trkpt lat="38.73293" lon="-121.0986">
    <ele>150.55</ele>
   </trkpt>
   <trkpt lat="38.73274" lon="-121.09869">
    <ele>147.61</ele>
   </trkpt>
   <trkpt lat="38.73265000000001" lon="-121.09878">
    <ele>147.20000000000002</ele>
   </trkpt>
   <trkpt lat="38.73264" lon="-121.09897000000001">
    <ele>147.59</ele>
   </trkpt>
   <trkpt lat="38.732670000000006" lon="-121.09914">
    <ele>148.00000000000003</ele>
   </trkpt>
   <trkpt lat="38.732670000000006" lon="-121.09923">
    <ele>148.16000000000003</ele>
   </trkpt>
   <trkpt lat="38.732530000000004" lon="-121.09949">
    <ele>149.59</ele>
   </trkpt>
   <trkpt lat="38.73246" lon="-121.09971000000002">
    <ele>149.81</ele>
   </trkpt>
   <trkpt lat="38.73245" lon="-121.09980000000002">
    <ele>149.68</ele>
   </trkpt>
   <trkpt lat="38.73246" lon="-121.09985">
    <ele>149.35</ele>
   </trkpt>
   <trkpt lat="38.732490000000006" lon="-121.09989000000002">
    <ele>149.22000000000003</ele>
   </trkpt>
   <trkpt lat="38.73274" lon="-121.09986">
    <ele>149.81</ele>
   </trkpt>
   <trkpt lat="38.732910000000004" lon="-121.0999">
    <ele>149.95</ele>
   </trkpt>
   <trkpt lat="38.73297" lon="-121.0999">
    <ele>149.54</ele>
   </trkpt>
   <trkpt lat="38.733050000000006" lon="-121.09998000000002">
    <ele>149.22000000000003</ele>
   </trkpt>
   <trkpt lat="38.733090000000004" lon="-121.10003">
    <ele>149.12</ele>
   </trkpt>
   <trkpt lat="38.73311" lon="-121.10012">
    <ele>149.12</ele>
   </trkpt>
   <trkpt lat="38.733090000000004" lon="-121.10026">
    <ele>148.9</ele>
   </trkpt>
   <trkpt lat="38.7331" lon="-121.10048">
    <ele>148.57</ele>
   </trkpt>
   <trkpt lat="38.73308" lon="-121.10057">
    <ele>148.51</ele>
   </trkpt>
   <trkpt lat="38.73302" lon="-121.10066">
    <ele>148.53000000000003</ele>
   </trkpt>
   <trkpt lat="38.732670000000006" lon="-121.10102">
    <ele>150.43</ele>
   </trkpt>
   <trkpt lat="38.73255" lon="-121.10124">
    <ele>150.21</ele>
   </trkpt>
   <trkpt lat="38.732490000000006" lon="-121.10151">
    <ele>149.12</ele>
   </trkpt>
   <trkpt lat="38.73234" lon="-121.10191">
    <ele>149.71</ele>
   </trkpt>
   <trkpt lat="38.73217" lon="-121.10214">
    <ele>151.78000000000003</ele>
   </trkpt>
   <trkpt lat="38.731970000000004" lon="-121.10222000000002">
    <ele>152.82000000000002</ele>
   </trkpt>
   <trkpt lat="38.73176" lon="-121.10220000000001">
    <ele>154.3</ele>
   </trkpt>
   <trkpt lat="38.73152" lon="-121.10218">
    <ele>156.83</ele>
   </trkpt>
   <trkpt lat="38.73118" lon="-121.10210000000001">
    <ele>159.81</ele>
   </trkpt>
   <trkpt lat="38.73105" lon="-121.10210000000001">
    <ele>161.06</ele>
   </trkpt>
   <trkpt lat="38.730560000000004" lon="-121.10214">
    <ele>161.32000000000002</ele>
   </trkpt>
   <trkpt lat="38.73035" lon="-121.10213000000002">
    <ele>160.93</ele>
   </trkpt>
   <trkpt lat="38.730270000000004" lon="-121.10209">
    <ele>161.01000000000002</ele>
   </trkpt>
   <trkpt lat="38.730090000000004" lon="-121.10191">
    <ele>161.55</ele>
   </trkpt>
   <trkpt lat="38.73004" lon="-121.10187">
    <ele>161.54000000000002</ele>
   </trkpt>
   <trkpt lat="38.72959" lon="-121.10169">
    <ele>161.68</ele>
   </trkpt>
   <trkpt lat="38.729470000000006" lon="-121.10169">
    <ele>162.34</ele>
   </trkpt>
   <trkpt lat="38.7293" lon="-121.10178">
    <ele>162.81</ele>
   </trkpt>
   <trkpt lat="38.72918000000001" lon="-121.10187">
    <ele>161.96</ele>
   </trkpt>
   <trkpt lat="38.728880000000004" lon="-121.10192">
    <ele>160.69</ele>
   </trkpt>
   <trkpt lat="38.728750000000005" lon="-121.10191">
    <ele>159.68</ele>
   </trkpt>
   <trkpt lat="38.728590000000004" lon="-121.10178">
    <ele>158.89</ele>
   </trkpt>
   <trkpt lat="38.72843" lon="-121.10151">
    <ele>157.4</ele>
   </trkpt>
   <trkpt lat="38.72834" lon="-121.10152000000001">
    <ele>157.28</ele>
   </trkpt>
   <trkpt lat="38.72829" lon="-121.10159000000002">
    <ele>157.53</ele>
   </trkpt>
   <trkpt lat="38.728100000000005" lon="-121.10222000000002">
    <ele>160.13000000000002</ele>
   </trkpt>
   <trkpt lat="38.728010000000005" lon="-121.10285">
    <ele>157.16000000000003</ele>
   </trkpt>
   <trkpt lat="38.727990000000005" lon="-121.10317">
    <ele>156.27</ele>
   </trkpt>
   <trkpt lat="38.72778" lon="-121.10343">
    <ele>156.45</ele>
   </trkpt>
   <trkpt lat="38.72729" lon="-121.10347000000002">
    <ele>160.37</ele>
   </trkpt>
   <trkpt lat="38.72693" lon="-121.10343">
    <ele>162.29000000000002</ele>
   </trkpt>
   <trkpt lat="38.726440000000004" lon="-121.10326">
    <ele>162.65</ele>
   </trkpt>
   <trkpt lat="38.726040000000005" lon="-121.10335">
    <ele>162.93</ele>
   </trkpt>
   <trkpt lat="38.72567" lon="-121.10356000000002">
    <ele>162.96</ele>
   </trkpt>
   <trkpt lat="38.725480000000005" lon="-121.10357">
    <ele>162.66000000000003</ele>
   </trkpt>
   <trkpt lat="38.72514" lon="-121.10348">
    <ele>162.54999999999998</ele>
   </trkpt>
   <trkpt lat="38.72495" lon="-121.10331000000001">
    <ele>162.71</ele>
   </trkpt>
   <trkpt lat="38.724830000000004" lon="-121.10316000000002">
    <ele>163.38000000000002</ele>
   </trkpt>
   <trkpt lat="38.724380000000004" lon="-121.10312">
    <ele>160.22</ele>
   </trkpt>
   <trkpt lat="38.72431" lon="-121.10308">
    <ele>159.68</ele>
   </trkpt>
   <trkpt lat="38.72421000000001" lon="-121.10300000000001">
    <ele>159.55</ele>
   </trkpt>
   <trkpt lat="38.72383000000001" lon="-121.1024">
    <ele>157.79000000000002</ele>
   </trkpt>
   <trkpt lat="38.72374000000001" lon="-121.10232">
    <ele>156.48000000000002</ele>
   </trkpt>
   <trkpt lat="38.723600000000005" lon="-121.10232">
    <ele>155.65</ele>
   </trkpt>
   <trkpt lat="38.72307" lon="-121.1024">
    <ele>157.59</ele>
   </trkpt>
   <trkpt lat="38.722680000000004" lon="-121.1024">
    <ele>159.3</ele>
   </trkpt>
   <trkpt lat="38.722570000000005" lon="-121.10237000000001">
    <ele>160.66000000000003</ele>
   </trkpt>
   <trkpt lat="38.722170000000006" lon="-121.10209">
    <ele>158.8</ele>
   </trkpt>
   <trkpt lat="38.72193" lon="-121.10191">
    <ele>154.35000000000002</ele>
   </trkpt>
   <trkpt lat="38.72153" lon="-121.10133">
    <ele>152.78</ele>
   </trkpt>
   <trkpt lat="38.72119" lon="-121.1007">
    <ele>152.17</ele>
   </trkpt>
   <trkpt lat="38.72102" lon="-121.10023000000001">
    <ele>153.41000000000003</ele>
   </trkpt>
   <trkpt lat="38.72101" lon="-121.10021">
    <ele>153.83</ele>
   </trkpt>
   <trkpt lat="38.7207" lon="-121.10011000000002">
    <ele>143.01</ele>
   </trkpt>
   <trkpt lat="38.72048" lon="-121.10045000000001">
    <ele>142.77</ele>
   </trkpt>
   <trkpt lat="38.72032" lon="-121.10061">
    <ele>142.79</ele>
   </trkpt>
   <trkpt lat="38.72014" lon="-121.10066">
    <ele>142.82</ele>
   </trkpt>
   <trkpt lat="38.71979" lon="-121.10057">
    <ele>143.57</ele>
   </trkpt>
   <trkpt lat="38.71965" lon="-121.10063000000001">
    <ele>144.41</ele>
   </trkpt>
   <trkpt lat="38.71945" lon="-121.10084">
    <ele>146.14000000000001</ele>
   </trkpt>
   <trkpt lat="38.719440000000006" lon="-121.10103000000001">
    <ele>144.83</ele>
   </trkpt>
   <trkpt lat="38.71943" lon="-121.10132000000002">
    <ele>144.26</ele>
   </trkpt>
   <trkpt lat="38.719260000000006" lon="-121.10167000000001">
    <ele>145.33</ele>
   </trkpt>
   <trkpt lat="38.71911" lon="-121.10192">
    <ele>144.91</ele>
   </trkpt>
   <trkpt lat="38.71894" lon="-121.10199000000001">
    <ele>145.53000000000003</ele>
   </trkpt>
  </trkseg>
 </trk>
</gpx>
