<?xml version="1.0" encoding="UTF-8"?>
<gpx creator="StravaGPX" version="1.1" xmlns="http://www.topografix.com/GPX/1/1" xmlns:xsi="http://www.w3.org/2001/XMLSchema-instance" xsi:schemaLocation="http://www.topografix.com/GPX/1/1 http://www.topografix.com/GPX/1/1/gpx.xsd">
 <metadata>
  <name>SUC-039-XXL</name>
  <author>
   <name>Brandon Costa</name>
   <link href="https://www.strava.com/athletes/778990"/>
  </author>
  <copyright author="OpenStreetMap contributors">
   <year>2020</year>
   <license>https://www.openstreetmap.org/copyright</license>
  </copyright>
  <link href="https://www.strava.com/routes/3462626633961784524"/>
 </metadata>
 <trk>
  <name>SUC-039-XXL</name>
  <link href="https://www.strava.com/routes/3462626633961784524"/>
  <type>running</type>
  <trkseg>
   <trkpt lat="38.67727" lon="-121.18002000000001">
    <ele>57.620000000000005</ele>
   </trkpt>
   <trkpt lat="38.6771" lon="-121.17987000000001">
    <ele>57.910000000000004</ele>
   </trkpt>
   <trkpt lat="38.67680500103274" lon="-121.18037500217211">
    <ele>58.050000000000004</ele>
   </trkpt>
   <trkpt lat="38.67651" lon="-121.18088000000002">
    <ele>58.46</ele>
   </trkpt>
   <trkpt lat="38.67671" lon="-121.18107">
    <ele>58.160000000000004</ele>
   </trkpt>
   <trkpt lat="38.676860000000005" lon="-121.18111">
    <ele>57.690000000000005</ele>
   </trkpt>
   <trkpt lat="38.67748" lon="-121.18106000000002">
    <ele>54.480000000000004</ele>
   </trkpt>
   <trkpt lat="38.677730000000004" lon="-121.18107">
    <ele>53.26</ele>
   </trkpt>
   <trkpt lat="38.67775" lon="-121.18116">
    <ele>52.300000000000004</ele>
   </trkpt>
   <trkpt lat="38.677730000000004" lon="-121.18138">
    <ele>51.730000000000004</ele>
   </trkpt>
   <trkpt lat="38.67765" lon="-121.18165">
    <ele>50.2</ele>
   </trkpt>
   <trkpt lat="38.677670000000006" lon="-121.18180000000001">
    <ele>49.6</ele>
   </trkpt>
   <trkpt lat="38.67766" lon="-121.18192">
    <ele>49.46</ele>
   </trkpt>
   <trkpt lat="38.677580000000006" lon="-121.1821">
    <ele>49.32</ele>
   </trkpt>
   <trkpt lat="38.677350000000004" lon="-121.18227000000002">
    <ele>49.580000000000005</ele>
   </trkpt>
   <trkpt lat="38.677200000000006" lon="-121.18261000000001">
    <ele>49.040000000000006</ele>
   </trkpt>
   <trkpt lat="38.67665" lon="-121.18344">
    <ele>44.78</ele>
   </trkpt>
   <trkpt lat="38.676610000000004" lon="-121.18357">
    <ele>44.78</ele>
   </trkpt>
   <trkpt lat="38.676610000000004" lon="-121.18378000000001">
    <ele>42.89</ele>
   </trkpt>
   <trkpt lat="38.676590000000004" lon="-121.18389">
    <ele>42.45</ele>
   </trkpt>
   <trkpt lat="38.67653" lon="-121.18402">
    <ele>42.150000000000006</ele>
   </trkpt>
   <trkpt lat="38.67645" lon="-121.18406000000002">
    <ele>42.04</ele>
   </trkpt>
   <trkpt lat="38.67627" lon="-121.18408000000001">
    <ele>42.370000000000005</ele>
   </trkpt>
   <trkpt lat="38.676210000000005" lon="-121.1842">
    <ele>42.42000000000001</ele>
   </trkpt>
   <trkpt lat="38.6762" lon="-121.18433000000002">
    <ele>42.42000000000001</ele>
   </trkpt>
   <trkpt lat="38.67622" lon="-121.18442">
    <ele>42.34</ele>
   </trkpt>
   <trkpt lat="38.67636" lon="-121.18465">
    <ele>41.86</ele>
   </trkpt>
   <trkpt lat="38.676370000000006" lon="-121.18481000000001">
    <ele>41.86</ele>
   </trkpt>
   <trkpt lat="38.67631" lon="-121.18519">
    <ele>40.92</ele>
   </trkpt>
   <trkpt lat="38.67609" lon="-121.18559">
    <ele>40.28</ele>
   </trkpt>
   <trkpt lat="38.67602" lon="-121.18563">
    <ele>40.28</ele>
   </trkpt>
   <trkpt lat="38.6758" lon="-121.18568">
    <ele>40.300000000000004</ele>
   </trkpt>
   <trkpt lat="38.67559" lon="-121.18569000000001">
    <ele>40.39</ele>
   </trkpt>
   <trkpt lat="38.675520000000006" lon="-121.18576000000002">
    <ele>40.370000000000005</ele>
   </trkpt>
   <trkpt lat="38.67549" lon="-121.18582">
    <ele>40.370000000000005</ele>
   </trkpt>
   <trkpt lat="38.675470000000004" lon="-121.18605000000001">
    <ele>40.06</ele>
   </trkpt>
   <trkpt lat="38.675430000000006" lon="-121.18617">
    <ele>39.970000000000006</ele>
   </trkpt>
   <trkpt lat="38.675140000000006" lon="-121.18653">
    <ele>39.830000000000005</ele>
   </trkpt>
   <trkpt lat="38.674850000000006" lon="-121.18661000000002">
    <ele>39.970000000000006</ele>
   </trkpt>
   <trkpt lat="38.67479" lon="-121.18663000000001">
    <ele>40.050000000000004</ele>
   </trkpt>
   <trkpt lat="38.67459" lon="-121.18684">
    <ele>40.400000000000006</ele>
   </trkpt>
   <trkpt lat="38.67446" lon="-121.18693">
    <ele>40.730000000000004</ele>
   </trkpt>
   <trkpt lat="38.67418" lon="-121.18703000000001">
    <ele>41.190000000000005</ele>
   </trkpt>
   <trkpt lat="38.6741" lon="-121.18708000000001">
    <ele>41.27</ele>
   </trkpt>
   <trkpt lat="38.67399" lon="-121.18729">
    <ele>41.25</ele>
   </trkpt>
   <trkpt lat="38.67387" lon="-121.18742">
    <ele>41.31</ele>
   </trkpt>
   <trkpt lat="38.6736" lon="-121.18747">
    <ele>41.550000000000004</ele>
   </trkpt>
   <trkpt lat="38.673260000000006" lon="-121.18756">
    <ele>41.260000000000005</ele>
   </trkpt>
   <trkpt lat="38.67309" lon="-121.18755000000002">
    <ele>40.95</ele>
   </trkpt>
   <trkpt lat="38.672940000000004" lon="-121.18756">
    <ele>40.410000000000004</ele>
   </trkpt>
   <trkpt lat="38.67246" lon="-121.18769">
    <ele>39.940000000000005</ele>
   </trkpt>
   <trkpt lat="38.67224" lon="-121.18765">
    <ele>40.019999999999996</ele>
   </trkpt>
   <trkpt lat="38.671940000000006" lon="-121.18755000000002">
    <ele>40.720000000000006</ele>
   </trkpt>
   <trkpt lat="38.67155" lon="-121.18779">
    <ele>40.400000000000006</ele>
   </trkpt>
   <trkpt lat="38.671440000000004" lon="-121.18783">
    <ele>40.510000000000005</ele>
   </trkpt>
   <trkpt lat="38.671260000000004" lon="-121.18783">
    <ele>40.81</ele>
   </trkpt>
   <trkpt lat="38.670550000000006" lon="-121.18778">
    <ele>42.75</ele>
   </trkpt>
   <trkpt lat="38.670390000000005" lon="-121.1877">
    <ele>42.81</ele>
   </trkpt>
   <trkpt lat="38.6702" lon="-121.18754000000001">
    <ele>42.690000000000005</ele>
   </trkpt>
   <trkpt lat="38.669900000000005" lon="-121.18734">
    <ele>42.42000000000001</ele>
   </trkpt>
   <trkpt lat="38.66975" lon="-121.18728000000002">
    <ele>42.230000000000004</ele>
   </trkpt>
   <trkpt lat="38.66933" lon="-121.18725">
    <ele>41.510000000000005</ele>
   </trkpt>
   <trkpt lat="38.66913" lon="-121.18730000000001">
    <ele>41.830000000000005</ele>
   </trkpt>
   <trkpt lat="38.668890000000005" lon="-121.18747">
    <ele>41.910000000000004</ele>
   </trkpt>
   <trkpt lat="38.66877" lon="-121.18748000000001">
    <ele>41.910000000000004</ele>
   </trkpt>
   <trkpt lat="38.66832" lon="-121.18748000000001">
    <ele>41.550000000000004</ele>
   </trkpt>
   <trkpt lat="38.6676" lon="-121.18746000000002">
    <ele>39.53</ele>
   </trkpt>
   <trkpt lat="38.66723" lon="-121.18756">
    <ele>39.63</ele>
   </trkpt>
   <trkpt lat="38.667120000000004" lon="-121.18755000000002">
    <ele>39.690000000000005</ele>
   </trkpt>
   <trkpt lat="38.666760000000004" lon="-121.18746000000002">
    <ele>40.49</ele>
   </trkpt>
   <trkpt lat="38.66657" lon="-121.18742">
    <ele>41.53</ele>
   </trkpt>
   <trkpt lat="38.66646" lon="-121.18744000000001">
    <ele>41.760000000000005</ele>
   </trkpt>
   <trkpt lat="38.666090000000004" lon="-121.18769">
    <ele>41.150000000000006</ele>
   </trkpt>
   <trkpt lat="38.66593" lon="-121.18774">
    <ele>41.14</ele>
   </trkpt>
   <trkpt lat="38.66566" lon="-121.18774">
    <ele>41.29</ele>
   </trkpt>
   <trkpt lat="38.66523" lon="-121.18787">
    <ele>41.25</ele>
   </trkpt>
   <trkpt lat="38.664590000000004" lon="-121.18765">
    <ele>42.190000000000005</ele>
   </trkpt>
   <trkpt lat="38.664210000000004" lon="-121.1877">
    <ele>43.49</ele>
   </trkpt>
   <trkpt lat="38.66404" lon="-121.1877">
    <ele>44.7</ele>
   </trkpt>
   <trkpt lat="38.66364" lon="-121.18778">
    <ele>46.68000000000001</ele>
   </trkpt>
   <trkpt lat="38.663230000000006" lon="-121.18774">
    <ele>47.07</ele>
   </trkpt>
   <trkpt lat="38.663140000000006" lon="-121.18774">
    <ele>46.970000000000006</ele>
   </trkpt>
   <trkpt lat="38.662960000000005" lon="-121.18783">
    <ele>46.330000000000005</ele>
   </trkpt>
   <trkpt lat="38.66288" lon="-121.18784000000001">
    <ele>46.150000000000006</ele>
   </trkpt>
   <trkpt lat="38.66261" lon="-121.18775000000001">
    <ele>45.93000000000001</ele>
   </trkpt>
   <trkpt lat="38.66252" lon="-121.18774">
    <ele>45.75000000000001</ele>
   </trkpt>
   <trkpt lat="38.66225" lon="-121.18796">
    <ele>45.56</ele>
   </trkpt>
   <trkpt lat="38.66203" lon="-121.18801">
    <ele>44.58</ele>
   </trkpt>
   <trkpt lat="38.66161" lon="-121.18819">
    <ele>43.24</ele>
   </trkpt>
   <trkpt lat="38.66138" lon="-121.18832">
    <ele>42.910000000000004</ele>
   </trkpt>
   <trkpt lat="38.660680000000006" lon="-121.18845">
    <ele>43.230000000000004</ele>
   </trkpt>
   <trkpt lat="38.66044" lon="-121.18855">
    <ele>43.02</ele>
   </trkpt>
   <trkpt lat="38.65997" lon="-121.18872">
    <ele>43.17000000000001</ele>
   </trkpt>
   <trkpt lat="38.659710000000004" lon="-121.18885000000002">
    <ele>43.24</ele>
   </trkpt>
   <trkpt lat="38.659310000000005" lon="-121.18899">
    <ele>42.74</ele>
   </trkpt>
   <trkpt lat="38.658860000000004" lon="-121.18906000000001">
    <ele>43.08</ele>
   </trkpt>
   <trkpt lat="38.658770000000004" lon="-121.18909000000001">
    <ele>42.97</ele>
   </trkpt>
   <trkpt lat="38.65856" lon="-121.18922">
    <ele>42.64</ele>
   </trkpt>
   <trkpt lat="38.65834" lon="-121.18931">
    <ele>42.85000000000001</ele>
   </trkpt>
   <trkpt lat="38.65796" lon="-121.18939">
    <ele>42.82</ele>
   </trkpt>
   <trkpt lat="38.657700000000006" lon="-121.18949">
    <ele>42.25</ele>
   </trkpt>
   <trkpt lat="38.65762" lon="-121.18957">
    <ele>42.230000000000004</ele>
   </trkpt>
   <trkpt lat="38.657560000000004" lon="-121.18966">
    <ele>42.230000000000004</ele>
   </trkpt>
   <trkpt lat="38.65751" lon="-121.18982000000001">
    <ele>42.36</ele>
   </trkpt>
   <trkpt lat="38.65744" lon="-121.18993">
    <ele>42.46</ele>
   </trkpt>
   <trkpt lat="38.657320000000006" lon="-121.19002">
    <ele>42.730000000000004</ele>
   </trkpt>
   <trkpt lat="38.657140000000005" lon="-121.19007">
    <ele>43.72</ele>
   </trkpt>
   <trkpt lat="38.656960000000005" lon="-121.19007">
    <ele>44.050000000000004</ele>
   </trkpt>
   <trkpt lat="38.65673" lon="-121.19010000000002">
    <ele>44.120000000000005</ele>
   </trkpt>
   <trkpt lat="38.6565" lon="-121.19016">
    <ele>42.2</ele>
   </trkpt>
   <trkpt lat="38.656130000000005" lon="-121.19029">
    <ele>41.11</ele>
   </trkpt>
   <trkpt lat="38.65597" lon="-121.19029">
    <ele>41.160000000000004</ele>
   </trkpt>
   <trkpt lat="38.655710000000006" lon="-121.19024">
    <ele>41.81000000000001</ele>
   </trkpt>
   <trkpt lat="38.655620000000006" lon="-121.19024">
    <ele>41.96</ele>
   </trkpt>
   <trkpt lat="38.65554" lon="-121.19029">
    <ele>42.13</ele>
   </trkpt>
   <trkpt lat="38.65536" lon="-121.19051">
    <ele>43.24</ele>
   </trkpt>
   <trkpt lat="38.655300000000004" lon="-121.19056">
    <ele>43.27</ele>
   </trkpt>
   <trkpt lat="38.655060000000006" lon="-121.19069">
    <ele>42.61</ele>
   </trkpt>
   <trkpt lat="38.65473" lon="-121.19079">
    <ele>41.17</ele>
   </trkpt>
   <trkpt lat="38.654560000000004" lon="-121.19082000000002">
    <ele>41.7</ele>
   </trkpt>
   <trkpt lat="38.65439000000001" lon="-121.19075000000001">
    <ele>42.39</ele>
   </trkpt>
   <trkpt lat="38.654" lon="-121.19069">
    <ele>42.49000000000001</ele>
   </trkpt>
   <trkpt lat="38.65323" lon="-121.19083">
    <ele>41.0</ele>
   </trkpt>
   <trkpt lat="38.65245" lon="-121.19114">
    <ele>40.49</ele>
   </trkpt>
   <trkpt lat="38.65236" lon="-121.19111000000001">
    <ele>40.49</ele>
   </trkpt>
   <trkpt lat="38.652150000000006" lon="-121.19078">
    <ele>40.720000000000006</ele>
   </trkpt>
   <trkpt lat="38.65185" lon="-121.19042">
    <ele>42.25</ele>
   </trkpt>
   <trkpt lat="38.65166" lon="-121.18998">
    <ele>44.230000000000004</ele>
   </trkpt>
   <trkpt lat="38.651610000000005" lon="-121.18993">
    <ele>44.410000000000004</ele>
   </trkpt>
   <trkpt lat="38.65149" lon="-121.18986000000001">
    <ele>44.52</ele>
   </trkpt>
   <trkpt lat="38.651210000000006" lon="-121.18984">
    <ele>44.56</ele>
   </trkpt>
   <trkpt lat="38.650600000000004" lon="-121.18948">
    <ele>42.870000000000005</ele>
   </trkpt>
   <trkpt lat="38.65054000000001" lon="-121.18939">
    <ele>42.52</ele>
   </trkpt>
   <trkpt lat="38.650450000000006" lon="-121.18918000000001">
    <ele>42.54</ele>
   </trkpt>
   <trkpt lat="38.65028" lon="-121.18917">
    <ele>43.230000000000004</ele>
   </trkpt>
   <trkpt lat="38.65019" lon="-121.18912000000002">
    <ele>43.230000000000004</ele>
   </trkpt>
   <trkpt lat="38.65007000000001" lon="-121.1889">
    <ele>43.410000000000004</ele>
   </trkpt>
   <trkpt lat="38.650020000000005" lon="-121.18886">
    <ele>43.33</ele>
   </trkpt>
   <trkpt lat="38.64988" lon="-121.18886">
    <ele>42.940000000000005</ele>
   </trkpt>
   <trkpt lat="38.649820000000005" lon="-121.18885000000002">
    <ele>42.940000000000005</ele>
   </trkpt>
   <trkpt lat="38.649800000000006" lon="-121.18876000000002">
    <ele>42.940000000000005</ele>
   </trkpt>
   <trkpt lat="38.649800000000006" lon="-121.18863">
    <ele>42.800000000000004</ele>
   </trkpt>
   <trkpt lat="38.64988" lon="-121.18840000000002">
    <ele>42.830000000000005</ele>
   </trkpt>
   <trkpt lat="38.649890000000006" lon="-121.18831000000002">
    <ele>42.830000000000005</ele>
   </trkpt>
   <trkpt lat="38.649860000000004" lon="-121.18823">
    <ele>42.830000000000005</ele>
   </trkpt>
   <trkpt lat="38.649800000000006" lon="-121.18820000000001">
    <ele>42.57</ele>
   </trkpt>
   <trkpt lat="38.64963" lon="-121.18820000000001">
    <ele>42.52</ele>
   </trkpt>
   <trkpt lat="38.64945" lon="-121.18825000000001">
    <ele>42.5</ele>
   </trkpt>
   <trkpt lat="38.64913000000001" lon="-121.18803000000001">
    <ele>42.25</ele>
   </trkpt>
   <trkpt lat="38.649060000000006" lon="-121.18802000000001">
    <ele>42.61</ele>
   </trkpt>
   <trkpt lat="38.64889" lon="-121.18814">
    <ele>43.14</ele>
   </trkpt>
   <trkpt lat="38.64858" lon="-121.18858000000002">
    <ele>43.35000000000001</ele>
   </trkpt>
   <trkpt lat="38.64853" lon="-121.18867000000002">
    <ele>43.08</ele>
   </trkpt>
   <trkpt lat="38.64851" lon="-121.18881">
    <ele>42.72</ele>
   </trkpt>
   <trkpt lat="38.648520000000005" lon="-121.18908">
    <ele>41.74</ele>
   </trkpt>
   <trkpt lat="38.648540000000004" lon="-121.18923000000001">
    <ele>41.370000000000005</ele>
   </trkpt>
   <trkpt lat="38.6486" lon="-121.18951000000001">
    <ele>40.63</ele>
   </trkpt>
   <trkpt lat="38.648390000000006" lon="-121.18971">
    <ele>40.36</ele>
   </trkpt>
   <trkpt lat="38.64822" lon="-121.18989">
    <ele>39.61000000000001</ele>
   </trkpt>
   <trkpt lat="38.64804" lon="-121.18997000000002">
    <ele>39.300000000000004</ele>
   </trkpt>
   <trkpt lat="38.648" lon="-121.19002">
    <ele>39.17</ele>
   </trkpt>
   <trkpt lat="38.647960000000005" lon="-121.19016">
    <ele>39.089999999999996</ele>
   </trkpt>
   <trkpt lat="38.6479" lon="-121.19024">
    <ele>39.040000000000006</ele>
   </trkpt>
   <trkpt lat="38.647740000000006" lon="-121.19029">
    <ele>39.06</ele>
   </trkpt>
   <trkpt lat="38.647690000000004" lon="-121.19033">
    <ele>39.13</ele>
   </trkpt>
   <trkpt lat="38.64759" lon="-121.19069">
    <ele>39.45</ele>
   </trkpt>
   <trkpt lat="38.64755" lon="-121.19078">
    <ele>39.68</ele>
   </trkpt>
   <trkpt lat="38.647450000000006" lon="-121.19087">
    <ele>40.290000000000006</ele>
   </trkpt>
   <trkpt lat="38.647380000000005" lon="-121.19088">
    <ele>40.290000000000006</ele>
   </trkpt>
   <trkpt lat="38.64725" lon="-121.19084000000001">
    <ele>41.46</ele>
   </trkpt>
   <trkpt lat="38.647180000000006" lon="-121.19078">
    <ele>42.0</ele>
   </trkpt>
   <trkpt lat="38.646840000000005" lon="-121.19016">
    <ele>43.78000000000001</ele>
   </trkpt>
   <trkpt lat="38.64678" lon="-121.18972000000001">
    <ele>44.050000000000004</ele>
   </trkpt>
   <trkpt lat="38.64674" lon="-121.18966">
    <ele>44.050000000000004</ele>
   </trkpt>
   <trkpt lat="38.646660000000004" lon="-121.18961000000002">
    <ele>44.02</ele>
   </trkpt>
   <trkpt lat="38.64656" lon="-121.18958">
    <ele>44.09</ele>
   </trkpt>
   <trkpt lat="38.64643" lon="-121.18962">
    <ele>44.33</ele>
   </trkpt>
   <trkpt lat="38.646350000000005" lon="-121.18965000000001">
    <ele>44.730000000000004</ele>
   </trkpt>
   <trkpt lat="38.646260000000005" lon="-121.18984">
    <ele>47.120000000000005</ele>
   </trkpt>
   <trkpt lat="38.64618" lon="-121.18993">
    <ele>47.120000000000005</ele>
   </trkpt>
   <trkpt lat="38.64607" lon="-121.18999000000001">
    <ele>48.78</ele>
   </trkpt>
   <trkpt lat="38.645880000000005" lon="-121.19007">
    <ele>49.71</ele>
   </trkpt>
   <trkpt lat="38.64578" lon="-121.19015000000002">
    <ele>50.27</ele>
   </trkpt>
   <trkpt lat="38.645770000000006" lon="-121.1902">
    <ele>50.800000000000004</ele>
   </trkpt>
   <trkpt lat="38.645770000000006" lon="-121.19034">
    <ele>51.64000000000001</ele>
   </trkpt>
   <trkpt lat="38.645810000000004" lon="-121.19074">
    <ele>52.51</ele>
   </trkpt>
   <trkpt lat="38.64578" lon="-121.19092">
    <ele>52.36</ele>
   </trkpt>
   <trkpt lat="38.64576" lon="-121.19097000000001">
    <ele>52.36</ele>
   </trkpt>
   <trkpt lat="38.64565" lon="-121.1911">
    <ele>52.31</ele>
   </trkpt>
   <trkpt lat="38.6456" lon="-121.19119">
    <ele>52.31</ele>
   </trkpt>
   <trkpt lat="38.645450000000004" lon="-121.19173">
    <ele>52.33</ele>
   </trkpt>
   <trkpt lat="38.64542" lon="-121.19186">
    <ele>52.33</ele>
   </trkpt>
   <trkpt lat="38.645430000000005" lon="-121.19204">
    <ele>52.4</ele>
   </trkpt>
   <trkpt lat="38.645410000000005" lon="-121.19218000000001">
    <ele>52.4</ele>
   </trkpt>
   <trkpt lat="38.64522" lon="-121.19258">
    <ele>52.440000000000005</ele>
   </trkpt>
   <trkpt lat="38.64517" lon="-121.19275">
    <ele>52.58</ele>
   </trkpt>
   <trkpt lat="38.6452" lon="-121.19302">
    <ele>52.61</ele>
   </trkpt>
   <trkpt lat="38.64518" lon="-121.19312000000001">
    <ele>52.61</ele>
   </trkpt>
   <trkpt lat="38.64508" lon="-121.19324">
    <ele>52.49</ele>
   </trkpt>
   <trkpt lat="38.64482" lon="-121.19348000000001">
    <ele>52.480000000000004</ele>
   </trkpt>
   <trkpt lat="38.644450000000006" lon="-121.19392">
    <ele>52.50000000000001</ele>
   </trkpt>
   <trkpt lat="38.64401" lon="-121.19433000000001">
    <ele>52.33</ele>
   </trkpt>
   <trkpt lat="38.64377" lon="-121.19464">
    <ele>52.21000000000001</ele>
   </trkpt>
   <trkpt lat="38.643390000000004" lon="-121.1953">
    <ele>52.07000000000001</ele>
   </trkpt>
   <trkpt lat="38.64316" lon="-121.19585000000001">
    <ele>52.25000000000001</ele>
   </trkpt>
   <trkpt lat="38.64296" lon="-121.19615">
    <ele>52.06</ele>
   </trkpt>
   <trkpt lat="38.642920000000004" lon="-121.19625">
    <ele>52.06</ele>
   </trkpt>
   <trkpt lat="38.64287" lon="-121.1966">
    <ele>52.02</ele>
   </trkpt>
   <trkpt lat="38.64282" lon="-121.19672000000001">
    <ele>52.02</ele>
   </trkpt>
   <trkpt lat="38.64269" lon="-121.19692">
    <ele>51.92</ele>
   </trkpt>
   <trkpt lat="38.64249" lon="-121.19709">
    <ele>51.510000000000005</ele>
   </trkpt>
   <trkpt lat="38.641920000000006" lon="-121.19737">
    <ele>50.68</ele>
   </trkpt>
   <trkpt lat="38.64181000000001" lon="-121.19740000000002">
    <ele>50.36</ele>
   </trkpt>
   <trkpt lat="38.64172000000001" lon="-121.19745">
    <ele>49.43</ele>
   </trkpt>
   <trkpt lat="38.64161" lon="-121.19755">
    <ele>49.43</ele>
   </trkpt>
   <trkpt lat="38.6415" lon="-121.19772">
    <ele>47.88</ele>
   </trkpt>
   <trkpt lat="38.641470000000005" lon="-121.19799">
    <ele>47.32</ele>
   </trkpt>
   <trkpt lat="38.641380000000005" lon="-121.19834000000002">
    <ele>46.67</ele>
   </trkpt>
   <trkpt lat="38.64132" lon="-121.19852000000002">
    <ele>46.43000000000001</ele>
   </trkpt>
   <trkpt lat="38.64117" lon="-121.1988">
    <ele>45.86000000000001</ele>
   </trkpt>
   <trkpt lat="38.64114" lon="-121.19890000000001">
    <ele>45.68000000000001</ele>
   </trkpt>
   <trkpt lat="38.64117" lon="-121.19902">
    <ele>44.85</ele>
   </trkpt>
   <trkpt lat="38.64135" lon="-121.19929">
    <ele>44.39000000000001</ele>
   </trkpt>
   <trkpt lat="38.64137" lon="-121.19942">
    <ele>43.870000000000005</ele>
   </trkpt>
   <trkpt lat="38.64134000000001" lon="-121.19947">
    <ele>43.870000000000005</ele>
   </trkpt>
   <trkpt lat="38.64125000000001" lon="-121.19956">
    <ele>43.31</ele>
   </trkpt>
   <trkpt lat="38.640820000000005" lon="-121.19975000000001">
    <ele>42.9</ele>
   </trkpt>
   <trkpt lat="38.640730000000005" lon="-121.19987">
    <ele>42.9</ele>
   </trkpt>
   <trkpt lat="38.640660000000004" lon="-121.20002000000001">
    <ele>42.97</ele>
   </trkpt>
   <trkpt lat="38.640620000000006" lon="-121.20023">
    <ele>43.2</ele>
   </trkpt>
   <trkpt lat="38.640660000000004" lon="-121.20041">
    <ele>43.64000000000001</ele>
   </trkpt>
   <trkpt lat="38.64074" lon="-121.20063">
    <ele>43.85000000000001</ele>
   </trkpt>
   <trkpt lat="38.640750000000004" lon="-121.20077">
    <ele>43.79</ele>
   </trkpt>
   <trkpt lat="38.640730000000005" lon="-121.20092000000001">
    <ele>43.660000000000004</ele>
   </trkpt>
   <trkpt lat="38.64068" lon="-121.20105000000001">
    <ele>43.64000000000001</ele>
   </trkpt>
   <trkpt lat="38.64056" lon="-121.20121">
    <ele>43.85000000000001</ele>
   </trkpt>
   <trkpt lat="38.64018" lon="-121.20162">
    <ele>43.17000000000001</ele>
   </trkpt>
   <trkpt lat="38.63998" lon="-121.20221000000001">
    <ele>40.79</ele>
   </trkpt>
   <trkpt lat="38.63983" lon="-121.20273000000002">
    <ele>40.21</ele>
   </trkpt>
   <trkpt lat="38.63953" lon="-121.20333000000001">
    <ele>40.470000000000006</ele>
   </trkpt>
   <trkpt lat="38.639450000000004" lon="-121.20336">
    <ele>40.470000000000006</ele>
   </trkpt>
   <trkpt lat="38.639190000000006" lon="-121.20314">
    <ele>40.63</ele>
   </trkpt>
   <trkpt lat="38.63893" lon="-121.20318">
    <ele>40.63</ele>
   </trkpt>
   <trkpt lat="38.638870000000004" lon="-121.20323">
    <ele>40.61</ele>
   </trkpt>
   <trkpt lat="38.638760000000005" lon="-121.20340000000002">
    <ele>40.510000000000005</ele>
   </trkpt>
   <trkpt lat="38.63859" lon="-121.20381">
    <ele>40.040000000000006</ele>
   </trkpt>
   <trkpt lat="38.638290000000005" lon="-121.20408">
    <ele>40.019999999999996</ele>
   </trkpt>
   <trkpt lat="38.638200000000005" lon="-121.20418000000001">
    <ele>40.040000000000006</ele>
   </trkpt>
   <trkpt lat="38.638160000000006" lon="-121.2043">
    <ele>40.040000000000006</ele>
   </trkpt>
   <trkpt lat="38.63812" lon="-121.20462">
    <ele>39.980000000000004</ele>
   </trkpt>
   <trkpt lat="38.638070000000006" lon="-121.20484">
    <ele>40.050000000000004</ele>
   </trkpt>
   <trkpt lat="38.63812" lon="-121.20519000000002">
    <ele>40.260000000000005</ele>
   </trkpt>
   <trkpt lat="38.638090000000005" lon="-121.20539000000001">
    <ele>40.269999999999996</ele>
   </trkpt>
   <trkpt lat="38.63792" lon="-121.20582000000002">
    <ele>40.21</ele>
   </trkpt>
   <trkpt lat="38.637840000000004" lon="-121.20609">
    <ele>40.36</ele>
   </trkpt>
   <trkpt lat="38.637640000000005" lon="-121.20632">
    <ele>40.39</ele>
   </trkpt>
   <trkpt lat="38.637480000000004" lon="-121.20660000000001">
    <ele>40.5</ele>
   </trkpt>
   <trkpt lat="38.63745" lon="-121.20678000000001">
    <ele>40.67</ele>
   </trkpt>
   <trkpt lat="38.637535001436895" lon="-121.20735999934722">
    <ele>40.870000000000005</ele>
   </trkpt>
   <trkpt lat="38.637620000000005" lon="-121.20794000000001">
    <ele>40.89</ele>
   </trkpt>
   <trkpt lat="38.63761" lon="-121.20802">
    <ele>40.480000000000004</ele>
   </trkpt>
   <trkpt lat="38.63731000000001" lon="-121.20839000000001">
    <ele>40.410000000000004</ele>
   </trkpt>
   <trkpt lat="38.637190000000004" lon="-121.20843">
    <ele>40.67</ele>
   </trkpt>
   <trkpt lat="38.636900000000004" lon="-121.20833">
    <ele>40.71</ele>
   </trkpt>
   <trkpt lat="38.636390000000006" lon="-121.20835000000001">
    <ele>39.89</ele>
   </trkpt>
   <trkpt lat="38.636120000000005" lon="-121.20838">
    <ele>40.11</ele>
   </trkpt>
   <trkpt lat="38.636030000000005" lon="-121.20843">
    <ele>40.42</ele>
   </trkpt>
   <trkpt lat="38.63593" lon="-121.20855000000002">
    <ele>41.32</ele>
   </trkpt>
   <trkpt lat="38.63561" lon="-121.20892">
    <ele>42.050000000000004</ele>
   </trkpt>
   <trkpt lat="38.63555" lon="-121.20905">
    <ele>42.050000000000004</ele>
   </trkpt>
   <trkpt lat="38.635540000000006" lon="-121.20918">
    <ele>42.050000000000004</ele>
   </trkpt>
   <trkpt lat="38.63559" lon="-121.2095">
    <ele>41.910000000000004</ele>
   </trkpt>
   <trkpt lat="38.63559" lon="-121.20968">
    <ele>41.910000000000004</ele>
   </trkpt>
   <trkpt lat="38.63544" lon="-121.20994">
    <ele>41.57</ele>
   </trkpt>
   <trkpt lat="38.63535" lon="-121.21013">
    <ele>41.57</ele>
   </trkpt>
   <trkpt lat="38.635160000000006" lon="-121.21081000000001">
    <ele>41.09</ele>
   </trkpt>
   <trkpt lat="38.63496000152023" lon="-121.2114100017099">
    <ele>40.43</ele>
   </trkpt>
   <trkpt lat="38.63476" lon="-121.21201">
    <ele>40.150000000000006</ele>
   </trkpt>
   <trkpt lat="38.63459000159623" lon="-121.21261000119685">
    <ele>40.370000000000005</ele>
   </trkpt>
   <trkpt lat="38.634420000000006" lon="-121.21321">
    <ele>40.85</ele>
   </trkpt>
   <trkpt lat="38.63443" lon="-121.21336000000001">
    <ele>40.86</ele>
   </trkpt>
   <trkpt lat="38.63449000000001" lon="-121.21344">
    <ele>40.86</ele>
   </trkpt>
   <trkpt lat="38.634910000000005" lon="-121.21379">
    <ele>40.580000000000005</ele>
   </trkpt>
   <trkpt lat="38.63499" lon="-121.21402">
    <ele>40.38</ele>
   </trkpt>
   <trkpt lat="38.63497" lon="-121.21433">
    <ele>40.330000000000005</ele>
   </trkpt>
   <trkpt lat="38.6348900016881" lon="-121.2149550004977">
    <ele>40.470000000000006</ele>
   </trkpt>
   <trkpt lat="38.63481" lon="-121.21558000000002">
    <ele>40.92</ele>
   </trkpt>
   <trkpt lat="38.63477" lon="-121.21563">
    <ele>41.09</ele>
   </trkpt>
   <trkpt lat="38.63432" lon="-121.21563">
    <ele>41.64</ele>
   </trkpt>
   <trkpt lat="38.63416" lon="-121.21567">
    <ele>41.730000000000004</ele>
   </trkpt>
   <trkpt lat="38.633970000000005" lon="-121.21576">
    <ele>41.82</ele>
   </trkpt>
   <trkpt lat="38.6338" lon="-121.21589000000002">
    <ele>41.830000000000005</ele>
   </trkpt>
   <trkpt lat="38.633700000000005" lon="-121.21607000000002">
    <ele>41.74</ele>
   </trkpt>
   <trkpt lat="38.63358" lon="-121.21635">
    <ele>41.67</ele>
   </trkpt>
   <trkpt lat="38.63355" lon="-121.21658000000001">
    <ele>41.53</ele>
   </trkpt>
   <trkpt lat="38.633570000000006" lon="-121.21676000000001">
    <ele>41.53</ele>
   </trkpt>
   <trkpt lat="38.633680000000005" lon="-121.21733">
    <ele>41.13</ele>
   </trkpt>
   <trkpt lat="38.633660000000006" lon="-121.2176">
    <ele>40.900000000000006</ele>
   </trkpt>
   <trkpt lat="38.633660000000006" lon="-121.21761000000001">
    <ele>40.89</ele>
   </trkpt>
   <trkpt lat="38.63365" lon="-121.21766000000001">
    <ele>40.89</ele>
   </trkpt>
   <trkpt lat="38.63374" lon="-121.21785000000001">
    <ele>40.78</ele>
   </trkpt>
   <trkpt lat="38.633750000000006" lon="-121.21796">
    <ele>40.78</ele>
   </trkpt>
   <trkpt lat="38.633610000000004" lon="-121.21832">
    <ele>40.36</ele>
   </trkpt>
   <trkpt lat="38.633590000000005" lon="-121.21845">
    <ele>40.38</ele>
   </trkpt>
   <trkpt lat="38.6336" lon="-121.21855000000001">
    <ele>40.38</ele>
   </trkpt>
   <trkpt lat="38.63365" lon="-121.21864000000001">
    <ele>40.52</ele>
   </trkpt>
   <trkpt lat="38.63369" lon="-121.21869000000001">
    <ele>40.52</ele>
   </trkpt>
   <trkpt lat="38.63394" lon="-121.21885">
    <ele>40.77</ele>
   </trkpt>
   <trkpt lat="38.633990000000004" lon="-121.2189">
    <ele>40.77</ele>
   </trkpt>
   <trkpt lat="38.634" lon="-121.21898000000002">
    <ele>40.77</ele>
   </trkpt>
   <trkpt lat="38.633950000000006" lon="-121.21953">
    <ele>41.13</ele>
   </trkpt>
   <trkpt lat="38.63378" lon="-121.21992000000002">
    <ele>41.21</ele>
   </trkpt>
   <trkpt lat="38.633720000000004" lon="-121.22010000000002">
    <ele>41.06</ele>
   </trkpt>
   <trkpt lat="38.63382" lon="-121.2206">
    <ele>40.84</ele>
   </trkpt>
   <trkpt lat="38.633950000000006" lon="-121.22096">
    <ele>40.86</ele>
   </trkpt>
   <trkpt lat="38.63403" lon="-121.22105">
    <ele>40.79</ele>
   </trkpt>
   <trkpt lat="38.63411" lon="-121.22105">
    <ele>40.79</ele>
   </trkpt>
   <trkpt lat="38.634150000000005" lon="-121.22104000000002">
    <ele>40.67</ele>
   </trkpt>
   <trkpt lat="38.63443" lon="-121.22076000000001">
    <ele>40.540000000000006</ele>
   </trkpt>
   <trkpt lat="38.63452" lon="-121.22070000000001">
    <ele>40.370000000000005</ele>
   </trkpt>
   <trkpt lat="38.634570000000004" lon="-121.22092">
    <ele>40.21</ele>
   </trkpt>
   <trkpt lat="38.63458" lon="-121.22123">
    <ele>39.56</ele>
   </trkpt>
   <trkpt lat="38.634510000000006" lon="-121.22145">
    <ele>38.98</ele>
   </trkpt>
   <trkpt lat="38.634260000000005" lon="-121.22185">
    <ele>37.07000000000001</ele>
   </trkpt>
   <trkpt lat="38.634170000000005" lon="-121.22212">
    <ele>37.93000000000001</ele>
   </trkpt>
   <trkpt lat="38.634170000000005" lon="-121.22218000000001">
    <ele>37.93000000000001</ele>
   </trkpt>
   <trkpt lat="38.634150000000005" lon="-121.22221">
    <ele>38.13</ele>
   </trkpt>
   <trkpt lat="38.63407" lon="-121.22198000000002">
    <ele>39.03</ele>
   </trkpt>
   <trkpt lat="38.63402000000001" lon="-121.22192000000001">
    <ele>39.03</ele>
   </trkpt>
   <trkpt lat="38.63401" lon="-121.22199">
    <ele>39.03</ele>
   </trkpt>
   <trkpt lat="38.63412" lon="-121.22235">
    <ele>38.48</ele>
   </trkpt>
   <trkpt lat="38.634280000000004" lon="-121.22275">
    <ele>38.34</ele>
   </trkpt>
   <trkpt lat="38.63448" lon="-121.2232">
    <ele>38.53</ele>
   </trkpt>
   <trkpt lat="38.63485" lon="-121.22374">
    <ele>40.18</ele>
   </trkpt>
   <trkpt lat="38.63537" lon="-121.22432">
    <ele>43.42</ele>
   </trkpt>
   <trkpt lat="38.63579" lon="-121.22467">
    <ele>47.31</ele>
   </trkpt>
   <trkpt lat="38.63598" lon="-121.22481">
    <ele>47.31</ele>
   </trkpt>
   <trkpt lat="38.636230000000005" lon="-121.22495">
    <ele>48.86</ele>
   </trkpt>
   <trkpt lat="38.63678" lon="-121.22521">
    <ele>52.31</ele>
   </trkpt>
   <trkpt lat="38.636680000000005" lon="-121.22507000000002">
    <ele>49.64</ele>
   </trkpt>
   <trkpt lat="38.63676" lon="-121.22477">
    <ele>47.720000000000006</ele>
   </trkpt>
   <trkpt lat="38.6368" lon="-121.22476">
    <ele>48.57</ele>
   </trkpt>
   <trkpt lat="38.63692" lon="-121.22455000000001">
    <ele>50.78</ele>
   </trkpt>
   <trkpt lat="38.63718" lon="-121.22433000000001">
    <ele>56.440000000000005</ele>
   </trkpt>
   <trkpt lat="38.637280000000004" lon="-121.22422000000002">
    <ele>58.95</ele>
   </trkpt>
   <trkpt lat="38.637280000000004" lon="-121.22405">
    <ele>61.08</ele>
   </trkpt>
   <trkpt lat="38.63731000000001" lon="-121.22392">
    <ele>61.08</ele>
   </trkpt>
   <trkpt lat="38.63729" lon="-121.22369">
    <ele>64.32000000000001</ele>
   </trkpt>
   <trkpt lat="38.6373" lon="-121.22359000000002">
    <ele>66.31</ele>
   </trkpt>
   <trkpt lat="38.637420000000006" lon="-121.22338">
    <ele>68.63000000000001</ele>
   </trkpt>
   <trkpt lat="38.637440000000005" lon="-121.2232">
    <ele>70.67000000000002</ele>
   </trkpt>
   <trkpt lat="38.63741" lon="-121.22306">
    <ele>71.11</ele>
   </trkpt>
   <trkpt lat="38.637420000000006" lon="-121.22302">
    <ele>71.60000000000001</ele>
   </trkpt>
   <trkpt lat="38.637440000000005" lon="-121.22298">
    <ele>71.60000000000001</ele>
   </trkpt>
   <trkpt lat="38.63752" lon="-121.22306">
    <ele>73.17000000000002</ele>
   </trkpt>
   <trkpt lat="38.63763" lon="-121.22311">
    <ele>74.3</ele>
   </trkpt>
   <trkpt lat="38.63768" lon="-121.22311">
    <ele>74.56</ele>
   </trkpt>
   <trkpt lat="38.637950000000004" lon="-121.22302">
    <ele>76.06</ele>
   </trkpt>
   <trkpt lat="38.63797" lon="-121.22303000000001">
    <ele>76.06</ele>
   </trkpt>
   <trkpt lat="38.63801" lon="-121.22302">
    <ele>76.50000000000001</ele>
   </trkpt>
   <trkpt lat="38.638020000000004" lon="-121.22297">
    <ele>76.50000000000001</ele>
   </trkpt>
   <trkpt lat="38.63797" lon="-121.22284">
    <ele>76.35</ele>
   </trkpt>
   <trkpt lat="38.63794" lon="-121.22246000000001">
    <ele>76.29</ele>
   </trkpt>
   <trkpt lat="38.63792" lon="-121.22205000000001">
    <ele>76.12</ele>
   </trkpt>
   <trkpt lat="38.63819" lon="-121.22203">
    <ele>74.7</ele>
   </trkpt>
   <trkpt lat="38.63826" lon="-121.2219">
    <ele>72.66</ele>
   </trkpt>
   <trkpt lat="38.638470000000005" lon="-121.22114">
    <ele>64.97</ele>
   </trkpt>
   <trkpt lat="38.6385" lon="-121.22096">
    <ele>53.83</ele>
   </trkpt>
   <trkpt lat="38.63846" lon="-121.22065">
    <ele>53.83</ele>
   </trkpt>
   <trkpt lat="38.638510000000004" lon="-121.22061000000001">
    <ele>53.83</ele>
   </trkpt>
   <trkpt lat="38.6387" lon="-121.2206">
    <ele>47.790000000000006</ele>
   </trkpt>
   <trkpt lat="38.63886" lon="-121.22051">
    <ele>43.47</ele>
   </trkpt>
   <trkpt lat="38.63889" lon="-121.22042">
    <ele>41.760000000000005</ele>
   </trkpt>
   <trkpt lat="38.63888" lon="-121.22033">
    <ele>41.0</ele>
   </trkpt>
   <trkpt lat="38.638670000000005" lon="-121.22015">
    <ele>40.63</ele>
   </trkpt>
   <trkpt lat="38.63855" lon="-121.21996000000001">
    <ele>40.59</ele>
   </trkpt>
   <trkpt lat="38.638540000000006" lon="-121.21984">
    <ele>40.440000000000005</ele>
   </trkpt>
   <trkpt lat="38.638510000000004" lon="-121.21979">
    <ele>40.440000000000005</ele>
   </trkpt>
   <trkpt lat="38.638270000000006" lon="-121.21958000000001">
    <ele>40.580000000000005</ele>
   </trkpt>
   <trkpt lat="38.63824" lon="-121.21949000000001">
    <ele>40.580000000000005</ele>
   </trkpt>
   <trkpt lat="38.638250000000006" lon="-121.21936000000001">
    <ele>40.63</ele>
   </trkpt>
   <trkpt lat="38.63844" lon="-121.21903">
    <ele>40.59</ele>
   </trkpt>
   <trkpt lat="38.63855" lon="-121.21898000000002">
    <ele>40.59</ele>
   </trkpt>
   <trkpt lat="38.63875" lon="-121.21881">
    <ele>40.17</ele>
   </trkpt>
   <trkpt lat="38.638830000000006" lon="-121.21876">
    <ele>40.17</ele>
   </trkpt>
   <trkpt lat="38.639250000000004" lon="-121.21869000000001">
    <ele>40.34</ele>
   </trkpt>
   <trkpt lat="38.63935" lon="-121.21876">
    <ele>40.34</ele>
   </trkpt>
   <trkpt lat="38.639590000000005" lon="-121.21882000000001">
    <ele>40.36</ele>
   </trkpt>
   <trkpt lat="38.639970000000005" lon="-121.21899">
    <ele>40.46</ele>
   </trkpt>
   <trkpt lat="38.64014" lon="-121.21903">
    <ele>40.6</ele>
   </trkpt>
   <trkpt lat="38.64056" lon="-121.21909000000001">
    <ele>42.07</ele>
   </trkpt>
   <trkpt lat="38.64092" lon="-121.21908">
    <ele>43.67</ele>
   </trkpt>
   <trkpt lat="38.64103" lon="-121.21904">
    <ele>45.57000000000001</ele>
   </trkpt>
   <trkpt lat="38.64121" lon="-121.21888000000001">
    <ele>50.11</ele>
   </trkpt>
   <trkpt lat="38.64119" lon="-121.21881">
    <ele>53.120000000000005</ele>
   </trkpt>
   <trkpt lat="38.64126" lon="-121.21851000000001">
    <ele>56.690000000000005</ele>
   </trkpt>
   <trkpt lat="38.64126" lon="-121.21852000000001">
    <ele>56.68</ele>
   </trkpt>
   <trkpt lat="38.64139" lon="-121.21833000000001">
    <ele>60.93000000000001</ele>
   </trkpt>
   <trkpt lat="38.641420000000004" lon="-121.21815000000001">
    <ele>63.64</ele>
   </trkpt>
   <trkpt lat="38.64139" lon="-121.218">
    <ele>65.87</ele>
   </trkpt>
   <trkpt lat="38.64121" lon="-121.21751">
    <ele>69.67</ele>
   </trkpt>
   <trkpt lat="38.641220000000004" lon="-121.21742">
    <ele>70.21000000000001</ele>
   </trkpt>
   <trkpt lat="38.64126" lon="-121.21737000000002">
    <ele>72.04</ele>
   </trkpt>
   <trkpt lat="38.64146" lon="-121.21724">
    <ele>76.47000000000001</ele>
   </trkpt>
   <trkpt lat="38.6415" lon="-121.21715">
    <ele>77.46</ele>
   </trkpt>
   <trkpt lat="38.641580000000005" lon="-121.21708000000001">
    <ele>78.12</ele>
   </trkpt>
   <trkpt lat="38.641760000000005" lon="-121.21706">
    <ele>78.38000000000001</ele>
   </trkpt>
   <trkpt lat="38.642425000388" lon="-121.21677000267793">
    <ele>79.51</ele>
   </trkpt>
   <trkpt lat="38.64309" lon="-121.21648">
    <ele>78.38000000000001</ele>
   </trkpt>
   <trkpt lat="38.643640000000005" lon="-121.21617">
    <ele>78.87</ele>
   </trkpt>
   <trkpt lat="38.643890000000006" lon="-121.21608">
    <ele>79.86</ele>
   </trkpt>
   <trkpt lat="38.64461" lon="-121.21574000000001">
    <ele>82.03</ele>
   </trkpt>
   <trkpt lat="38.64495" lon="-121.21564000000001">
    <ele>81.82000000000001</ele>
   </trkpt>
   <trkpt lat="38.64554500027383" lon="-121.21539500202684">
    <ele>81.18</ele>
   </trkpt>
   <trkpt lat="38.64614" lon="-121.21515000000001">
    <ele>82.25</ele>
   </trkpt>
   <trkpt lat="38.64621" lon="-121.21514">
    <ele>82.35000000000001</ele>
   </trkpt>
   <trkpt lat="38.646260000000005" lon="-121.21515000000001">
    <ele>82.36</ele>
   </trkpt>
   <trkpt lat="38.64663" lon="-121.21545">
    <ele>81.5</ele>
   </trkpt>
   <trkpt lat="38.64676" lon="-121.21546000000001">
    <ele>80.61</ele>
   </trkpt>
   <trkpt lat="38.647020000000005" lon="-121.21545">
    <ele>80.4</ele>
   </trkpt>
   <trkpt lat="38.64735" lon="-121.21541">
    <ele>82.12</ele>
   </trkpt>
   <trkpt lat="38.647690000000004" lon="-121.21518">
    <ele>82.76</ele>
   </trkpt>
   <trkpt lat="38.64775" lon="-121.21509">
    <ele>82.9</ele>
   </trkpt>
   <trkpt lat="38.647830000000006" lon="-121.215">
    <ele>82.97</ele>
   </trkpt>
   <trkpt lat="38.64793" lon="-121.21495000000002">
    <ele>82.97</ele>
   </trkpt>
   <trkpt lat="38.648070000000004" lon="-121.21491">
    <ele>83.03</ele>
   </trkpt>
   <trkpt lat="38.64829" lon="-121.21496">
    <ele>83.02000000000001</ele>
   </trkpt>
   <trkpt lat="38.64842" lon="-121.21496">
    <ele>82.9</ele>
   </trkpt>
   <trkpt lat="38.648520000000005" lon="-121.21491">
    <ele>82.93</ele>
   </trkpt>
   <trkpt lat="38.648830000000004" lon="-121.21452000000001">
    <ele>83.42</ele>
   </trkpt>
   <trkpt lat="38.649080000000005" lon="-121.21439000000001">
    <ele>83.63000000000001</ele>
   </trkpt>
   <trkpt lat="38.649550000000005" lon="-121.2142">
    <ele>84.41000000000001</ele>
   </trkpt>
   <trkpt lat="38.649680000000004" lon="-121.21411">
    <ele>84.54</ele>
   </trkpt>
   <trkpt lat="38.649820000000005" lon="-121.21395000000001">
    <ele>84.85000000000001</ele>
   </trkpt>
   <trkpt lat="38.64981" lon="-121.21395000000001">
    <ele>84.8</ele>
   </trkpt>
   <trkpt lat="38.6499" lon="-121.21385000000001">
    <ele>84.98000000000002</ele>
   </trkpt>
   <trkpt lat="38.650180000000006" lon="-121.2137">
    <ele>84.98000000000002</ele>
   </trkpt>
   <trkpt lat="38.65028" lon="-121.21354000000001">
    <ele>84.88000000000001</ele>
   </trkpt>
   <trkpt lat="38.65034" lon="-121.21327000000001">
    <ele>84.28</ele>
   </trkpt>
   <trkpt lat="38.65039" lon="-121.21321">
    <ele>84.28</ele>
   </trkpt>
   <trkpt lat="38.65044" lon="-121.21321">
    <ele>84.01</ele>
   </trkpt>
   <trkpt lat="38.65057" lon="-121.21339">
    <ele>83.55000000000001</ele>
   </trkpt>
   <trkpt lat="38.65061" lon="-121.21353">
    <ele>83.39</ele>
   </trkpt>
   <trkpt lat="38.6507" lon="-121.21371">
    <ele>83.31</ele>
   </trkpt>
   <trkpt lat="38.650710000000004" lon="-121.21388">
    <ele>83.28</ele>
   </trkpt>
   <trkpt lat="38.65055" lon="-121.21443000000001">
    <ele>82.79</ele>
   </trkpt>
   <trkpt lat="38.65063000000001" lon="-121.21464">
    <ele>81.34</ele>
   </trkpt>
   <trkpt lat="38.650740000000006" lon="-121.21464">
    <ele>78.21</ele>
   </trkpt>
   <trkpt lat="38.651300000000006" lon="-121.21397">
    <ele>69.9</ele>
   </trkpt>
   <trkpt lat="38.651450000000004" lon="-121.2133">
    <ele>64.87</ele>
   </trkpt>
   <trkpt lat="38.651450000000004" lon="-121.21322">
    <ele>64.87</ele>
   </trkpt>
   <trkpt lat="38.65135" lon="-121.21299">
    <ele>63.87000000000001</ele>
   </trkpt>
   <trkpt lat="38.651320000000005" lon="-121.21282000000001">
    <ele>61.92</ele>
   </trkpt>
   <trkpt lat="38.651360000000004" lon="-121.21264000000001">
    <ele>61.74</ele>
   </trkpt>
   <trkpt lat="38.651450000000004" lon="-121.21251000000001">
    <ele>63.08000000000001</ele>
   </trkpt>
   <trkpt lat="38.65182" lon="-121.21213000000002">
    <ele>60.800000000000004</ele>
   </trkpt>
   <trkpt lat="38.651920000000004" lon="-121.21205">
    <ele>59.89000000000001</ele>
   </trkpt>
   <trkpt lat="38.652350000000006" lon="-121.21196">
    <ele>61.08</ele>
   </trkpt>
   <trkpt lat="38.65247" lon="-121.21191">
    <ele>61.64000000000001</ele>
   </trkpt>
   <trkpt lat="38.653130000000004" lon="-121.21142">
    <ele>60.14000000000001</ele>
   </trkpt>
   <trkpt lat="38.65326" lon="-121.21138">
    <ele>60.21000000000001</ele>
   </trkpt>
   <trkpt lat="38.65381" lon="-121.21130000000001">
    <ele>58.84</ele>
   </trkpt>
   <trkpt lat="38.65388" lon="-121.21129">
    <ele>57.620000000000005</ele>
   </trkpt>
   <trkpt lat="38.653940000000006" lon="-121.21121000000001">
    <ele>57.050000000000004</ele>
   </trkpt>
   <trkpt lat="38.653960000000005" lon="-121.21115">
    <ele>56.550000000000004</ele>
   </trkpt>
   <trkpt lat="38.653960000000005" lon="-121.21107">
    <ele>55.67</ele>
   </trkpt>
   <trkpt lat="38.65392000000001" lon="-121.21093">
    <ele>54.470000000000006</ele>
   </trkpt>
   <trkpt lat="38.65392000000001" lon="-121.2108">
    <ele>53.82000000000001</ele>
   </trkpt>
   <trkpt lat="38.653980000000004" lon="-121.21071">
    <ele>53.36000000000001</ele>
   </trkpt>
   <trkpt lat="38.65415" lon="-121.21061000000002">
    <ele>52.81</ele>
   </trkpt>
   <trkpt lat="38.654270000000004" lon="-121.21034000000002">
    <ele>51.29</ele>
   </trkpt>
   <trkpt lat="38.65426" lon="-121.20985">
    <ele>50.35</ele>
   </trkpt>
   <trkpt lat="38.65428" lon="-121.20964000000001">
    <ele>50.550000000000004</ele>
   </trkpt>
   <trkpt lat="38.65431" lon="-121.20959">
    <ele>50.59</ele>
   </trkpt>
   <trkpt lat="38.654270000000004" lon="-121.20952000000001">
    <ele>50.61</ele>
   </trkpt>
   <trkpt lat="38.654320000000006" lon="-121.20949000000002">
    <ele>50.61</ele>
   </trkpt>
   <trkpt lat="38.65433" lon="-121.20936">
    <ele>50.60000000000001</ele>
   </trkpt>
   <trkpt lat="38.654410000000006" lon="-121.20914">
    <ele>50.71</ele>
   </trkpt>
   <trkpt lat="38.65442" lon="-121.20878">
    <ele>49.440000000000005</ele>
   </trkpt>
   <trkpt lat="38.65453" lon="-121.20821000000001">
    <ele>48.830000000000005</ele>
   </trkpt>
   <trkpt lat="38.65485000108975" lon="-121.20773500193">
    <ele>48.620000000000005</ele>
   </trkpt>
   <trkpt lat="38.655170000000005" lon="-121.20726">
    <ele>49.160000000000004</ele>
   </trkpt>
   <trkpt lat="38.65518" lon="-121.20703">
    <ele>49.230000000000004</ele>
   </trkpt>
   <trkpt lat="38.65507" lon="-121.20660000000001">
    <ele>49.09</ele>
   </trkpt>
   <trkpt lat="38.65507" lon="-121.20598000000001">
    <ele>50.0</ele>
   </trkpt>
   <trkpt lat="38.65507" lon="-121.20601">
    <ele>49.95</ele>
   </trkpt>
   <trkpt lat="38.655065003076174" lon="-121.205160000055">
    <ele>50.9</ele>
   </trkpt>
   <trkpt lat="38.655060000000006" lon="-121.20431">
    <ele>50.980000000000004</ele>
   </trkpt>
   <trkpt lat="38.655210000000004" lon="-121.20408">
    <ele>50.99000000000001</ele>
   </trkpt>
   <trkpt lat="38.65532" lon="-121.20394">
    <ele>51.03000000000001</ele>
   </trkpt>
   <trkpt lat="38.655620000000006" lon="-121.20365000000001">
    <ele>51.74</ele>
   </trkpt>
   <trkpt lat="38.6556" lon="-121.20359">
    <ele>51.74</ele>
   </trkpt>
   <trkpt lat="38.65556" lon="-121.20328">
    <ele>51.410000000000004</ele>
   </trkpt>
   <trkpt lat="38.65561" lon="-121.20296">
    <ele>51.22</ele>
   </trkpt>
   <trkpt lat="38.655930000000005" lon="-121.20206">
    <ele>51.64000000000001</ele>
   </trkpt>
   <trkpt lat="38.656180000000006" lon="-121.20145000000001">
    <ele>52.27</ele>
   </trkpt>
   <trkpt lat="38.656240000000004" lon="-121.20126">
    <ele>52.22</ele>
   </trkpt>
   <trkpt lat="38.656270000000006" lon="-121.20100000000001">
    <ele>51.89000000000001</ele>
   </trkpt>
   <trkpt lat="38.656240000000004" lon="-121.20082000000001">
    <ele>51.370000000000005</ele>
   </trkpt>
   <trkpt lat="38.65616" lon="-121.20063">
    <ele>50.730000000000004</ele>
   </trkpt>
   <trkpt lat="38.656330000000004" lon="-121.20072">
    <ele>50.9</ele>
   </trkpt>
   <trkpt lat="38.65641" lon="-121.20073000000001">
    <ele>50.980000000000004</ele>
   </trkpt>
   <trkpt lat="38.656510000000004" lon="-121.20069000000001">
    <ele>51.080000000000005</ele>
   </trkpt>
   <trkpt lat="38.65666" lon="-121.20059">
    <ele>51.25</ele>
   </trkpt>
   <trkpt lat="38.65675" lon="-121.20046">
    <ele>51.71000000000001</ele>
   </trkpt>
   <trkpt lat="38.656960000000005" lon="-121.20009">
    <ele>52.15</ele>
   </trkpt>
   <trkpt lat="38.657410000000006" lon="-121.19939000000001">
    <ele>52.31</ele>
   </trkpt>
   <trkpt lat="38.65751" lon="-121.19911">
    <ele>52.33</ele>
   </trkpt>
   <trkpt lat="38.65758" lon="-121.19871">
    <ele>52.54</ele>
   </trkpt>
   <trkpt lat="38.65769" lon="-121.1983">
    <ele>54.2</ele>
   </trkpt>
   <trkpt lat="38.65792000184634" lon="-121.1976550018598">
    <ele>57.160000000000004</ele>
   </trkpt>
   <trkpt lat="38.658150000000006" lon="-121.19701">
    <ele>55.290000000000006</ele>
   </trkpt>
   <trkpt lat="38.65814" lon="-121.19705">
    <ele>55.35</ele>
   </trkpt>
   <trkpt lat="38.658210000000004" lon="-121.19683">
    <ele>54.99</ele>
   </trkpt>
   <trkpt lat="38.65825" lon="-121.1966">
    <ele>54.67</ele>
   </trkpt>
   <trkpt lat="38.65851" lon="-121.19562">
    <ele>56.24</ele>
   </trkpt>
   <trkpt lat="38.658480000000004" lon="-121.19562">
    <ele>56.24</ele>
   </trkpt>
   <trkpt lat="38.6584" lon="-121.19535">
    <ele>51.9</ele>
   </trkpt>
   <trkpt lat="38.658350000000006" lon="-121.19528000000001">
    <ele>51.04</ele>
   </trkpt>
   <trkpt lat="38.658570000000005" lon="-121.19500000000001">
    <ele>51.61</ele>
   </trkpt>
   <trkpt lat="38.65885" lon="-121.19472">
    <ele>51.83</ele>
   </trkpt>
   <trkpt lat="38.659505000755054" lon="-121.1942800040704">
    <ele>52.34</ele>
   </trkpt>
   <trkpt lat="38.660160000000005" lon="-121.19384000000001">
    <ele>53.040000000000006</ele>
   </trkpt>
   <trkpt lat="38.66084" lon="-121.19342">
    <ele>53.06</ele>
   </trkpt>
   <trkpt lat="38.66144000087045" lon="-121.19299500348876">
    <ele>52.78000000000001</ele>
   </trkpt>
   <trkpt lat="38.662040000000005" lon="-121.19257">
    <ele>51.0</ele>
   </trkpt>
   <trkpt lat="38.66259" lon="-121.19221">
    <ele>47.400000000000006</ele>
   </trkpt>
   <trkpt lat="38.663360000000004" lon="-121.19186">
    <ele>42.11</ele>
   </trkpt>
   <trkpt lat="38.663700000000006" lon="-121.19162000000001">
    <ele>40.88</ele>
   </trkpt>
   <trkpt lat="38.663740000000004" lon="-121.19170000000001">
    <ele>40.970000000000006</ele>
   </trkpt>
   <trkpt lat="38.664010000000005" lon="-121.19172">
    <ele>41.730000000000004</ele>
   </trkpt>
   <trkpt lat="38.664060000000006" lon="-121.19176000000002">
    <ele>42.32</ele>
   </trkpt>
   <trkpt lat="38.664120000000004" lon="-121.19173">
    <ele>43.010000000000005</ele>
   </trkpt>
   <trkpt lat="38.664170000000006" lon="-121.19163">
    <ele>44.68000000000001</ele>
   </trkpt>
   <trkpt lat="38.664390000000004" lon="-121.19148000000001">
    <ele>50.230000000000004</ele>
   </trkpt>
   <trkpt lat="38.66452" lon="-121.19153000000001">
    <ele>52.78000000000001</ele>
   </trkpt>
   <trkpt lat="38.664500000000004" lon="-121.19181">
    <ele>53.77</ele>
   </trkpt>
   <trkpt lat="38.66454" lon="-121.19195">
    <ele>55.290000000000006</ele>
   </trkpt>
   <trkpt lat="38.66463" lon="-121.19208">
    <ele>55.81</ele>
   </trkpt>
   <trkpt lat="38.664860000000004" lon="-121.19226">
    <ele>57.330000000000005</ele>
   </trkpt>
   <trkpt lat="38.66496" lon="-121.19227000000001">
    <ele>57.330000000000005</ele>
   </trkpt>
   <trkpt lat="38.665440000000004" lon="-121.19217">
    <ele>61.28000000000001</ele>
   </trkpt>
   <trkpt lat="38.665670000000006" lon="-121.19205000000001">
    <ele>63.71</ele>
   </trkpt>
   <trkpt lat="38.66592" lon="-121.19186">
    <ele>64.91000000000001</ele>
   </trkpt>
   <trkpt lat="38.666340000000005" lon="-121.19139000000001">
    <ele>67.31</ele>
   </trkpt>
   <trkpt lat="38.66644" lon="-121.19136">
    <ele>68.57000000000001</ele>
   </trkpt>
   <trkpt lat="38.666700000000006" lon="-121.19136">
    <ele>72.16</ele>
   </trkpt>
   <trkpt lat="38.66669" lon="-121.19136">
    <ele>71.92000000000002</ele>
   </trkpt>
   <trkpt lat="38.666810000000005" lon="-121.19136">
    <ele>73.91</ele>
   </trkpt>
   <trkpt lat="38.66707" lon="-121.19142000000001">
    <ele>77.87</ele>
   </trkpt>
   <trkpt lat="38.667170000000006" lon="-121.19142000000001">
    <ele>78.86</ele>
   </trkpt>
   <trkpt lat="38.6674" lon="-121.19136">
    <ele>79.55000000000001</ele>
   </trkpt>
   <trkpt lat="38.667590000000004" lon="-121.19132">
    <ele>79.94000000000001</ele>
   </trkpt>
   <trkpt lat="38.667930000000005" lon="-121.19141">
    <ele>80.84</ele>
   </trkpt>
   <trkpt lat="38.668470000000006" lon="-121.19149000000002">
    <ele>81.27000000000001</ele>
   </trkpt>
   <trkpt lat="38.669140000000006" lon="-121.19142000000001">
    <ele>81.54</ele>
   </trkpt>
   <trkpt lat="38.66968000000001" lon="-121.19151000000001">
    <ele>81.78</ele>
   </trkpt>
   <trkpt lat="38.669940000000004" lon="-121.1915">
    <ele>81.7</ele>
   </trkpt>
   <trkpt lat="38.67036" lon="-121.19142000000001">
    <ele>81.5</ele>
   </trkpt>
   <trkpt lat="38.670500000000004" lon="-121.19145">
    <ele>80.97</ele>
   </trkpt>
   <trkpt lat="38.67071" lon="-121.19154">
    <ele>80.69000000000001</ele>
   </trkpt>
   <trkpt lat="38.67089" lon="-121.19159">
    <ele>79.75</ele>
   </trkpt>
   <trkpt lat="38.67123" lon="-121.19159">
    <ele>79.39</ele>
   </trkpt>
   <trkpt lat="38.67134" lon="-121.19165000000001">
    <ele>79.49000000000001</ele>
   </trkpt>
   <trkpt lat="38.671640000000004" lon="-121.19172">
    <ele>79.86</ele>
   </trkpt>
   <trkpt lat="38.672070000000005" lon="-121.19195">
    <ele>81.16000000000001</ele>
   </trkpt>
   <trkpt lat="38.67235" lon="-121.19205000000001">
    <ele>81.39</ele>
   </trkpt>
   <trkpt lat="38.67277" lon="-121.19202000000001">
    <ele>81.69000000000001</ele>
   </trkpt>
   <trkpt lat="38.67291" lon="-121.19204">
    <ele>81.69000000000001</ele>
   </trkpt>
   <trkpt lat="38.67325" lon="-121.19226">
    <ele>82.17</ele>
   </trkpt>
   <trkpt lat="38.673770000000005" lon="-121.19234000000002">
    <ele>82.14</ele>
   </trkpt>
   <trkpt lat="38.67428" lon="-121.19257">
    <ele>81.82000000000001</ele>
   </trkpt>
   <trkpt lat="38.67456000000001" lon="-121.19254000000001">
    <ele>81.39</ele>
   </trkpt>
   <trkpt lat="38.674690000000005" lon="-121.19261000000002">
    <ele>81.21000000000001</ele>
   </trkpt>
   <trkpt lat="38.67504" lon="-121.19285">
    <ele>80.66000000000001</ele>
   </trkpt>
   <trkpt lat="38.675090000000004" lon="-121.19286000000001">
    <ele>80.65</ele>
   </trkpt>
   <trkpt lat="38.675160000000005" lon="-121.19284">
    <ele>80.78</ele>
   </trkpt>
   <trkpt lat="38.67539" lon="-121.19262">
    <ele>80.69000000000001</ele>
   </trkpt>
   <trkpt lat="38.675470000000004" lon="-121.19257">
    <ele>80.53999999999999</ele>
   </trkpt>
   <trkpt lat="38.67569" lon="-121.19257">
    <ele>80.72</ele>
   </trkpt>
   <trkpt lat="38.675920000000005" lon="-121.19275">
    <ele>80.86</ele>
   </trkpt>
   <trkpt lat="38.6764" lon="-121.19281000000001">
    <ele>82.14</ele>
   </trkpt>
   <trkpt lat="38.67687" lon="-121.19311">
    <ele>80.21000000000001</ele>
   </trkpt>
   <trkpt lat="38.67692" lon="-121.19311">
    <ele>80.21000000000001</ele>
   </trkpt>
   <trkpt lat="38.67709" lon="-121.19302">
    <ele>78.52000000000001</ele>
   </trkpt>
   <trkpt lat="38.67754" lon="-121.19284">
    <ele>68.55</ele>
   </trkpt>
   <trkpt lat="38.677800000000005" lon="-121.19266">
    <ele>64.89999999999999</ele>
   </trkpt>
   <trkpt lat="38.6779" lon="-121.19262">
    <ele>64.39</ele>
   </trkpt>
   <trkpt lat="38.67819" lon="-121.19258">
    <ele>61.61000000000001</ele>
   </trkpt>
   <trkpt lat="38.67837" lon="-121.19253">
    <ele>60.25000000000001</ele>
   </trkpt>
   <trkpt lat="38.678610000000006" lon="-121.19248">
    <ele>57.81000000000001</ele>
   </trkpt>
   <trkpt lat="38.67869" lon="-121.19244">
    <ele>57.220000000000006</ele>
   </trkpt>
   <trkpt lat="38.678700000000006" lon="-121.19239">
    <ele>55.18000000000001</ele>
   </trkpt>
   <trkpt lat="38.678670000000004" lon="-121.19235">
    <ele>55.18000000000001</ele>
   </trkpt>
   <trkpt lat="38.67835" lon="-121.19205000000001">
    <ele>52.120000000000005</ele>
   </trkpt>
   <trkpt lat="38.67826" lon="-121.19195">
    <ele>51.09</ele>
   </trkpt>
   <trkpt lat="38.67835" lon="-121.19177">
    <ele>50.47</ele>
   </trkpt>
   <trkpt lat="38.6784" lon="-121.19138000000001">
    <ele>50.14</ele>
   </trkpt>
   <trkpt lat="38.678850000000004" lon="-121.19046000000002">
    <ele>49.730000000000004</ele>
   </trkpt>
   <trkpt lat="38.67904" lon="-121.19011">
    <ele>49.61</ele>
   </trkpt>
   <trkpt lat="38.67965000273954" lon="-121.1893050068869">
    <ele>48.870000000000005</ele>
   </trkpt>
   <trkpt lat="38.680260000000004" lon="-121.1885">
    <ele>49.040000000000006</ele>
   </trkpt>
   <trkpt lat="38.68028" lon="-121.18841">
    <ele>49.06</ele>
   </trkpt>
   <trkpt lat="38.68027" lon="-121.18829000000001">
    <ele>48.99</ele>
   </trkpt>
   <trkpt lat="38.679990000000004" lon="-121.18765">
    <ele>49.160000000000004</ele>
   </trkpt>
   <trkpt lat="38.679950000000005" lon="-121.18730000000001">
    <ele>49.5</ele>
   </trkpt>
   <trkpt lat="38.679970000000004" lon="-121.18698">
    <ele>49.690000000000005</ele>
   </trkpt>
   <trkpt lat="38.68018" lon="-121.18622">
    <ele>50.57</ele>
   </trkpt>
   <trkpt lat="38.68014" lon="-121.18592000000001">
    <ele>50.71</ele>
   </trkpt>
   <trkpt lat="38.68019" lon="-121.18577">
    <ele>50.57</ele>
   </trkpt>
   <trkpt lat="38.68025" lon="-121.18572">
    <ele>50.550000000000004</ele>
   </trkpt>
   <trkpt lat="38.68056" lon="-121.1851">
    <ele>50.88</ele>
   </trkpt>
   <trkpt lat="38.680980000000005" lon="-121.18416">
    <ele>50.38</ele>
   </trkpt>
   <trkpt lat="38.680980000000005" lon="-121.18402">
    <ele>49.82</ele>
   </trkpt>
   <trkpt lat="38.680870000000006" lon="-121.18379000000002">
    <ele>48.74</ele>
   </trkpt>
   <trkpt lat="38.68072" lon="-121.18357">
    <ele>46.540000000000006</ele>
   </trkpt>
   <trkpt lat="38.68066" lon="-121.18351000000001">
    <ele>46.540000000000006</ele>
   </trkpt>
   <trkpt lat="38.68045" lon="-121.18330000000002">
    <ele>44.52</ele>
   </trkpt>
   <trkpt lat="38.68037" lon="-121.18310000000001">
    <ele>43.24</ele>
   </trkpt>
   <trkpt lat="38.68036" lon="-121.18295">
    <ele>42.53</ele>
   </trkpt>
   <trkpt lat="38.68038000000001" lon="-121.18281">
    <ele>42.230000000000004</ele>
   </trkpt>
   <trkpt lat="38.68062000106359" lon="-121.1822950018679">
    <ele>41.510000000000005</ele>
   </trkpt>
   <trkpt lat="38.68086" lon="-121.18178">
    <ele>42.47</ele>
   </trkpt>
   <trkpt lat="38.68092" lon="-121.1817">
    <ele>42.9</ele>
   </trkpt>
   <trkpt lat="38.681110000000004" lon="-121.1816">
    <ele>44.78</ele>
   </trkpt>
   <trkpt lat="38.68117" lon="-121.18161">
    <ele>44.78</ele>
   </trkpt>
   <trkpt lat="38.681270000000005" lon="-121.1816">
    <ele>45.03</ele>
   </trkpt>
   <trkpt lat="38.68135" lon="-121.18151">
    <ele>45.61000000000001</ele>
   </trkpt>
   <trkpt lat="38.68168000229681" lon="-121.18077500339659">
    <ele>46.59</ele>
   </trkpt>
   <trkpt lat="38.682010000000005" lon="-121.18004">
    <ele>49.17</ele>
   </trkpt>
   <trkpt lat="38.682370000000006" lon="-121.17936000000002">
    <ele>49.580000000000005</ele>
   </trkpt>
   <trkpt lat="38.68262" lon="-121.17884000000001">
    <ele>47.190000000000005</ele>
   </trkpt>
   <trkpt lat="38.68273000000001" lon="-121.1787">
    <ele>46.790000000000006</ele>
   </trkpt>
   <trkpt lat="38.68282000000001" lon="-121.17864000000002">
    <ele>46.44</ele>
   </trkpt>
   <trkpt lat="38.68285" lon="-121.17859000000001">
    <ele>46.37</ele>
   </trkpt>
   <trkpt lat="38.68296" lon="-121.17814000000001">
    <ele>44.69</ele>
   </trkpt>
   <trkpt lat="38.682970000000005" lon="-121.17801000000001">
    <ele>44.63</ele>
   </trkpt>
   <trkpt lat="38.68296" lon="-121.1778">
    <ele>44.910000000000004</ele>
   </trkpt>
   <trkpt lat="38.68285" lon="-121.17691">
    <ele>47.11000000000001</ele>
   </trkpt>
   <trkpt lat="38.682860000000005" lon="-121.17637">
    <ele>49.900000000000006</ele>
   </trkpt>
   <trkpt lat="38.68287" lon="-121.17627000000002">
    <ele>50.22</ele>
   </trkpt>
   <trkpt lat="38.68296" lon="-121.17604000000001">
    <ele>50.68</ele>
   </trkpt>
   <trkpt lat="38.68321500112708" lon="-121.17552500183956">
    <ele>51.57</ele>
   </trkpt>
   <trkpt lat="38.68347" lon="-121.17501000000001">
    <ele>52.25000000000001</ele>
   </trkpt>
   <trkpt lat="38.683725001355995" lon="-121.17445000194996">
    <ele>53.69</ele>
   </trkpt>
   <trkpt lat="38.683980000000005" lon="-121.17389000000001">
    <ele>55.75000000000001</ele>
   </trkpt>
   <trkpt lat="38.68432000000001" lon="-121.17320000000001">
    <ele>57.85</ele>
   </trkpt>
   <trkpt lat="38.684450000000005" lon="-121.17303000000001">
    <ele>57.85</ele>
   </trkpt>
   <trkpt lat="38.68486500084526" lon="-121.17257000272961">
    <ele>58.36</ele>
   </trkpt>
   <trkpt lat="38.685280000000006" lon="-121.17211">
    <ele>58.300000000000004</ele>
   </trkpt>
   <trkpt lat="38.6854" lon="-121.17189">
    <ele>58.330000000000005</ele>
   </trkpt>
   <trkpt lat="38.68554" lon="-121.17159000000001">
    <ele>58.410000000000004</ele>
   </trkpt>
   <trkpt lat="38.685900000000004" lon="-121.17104">
    <ele>58.35</ele>
   </trkpt>
   <trkpt lat="38.68624000062542" lon="-121.17066000179386">
    <ele>58.480000000000004</ele>
   </trkpt>
   <trkpt lat="38.686580000000006" lon="-121.17028">
    <ele>58.56000000000001</ele>
   </trkpt>
   <trkpt lat="38.68672" lon="-121.17014">
    <ele>58.56000000000001</ele>
   </trkpt>
   <trkpt lat="38.68706" lon="-121.16996">
    <ele>58.56000000000001</ele>
   </trkpt>
   <trkpt lat="38.687490000000004" lon="-121.16978">
    <ele>60.21000000000001</ele>
   </trkpt>
   <trkpt lat="38.687900000000006" lon="-121.16974">
    <ele>62.1</ele>
   </trkpt>
   <trkpt lat="38.68842" lon="-121.16966000000001">
    <ele>66.59</ele>
   </trkpt>
   <trkpt lat="38.68871" lon="-121.16957000000001">
    <ele>68.29</ele>
   </trkpt>
   <trkpt lat="38.688810000000004" lon="-121.16960000000002">
    <ele>68.81</ele>
   </trkpt>
   <trkpt lat="38.688880000000005" lon="-121.16965">
    <ele>69.26</ele>
   </trkpt>
   <trkpt lat="38.689420000000005" lon="-121.17028">
    <ele>72.86000000000001</ele>
   </trkpt>
   <trkpt lat="38.689490000000006" lon="-121.17041">
    <ele>72.86000000000001</ele>
   </trkpt>
   <trkpt lat="38.689550000000004" lon="-121.17068">
    <ele>74.68</ele>
   </trkpt>
   <trkpt lat="38.68959" lon="-121.17077">
    <ele>75.12</ele>
   </trkpt>
   <trkpt lat="38.68968" lon="-121.1709">
    <ele>75.86000000000001</ele>
   </trkpt>
   <trkpt lat="38.689980000000006" lon="-121.17109">
    <ele>77.52000000000001</ele>
   </trkpt>
   <trkpt lat="38.690470000000005" lon="-121.17135">
    <ele>79.59</ele>
   </trkpt>
   <trkpt lat="38.69093" lon="-121.17175">
    <ele>81.53</ele>
   </trkpt>
   <trkpt lat="38.691100000000006" lon="-121.17181000000001">
    <ele>82.53</ele>
   </trkpt>
   <trkpt lat="38.691760000096345" lon="-121.17192666451051">
    <ele>84.08</ele>
   </trkpt>
   <trkpt lat="38.692420000076766" lon="-121.17204333117365">
    <ele>88.24000000000001</ele>
   </trkpt>
   <trkpt lat="38.69308" lon="-121.17216">
    <ele>90.98</ele>
   </trkpt>
   <trkpt lat="38.693720000000006" lon="-121.17221">
    <ele>92.86000000000001</ele>
   </trkpt>
   <trkpt lat="38.69417" lon="-121.1722">
    <ele>93.66000000000001</ele>
   </trkpt>
   <trkpt lat="38.69427" lon="-121.17216">
    <ele>93.66000000000001</ele>
   </trkpt>
   <trkpt lat="38.694480000000006" lon="-121.17203">
    <ele>94.9</ele>
   </trkpt>
   <trkpt lat="38.695" lon="-121.17186000000001">
    <ele>95.46000000000001</ele>
   </trkpt>
   <trkpt lat="38.695240000000005" lon="-121.17172000000001">
    <ele>96.01</ele>
   </trkpt>
   <trkpt lat="38.69543" lon="-121.17163000000001">
    <ele>95.66000000000001</ele>
   </trkpt>
   <trkpt lat="38.695730000000005" lon="-121.17157000000002">
    <ele>93.86000000000001</ele>
   </trkpt>
   <trkpt lat="38.6966150000262" lon="-121.1714150019312">
    <ele>92.09</ele>
   </trkpt>
   <trkpt lat="38.697500000000005" lon="-121.17126">
    <ele>97.4</ele>
   </trkpt>
   <trkpt lat="38.6976" lon="-121.17121000000002">
    <ele>97.4</ele>
   </trkpt>
   <trkpt lat="38.69776" lon="-121.17099">
    <ele>100.28</ele>
   </trkpt>
   <trkpt lat="38.69783" lon="-121.17082">
    <ele>101.75</ele>
   </trkpt>
   <trkpt lat="38.698" lon="-121.17059">
    <ele>102.95000000000002</ele>
   </trkpt>
   <trkpt lat="38.69818" lon="-121.1705">
    <ele>103.20000000000002</ele>
   </trkpt>
   <trkpt lat="38.69832" lon="-121.17046">
    <ele>103.11</ele>
   </trkpt>
   <trkpt lat="38.69839" lon="-121.17038000000001">
    <ele>102.62</ele>
   </trkpt>
   <trkpt lat="38.69845" lon="-121.17014">
    <ele>102.62</ele>
   </trkpt>
   <trkpt lat="38.69849000000001" lon="-121.17005">
    <ele>102.23</ele>
   </trkpt>
   <trkpt lat="38.69856" lon="-121.16997">
    <ele>102.23</ele>
   </trkpt>
   <trkpt lat="38.698620000000005" lon="-121.16996">
    <ele>101.89</ele>
   </trkpt>
   <trkpt lat="38.69874" lon="-121.17001">
    <ele>101.58</ele>
   </trkpt>
   <trkpt lat="38.69908" lon="-121.17029000000001">
    <ele>98.96000000000001</ele>
   </trkpt>
   <trkpt lat="38.699200000000005" lon="-121.17033">
    <ele>98.49000000000001</ele>
   </trkpt>
   <trkpt lat="38.699310000000004" lon="-121.17032">
    <ele>98.07000000000001</ele>
   </trkpt>
   <trkpt lat="38.69959" lon="-121.16992">
    <ele>97.94000000000001</ele>
   </trkpt>
   <trkpt lat="38.699650000000005" lon="-121.16952">
    <ele>99.71000000000001</ele>
   </trkpt>
   <trkpt lat="38.69979" lon="-121.16921">
    <ele>102.45000000000002</ele>
   </trkpt>
   <trkpt lat="38.69989" lon="-121.16917000000001">
    <ele>103.18</ele>
   </trkpt>
   <trkpt lat="38.70002" lon="-121.16924000000002">
    <ele>104.49000000000001</ele>
   </trkpt>
   <trkpt lat="38.70028000000001" lon="-121.16916">
    <ele>105.15</ele>
   </trkpt>
   <trkpt lat="38.700630000000004" lon="-121.16911">
    <ele>103.77000000000001</ele>
   </trkpt>
   <trkpt lat="38.700810000000004" lon="-121.16906000000002">
    <ele>102.67000000000002</ele>
   </trkpt>
   <trkpt lat="38.70094" lon="-121.16897000000002">
    <ele>101.17</ele>
   </trkpt>
   <trkpt lat="38.70102" lon="-121.16889">
    <ele>101.17</ele>
   </trkpt>
   <trkpt lat="38.70121" lon="-121.16858">
    <ele>99.62000000000002</ele>
   </trkpt>
   <trkpt lat="38.70132" lon="-121.16854000000001">
    <ele>99.60000000000001</ele>
   </trkpt>
   <trkpt lat="38.7015" lon="-121.16854000000001">
    <ele>99.74000000000001</ele>
   </trkpt>
   <trkpt lat="38.70165" lon="-121.16853">
    <ele>100.08</ele>
   </trkpt>
   <trkpt lat="38.70176" lon="-121.16849">
    <ele>100.62000000000002</ele>
   </trkpt>
   <trkpt lat="38.70208" lon="-121.16830000000002">
    <ele>101.55</ele>
   </trkpt>
   <trkpt lat="38.702780002049906" lon="-121.16761000673215">
    <ele>104.55</ele>
   </trkpt>
   <trkpt lat="38.703480000000006" lon="-121.16692">
    <ele>104.61</ele>
   </trkpt>
   <trkpt lat="38.70374" lon="-121.16671000000001">
    <ele>104.3</ele>
   </trkpt>
   <trkpt lat="38.70391" lon="-121.16661">
    <ele>103.8</ele>
   </trkpt>
   <trkpt lat="38.704010000000004" lon="-121.16651000000002">
    <ele>103.51</ele>
   </trkpt>
   <trkpt lat="38.70443" lon="-121.16558">
    <ele>99.5</ele>
   </trkpt>
   <trkpt lat="38.70461" lon="-121.16544">
    <ele>99.66000000000001</ele>
   </trkpt>
   <trkpt lat="38.70472" lon="-121.1654">
    <ele>99.83</ele>
   </trkpt>
   <trkpt lat="38.704800000000006" lon="-121.1654">
    <ele>100.07000000000001</ele>
   </trkpt>
   <trkpt lat="38.704860000000004" lon="-121.16544">
    <ele>100.38000000000001</ele>
   </trkpt>
   <trkpt lat="38.704890000000006" lon="-121.16549">
    <ele>100.38000000000001</ele>
   </trkpt>
   <trkpt lat="38.704910000000005" lon="-121.16558">
    <ele>100.73000000000002</ele>
   </trkpt>
   <trkpt lat="38.704960001558796" lon="-121.16617999988961">
    <ele>103.29</ele>
   </trkpt>
   <trkpt lat="38.70501" lon="-121.16678">
    <ele>106.19</ele>
   </trkpt>
   <trkpt lat="38.705070000000006" lon="-121.16755">
    <ele>107.25000000000001</ele>
   </trkpt>
   <trkpt lat="38.705200000000005" lon="-121.16844">
    <ele>108.08000000000001</ele>
   </trkpt>
   <trkpt lat="38.70535" lon="-121.16925">
    <ele>109.49</ele>
   </trkpt>
   <trkpt lat="38.70539" lon="-121.16938">
    <ele>110.84</ele>
   </trkpt>
   <trkpt lat="38.705490000000005" lon="-121.16945000000001">
    <ele>111.91000000000001</ele>
   </trkpt>
   <trkpt lat="38.7057" lon="-121.16952">
    <ele>112.53</ele>
   </trkpt>
   <trkpt lat="38.70575" lon="-121.16952">
    <ele>112.64</ele>
   </trkpt>
   <trkpt lat="38.706" lon="-121.16935000000001">
    <ele>112.08000000000001</ele>
   </trkpt>
   <trkpt lat="38.70619000000001" lon="-121.16932000000001">
    <ele>111.46000000000001</ele>
   </trkpt>
   <trkpt lat="38.706410000000005" lon="-121.16933000000002">
    <ele>112.33000000000001</ele>
   </trkpt>
   <trkpt lat="38.70698" lon="-121.16947">
    <ele>114.74000000000001</ele>
   </trkpt>
   <trkpt lat="38.70725" lon="-121.16961">
    <ele>114.55000000000001</ele>
   </trkpt>
   <trkpt lat="38.70766000054483" lon="-121.16993499821163">
    <ele>114.25</ele>
   </trkpt>
   <trkpt lat="38.708070000000006" lon="-121.17026000000001">
    <ele>114.34</ele>
   </trkpt>
   <trkpt lat="38.70817" lon="-121.17028">
    <ele>114.49000000000001</ele>
   </trkpt>
   <trkpt lat="38.708270000000006" lon="-121.17020000000001">
    <ele>114.49000000000001</ele>
   </trkpt>
   <trkpt lat="38.708600000000004" lon="-121.16964000000002">
    <ele>114.61</ele>
   </trkpt>
   <trkpt lat="38.708890000000004" lon="-121.16929">
    <ele>115.0</ele>
   </trkpt>
   <trkpt lat="38.709050000000005" lon="-121.16916">
    <ele>115.09</ele>
   </trkpt>
   <trkpt lat="38.709210000000006" lon="-121.16907">
    <ele>115.09</ele>
   </trkpt>
   <trkpt lat="38.709360000000004" lon="-121.16912">
    <ele>115.09</ele>
   </trkpt>
   <trkpt lat="38.70944" lon="-121.16925">
    <ele>115.15000000000002</ele>
   </trkpt>
   <trkpt lat="38.70949" lon="-121.16944000000001">
    <ele>115.22</ele>
   </trkpt>
   <trkpt lat="38.7096250030145" lon="-121.1702849982403">
    <ele>116.57000000000001</ele>
   </trkpt>
   <trkpt lat="38.70976" lon="-121.17113">
    <ele>118.73000000000002</ele>
   </trkpt>
   <trkpt lat="38.709830000000004" lon="-121.17130000000002">
    <ele>119.33</ele>
   </trkpt>
   <trkpt lat="38.709900000000005" lon="-121.17135">
    <ele>119.33</ele>
   </trkpt>
   <trkpt lat="38.71009" lon="-121.1714">
    <ele>120.43</ele>
   </trkpt>
   <trkpt lat="38.71058000024417" lon="-121.1714399997452">
    <ele>122.06000000000002</ele>
   </trkpt>
   <trkpt lat="38.71107000000001" lon="-121.17148000000002">
    <ele>123.4</ele>
   </trkpt>
   <trkpt lat="38.71125" lon="-121.17145000000001">
    <ele>123.91</ele>
   </trkpt>
   <trkpt lat="38.71154000000001" lon="-121.1714">
    <ele>124.25000000000001</ele>
   </trkpt>
   <trkpt lat="38.71191" lon="-121.17122">
    <ele>123.96000000000001</ele>
   </trkpt>
   <trkpt lat="38.71209" lon="-121.17121000000002">
    <ele>123.94000000000001</ele>
   </trkpt>
   <trkpt lat="38.7122" lon="-121.17122">
    <ele>123.96000000000001</ele>
   </trkpt>
   <trkpt lat="38.71302" lon="-121.17149">
    <ele>124.14000000000001</ele>
   </trkpt>
   <trkpt lat="38.71356999997429" lon="-121.17160499909802">
    <ele>124.34</ele>
   </trkpt>
   <trkpt lat="38.71412" lon="-121.17172000000001">
    <ele>124.65</ele>
   </trkpt>
   <trkpt lat="38.71490666674091" lon="-121.17180666476014">
    <ele>125.64</ele>
   </trkpt>
   <trkpt lat="38.715693333417846" lon="-121.17189333142792">
    <ele>127.68</ele>
   </trkpt>
   <trkpt lat="38.716480000000004" lon="-121.17198">
    <ele>129.66</ele>
   </trkpt>
   <trkpt lat="38.717220000000005" lon="-121.17198">
    <ele>131.28</ele>
   </trkpt>
   <trkpt lat="38.71808" lon="-121.17190000000001">
    <ele>132.98999999999998</ele>
   </trkpt>
   <trkpt lat="38.71857" lon="-121.17175">
    <ele>135.24</ele>
   </trkpt>
   <trkpt lat="38.71913" lon="-121.17149">
    <ele>139.01000000000002</ele>
   </trkpt>
   <trkpt lat="38.719710000893336" lon="-121.17116000537587">
    <ele>143.0</ele>
   </trkpt>
   <trkpt lat="38.7202900008591" lon="-121.17083000539543">
    <ele>148.37</ele>
   </trkpt>
   <trkpt lat="38.720870000000005" lon="-121.1705">
    <ele>147.33</ele>
   </trkpt>
   <trkpt lat="38.72104" lon="-121.17054000000002">
    <ele>147.35</ele>
   </trkpt>
   <trkpt lat="38.721210000000006" lon="-121.17059">
    <ele>147.24</ele>
   </trkpt>
   <trkpt lat="38.72191400113306" lon="-121.1708499897474">
    <ele>146.91</ele>
   </trkpt>
   <trkpt lat="38.72261800169033" lon="-121.17110998461742">
    <ele>146.73</ele>
   </trkpt>
   <trkpt lat="38.7233220016718" lon="-121.17136998461034">
    <ele>146.64000000000001</ele>
   </trkpt>
   <trkpt lat="38.724026001077426" lon="-121.17162998972634">
    <ele>146.54</ele>
   </trkpt>
   <trkpt lat="38.72473" lon="-121.17189">
    <ele>147.1</ele>
   </trkpt>
   <trkpt lat="38.72487" lon="-121.17190000000001">
    <ele>147.67000000000002</ele>
   </trkpt>
   <trkpt lat="38.725210000000004" lon="-121.17177000000001">
    <ele>148.09</ele>
   </trkpt>
   <trkpt lat="38.72545" lon="-121.17190000000001">
    <ele>148.50000000000003</ele>
   </trkpt>
   <trkpt lat="38.726130000000005" lon="-121.17257000000001">
    <ele>147.05</ele>
   </trkpt>
   <trkpt lat="38.72628" lon="-121.17264000000002">
    <ele>146.83</ele>
   </trkpt>
   <trkpt lat="38.726420000000005" lon="-121.17258000000001">
    <ele>146.75000000000003</ele>
   </trkpt>
   <trkpt lat="38.72717833752138" lon="-121.17213669019313">
    <ele>146.62</ele>
   </trkpt>
   <trkpt lat="38.72793667336865" lon="-121.17169337097567">
    <ele>146.65</ele>
   </trkpt>
   <trkpt lat="38.72869500754178" lon="-121.17125004234715">
    <ele>146.66</ele>
   </trkpt>
   <trkpt lat="38.72945334004067" lon="-121.17080670430717">
    <ele>146.67000000000002</ele>
   </trkpt>
   <trkpt lat="38.73021167086524" lon="-121.17036335685526">
    <ele>146.68</ele>
   </trkpt>
   <trkpt lat="38.730970000000006" lon="-121.16992">
    <ele>146.63</ele>
   </trkpt>
   <trkpt lat="38.73125" lon="-121.16966000000001">
    <ele>146.68</ele>
   </trkpt>
   <trkpt lat="38.73124" lon="-121.16952">
    <ele>146.68</ele>
   </trkpt>
   <trkpt lat="38.73106000000001" lon="-121.16916">
    <ele>146.98</ele>
   </trkpt>
   <trkpt lat="38.73105" lon="-121.16877000000001">
    <ele>147.14000000000001</ele>
   </trkpt>
   <trkpt lat="38.73114" lon="-121.16845">
    <ele>147.31000000000003</ele>
   </trkpt>
   <trkpt lat="38.73133500148678" lon="-121.16786500150944">
    <ele>147.69000000000003</ele>
   </trkpt>
   <trkpt lat="38.73153000000001" lon="-121.16728">
    <ele>147.79</ele>
   </trkpt>
   <trkpt lat="38.731680000000004" lon="-121.16696">
    <ele>147.77</ele>
   </trkpt>
   <trkpt lat="38.73187" lon="-121.1667">
    <ele>147.74</ele>
   </trkpt>
   <trkpt lat="38.732130000000005" lon="-121.16639">
    <ele>147.66</ele>
   </trkpt>
   <trkpt lat="38.73243" lon="-121.16616">
    <ele>147.50000000000003</ele>
   </trkpt>
   <trkpt lat="38.7327" lon="-121.16599000000001">
    <ele>147.34</ele>
   </trkpt>
   <trkpt lat="38.7329" lon="-121.16584">
    <ele>147.45000000000002</ele>
   </trkpt>
   <trkpt lat="38.733320008018296" lon="-121.1648700113997">
    <ele>147.43</ele>
   </trkpt>
   <trkpt lat="38.73374000802142" lon="-121.16390001139264">
    <ele>147.56000000000003</ele>
   </trkpt>
   <trkpt lat="38.73416" lon="-121.16293">
    <ele>147.64000000000001</ele>
   </trkpt>
   <trkpt lat="38.73479499995729" lon="-121.1629150001344">
    <ele>147.79</ele>
   </trkpt>
   <trkpt lat="38.73543" lon="-121.16290000000001">
    <ele>148.03000000000003</ele>
   </trkpt>
   <trkpt lat="38.73563" lon="-121.16272000000001">
    <ele>148.99</ele>
   </trkpt>
   <trkpt lat="38.735690000000005" lon="-121.16253">
    <ele>148.42000000000002</ele>
   </trkpt>
   <trkpt lat="38.735690000000005" lon="-121.16222">
    <ele>145.95000000000002</ele>
   </trkpt>
   <trkpt lat="38.735780000000005" lon="-121.16147000000001">
    <ele>144.50000000000003</ele>
   </trkpt>
   <trkpt lat="38.73577" lon="-121.16105">
    <ele>146.79</ele>
   </trkpt>
   <trkpt lat="38.735800000000005" lon="-121.16074">
    <ele>144.76</ele>
   </trkpt>
   <trkpt lat="38.735955001850066" lon="-121.16007500158712">
    <ele>143.91</ele>
   </trkpt>
   <trkpt lat="38.736110000000004" lon="-121.15941000000001">
    <ele>144.12</ele>
   </trkpt>
   <trkpt lat="38.736160000000005" lon="-121.15928000000001">
    <ele>144.49</ele>
   </trkpt>
   <trkpt lat="38.73621" lon="-121.15899">
    <ele>144.79</ele>
   </trkpt>
   <trkpt lat="38.736250000000005" lon="-121.15891">
    <ele>144.68</ele>
   </trkpt>
   <trkpt lat="38.73631" lon="-121.15883000000001">
    <ele>144.68</ele>
   </trkpt>
   <trkpt lat="38.73650000000001" lon="-121.15872000000002">
    <ele>144.24</ele>
   </trkpt>
   <trkpt lat="38.73659" lon="-121.15859">
    <ele>144.24</ele>
   </trkpt>
   <trkpt lat="38.736670000000004" lon="-121.15837">
    <ele>144.19</ele>
   </trkpt>
   <trkpt lat="38.73668" lon="-121.15815">
    <ele>144.12</ele>
   </trkpt>
   <trkpt lat="38.73671" lon="-121.15805">
    <ele>144.12</ele>
   </trkpt>
   <trkpt lat="38.73684" lon="-121.15783">
    <ele>143.91</ele>
   </trkpt>
   <trkpt lat="38.737" lon="-121.15726000000001">
    <ele>144.02</ele>
   </trkpt>
   <trkpt lat="38.73715" lon="-121.15694">
    <ele>144.19</ele>
   </trkpt>
   <trkpt lat="38.73767" lon="-121.15621000000002">
    <ele>144.26</ele>
   </trkpt>
   <trkpt lat="38.737820000000006" lon="-121.15590000000002">
    <ele>144.0</ele>
   </trkpt>
   <trkpt lat="38.73807" lon="-121.15555">
    <ele>144.61</ele>
   </trkpt>
   <trkpt lat="38.7381" lon="-121.15546">
    <ele>144.59000000000003</ele>
   </trkpt>
   <trkpt lat="38.73814" lon="-121.15523">
    <ele>144.32</ele>
   </trkpt>
   <trkpt lat="38.738290000000006" lon="-121.15483">
    <ele>143.43</ele>
   </trkpt>
   <trkpt lat="38.73834" lon="-121.15457">
    <ele>143.11</ele>
   </trkpt>
   <trkpt lat="38.73845" lon="-121.15426000000001">
    <ele>143.39000000000001</ele>
   </trkpt>
   <trkpt lat="38.73852" lon="-121.15389">
    <ele>144.16</ele>
   </trkpt>
   <trkpt lat="38.738600000000005" lon="-121.15371">
    <ele>144.14000000000001</ele>
   </trkpt>
   <trkpt lat="38.73874" lon="-121.15331">
    <ele>144.47</ele>
   </trkpt>
   <trkpt lat="38.73879" lon="-121.15326">
    <ele>144.51</ele>
   </trkpt>
   <trkpt lat="38.73893" lon="-121.15326">
    <ele>144.31000000000003</ele>
   </trkpt>
   <trkpt lat="38.73904" lon="-121.15314000000001">
    <ele>143.66</ele>
   </trkpt>
   <trkpt lat="38.739090000000004" lon="-121.15299000000002">
    <ele>143.46</ele>
   </trkpt>
   <trkpt lat="38.739090000000004" lon="-121.15272000000002">
    <ele>144.74</ele>
   </trkpt>
   <trkpt lat="38.739110000000004" lon="-121.15268">
    <ele>144.74</ele>
   </trkpt>
   <trkpt lat="38.739160000000005" lon="-121.15264">
    <ele>145.46</ele>
   </trkpt>
   <trkpt lat="38.73941000000001" lon="-121.15265000000001">
    <ele>147.63</ele>
   </trkpt>
   <trkpt lat="38.73951" lon="-121.15264">
    <ele>148.51</ele>
   </trkpt>
   <trkpt lat="38.73959" lon="-121.15254000000002">
    <ele>148.38</ele>
   </trkpt>
   <trkpt lat="38.739700000000006" lon="-121.15245000000002">
    <ele>147.09</ele>
   </trkpt>
   <trkpt lat="38.73998" lon="-121.15216000000001">
    <ele>144.05</ele>
   </trkpt>
   <trkpt lat="38.740170000000006" lon="-121.15232">
    <ele>144.31000000000003</ele>
   </trkpt>
   <trkpt lat="38.740230000000004" lon="-121.15236000000002">
    <ele>144.8</ele>
   </trkpt>
   <trkpt lat="38.74042" lon="-121.15238000000001">
    <ele>144.70000000000002</ele>
   </trkpt>
   <trkpt lat="38.74047" lon="-121.15236000000002">
    <ele>144.70000000000002</ele>
   </trkpt>
   <trkpt lat="38.74051" lon="-121.15229000000001">
    <ele>144.0</ele>
   </trkpt>
   <trkpt lat="38.740520000000004" lon="-121.15206">
    <ele>143.41</ele>
   </trkpt>
   <trkpt lat="38.74045" lon="-121.15184">
    <ele>143.91</ele>
   </trkpt>
   <trkpt lat="38.74047" lon="-121.15179">
    <ele>144.17000000000002</ele>
   </trkpt>
   <trkpt lat="38.740730000000006" lon="-121.15161">
    <ele>145.51</ele>
   </trkpt>
   <trkpt lat="38.74078" lon="-121.15153000000001">
    <ele>146.82</ele>
   </trkpt>
   <trkpt lat="38.740770000000005" lon="-121.15148">
    <ele>147.19000000000003</ele>
   </trkpt>
   <trkpt lat="38.74062" lon="-121.15138">
    <ele>147.69000000000003</ele>
   </trkpt>
   <trkpt lat="38.74042" lon="-121.15107">
    <ele>145.4</ele>
   </trkpt>
   <trkpt lat="38.74034" lon="-121.15091000000001">
    <ele>145.95000000000002</ele>
   </trkpt>
   <trkpt lat="38.74031" lon="-121.15065000000001">
    <ele>148.48</ele>
   </trkpt>
   <trkpt lat="38.74033" lon="-121.15058">
    <ele>151.24</ele>
   </trkpt>
   <trkpt lat="38.740410000000004" lon="-121.15044">
    <ele>152.96</ele>
   </trkpt>
   <trkpt lat="38.74043" lon="-121.15035">
    <ele>154.50000000000003</ele>
   </trkpt>
   <trkpt lat="38.740370000000006" lon="-121.14995">
    <ele>157.41000000000003</ele>
   </trkpt>
   <trkpt lat="38.7404" lon="-121.14988000000001">
    <ele>157.79000000000002</ele>
   </trkpt>
   <trkpt lat="38.740590000000005" lon="-121.14977">
    <ele>157.41000000000003</ele>
   </trkpt>
   <trkpt lat="38.740660000000005" lon="-121.14968">
    <ele>156.73000000000002</ele>
   </trkpt>
   <trkpt lat="38.740680000000005" lon="-121.14963000000002">
    <ele>156.3</ele>
   </trkpt>
   <trkpt lat="38.74067" lon="-121.14946">
    <ele>154.95</ele>
   </trkpt>
   <trkpt lat="38.74051" lon="-121.14928">
    <ele>153.62</ele>
   </trkpt>
   <trkpt lat="38.74049" lon="-121.14923">
    <ele>153.62</ele>
   </trkpt>
   <trkpt lat="38.74049" lon="-121.14905000000002">
    <ele>153.22000000000003</ele>
   </trkpt>
   <trkpt lat="38.74044000000001" lon="-121.14888">
    <ele>152.52</ele>
   </trkpt>
   <trkpt lat="38.74044000000001" lon="-121.14879">
    <ele>152.24</ele>
   </trkpt>
   <trkpt lat="38.74049" lon="-121.14860000000002">
    <ele>152.08</ele>
   </trkpt>
   <trkpt lat="38.74047" lon="-121.14843">
    <ele>152.28</ele>
   </trkpt>
   <trkpt lat="38.740480000000005" lon="-121.14834">
    <ele>152.25000000000003</ele>
   </trkpt>
   <trkpt lat="38.740520000000004" lon="-121.14826000000001">
    <ele>152.08</ele>
   </trkpt>
   <trkpt lat="38.74053" lon="-121.14820000000002">
    <ele>151.9</ele>
   </trkpt>
   <trkpt lat="38.74051" lon="-121.14816">
    <ele>151.64000000000001</ele>
   </trkpt>
   <trkpt lat="38.740170000000006" lon="-121.14807">
    <ele>147.76</ele>
   </trkpt>
   <trkpt lat="38.74011" lon="-121.14803">
    <ele>146.96</ele>
   </trkpt>
   <trkpt lat="38.74007" lon="-121.14798">
    <ele>146.63</ele>
   </trkpt>
   <trkpt lat="38.740050000000004" lon="-121.1479">
    <ele>146.33</ele>
   </trkpt>
   <trkpt lat="38.74007" lon="-121.14785">
    <ele>146.07</ele>
   </trkpt>
   <trkpt lat="38.740170000000006" lon="-121.14776">
    <ele>145.46</ele>
   </trkpt>
   <trkpt lat="38.740230000000004" lon="-121.14763">
    <ele>145.42000000000002</ele>
   </trkpt>
   <trkpt lat="38.74038" lon="-121.14745">
    <ele>145.64000000000001</ele>
   </trkpt>
   <trkpt lat="38.740390000000005" lon="-121.14737000000001">
    <ele>147.96</ele>
   </trkpt>
   <trkpt lat="38.74033" lon="-121.14718">
    <ele>149.08</ele>
   </trkpt>
   <trkpt lat="38.74033" lon="-121.14696">
    <ele>149.16000000000003</ele>
   </trkpt>
   <trkpt lat="38.740460000000006" lon="-121.14670000000001">
    <ele>149.73</ele>
   </trkpt>
   <trkpt lat="38.7404" lon="-121.14642">
    <ele>151.41000000000003</ele>
   </trkpt>
   <trkpt lat="38.740320000000004" lon="-121.14620000000001">
    <ele>153.8</ele>
   </trkpt>
   <trkpt lat="38.74031" lon="-121.14609000000002">
    <ele>154.27</ele>
   </trkpt>
   <trkpt lat="38.74065" lon="-121.14580000000001">
    <ele>154.89</ele>
   </trkpt>
   <trkpt lat="38.74071" lon="-121.14580000000001">
    <ele>155.26000000000002</ele>
   </trkpt>
   <trkpt lat="38.741040000000005" lon="-121.14592">
    <ele>154.82000000000002</ele>
   </trkpt>
   <trkpt lat="38.741150000000005" lon="-121.14592">
    <ele>154.74</ele>
   </trkpt>
   <trkpt lat="38.741200000000006" lon="-121.14591000000001">
    <ele>154.74</ele>
   </trkpt>
   <trkpt lat="38.74119" lon="-121.14591000000001">
    <ele>154.74</ele>
   </trkpt>
   <trkpt lat="38.741400000000006" lon="-121.14583">
    <ele>154.97000000000003</ele>
   </trkpt>
   <trkpt lat="38.74163" lon="-121.14583">
    <ele>155.63000000000002</ele>
   </trkpt>
   <trkpt lat="38.741760000000006" lon="-121.14574">
    <ele>156.2</ele>
   </trkpt>
   <trkpt lat="38.74195" lon="-121.14575">
    <ele>156.91000000000003</ele>
   </trkpt>
   <trkpt lat="38.74206" lon="-121.14583">
    <ele>156.9</ele>
   </trkpt>
   <trkpt lat="38.742160000000005" lon="-121.14598000000001">
    <ele>156.69000000000003</ele>
   </trkpt>
   <trkpt lat="38.74219" lon="-121.14612000000001">
    <ele>156.62</ele>
   </trkpt>
   <trkpt lat="38.74217" lon="-121.14619">
    <ele>156.88000000000002</ele>
   </trkpt>
   <trkpt lat="38.74206" lon="-121.14624">
    <ele>157.31</ele>
   </trkpt>
   <trkpt lat="38.742020000000004" lon="-121.14628">
    <ele>157.31</ele>
   </trkpt>
   <trkpt lat="38.741980000000005" lon="-121.14641">
    <ele>157.53</ele>
   </trkpt>
   <trkpt lat="38.741980000000005" lon="-121.1465">
    <ele>157.69000000000003</ele>
   </trkpt>
   <trkpt lat="38.74203" lon="-121.14678">
    <ele>157.39</ele>
   </trkpt>
   <trkpt lat="38.74192" lon="-121.14704">
    <ele>156.69000000000003</ele>
   </trkpt>
   <trkpt lat="38.741910000000004" lon="-121.14713">
    <ele>156.93</ele>
   </trkpt>
   <trkpt lat="38.74194000000001" lon="-121.14726">
    <ele>156.99</ele>
   </trkpt>
   <trkpt lat="38.74206" lon="-121.14744">
    <ele>155.93</ele>
   </trkpt>
   <trkpt lat="38.74228" lon="-121.14793000000002">
    <ele>153.99</ele>
   </trkpt>
   <trkpt lat="38.74239" lon="-121.14831000000001">
    <ele>152.36</ele>
   </trkpt>
   <trkpt lat="38.74244" lon="-121.14843">
    <ele>151.56</ele>
   </trkpt>
   <trkpt lat="38.74279000000001" lon="-121.1487">
    <ele>149.49</ele>
   </trkpt>
   <trkpt lat="38.742830000000005" lon="-121.14878000000002">
    <ele>148.99</ele>
   </trkpt>
   <trkpt lat="38.742850000000004" lon="-121.14901">
    <ele>148.44000000000003</ele>
   </trkpt>
   <trkpt lat="38.74282" lon="-121.14936000000002">
    <ele>150.05</ele>
   </trkpt>
   <trkpt lat="38.74286" lon="-121.14946">
    <ele>150.33</ele>
   </trkpt>
   <trkpt lat="38.7423" lon="-121.14932">
    <ele>157.72</ele>
   </trkpt>
   <trkpt lat="38.742090000000005" lon="-121.14919">
    <ele>157.72</ele>
   </trkpt>
   <trkpt lat="38.741960000000006" lon="-121.1491">
    <ele>163.49</ele>
   </trkpt>
   <trkpt lat="38.74186" lon="-121.14897">
    <ele>165.04000000000002</ele>
   </trkpt>
   <trkpt lat="38.74181" lon="-121.14888">
    <ele>167.53</ele>
   </trkpt>
   <trkpt lat="38.7417" lon="-121.14856">
    <ele>171.08</ele>
   </trkpt>
   <trkpt lat="38.741550000000004" lon="-121.14821">
    <ele>174.11</ele>
   </trkpt>
   <trkpt lat="38.741460000000004" lon="-121.14785">
    <ele>179.18</ele>
   </trkpt>
   <trkpt lat="38.74139" lon="-121.14771">
    <ele>180.70000000000002</ele>
   </trkpt>
   <trkpt lat="38.74134" lon="-121.14768000000001">
    <ele>182.78000000000003</ele>
   </trkpt>
   <trkpt lat="38.7413" lon="-121.14769000000001">
    <ele>182.78000000000003</ele>
   </trkpt>
   <trkpt lat="38.74127" lon="-121.1478">
    <ele>182.98</ele>
   </trkpt>
   <trkpt lat="38.741310000000006" lon="-121.14798">
    <ele>183.10000000000002</ele>
   </trkpt>
   <trkpt lat="38.74128" lon="-121.14820000000002">
    <ele>183.22000000000003</ele>
   </trkpt>
   <trkpt lat="38.741240000000005" lon="-121.14824000000002">
    <ele>183.22000000000003</ele>
   </trkpt>
   <trkpt lat="38.74121" lon="-121.14838">
    <ele>183.26</ele>
   </trkpt>
   <trkpt lat="38.74121" lon="-121.14863000000001">
    <ele>183.23</ele>
   </trkpt>
   <trkpt lat="38.74116" lon="-121.14874">
    <ele>182.49</ele>
   </trkpt>
   <trkpt lat="38.74103" lon="-121.14896000000002">
    <ele>179.39000000000001</ele>
   </trkpt>
   <trkpt lat="38.740970000000004" lon="-121.1491">
    <ele>177.17000000000002</ele>
   </trkpt>
   <trkpt lat="38.740950000000005" lon="-121.14919">
    <ele>174.0</ele>
   </trkpt>
   <trkpt lat="38.740970000000004" lon="-121.14974000000001">
    <ele>171.27</ele>
   </trkpt>
   <trkpt lat="38.7411" lon="-121.1504">
    <ele>165.71</ele>
   </trkpt>
   <trkpt lat="38.74105" lon="-121.15072">
    <ele>162.88000000000002</ele>
   </trkpt>
   <trkpt lat="38.74094" lon="-121.15081">
    <ele>161.68</ele>
   </trkpt>
   <trkpt lat="38.740880000000004" lon="-121.15098">
    <ele>158.04000000000002</ele>
   </trkpt>
   <trkpt lat="38.74072" lon="-121.15104000000001">
    <ele>153.56</ele>
   </trkpt>
   <trkpt lat="38.74069" lon="-121.15107">
    <ele>153.56</ele>
   </trkpt>
   <trkpt lat="38.740680000000005" lon="-121.15125">
    <ele>150.09</ele>
   </trkpt>
   <trkpt lat="38.740640000000006" lon="-121.15125">
    <ele>150.09</ele>
   </trkpt>
   <trkpt lat="38.74058" lon="-121.15121">
    <ele>150.09</ele>
   </trkpt>
   <trkpt lat="38.740550000000006" lon="-121.15128000000001">
    <ele>147.9</ele>
   </trkpt>
   <trkpt lat="38.74062" lon="-121.15138">
    <ele>147.19000000000003</ele>
   </trkpt>
   <trkpt lat="38.740770000000005" lon="-121.15148">
    <ele>145.51</ele>
   </trkpt>
   <trkpt lat="38.74078" lon="-121.15153000000001">
    <ele>145.51</ele>
   </trkpt>
   <trkpt lat="38.740730000000006" lon="-121.15161">
    <ele>144.78000000000003</ele>
   </trkpt>
   <trkpt lat="38.74047" lon="-121.15179">
    <ele>143.49</ele>
   </trkpt>
   <trkpt lat="38.74045" lon="-121.15184">
    <ele>143.49</ele>
   </trkpt>
   <trkpt lat="38.740520000000004" lon="-121.15206">
    <ele>143.70000000000002</ele>
   </trkpt>
   <trkpt lat="38.74051" lon="-121.15229000000001">
    <ele>144.94</ele>
   </trkpt>
   <trkpt lat="38.74047" lon="-121.15236000000002">
    <ele>145.04</ele>
   </trkpt>
   <trkpt lat="38.74042" lon="-121.15238000000001">
    <ele>144.8</ele>
   </trkpt>
   <trkpt lat="38.740230000000004" lon="-121.15236000000002">
    <ele>143.97</ele>
   </trkpt>
   <trkpt lat="38.740170000000006" lon="-121.15232">
    <ele>143.92000000000002</ele>
   </trkpt>
   <trkpt lat="38.73998" lon="-121.15216000000001">
    <ele>144.67000000000002</ele>
   </trkpt>
   <trkpt lat="38.739700000000006" lon="-121.15245000000002">
    <ele>148.38</ele>
   </trkpt>
   <trkpt lat="38.73959" lon="-121.15254000000002">
    <ele>148.33</ele>
   </trkpt>
   <trkpt lat="38.73951" lon="-121.15264">
    <ele>147.63</ele>
   </trkpt>
   <trkpt lat="38.73941000000001" lon="-121.15265000000001">
    <ele>146.26</ele>
   </trkpt>
   <trkpt lat="38.739160000000005" lon="-121.15264">
    <ele>144.09000000000003</ele>
   </trkpt>
   <trkpt lat="38.739110000000004" lon="-121.15268">
    <ele>143.81000000000003</ele>
   </trkpt>
   <trkpt lat="38.739090000000004" lon="-121.15272000000002">
    <ele>143.6</ele>
   </trkpt>
   <trkpt lat="38.739090000000004" lon="-121.15299000000002">
    <ele>143.66</ele>
   </trkpt>
   <trkpt lat="38.73904" lon="-121.15314000000001">
    <ele>144.31000000000003</ele>
   </trkpt>
   <trkpt lat="38.73893" lon="-121.15326">
    <ele>144.51</ele>
   </trkpt>
   <trkpt lat="38.73879" lon="-121.15326">
    <ele>144.24</ele>
   </trkpt>
   <trkpt lat="38.73874" lon="-121.15331">
    <ele>144.15</ele>
   </trkpt>
   <trkpt lat="38.738600000000005" lon="-121.15371">
    <ele>144.16</ele>
   </trkpt>
   <trkpt lat="38.73852" lon="-121.15389">
    <ele>143.88</ele>
   </trkpt>
   <trkpt lat="38.73845" lon="-121.15426000000001">
    <ele>143.09000000000003</ele>
   </trkpt>
   <trkpt lat="38.73834" lon="-121.15457">
    <ele>143.43</ele>
   </trkpt>
   <trkpt lat="38.738290000000006" lon="-121.15483">
    <ele>143.5</ele>
   </trkpt>
   <trkpt lat="38.73814" lon="-121.15523">
    <ele>144.54</ele>
   </trkpt>
   <trkpt lat="38.7381" lon="-121.15546">
    <ele>144.51</ele>
   </trkpt>
   <trkpt lat="38.73807" lon="-121.15555">
    <ele>144.51</ele>
   </trkpt>
   <trkpt lat="38.737820000000006" lon="-121.15590000000002">
    <ele>144.21</ele>
   </trkpt>
   <trkpt lat="38.73767" lon="-121.15621000000002">
    <ele>143.73000000000002</ele>
   </trkpt>
   <trkpt lat="38.73715" lon="-121.15694">
    <ele>144.05</ele>
   </trkpt>
   <trkpt lat="38.737" lon="-121.15726000000001">
    <ele>144.14000000000001</ele>
   </trkpt>
   <trkpt lat="38.73684" lon="-121.15783">
    <ele>143.92000000000002</ele>
   </trkpt>
   <trkpt lat="38.73671" lon="-121.15805">
    <ele>144.19</ele>
   </trkpt>
   <trkpt lat="38.73668" lon="-121.15815">
    <ele>144.19</ele>
   </trkpt>
   <trkpt lat="38.736670000000004" lon="-121.15837">
    <ele>144.19</ele>
   </trkpt>
   <trkpt lat="38.73659" lon="-121.15859">
    <ele>144.3</ele>
   </trkpt>
   <trkpt lat="38.73650000000001" lon="-121.15872000000002">
    <ele>144.36</ele>
   </trkpt>
   <trkpt lat="38.73631" lon="-121.15883000000001">
    <ele>144.79</ele>
   </trkpt>
   <trkpt lat="38.736250000000005" lon="-121.15891">
    <ele>144.77</ele>
   </trkpt>
   <trkpt lat="38.73621" lon="-121.15899">
    <ele>144.70000000000002</ele>
   </trkpt>
   <trkpt lat="38.736160000000005" lon="-121.15928000000001">
    <ele>144.12</ele>
   </trkpt>
   <trkpt lat="38.736110000000004" lon="-121.15941000000001">
    <ele>143.91</ele>
   </trkpt>
   <trkpt lat="38.73595500191718" lon="-121.16007500129913">
    <ele>143.88</ele>
   </trkpt>
   <trkpt lat="38.735800000000005" lon="-121.16074">
    <ele>146.38</ele>
   </trkpt>
   <trkpt lat="38.73577" lon="-121.16105">
    <ele>146.17000000000002</ele>
   </trkpt>
   <trkpt lat="38.735780000000005" lon="-121.16147000000001">
    <ele>143.93</ele>
   </trkpt>
   <trkpt lat="38.735690000000005" lon="-121.16222">
    <ele>147.73</ele>
   </trkpt>
   <trkpt lat="38.735690000000005" lon="-121.16253">
    <ele>148.99</ele>
   </trkpt>
   <trkpt lat="38.73563" lon="-121.16272000000001">
    <ele>149.05</ele>
   </trkpt>
   <trkpt lat="38.73543" lon="-121.16290000000001">
    <ele>147.9</ele>
   </trkpt>
   <trkpt lat="38.734795000044635" lon="-121.1629150001323">
    <ele>147.64000000000001</ele>
   </trkpt>
   <trkpt lat="38.73416" lon="-121.16293">
    <ele>147.64000000000001</ele>
   </trkpt>
   <trkpt lat="38.73374000801221" lon="-121.16390001141392">
    <ele>147.56000000000003</ele>
   </trkpt>
   <trkpt lat="38.73332000800907" lon="-121.16487001142094">
    <ele>147.43</ele>
   </trkpt>
   <trkpt lat="38.7329" lon="-121.16584">
    <ele>147.35</ele>
   </trkpt>
   <trkpt lat="38.7327" lon="-121.16599000000001">
    <ele>147.37</ele>
   </trkpt>
   <trkpt lat="38.73243" lon="-121.16616">
    <ele>147.50000000000003</ele>
   </trkpt>
   <trkpt lat="38.732130000000005" lon="-121.16639">
    <ele>147.69000000000003</ele>
   </trkpt>
   <trkpt lat="38.73187" lon="-121.1667">
    <ele>147.74</ele>
   </trkpt>
   <trkpt lat="38.731680000000004" lon="-121.16696">
    <ele>147.77</ele>
   </trkpt>
   <trkpt lat="38.73153000000001" lon="-121.16728">
    <ele>147.79</ele>
   </trkpt>
   <trkpt lat="38.731335001428484" lon="-121.16786500168432">
    <ele>147.55</ele>
   </trkpt>
   <trkpt lat="38.73114" lon="-121.16845">
    <ele>147.31000000000003</ele>
   </trkpt>
   <trkpt lat="38.73105" lon="-121.16877000000001">
    <ele>147.03000000000003</ele>
   </trkpt>
   <trkpt lat="38.73106000000001" lon="-121.16916">
    <ele>146.92000000000002</ele>
   </trkpt>
   <trkpt lat="38.73124" lon="-121.16952">
    <ele>146.68</ele>
   </trkpt>
   <trkpt lat="38.73125" lon="-121.16966000000001">
    <ele>146.64000000000001</ele>
   </trkpt>
   <trkpt lat="38.730970000000006" lon="-121.16992">
    <ele>146.63</ele>
   </trkpt>
   <trkpt lat="38.730211670849854" lon="-121.17036335686427">
    <ele>146.72000000000003</ele>
   </trkpt>
   <trkpt lat="38.72945334002528" lon="-121.17080670431618">
    <ele>146.68</ele>
   </trkpt>
   <trkpt lat="38.728695007526404" lon="-121.17125004235618">
    <ele>146.63</ele>
   </trkpt>
   <trkpt lat="38.727936673353284" lon="-121.17169337098468">
    <ele>146.61</ele>
   </trkpt>
   <trkpt lat="38.72717833750599" lon="-121.17213669020215">
    <ele>146.62</ele>
   </trkpt>
   <trkpt lat="38.726420000000005" lon="-121.17258000000001">
    <ele>146.83</ele>
   </trkpt>
   <trkpt lat="38.72628" lon="-121.17264000000002">
    <ele>147.05</ele>
   </trkpt>
   <trkpt lat="38.726130000000005" lon="-121.17257000000001">
    <ele>147.48</ele>
   </trkpt>
   <trkpt lat="38.72545" lon="-121.17190000000001">
    <ele>148.14000000000001</ele>
   </trkpt>
   <trkpt lat="38.725210000000004" lon="-121.17177000000001">
    <ele>147.97000000000003</ele>
   </trkpt>
   <trkpt lat="38.72487" lon="-121.17190000000001">
    <ele>147.1</ele>
   </trkpt>
   <trkpt lat="38.72473" lon="-121.17189">
    <ele>146.70000000000002</ele>
   </trkpt>
   <trkpt lat="38.72402600117022" lon="-121.17162998976063">
    <ele>146.57</ele>
   </trkpt>
   <trkpt lat="38.723322001764586" lon="-121.1713699846446">
    <ele>146.66</ele>
   </trkpt>
   <trkpt lat="38.72261800178312" lon="-121.17110998465168">
    <ele>146.79</ele>
   </trkpt>
   <trkpt lat="38.72191400122585" lon="-121.17084998978163">
    <ele>146.97000000000003</ele>
   </trkpt>
   <trkpt lat="38.721210000000006" lon="-121.17059">
    <ele>147.35</ele>
   </trkpt>
   <trkpt lat="38.72104" lon="-121.17054000000002">
    <ele>147.33</ele>
   </trkpt>
   <trkpt lat="38.720870000000005" lon="-121.1705">
    <ele>148.18</ele>
   </trkpt>
   <trkpt lat="38.720290000961846" lon="-121.17083000533695">
    <ele>147.27</ele>
   </trkpt>
   <trkpt lat="38.71971000099609" lon="-121.17116000531743">
    <ele>142.66</ele>
   </trkpt>
   <trkpt lat="38.71913" lon="-121.17149">
    <ele>138.39000000000001</ele>
   </trkpt>
   <trkpt lat="38.71857" lon="-121.17175">
    <ele>134.48000000000002</ele>
   </trkpt>
   <trkpt lat="38.71808" lon="-121.17190000000001">
    <ele>132.98999999999998</ele>
   </trkpt>
   <trkpt lat="38.717220000000005" lon="-121.17198">
    <ele>130.78</ele>
   </trkpt>
   <trkpt lat="38.716480000000004" lon="-121.17198">
    <ele>129.44</ele>
   </trkpt>
   <trkpt lat="38.71569333338705" lon="-121.17189333142454">
    <ele>127.02000000000002</ele>
   </trkpt>
   <trkpt lat="38.71490666671013" lon="-121.17180666475679">
    <ele>125.37</ele>
   </trkpt>
   <trkpt lat="38.71412" lon="-121.17172000000001">
    <ele>124.66000000000001</ele>
   </trkpt>
   <trkpt lat="38.71357000013837" lon="-121.17160499913233">
    <ele>124.25000000000001</ele>
   </trkpt>
   <trkpt lat="38.71302" lon="-121.17149">
    <ele>124.03000000000002</ele>
   </trkpt>
   <trkpt lat="38.7122" lon="-121.17122">
    <ele>123.94000000000001</ele>
   </trkpt>
   <trkpt lat="38.71209" lon="-121.17121000000002">
    <ele>123.96000000000001</ele>
   </trkpt>
   <trkpt lat="38.71191" lon="-121.17122">
    <ele>124.03000000000002</ele>
   </trkpt>
   <trkpt lat="38.71154000000001" lon="-121.1714">
    <ele>124.16000000000001</ele>
   </trkpt>
   <trkpt lat="38.71125" lon="-121.17145000000001">
    <ele>123.68</ele>
   </trkpt>
   <trkpt lat="38.71107000000001" lon="-121.17148000000002">
    <ele>123.4</ele>
   </trkpt>
   <trkpt lat="38.710579999769465" lon="-121.17143999970646">
    <ele>122.06000000000002</ele>
   </trkpt>
   <trkpt lat="38.71009" lon="-121.1714">
    <ele>119.33</ele>
   </trkpt>
   <trkpt lat="38.709900000000005" lon="-121.17135">
    <ele>119.04</ele>
   </trkpt>
   <trkpt lat="38.709830000000004" lon="-121.17130000000002">
    <ele>118.73000000000002</ele>
   </trkpt>
   <trkpt lat="38.70976" lon="-121.17113">
    <ele>118.05000000000001</ele>
   </trkpt>
   <trkpt lat="38.70962500306694" lon="-121.17028499856846">
    <ele>116.07000000000001</ele>
   </trkpt>
   <trkpt lat="38.70949" lon="-121.16944000000001">
    <ele>115.15000000000002</ele>
   </trkpt>
   <trkpt lat="38.70944" lon="-121.16925">
    <ele>115.09</ele>
   </trkpt>
   <trkpt lat="38.709360000000004" lon="-121.16912">
    <ele>115.09</ele>
   </trkpt>
   <trkpt lat="38.709210000000006" lon="-121.16907">
    <ele>115.09</ele>
   </trkpt>
   <trkpt lat="38.709050000000005" lon="-121.16916">
    <ele>115.0</ele>
   </trkpt>
   <trkpt lat="38.708890000000004" lon="-121.16929">
    <ele>114.96000000000001</ele>
   </trkpt>
   <trkpt lat="38.708600000000004" lon="-121.16964000000002">
    <ele>114.61</ele>
   </trkpt>
   <trkpt lat="38.708270000000006" lon="-121.17020000000001">
    <ele>114.34</ele>
   </trkpt>
   <trkpt lat="38.70817" lon="-121.17028">
    <ele>114.34</ele>
   </trkpt>
   <trkpt lat="38.708070000000006" lon="-121.17026000000001">
    <ele>114.34</ele>
   </trkpt>
   <trkpt lat="38.70766000035478" lon="-121.16993499806098">
    <ele>114.29</ele>
   </trkpt>
   <trkpt lat="38.70725" lon="-121.16961">
    <ele>114.63000000000001</ele>
   </trkpt>
   <trkpt lat="38.70698" lon="-121.16947">
    <ele>114.67</ele>
   </trkpt>
   <trkpt lat="38.706410000000005" lon="-121.16933000000002">
    <ele>111.50000000000001</ele>
   </trkpt>
   <trkpt lat="38.70619000000001" lon="-121.16932000000001">
    <ele>111.43</ele>
   </trkpt>
   <trkpt lat="38.706" lon="-121.16935000000001">
    <ele>112.59</ele>
   </trkpt>
   <trkpt lat="38.70575" lon="-121.16952">
    <ele>112.15</ele>
   </trkpt>
   <trkpt lat="38.7057" lon="-121.16952">
    <ele>111.91000000000001</ele>
   </trkpt>
   <trkpt lat="38.705490000000005" lon="-121.16945000000001">
    <ele>110.84</ele>
   </trkpt>
   <trkpt lat="38.70539" lon="-121.16938">
    <ele>109.49</ele>
   </trkpt>
   <trkpt lat="38.70535" lon="-121.16925">
    <ele>109.49</ele>
   </trkpt>
   <trkpt lat="38.705200000000005" lon="-121.16844">
    <ele>107.97000000000001</ele>
   </trkpt>
   <trkpt lat="38.705070000000006" lon="-121.16755">
    <ele>107.14000000000001</ele>
   </trkpt>
   <trkpt lat="38.70501" lon="-121.16678">
    <ele>105.72000000000001</ele>
   </trkpt>
   <trkpt lat="38.704980000000006" lon="-121.16678">
    <ele>105.18</ele>
   </trkpt>
   <trkpt lat="38.70496" lon="-121.16674">
    <ele>105.18</ele>
   </trkpt>
   <trkpt lat="38.704930000000004" lon="-121.16647">
    <ele>104.8</ele>
   </trkpt>
   <trkpt lat="38.704730000000005" lon="-121.16559000000001">
    <ele>105.72000000000001</ele>
   </trkpt>
   <trkpt lat="38.70450601312998" lon="-121.16471198899457">
    <ele>104.9</ele>
   </trkpt>
   <trkpt lat="38.70428201969438" lon="-121.16383398348985">
    <ele>104.25000000000001</ele>
   </trkpt>
   <trkpt lat="38.70405801969331" lon="-121.16295598348593">
    <ele>103.71000000000001</ele>
   </trkpt>
   <trkpt lat="38.70383401312685" lon="-121.16207798898292">
    <ele>103.09000000000002</ele>
   </trkpt>
   <trkpt lat="38.703610000000005" lon="-121.16120000000001">
    <ele>101.51</ele>
   </trkpt>
   <trkpt lat="38.70342" lon="-121.16033000000002">
    <ele>100.84000000000002</ele>
   </trkpt>
   <trkpt lat="38.70331" lon="-121.15963">
    <ele>100.80000000000001</ele>
   </trkpt>
   <trkpt lat="38.7032" lon="-121.15856000000001">
    <ele>102.27000000000001</ele>
   </trkpt>
   <trkpt lat="38.70315751183418" lon="-121.15759749826803">
    <ele>104.93</ele>
   </trkpt>
   <trkpt lat="38.70311501577841" lon="-121.15663499767987">
    <ele>109.72000000000001</ele>
   </trkpt>
   <trkpt lat="38.70307251183274" lon="-121.15567249823583">
    <ele>114.11</ele>
   </trkpt>
   <trkpt lat="38.703030000000005" lon="-121.15471000000001">
    <ele>117.29</ele>
   </trkpt>
   <trkpt lat="38.70297" lon="-121.15395000000001">
    <ele>121.06000000000002</ele>
   </trkpt>
   <trkpt lat="38.7029" lon="-121.15335">
    <ele>123.48</ele>
   </trkpt>
   <trkpt lat="38.70275500414695" lon="-121.15236499810734">
    <ele>127.29</ele>
   </trkpt>
   <trkpt lat="38.70261" lon="-121.15138">
    <ele>132.0</ele>
   </trkpt>
   <trkpt lat="38.702506671757085" lon="-121.15060666440989">
    <ele>135.52</ele>
   </trkpt>
   <trkpt lat="38.70240333842082" lon="-121.14983333105467">
    <ele>138.47</ele>
   </trkpt>
   <trkpt lat="38.7023" lon="-121.14906">
    <ele>143.43</ele>
   </trkpt>
   <trkpt lat="38.70224" lon="-121.14879">
    <ele>143.96</ele>
   </trkpt>
   <trkpt lat="38.70205" lon="-121.14825">
    <ele>146.33</ele>
   </trkpt>
   <trkpt lat="38.701910000000005" lon="-121.1479">
    <ele>147.69000000000003</ele>
   </trkpt>
   <trkpt lat="38.70178000000001" lon="-121.14767">
    <ele>147.97000000000003</ele>
   </trkpt>
   <trkpt lat="38.70134" lon="-121.14694000000001">
    <ele>149.12</ele>
   </trkpt>
   <trkpt lat="38.70085333834683" lon="-121.14616998946325">
    <ele>149.63000000000002</ele>
   </trkpt>
   <trkpt lat="38.700366671644154" lon="-121.14539998940641">
    <ele>150.13000000000002</ele>
   </trkpt>
   <trkpt lat="38.69988" lon="-121.14463">
    <ele>151.21</ele>
   </trkpt>
   <trkpt lat="38.69962" lon="-121.14435">
    <ele>151.31</ele>
   </trkpt>
   <trkpt lat="38.699270000000006" lon="-121.14405000000001">
    <ele>151.56</ele>
   </trkpt>
   <trkpt lat="38.69888" lon="-121.14386">
    <ele>151.76</ele>
   </trkpt>
   <trkpt lat="38.698710000000005" lon="-121.14382">
    <ele>151.75000000000003</ele>
   </trkpt>
   <trkpt lat="38.69834" lon="-121.14375000000001">
    <ele>151.38000000000002</ele>
   </trkpt>
   <trkpt lat="38.698310000000006" lon="-121.14367000000001">
    <ele>151.38000000000002</ele>
   </trkpt>
   <trkpt lat="38.698260000000005" lon="-121.14364">
    <ele>151.38000000000002</ele>
   </trkpt>
   <trkpt lat="38.69756499994184" lon="-121.14359999960757">
    <ele>151.60000000000002</ele>
   </trkpt>
   <trkpt lat="38.696870000000004" lon="-121.14356000000001">
    <ele>150.8</ele>
   </trkpt>
   <trkpt lat="38.696690000000004" lon="-121.14364">
    <ele>149.98</ele>
   </trkpt>
   <trkpt lat="38.69657" lon="-121.14364">
    <ele>148.58</ele>
   </trkpt>
   <trkpt lat="38.696360000000006" lon="-121.14364">
    <ele>148.14000000000001</ele>
   </trkpt>
   <trkpt lat="38.69621" lon="-121.14359">
    <ele>147.53000000000003</ele>
   </trkpt>
   <trkpt lat="38.69617" lon="-121.14359">
    <ele>147.15</ele>
   </trkpt>
   <trkpt lat="38.696110000000004" lon="-121.14364">
    <ele>147.15</ele>
   </trkpt>
   <trkpt lat="38.69604" lon="-121.14373">
    <ele>146.67000000000002</ele>
   </trkpt>
   <trkpt lat="38.695730000000005" lon="-121.14427">
    <ele>145.01</ele>
   </trkpt>
   <trkpt lat="38.695640000000004" lon="-121.14435">
    <ele>144.38</ele>
   </trkpt>
   <trkpt lat="38.69556" lon="-121.14435">
    <ele>143.67000000000002</ele>
   </trkpt>
   <trkpt lat="38.695440000000005" lon="-121.14431">
    <ele>143.67000000000002</ele>
   </trkpt>
   <trkpt lat="38.69482" lon="-121.14401000000001">
    <ele>138.96</ele>
   </trkpt>
   <trkpt lat="38.69446000000001" lon="-121.14396">
    <ele>137.54000000000002</ele>
   </trkpt>
   <trkpt lat="38.694140000000004" lon="-121.14404">
    <ele>135.59</ele>
   </trkpt>
   <trkpt lat="38.69397" lon="-121.14414000000001">
    <ele>135.59</ele>
   </trkpt>
   <trkpt lat="38.69382" lon="-121.14427">
    <ele>133.8</ele>
   </trkpt>
   <trkpt lat="38.69345000058261" lon="-121.14461500171382">
    <ele>131.01000000000002</ele>
   </trkpt>
   <trkpt lat="38.69308" lon="-121.14496000000001">
    <ele>129.76000000000002</ele>
   </trkpt>
   <trkpt lat="38.692730000000005" lon="-121.14525">
    <ele>128.29000000000002</ele>
   </trkpt>
   <trkpt lat="38.69249000000001" lon="-121.14552">
    <ele>127.55</ele>
   </trkpt>
   <trkpt lat="38.69197000079033" lon="-121.14596500327991">
    <ele>129.0</ele>
   </trkpt>
   <trkpt lat="38.69145" lon="-121.14641">
    <ele>131.54000000000002</ele>
   </trkpt>
   <trkpt lat="38.69127" lon="-121.14664">
    <ele>131.85000000000002</ele>
   </trkpt>
   <trkpt lat="38.690900000000006" lon="-121.14699000000002">
    <ele>130.73000000000002</ele>
   </trkpt>
   <trkpt lat="38.69059" lon="-121.14726">
    <ele>129.95000000000002</ele>
   </trkpt>
   <trkpt lat="38.68999" lon="-121.14781">
    <ele>126.93</ele>
   </trkpt>
   <trkpt lat="38.68974" lon="-121.14808000000001">
    <ele>125.85000000000001</ele>
   </trkpt>
   <trkpt lat="38.68920000000001" lon="-121.14879">
    <ele>124.82000000000001</ele>
   </trkpt>
   <trkpt lat="38.688880000000005" lon="-121.14928">
    <ele>126.39</ele>
   </trkpt>
   <trkpt lat="38.688570000000006" lon="-121.14995">
    <ele>131.98000000000002</ele>
   </trkpt>
   <trkpt lat="38.688300000000005" lon="-121.15071">
    <ele>134.95000000000002</ele>
   </trkpt>
   <trkpt lat="38.68798" lon="-121.15147">
    <ele>129.16</ele>
   </trkpt>
   <trkpt lat="38.687617511539734" lon="-121.15242001440893">
    <ele>122.54</ele>
   </trkpt>
   <trkpt lat="38.68725501539393" lon="-121.15337001919163">
    <ele>119.56000000000002</ele>
   </trkpt>
   <trkpt lat="38.68689251156275" lon="-121.15432001434813">
    <ele>115.58000000000001</ele>
   </trkpt>
   <trkpt lat="38.686530000000005" lon="-121.15527000000002">
    <ele>114.06</ele>
   </trkpt>
   <trkpt lat="38.6863" lon="-121.15568">
    <ele>113.83000000000001</ele>
   </trkpt>
   <trkpt lat="38.685847505584206" lon="-121.15634001249201">
    <ele>111.05000000000001</ele>
   </trkpt>
   <trkpt lat="38.68539500745897" lon="-121.1570000166363">
    <ele>109.37</ele>
   </trkpt>
   <trkpt lat="38.68494250562437" lon="-121.1576600124331">
    <ele>108.07000000000001</ele>
   </trkpt>
   <trkpt lat="38.684490000000004" lon="-121.15832">
    <ele>106.10000000000001</ele>
   </trkpt>
   <trkpt lat="38.684070000000006" lon="-121.15931">
    <ele>101.91000000000001</ele>
   </trkpt>
   <trkpt lat="38.683870000000006" lon="-121.15967">
    <ele>100.72</ele>
   </trkpt>
   <trkpt lat="38.68377" lon="-121.15984000000002">
    <ele>100.77000000000001</ele>
   </trkpt>
   <trkpt lat="38.683350000000004" lon="-121.16038">
    <ele>101.42</ele>
   </trkpt>
   <trkpt lat="38.68332" lon="-121.16043">
    <ele>101.38000000000001</ele>
   </trkpt>
   <trkpt lat="38.68332" lon="-121.16069000000002">
    <ele>100.62000000000002</ele>
   </trkpt>
   <trkpt lat="38.68343" lon="-121.16133">
    <ele>97.36</ele>
   </trkpt>
   <trkpt lat="38.68356" lon="-121.16182">
    <ele>97.0</ele>
   </trkpt>
   <trkpt lat="38.683710000000005" lon="-121.16271">
    <ele>98.32000000000001</ele>
   </trkpt>
   <trkpt lat="38.683800000000005" lon="-121.16294">
    <ele>97.77000000000001</ele>
   </trkpt>
   <trkpt lat="38.68394" lon="-121.16307">
    <ele>95.61000000000001</ele>
   </trkpt>
   <trkpt lat="38.684110000000004" lon="-121.16312">
    <ele>95.61000000000001</ele>
   </trkpt>
   <trkpt lat="38.684180000000005" lon="-121.16312">
    <ele>92.97000000000001</ele>
   </trkpt>
   <trkpt lat="38.6843" lon="-121.16308000000001">
    <ele>92.97000000000001</ele>
   </trkpt>
   <trkpt lat="38.68451" lon="-121.16289">
    <ele>91.59</ele>
   </trkpt>
   <trkpt lat="38.684610000000006" lon="-121.16293">
    <ele>91.33000000000001</ele>
   </trkpt>
   <trkpt lat="38.684630000000006" lon="-121.16295000000001">
    <ele>91.33000000000001</ele>
   </trkpt>
   <trkpt lat="38.684630000000006" lon="-121.16307">
    <ele>90.67</ele>
   </trkpt>
   <trkpt lat="38.68459" lon="-121.16338">
    <ele>89.43</ele>
   </trkpt>
   <trkpt lat="38.68459" lon="-121.16352">
    <ele>86.87</ele>
   </trkpt>
   <trkpt lat="38.684610000000006" lon="-121.16388">
    <ele>84.78</ele>
   </trkpt>
   <trkpt lat="38.68464" lon="-121.16393000000001">
    <ele>84.78</ele>
   </trkpt>
   <trkpt lat="38.684870000000004" lon="-121.16418000000002">
    <ele>83.42</ele>
   </trkpt>
   <trkpt lat="38.684960000000004" lon="-121.16432">
    <ele>82.64</ele>
   </trkpt>
   <trkpt lat="38.685080000000006" lon="-121.16473">
    <ele>81.92</ele>
   </trkpt>
   <trkpt lat="38.68517000000001" lon="-121.16526">
    <ele>82.91000000000001</ele>
   </trkpt>
   <trkpt lat="38.6852" lon="-121.16531">
    <ele>83.03</ele>
   </trkpt>
   <trkpt lat="38.685340000000004" lon="-121.16545">
    <ele>82.99000000000001</ele>
   </trkpt>
   <trkpt lat="38.685370000000006" lon="-121.16553">
    <ele>82.78</ele>
   </trkpt>
   <trkpt lat="38.68538" lon="-121.16567">
    <ele>82.44000000000001</ele>
   </trkpt>
   <trkpt lat="38.685320000000004" lon="-121.16594">
    <ele>81.77000000000001</ele>
   </trkpt>
   <trkpt lat="38.685300000000005" lon="-121.16652">
    <ele>79.17</ele>
   </trkpt>
   <trkpt lat="38.68524" lon="-121.16665">
    <ele>78.92999999999999</ele>
   </trkpt>
   <trkpt lat="38.684720000000006" lon="-121.1671">
    <ele>79.46000000000001</ele>
   </trkpt>
   <trkpt lat="38.68468" lon="-121.16718000000002">
    <ele>79.46000000000001</ele>
   </trkpt>
   <trkpt lat="38.68457" lon="-121.16755">
    <ele>79.80000000000001</ele>
   </trkpt>
   <trkpt lat="38.684490000000004" lon="-121.16768">
    <ele>80.23</ele>
   </trkpt>
   <trkpt lat="38.68419" lon="-121.16795">
    <ele>80.71000000000001</ele>
   </trkpt>
   <trkpt lat="38.68401" lon="-121.16826">
    <ele>80.72</ele>
   </trkpt>
   <trkpt lat="38.6839" lon="-121.16839000000002">
    <ele>80.81</ele>
   </trkpt>
   <trkpt lat="38.68368" lon="-121.16850000000001">
    <ele>81.61</ele>
   </trkpt>
   <trkpt lat="38.683490000000006" lon="-121.16867">
    <ele>82.07000000000001</ele>
   </trkpt>
   <trkpt lat="38.68327" lon="-121.16893">
    <ele>82.43</ele>
   </trkpt>
   <trkpt lat="38.68301" lon="-121.16916">
    <ele>82.14</ele>
   </trkpt>
   <trkpt lat="38.68281" lon="-121.16938">
    <ele>81.87</ele>
   </trkpt>
   <trkpt lat="38.68276" lon="-121.16945000000001">
    <ele>81.59</ele>
   </trkpt>
   <trkpt lat="38.68272" lon="-121.16962000000001">
    <ele>81.14999999999999</ele>
   </trkpt>
   <trkpt lat="38.68258" lon="-121.16984000000001">
    <ele>80.16000000000001</ele>
   </trkpt>
   <trkpt lat="38.682500000000005" lon="-121.17006">
    <ele>79.69000000000001</ele>
   </trkpt>
   <trkpt lat="38.681850000000004" lon="-121.17073">
    <ele>78.0</ele>
   </trkpt>
   <trkpt lat="38.681830000000005" lon="-121.17081">
    <ele>78.0</ele>
   </trkpt>
   <trkpt lat="38.681830000000005" lon="-121.17095">
    <ele>77.4</ele>
   </trkpt>
   <trkpt lat="38.68186" lon="-121.17104">
    <ele>76.69000000000001</ele>
   </trkpt>
   <trkpt lat="38.681920000000005" lon="-121.17108">
    <ele>76.69000000000001</ele>
   </trkpt>
   <trkpt lat="38.682010000000005" lon="-121.17108">
    <ele>75.6</ele>
   </trkpt>
   <trkpt lat="38.68211" lon="-121.17099">
    <ele>74.6</ele>
   </trkpt>
   <trkpt lat="38.682140000000004" lon="-121.17089000000001">
    <ele>74.6</ele>
   </trkpt>
   <trkpt lat="38.68216" lon="-121.17072">
    <ele>73.92</ele>
   </trkpt>
   <trkpt lat="38.68218" lon="-121.17068">
    <ele>73.92</ele>
   </trkpt>
   <trkpt lat="38.68225" lon="-121.17059">
    <ele>73.21000000000001</ele>
   </trkpt>
   <trkpt lat="38.682300000000005" lon="-121.17055">
    <ele>73.21000000000001</ele>
   </trkpt>
   <trkpt lat="38.68236" lon="-121.17055">
    <ele>73.08</ele>
   </trkpt>
   <trkpt lat="38.68244" lon="-121.17058000000002">
    <ele>72.71000000000001</ele>
   </trkpt>
   <trkpt lat="38.682480000000005" lon="-121.17061000000001">
    <ele>72.71000000000001</ele>
   </trkpt>
   <trkpt lat="38.682050002320594" lon="-121.17136000463618">
    <ele>71.23</ele>
   </trkpt>
   <trkpt lat="38.68162" lon="-121.17211">
    <ele>68.77000000000001</ele>
   </trkpt>
   <trkpt lat="38.68117" lon="-121.17279">
    <ele>67.47</ele>
   </trkpt>
   <trkpt lat="38.681250000000006" lon="-121.17288">
    <ele>67.36</ele>
   </trkpt>
   <trkpt lat="38.681290000000004" lon="-121.17300000000002">
    <ele>65.73</ele>
   </trkpt>
   <trkpt lat="38.681290000000004" lon="-121.17311000000001">
    <ele>65.73</ele>
   </trkpt>
   <trkpt lat="38.681270000000005" lon="-121.17319">
    <ele>64.71000000000001</ele>
   </trkpt>
   <trkpt lat="38.68104" lon="-121.17363">
    <ele>62.06</ele>
   </trkpt>
   <trkpt lat="38.680710000000005" lon="-121.17436000000001">
    <ele>61.31</ele>
   </trkpt>
   <trkpt lat="38.68041" lon="-121.17494">
    <ele>61.040000000000006</ele>
   </trkpt>
   <trkpt lat="38.6803" lon="-121.17508000000001">
    <ele>61.06</ele>
   </trkpt>
   <trkpt lat="38.680200000000006" lon="-121.17517000000001">
    <ele>61.2</ele>
   </trkpt>
   <trkpt lat="38.67989" lon="-121.17534">
    <ele>61.24</ele>
   </trkpt>
   <trkpt lat="38.67987" lon="-121.17543">
    <ele>61.22</ele>
   </trkpt>
   <trkpt lat="38.67989" lon="-121.17550000000001">
    <ele>61.15</ele>
   </trkpt>
   <trkpt lat="38.67943" lon="-121.17573000000002">
    <ele>61.540000000000006</ele>
   </trkpt>
   <trkpt lat="38.67929" lon="-121.17581000000001">
    <ele>61.75000000000001</ele>
   </trkpt>
   <trkpt lat="38.679210000000005" lon="-121.17593000000001">
    <ele>61.4</ele>
   </trkpt>
   <trkpt lat="38.67945" lon="-121.17625000000001">
    <ele>61.33</ele>
   </trkpt>
   <trkpt lat="38.67903500028167" lon="-121.17648500133627">
    <ele>60.550000000000004</ele>
   </trkpt>
   <trkpt lat="38.67862" lon="-121.17672">
    <ele>60.21000000000001</ele>
   </trkpt>
   <trkpt lat="38.67853" lon="-121.17677">
    <ele>60.0</ele>
   </trkpt>
   <trkpt lat="38.678450000000005" lon="-121.17687000000001">
    <ele>60.0</ele>
   </trkpt>
   <trkpt lat="38.678430000000006" lon="-121.17696000000001">
    <ele>60.0</ele>
   </trkpt>
   <trkpt lat="38.67846" lon="-121.17736000000001">
    <ele>59.550000000000004</ele>
   </trkpt>
   <trkpt lat="38.67839" lon="-121.17761000000002">
    <ele>59.43</ele>
   </trkpt>
   <trkpt lat="38.67807500133213" lon="-121.17816500240613">
    <ele>59.42000000000001</ele>
   </trkpt>
   <trkpt lat="38.677760000000006" lon="-121.17872000000001">
    <ele>58.97</ele>
   </trkpt>
   <trkpt lat="38.67772" lon="-121.17868000000001">
    <ele>59.06</ele>
   </trkpt>
   <trkpt lat="38.677350000000004" lon="-121.17932">
    <ele>58.300000000000004</ele>
   </trkpt>
  </trkseg>
 </trk>
</gpx>
